run_id	coverage	coverage_pass	spots_for_taxid
DRR514233	131.32667795527158	True	1361101
DRR514288	55.96378402555911	True	580022
ERR022106	3.541284345047923	False	615790
ERR022107	0.13239488817891373	False	23022
ERR022108	0.0	False	0
ERR022109	1.9212670926517572	False	334087
ERR022110	0.0	False	0
ERR022111	2.625136102236422	False	456482
ERR022112	2.5457635782747605	False	442680
ERR022113	1.9294504792332268	False	335510
ERR022114	1.8788434504792333	False	326710
ERR022115	2.8928012779552716	False	503026
ERR10008286	77.42014760383387	True	567506
ERR10008291	53.2361571884984	True	382177
ERR10008295	67.62820543130991	True	495729
ERR10008299	74.57039137380191	True	559725
ERR10008303	77.60070287539936	True	468900
ERR10008384	57.88008785942492	True	525115
ERR10008445	48.56085431309904	True	419877
ERR10008733	43.14739744408946	True	309042
ERR10008741	50.6078373801917	True	378049
ERR10008747	63.69922236421725	True	485106
ERR10008850	58.815573162939295	True	434181
ERR10008854	48.908721405750796	True	362759
ERR10008857	53.09825047923323	True	383828
ERR10008860	74.37696038338657	True	516186
ERR10008865	69.70250159744408	True	521935
ERR10008867	44.538407667731626	True	321952
ERR10008871	70.28734313099042	True	480348
ERR10008874	65.81019009584665	True	450735
ERR10008878	56.09915079872204	True	399978
ERR10008881	56.15018530351438	True	394944
ERR10008884	66.2186357827476	True	455526
ERR10008887	54.07062779552716	True	380317
ERR10008891	47.44311341853035	True	333701
ERR10008893	59.86355910543131	True	434740
ERR10008910	57.63091214057508	True	394715
ERR10008915	60.29458945686901	True	416605
ERR10008918	66.14491373801917	True	465244
ERR10008923	49.263774760383384	True	373355
ERR10008925	47.53380191693291	True	330624
ERR10008928	53.9644571884984	True	372867
ERR10008931	47.817569329073486	True	346456
ERR10008934	44.991335463258785	True	315040
ERR10008937	26.503684025559107	False	183127
ERR10008940	64.13452460063898	True	381637
ERR10008945	73.29059137380192	True	621679
ERR10008949	62.26202875399361	True	445950
ERR10008952	58.029454313099045	True	405429
ERR10008958	56.85463514376997	True	337036
ERR10008962	88.30796932907349	True	687572
ERR10008965	64.80312460063898	True	440943
ERR10008968	65.35869968051118	True	459714
ERR10008971	62.00405878594249	True	433198
ERR10008975	61.35492811501597	True	358955
ERR10008979	62.62763897763578	True	359678
ERR10009032	67.71940191693291	True	409984
ERR10009236	96.49182907348242	True	577475
ERR10009242	98.34628051118212	True	604762
ERR10009250	73.18588242811502	True	433028
ERR10009262	101.25532523961661	True	607144
ERR10009271	110.2569517571885	True	652371
ERR10009277	90.63648306709266	True	533256
ERR10009284	93.86138338658147	True	580605
ERR10009290	59.316448881789135	True	350965
ERR10009382	152.52116869009583	True	916298
ERR10009466	100.08101629392971	True	637991
ERR10009504	91.80777763578274	True	545272
ERR10009526	25.897088178913737	False	158626
ERR10009667	67.6443287539936	True	417607
ERR10009722	88.3865661341853	True	557762
ERR10009742	444.635757827476	True	4608311
ERR10009752	430.35424536741215	True	4460294
ERR10009765	379.7743591054313	True	3936072
ERR10009783	472.4037412140575	True	4896105
ERR10009836	553.8659738019169	True	5740399
ERR10010744	0.0	False	0
ERR10010749	0.0	False	0
ERR10010754	0.0	False	0
ERR10010757	0.0	False	0
ERR10010760	0.0	False	0
ERR10010766	0.0	False	0
ERR10010769	0.0	False	0
ERR10010796	441.5123252396166	True	4575939
ERR10010818	519.1473591054313	True	5380567
ERR10010820	13.925219808306709	False	82863
ERR10010832	489.63491565495207	True	5074693
ERR10010841	439.379414057508	True	4553833
ERR10010850	432.0375335463259	True	4477740
ERR10010861	455.2298792332268	True	4718111
ERR10010871	444.78328434504795	True	4609840
ERR10010883	522.0048773162939	True	5410183
ERR10011232	409.45864345047926	True	4243727
ERR10011242	488.63426325878595	True	5064322
ERR10011251	451.0587092651757	True	4674880
ERR10011260	486.4825373801917	True	5042021
ERR10011269	390.2834766773163	True	4044991
ERR10011298	436.71486709265173	True	4526217
ERR10011309	389.76245431309906	True	4039591
ERR10011320	522.2260223642172	True	5412475
ERR10011335	466.52207412140575	True	4835146
ERR10011347	394.1166575079872	True	4084719
ERR10011351	72.15860638977635	True	747869
ERR10011366	441.31983642172526	True	4573944
ERR10011380	434.4475514376997	True	4502718
ERR10011391	293.46951309904154	True	3041588
ERR10011407	458.7527623003195	True	4754623
ERR10011423	497.18308242811503	True	5152924
ERR10011437	459.32897444089457	True	4760595
ERR10011448	375.0478178913738	True	3887085
ERR10011463	471.6571354632588	True	4888367
ERR10011476	452.4063239616613	True	4688847
ERR10011492	520.3984881789138	True	5393534
ERR10011506	437.1404651757189	True	4530628
ERR10011516	366.4620447284345	True	3798100
ERR10011540	471.93057571884987	True	4891201
ERR10011553	451.5421022364217	True	4679890
ERR10011562	409.65180766773165	True	4245729
ERR10011576	521.1356383386582	True	5401174
ERR10011587	458.44121022364214	True	4751394
ERR10011597	384.6969591054313	True	3987091
ERR10011609	428.47190734824284	True	4440785
ERR10011622	468.81351118210864	True	4858895
ERR10011634	451.27068817891376	True	4677077
ERR10011647	437.94399744408946	True	4538956
ERR10011659	466.4288690095847	True	4834180
ERR10011670	446.57569776357826	True	4628417
ERR10011682	507.903889456869	True	5264037
ERR10011691	432.0533571884984	True	4477904
ERR10011700	385.7968952076677	True	3998491
ERR10011709	480.7453092651757	True	4982559
ERR10011719	566.6516696485623	True	5872913
ERR10011728	484.96530095846646	True	5026296
ERR10011738	525.4317571884984	True	5445700
ERR10011745	367.8269303514377	True	3812246
ERR10011755	391.0089520766773	True	4052510
ERR10011765	400.7329661341853	True	4153292
ERR10011775	482.8523623003195	True	5004397
ERR10011785	451.78987731629394	True	4682458
ERR10011792	420.9066626198083	True	4362377
ERR10011801	487.22364345047924	True	5049702
ERR10011810	482.0401463258786	True	4995979
ERR10011820	552.3769111821086	True	5724966
ERR10011829	442.32270798722044	True	4584338
ERR10011836	407.5837348242811	True	4224295
ERR10011845	509.52040958466455	True	5280791
ERR10011853	399.07032587859425	True	4136060
ERR10011862	446.36053482428116	True	4626187
ERR10011869	439.9886242811502	True	4560147
ERR10011878	470.1294785942492	True	4872534
ERR10011890	460.6768785942492	True	4774565
ERR10011902	429.42730798722044	True	4450687
ERR10814903	174.86224408945688	True	120237
ERR10814904	92.0560268370607	True	53512
ERR10814905	99.41328993610223	True	51839
ERR10814906	195.03245623003195	True	122852
ERR10814907	163.46122428115015	True	93432
ERR10814908	20.531573162939296	False	13792
ERR10814909	110.78666453674121	True	77316
ERR10814910	108.48371277955272	True	94702
ERR10814911	68.77080958466453	True	33326
ERR10814912	68.9378266773163	True	36335
ERR10814913	111.40281134185304	True	61863
ERR10818672	364.7280575079872	True	3923020
ERR10818744	108.58082779552716	True	1144303
ERR10818797	75.76754664536742	True	798493
ERR10818803	106.71266932907348	True	1124615
ERR12131211	67.91785111821086	True	723071
ERR12131212	180.184985942492	True	1892547
ERR12131213	101.30895591054313	True	1064084
ERR12131214	134.63750287539935	True	1409416
ERR12131215	0.0	False	0
ERR12131216	0.0	False	0
ERR12131217	213.91975079872205	True	2308858
ERR12131218	62.552541853035144	True	672816
ERR12131219	225.6233354632588	True	2435176
ERR12131220	0.0	False	0
ERR12131221	162.90116773162939	True	1728409
ERR12131222	205.0986837060703	True	2168780
ERR12131223	268.95192971246007	True	2902826
ERR12131224	61.42332204472844	True	645151
ERR12131225	77.07254376996805	True	812246
ERR12131226	143.06999041533547	True	1502715
ERR12131227	285.3401501597444	True	3037805
ERR12131228	77.9065303514377	True	818280
ERR12131229	94.53593482428116	True	1006454
ERR12131230	60.75915335463259	True	638175
ERR12131231	0.0	False	0
ERR12131232	131.02715239616614	True	1419083
ERR12131233	154.29026741214057	True	1671033
ERR12131234	104.044	True	1100195
ERR12131235	0.0	False	0
ERR12131236	97.35298083067093	True	1036445
ERR12131237	156.64396325878593	True	1662019
ERR12131238	106.60189392971246	True	1127243
ERR12131239	142.62781309904153	True	1523635
ERR12131240	142.08777571884983	True	1517866
ERR12131241	95.04455846645368	True	1070106
ERR12131242	154.95435782747603	True	1644092
ERR12131243	113.59282619808307	True	1221806
ERR12131244	77.20287891373802	True	824727
ERR12131245	76.28551309904154	True	817718
ERR13863800	445.8445297124601	True	4620839
ERR13863801	667.0648364217252	True	6913619
ERR13863802	821.8126274760383	True	8517462
ERR13863803	825.547296485623	True	8556169
ERR13863804	985.4061239616614	True	10212984
ERR13863805	917.93189456869	True	9513665
ERR13863806	899.6947610223642	True	9324651
ERR13863807	1001.6801610223642	True	10381652
ERR14224128	0.3845367412140575	False	2006
ERR14224129	0.01571884984025559	False	82
ERR14224132	0.010159744408945686	False	53
ERR14224134	0.013993610223642173	False	73
ERR14224135	0.007859424920127795	False	41
ERR14224136	0.012460063897763577	False	65
ERR14224137	0.010351437699680511	False	54
ERR14224140	0.012843450479233227	False	67
ERR14224141	0.4520127795527157	False	2358
ERR14224142	0.00536741214057508	False	28
ERR14224143	0.045814696485623	False	239
ERR14224146	0.023578274760383388	False	123
ERR14224147	0.08664536741214057	False	452
ERR14224148	0.05961661341853035	False	311
ERR14224149	0.04159744408945687	False	217
ERR14224150	0.1587220447284345	False	828
ERR14224153	0.09124600638977635	False	476
ERR14224154	0.01840255591054313	False	96
ERR14224155	0.009584664536741214	False	50
ERR14224156	0.02875399361022364	False	150
ERR14224159	0.029329073482428115	False	153
ERR14224160	0.01476038338658147	False	77
ERR14224161	0.010543130990415336	False	55
ERR14224164	0.11693290734824281	False	610
ERR14224165	0.34753993610223644	False	1813
ERR14224166	0.7021725239616613	False	3663
ERR14224167	0.0544408945686901	False	284
ERR14224168	2.0447923322683708	False	10667
ERR14224171	2.651884984025559	False	13834
ERR14224172	2.4761022364217253	False	12917
ERR14224173	0.018977635782747602	False	99
ERR14224174	0.3199361022364217	False	1669
ERR14224177	5.1885623003194885	False	27067
ERR14224178	2.098849840255591	False	10949
ERR14224179	0.9389137380191693	False	4898
ERR14224180	2.0700958466453674	False	10799
ERR14224183	8.621214057507988	False	44974
ERR14224184	7.845814696485623	False	40929
ERR14224185	0.169073482428115	False	882
ERR14224186	7.903322683706071	False	41229
ERR14224189	5.609904153354632	False	29265
ERR14224190	2.95111821086262	False	15395
ERR14224191	0.1711821086261981	False	893
ERR14224192	1.3167412140575079	False	6869
ERR14224193	0.3136102236421725	False	1636
ERR14224194	0.9509904153354632	False	4961
ERR14224195	1.560191693290735	False	8139
ERR14224196	7.924600638977636	False	41340
ERR14224197	8.233993610223642	False	42954
ERR14224198	0.5472843450479233	False	2855
ERR14224199	6.453738019169329	False	33667
ERR14224200	8.021214057507986	False	41844
ERR14224201	2.5784664536741215	False	13451
ERR14224202	0.01610223642172524	False	84
ERR14224203	6.669584664536742	False	34793
ERR14224204	4.416996805111821	False	23042
ERR14224205	3.295782747603834	False	17193
ERR14224206	9.950798722044729	False	51910
ERR14224207	8.714760383386581	False	45462
ERR14224208	2.4210862619808307	False	12630
ERR14224209	0.7399361022364217	False	3860
ERR14224210	9.841725239616613	False	51341
ERR14224211	0.25916932907348245	False	1352
ERR14224212	0.044472843450479235	False	232
ERR14224213	12.155271565495207	False	63410
ERR14224214	0.3346964856230032	False	1746
ERR14224215	2.106517571884984	False	10989
ERR14224216	9.858402555910542	False	51428
ERR14224217	10.153226837060704	False	52966
ERR14224219	0.16677316293929711	False	870
ERR1457158	28.645194888178914	False	352990
ERR1457159	30.573923322683704	True	368063
ERR1457160	18.8937696485623	False	230107
ERR1457161	8.27055143769968	False	105231
ERR1457162	8.708404792332269	False	117997
ERR14732654	641.5712779552715	True	6693727
ERR14732655	967.253482428115	True	10091678
ERR1531718	159.36345047923322	True	2494038
ERR1531719	141.82012779552716	True	2219485
ERR1531720	153.9641533546326	True	2409539
ERR1531721	163.52817891373803	True	2559216
ERR1531722	139.31769968051117	True	2180322
ERR1531723	142.67418530351438	True	2232851
ERR1531724	169.69693290734824	True	2655757
ERR1531725	154.85201277955272	True	2423434
ERR1531726	161.4673482428115	True	2526964
ERR1531727	125.27833865814696	True	1960606
ERR1531728	131.54638977635784	True	2058701
ERR1538246	142.7788498402556	True	2234489
ERR1538247	142.57137380191693	True	2231242
ERR1538248	160.87156549520768	True	2517640
ERR1538249	150.928178913738	True	2362026
ERR1538250	117.32581469648562	True	1836149
ERR1538251	139.30900958466452	True	2180186
ERR1538252	146.80281150159743	True	2297464
ERR1538253	140.9090734824281	True	2205227
ERR1538254	159.0923961661342	True	2489796
ERR1538255	143.53271565495209	True	2246287
ERR1538256	144.75552715654953	True	2265424
ERR1538257	154.65015974440894	True	2420275
ERR1538258	156.58421725239617	True	2450543
ERR1538259	147.49904153354632	True	2308360
ERR1538260	140.36127795527156	True	2196654
ERR1538261	146.75373801916933	True	2296696
ERR1538262	148.20076677316294	True	2319342
ERR1538263	143.06952076677317	True	2239038
ERR1538264	146.8961661341853	True	2298925
ERR1538265	132.66651757188498	True	2076231
ERR1538266	139.3176357827476	True	2180321
ERR1538267	144.165303514377	True	2256187
ERR1538268	147.33507987220446	True	2305794
ERR1538269	161.53086261980832	True	2527958
ERR1538270	160.20172523961662	True	2507157
ERR1538271	155.0570607028754	True	2426643
ERR15968462	90.57967795527156	True	541058
ERR15968463	111.72862108626198	True	638158
ERR15968464	94.29258849840255	True	544531
ERR15968465	98.0521303514377	True	555984
ERR15968466	88.06869520766773	True	498472
ERR15968467	77.40351182108625	True	442104
ERR15968468	69.83426325878594	True	410867
ERR15968469	107.18902460063897	True	629459
ERR15968470	104.47667731629393	True	583950
ERR15968471	150.80379009584664	True	841383
ERR15968472	70.51861086261981	True	392746
ERR15968473	80.38111182108626	True	454960
ERR15968474	79.16256837060703	True	448063
ERR15968475	81.4040373801917	True	457441
ERR15968476	77.27981405750799	True	436617
ERR15968477	42.8395303514377	True	234010
ERR15968487	89.04375623003195	True	495039
ERR15968496	106.76138146964857	True	608676
ERR15968497	85.67431182108626	True	471284
ERR15968498	83.12621214057508	True	461321
ERR15968499	131.66311533546326	True	734591
ERR15968500	129.67056869009585	True	718352
ERR15968501	60.6830875399361	True	334398
ERR15968502	79.14810990415336	True	445564
ERR15968503	112.10001277955271	True	626559
ERR15968504	132.92151182108626	True	741612
ERR15968505	107.70336996805112	True	590388
ERR15968506	79.22201437699681	True	440435
ERR15968507	102.11540031948881	True	588621
ERR15968508	75.03396325878595	True	430929
ERR15968509	82.93271693290735	True	457812
ERR15968510	60.73331309904153	True	342514
ERR15968511	60.77670798722045	True	341528
ERR15968512	83.00990575079872	True	466465
ERR15968519	57.65860607028754	True	317173
ERR16138752	71.45895143769968	True	853689
ERR16138753	98.52769840255591	True	1172592
ERR16138754	0.0	False	0
ERR16138755	114.835696485623	True	1261178
ERR16138756	125.20761533546326	True	1379929
ERR16138757	113.4502875399361	True	1250350
ERR16138758	115.82632300319489	True	1263193
ERR16138759	65.24500638977636	True	714045
ERR16138760	54.136023642172525	True	659322
ERR16138761	35.94685303514377	True	441230
ERR16138762	84.1459303514377	True	1057738
ERR16138763	78.32902875399361	True	942961
ERR16138764	36.43328274760383	True	414677
ERR16138765	35.08602172523962	True	425656
ERR16138766	71.09009712460063	True	778014
ERR16138767	63.75400766773163	True	702641
ERR16138768	73.27152715654952	True	819071
ERR16138769	56.075238977635784	True	722286
ERR16138770	147.07988881789137	True	1638292
ERR16138771	65.71990734824281	True	721766
ERR16138772	69.63378594249201	True	764750
ERR16138773	77.32008115015975	True	909819
ERR16138774	55.8517392971246	True	783928
ERR16138775	33.35637412140575	True	455919
ERR16138776	58.592549520766774	True	654981
ERR16138777	55.44097380191693	True	611022
ERR16138778	52.717575079872205	True	587210
ERR16138779	50.25682172523962	True	555844
ERR16138780	51.72114728434505	True	576111
ERR16138781	63.975076677316295	True	749970
ERR16138782	53.14600830670926	True	589883
ERR16138783	32.50259520766773	True	359481
ERR16138784	47.22301725239617	True	524142
ERR16138785	49.44924217252396	True	626624
ERR16138786	47.802113099041534	True	523149
ERR16138787	48.86857667731629	True	536697
ERR16138788	54.99092907348243	True	606062
ERR16138789	37.13413226837061	True	404982
ERR16741945	125.78697028753993	True	857763
ERR16741946	100.5319696485623	True	688545
ERR16741947	148.45763258785942	True	1021258
ERR16741948	121.38630766773163	True	824163
ERR16741949	106.67627635782748	True	733839
ERR16741950	122.42044728434504	True	844000
ERR16741951	116.78944408945686	True	794676
ERR16741952	131.79317827476038	True	904633
ERR16741954	101.23721693290734	True	708887
ERR16741955	104.6783303514377	True	721681
ERR16741956	114.2734875399361	True	780952
ERR16741957	127.56592875399362	True	873701
ERR16741958	242.4199984025559	True	1624785
ERR16741959	115.89751725239617	True	800793
ERR16741960	103.94380511182109	True	715042
ERR16741961	85.32247763578275	True	589535
ERR16741962	95.5530412140575	True	660223
ERR16741963	116.58643993610224	True	795023
ERR16741964	169.2818233226837	True	1144389
ERR17019905	470.06012779552714	True	4904294
ERR17019906	193.61815591054312	True	2172132
ERR17019907	0.0	False	0
ERR17019908	677.9849520766774	True	7073643
ERR17019909	260.7702875399361	True	2968040
ERR17019910	566.7415015974441	True	5913003
ERR17019911	519.3182108626198	True	5418220
ERR17019912	108.80486453674122	True	712467
ERR17019913	103.88047891373802	True	675979
ERR17019914	130.0096587859425	True	882712
ERR17019915	128.39694249201278	True	855069
ERR17019916	85.50424408945688	True	579282
ERR17019917	102.52887507987221	True	681349
ERR17019918	108.32014696485624	True	710780
ERR17019919	451.18054313099043	True	4707317
ERR17019920	86.70595782747604	True	572552
ERR17019921	312.47792651757186	True	3271090
ERR17019922	439.5968051118211	True	4586460
ERR17019923	396.7176996805112	True	4139088
ERR17019924	176.41352396166135	True	1958065
ERR17019925	72.34025559105432	True	377375
ERR17019926	113.92159744408946	True	594291
ERR17019927	63.48843450479233	True	331198
ERR17019928	205.1261980830671	True	1070075
ERR17019929	41.58670926517572	True	433888
ERR17019930	48.483162939297124	True	505841
ERR17019931	65.42424920127796	True	682593
ERR17019932	29.957348242811502	False	312555
ERR17019933	24.642076677316293	False	257099
ERR17019934	32.28996805111821	True	336892
ERR17019935	120.57929712460064	True	1258044
ERR17019936	91.64194888178913	True	956131
ERR17019937	95.56725239616614	True	997085
ERR17019938	82.89603833865814	True	864882
ERR17019939	91.10597444089457	True	950539
ERR17019940	65.1388178913738	True	679615
ERR17019941	695.0168051118211	True	7251342
ERR17019942	675.6546325878594	True	7049330
ERR17019943	776.6492118210863	True	8184889
ERR17019944	838.4919303514376	True	8806979
ERR17019945	761.0688258785942	True	8358405
ERR17019946	119.50926517571885	True	623440
ERR17019947	6.99740447284345	False	5639
ERR17019948	0.21371405750798722	False	8919
ERR17019949	0.13986421725239617	False	5837
ERR17019950	0.18824281150159744	False	7856
ERR17019951	0.23151757188498404	False	9662
ERR17019952	0.24649361022364216	False	10287
ERR17019953	0.279944089456869	False	11683
ERR17019954	0.21184504792332268	False	8841
ERR17019955	0.3144728434504792	False	13124
ERR17025979	3.2703862619808306	False	276657
ERR17025980	3.2374645367412143	False	273872
ERR17025981	2.725055910543131	False	230525
ERR17025982	3.8010466453674123	False	321548
ERR17025983	3.8694434504792334	False	327334
ERR17025984	3.5021623003194886	False	296264
ERR17025985	2.7906392971246006	False	236073
ERR17025986	3.4501968051118213	False	291868
ERR17025987	1.9280073482428115	False	163099
ERR17025988	4.134176677316294	False	349729
ERR17025989	3.997820447284345	False	338194
ERR17025990	3.5340674121405753	False	298963
ERR17025991	4.370326517571885	False	369706
ERR17025992	5.795382108626198	False	490258
ERR17025993	2.364158146964856	False	199995
ERR17025994	5.637038658146965	False	476863
ERR17025995	2.8288686900958466	False	239307
ERR17025996	4.099233546325879	False	346773
ERR17025997	4.220411501597444	False	357024
ERR17025998	4.78404089456869	False	404704
ERR17025999	2.6964370607028756	False	228104
ERR17026000	4.929392971246006	False	417000
ERR17026001	3.044402555910543	False	257540
ERR17026002	2.8178632587859425	False	238376
ERR17026003	10.981316293929712	False	928960
ERR17026004	3.8274194888178914	False	323779
ERR17026005	8.95501661341853	False	757546
ERR17026006	4.917181789137381	False	415967
ERR17026007	7.708459424920128	False	652094
ERR17026008	5.891546645367412	False	498393
ERR17026009	4.839091693290735	False	409361
ERR17026010	7.96377124600639	False	673692
ERR17026011	4.548186581469649	False	384752
ERR17026012	3.7515635782747605	False	317362
ERR17026013	8.233823961661342	False	696537
ERR17026014	4.207290095846646	False	355914
ERR17026015	6.622869968051118	False	560259
ERR17026016	3.6378329073482427	False	307741
ERR17026017	6.313689456869009	False	534104
ERR17026018	5.403536741214057	False	457110
ERR17026019	2.295217571884984	False	194163
ERR17026020	4.614195527156549	False	390336
ERR17026021	5.6959549520766775	False	481847
ERR17026022	4.38557571884984	False	370996
ERR17026023	2.7930744408945687	False	236279
ERR17026024	9.309873801916932	False	787565
ERR17026025	5.256494249201278	False	444671
ERR17026026	2.601076357827476	False	220037
ERR17026027	6.809654952076677	False	576060
ERR17026028	2.704191693290735	False	228760
ERR17026029	3.1290060702875397	False	264697
ERR17026030	2.427980191693291	False	205394
ERR17026031	3.2246977635782748	False	272792
ERR17026032	2.8600527156549522	False	241945
ERR17027728	43.040326198083065	True	34362
ERR17500873	26.505072843450478	False	179569
ERR17500878	31.372895846645367	True	209823
ERR17500882	48.02861214057508	True	321217
ERR17500883	24.87282268370607	False	176535
ERR17500909	26.343779552715656	False	180035
ERR17500910	30.71426837060703	True	212220
ERR17500913	20.726419169329073	False	138619
ERR17500924	21.074875399361023	False	142780
ERR17500926	34.506102236421725	True	225950
ERR17500936	37.278348881789135	True	247206
ERR17500952	69.90684632587859	True	751919
ERR17500957	65.277392971246	True	699720
ERR17500975	71.1549891373802	True	762723
ERR17500988	65.0526463258786	True	694931
ERR17500991	47.566911821086265	True	508138
ERR17500993	30.107290734824282	True	320530
ERR17500996	25.961011821086263	False	279237
ERR17500998	27.378256869009586	False	291476
ERR17501004	33.923279233226836	True	361156
ERR17501007	31.742137380191693	True	337935
ERR17501015	33.37109776357828	True	361424
ERR17503736	191.78052076677315	True	2041745
ERR17503825	22.143567092651757	False	234947
ERR17503853	23.367458146964857	False	248776
ERR17504078	265.24550479233227	True	2833510
ERR17504122	54.67984536741214	True	586123
ERR17504159	45.60700830670927	True	485544
ERR17504205	59.31190575079872	True	633605
ERR17504273	30.09311182108626	True	204764
ERR17504306	27.730407028753994	False	191181
ERR17504643	29.608242172523962	False	315217
ERR17504673	30.067464536741213	True	320106
ERR17504716	33.1123482428115	True	357385
ERR17505146	40.79753450479233	True	269971
ERR17505192	45.882570607028754	True	322001
ERR17505217	26.231550479233228	False	280221
ERR17505245	35.3183233226837	True	376008
ERR17505285	25.550478594249203	False	272017
ERR17506163	26.375803833865813	False	281762
ERR17506182	25.853120127795528	False	275239
ERR17510713	706.4498760383386	True	7521048
ERR17510714	25.91567731629393	False	275905
ERR17510717	27.543573162939296	False	293236
ERR17510724	27.320677955271567	False	290863
ERR17510752	80.01619776357828	True	536297
ERR17510863	74.75993993610224	True	510914
ERR17511000	130.22558178913738	True	1391147
ERR17511086	116.3753875399361	True	1243191
ERR17511352	121.8018785942492	True	1301160
ERR17511536	99.82921884984026	True	1066435
ERR17511939	103.05502715654951	True	1100895
ERR17512089	101.6494696485623	True	1085880
ERR17512116	32.581681150159746	True	346873
ERR17512151	102.4010661341853	True	1093909
ERR17512225	115.12508530351438	True	1238287
ERR17512256	100.27635527156549	True	1067568
ERR17512313	110.48234313099042	True	1180238
ERR17512383	134.89988051118212	True	1436179
ERR17515592	85.50080830670926	True	569399
ERR17515606	42.90624600638978	True	458350
ERR17515611	41.42659041533546	True	444059
ERR17515628	87.67249073482428	True	933384
ERR17515651	43.75135910543131	True	467378
ERR17515675	51.64859840255591	True	551741
ERR17515716	47.792886900958464	True	510552
ERR17515786	88.09077763578274	True	941038
ERR17515872	119.94702172523962	True	1276987
ERR17515907	84.63367667731629	True	901032
ERR17515981	109.26718881789138	True	1167257
ERR17516046	91.86786134185303	True	978049
ERR17516052	8.751741214057509	False	61975
ERR17516061	17.88804984025559	False	138932
ERR17516081	59.1191731629393	True	629398
ERR17516116	132.57089329073483	True	1411384
ERR17516381	125.43797571884984	True	1344592
ERR17516436	59.06845111821086	True	628858
ERR17519831	93.59889201277956	True	996478
ERR17520219	88.48075782747604	True	948441
ERR17520252	40.238173801916936	True	428386
ERR17525163	47.560276677316295	True	506339
ERR17525404	88.86100255591055	True	949266
ERR17525449	127.73339680511182	True	1364524
ERR17525482	113.97797635782747	True	1213439
ERR17525519	174.8272408945687	True	1861256
ERR17525768	232.18711054313098	True	2471924
ERR17525808	231.52377891373803	True	2464862
ERR17525823	70.24679233226837	True	472844
ERR17525831	36.19817763578275	True	240043
ERR17525838	34.65941501597444	True	229353
ERR17525853	44.14454376996805	True	291503
ERR17525862	35.83869392971246	True	235662
ERR17525879	117.45779041533547	True	1250486
ERR17525918	42.13190127795527	True	292401
ERR17525923	28.79167731629393	False	189722
ERR17525930	34.51063674121406	True	234313
ERR17525935	25.27225878594249	False	269055
ERR17525948	23.594216293929712	False	163747
ERR17525961	35.07764920127796	True	237134
ERR17525966	19.090246006389776	False	137362
ERR17525976	26.069735463258787	False	182139
ERR17525986	50.92025750798722	True	347234
ERR17525993	28.380619488817892	False	190217
ERR17526017	127.50060223642173	True	1352803
ERR1959700	194.6767801916933	True	3423249
ERR1959701	187.58136293929712	True	3280054
ERR1959702	209.39296485623004	True	3641111
ERR1959703	220.20682428115015	True	3829152
ERR1959704	207.23110223642172	True	3623650
ERR1959705	238.48250063897763	True	4170113
ERR1959706	222.00597955271564	True	3882004
ERR1959707	235.80966134185303	True	4100468
ERR1959708	227.09382172523962	True	3993279
ERR1959709	173.36481693290736	True	3031463
ERR1959710	160.00049392971246	True	2797774
ERR1959711	267.70885431309904	True	4681166
ERR1959712	273.19336102236423	True	4750529
ERR1959713	176.09888817891374	True	3062164
ERR1959714	261.21567220447287	True	4567626
ERR1959715	187.74960383386582	True	3264757
ERR1959716	153.17178690095847	True	2678367
ERR1959717	165.6521022364217	True	2880506
ERR1959718	242.62173418530352	True	4266326
ERR1959719	166.75268274760384	True	2915843
ERR1959720	243.37143099041535	True	4255601
ERR1959721	158.63689137380192	True	2773930
ERR1959722	187.54018722044728	True	3279334
ERR1959723	274.73428977635785	True	4804013
ERR1959724	248.76716581469648	True	4349951
ERR1959725	238.47375079872205	True	4169960
ERR1959726	172.76969329073484	True	3004273
ERR1959727	219.67892236421724	True	3841313
ERR1959728	275.7235364217252	True	4821311
ERR1959729	183.37349584664537	True	3224489
ERR1959730	242.99112747603834	True	4248951
ERR1959731	164.9362428115016	True	2868058
ERR1959732	260.24626996805114	True	4550675
ERR1959733	166.13601916932907	True	2905060
ERR1959734	183.7946645367412	True	3195985
ERR1959735	187.88835079872206	True	3285422
ERR1959736	217.38960958466453	True	3801282
ERR1959737	249.59208306709266	True	4340129
ERR1959738	167.69823642172523	True	2916086
ERR1959739	246.68683706070289	True	4289610
ERR1959740	265.8601217252396	True	4648839
ERR1959741	219.92129712460064	True	3824187
ERR1959742	282.54921246006387	True	4940665
ERR1959743	286.9346552715655	True	5017349
ERR1959744	325.43589680511184	True	5690583
ERR1959745	230.52438977635782	True	4008563
ERR1959746	259.8609910543131	True	4543938
ERR1959747	229.91571884984026	True	4042900
ERR1959748	216.72587987220447	True	3789676
ERR1959749	240.58518210862619	True	4183509
ERR1959750	225.17154632587858	True	3915483
ERR1959751	219.9304984025559	True	3824347
ERR1959752	193.20337380191694	True	3359592
ERR1959753	198.98573290734825	True	3441024
ERR1959754	227.89541214057508	True	3962848
ERR1959755	194.91320127795527	True	3389324
ERR1959756	198.95106709265175	True	3459538
ERR1959757	209.45242811501598	True	3642145
ERR1959758	199.38786517571884	True	3447978
ERR1959759	200.89823003194888	True	3493397
ERR1959760	196.54671565495207	True	3417729
ERR1959761	176.85891373801917	True	3163248
ERR1959762	226.6638785942492	True	3941433
ERR1959763	235.35377955271565	True	4069930
ERR1959764	227.5861341853035	True	3957470
ERR1959765	233.4998306709265	True	4037870
ERR2106616	1.9940753993610223	False	42172
ERR2159036	0.0	False	0
ERR2161290	0.0	False	0
ERR2161291	0.0	False	0
ERR2161292	0.0	False	0
ERR2161293	0.0	False	0
ERR2161294	0.0	False	0
ERR2161295	0.0	False	0
ERR2161296	0.0	False	0
ERR2161297	0.0	False	0
ERR2161298	0.0	False	0
ERR2161299	0.0	False	0
ERR2161300	0.0	False	0
ERR2161301	0.0	False	0
ERR2161302	0.0	False	0
ERR2161303	0.0	False	0
ERR2161304	0.0	False	0
ERR2161305	0.0	False	0
ERR2161306	0.0	False	0
ERR2161307	0.0	False	0
ERR2161308	0.0	False	0
ERR2161309	0.0	False	0
ERR2161310	0.0	False	0
ERR2161311	0.0	False	0
ERR2161312	0.0	False	0
ERR2161314	0.0	False	0
ERR2161315	0.0	False	0
ERR2161316	0.0	False	0
ERR2161317	0.0	False	0
ERR2161318	0.0	False	0
ERR2161319	0.0	False	0
ERR2161320	0.0	False	0
ERR2161321	0.0	False	0
ERR2161322	0.0	False	0
ERR2161323	0.0	False	0
ERR2161324	0.0	False	0
ERR2161325	0.0	False	0
ERR2161326	0.0	False	0
ERR2161327	0.0	False	0
ERR2161328	0.0	False	0
ERR2161329	0.0	False	0
ERR2161330	0.0	False	0
ERR2161331	0.0	False	0
ERR2161332	0.0	False	0
ERR2161333	0.5070728434504792	False	113367
ERR2161334	0.0	False	0
ERR2161335	0.0	False	0
ERR2161336	0.0	False	0
ERR2161337	0.0	False	0
ERR2161338	0.0	False	0
ERR2161339	0.0	False	0
ERR2161340	0.0	False	0
ERR2161341	0.0	False	0
ERR2161342	0.0	False	0
ERR2161343	0.0	False	0
ERR2161344	0.0	False	0
ERR2161345	0.0	False	0
ERR2161346	0.0	False	0
ERR2161347	0.0	False	0
ERR2161348	0.0	False	0
ERR2161349	0.0	False	0
ERR2161350	0.0	False	0
ERR2161351	0.0	False	0
ERR2161352	0.0	False	0
ERR2161353	0.0	False	0
ERR2161354	0.0	False	0
ERR2161355	0.0	False	0
ERR2161356	0.0	False	0
ERR2161357	0.0	False	0
ERR2161358	0.0	False	0
ERR2161359	0.0	False	0
ERR2161360	0.0	False	0
ERR2161361	0.0	False	0
ERR2161362	0.0	False	0
ERR2162103	0.5134466453674121	False	100443
ERR2162104	0.0	False	0
ERR2162105	0.0	False	0
ERR2162106	0.0	False	0
ERR2162107	0.0	False	0
ERR2162108	0.0	False	0
ERR2162109	0.0	False	0
ERR2162110	0.0	False	0
ERR2162111	0.0	False	0
ERR2162112	0.678864536741214	False	118047
ERR2162113	0.0	False	0
ERR2162114	0.0	False	0
ERR2162115	0.0	False	0
ERR2162116	0.0	False	0
ERR2162117	0.0	False	0
ERR2162118	0.0	False	0
ERR2162119	0.0	False	0
ERR2162120	0.0	False	0
ERR2162121	0.0	False	0
ERR2162122	0.0	False	0
ERR2162123	0.0	False	0
ERR2162124	0.0	False	0
ERR2162125	0.0	False	0
ERR2162126	0.0	False	0
ERR2162127	0.0	False	0
ERR2162128	0.0	False	0
ERR2162129	0.0	False	0
ERR2162130	0.0	False	0
ERR2162131	0.0	False	0
ERR2162132	0.0	False	0
ERR2162133	0.0	False	0
ERR2162134	0.0	False	0
ERR2162135	0.0	False	0
ERR2162136	0.0	False	0
ERR2162137	0.0	False	0
ERR2162138	0.0	False	0
ERR2162139	0.0	False	0
ERR2162140	0.0	False	0
ERR2162141	0.0	False	0
ERR2162142	0.0	False	0
ERR2162143	0.0	False	0
ERR2162144	0.0	False	0
ERR2162145	0.0	False	0
ERR2162146	0.0	False	0
ERR2162147	0.0	False	0
ERR2162148	0.0	False	0
ERR2162149	0.0	False	0
ERR2162150	0.0	False	0
ERR2162151	0.0	False	0
ERR2162152	0.0	False	0
ERR2162153	0.0	False	0
ERR2162154	0.0	False	0
ERR2162155	0.0	False	0
ERR2162156	0.0	False	0
ERR2162157	0.0	False	0
ERR2162158	0.0	False	0
ERR2162159	0.0	False	0
ERR2162160	0.0	False	0
ERR2162161	0.0	False	0
ERR2162162	0.0	False	0
ERR2162163	0.0	False	0
ERR2162164	0.0	False	0
ERR2162165	0.0	False	0
ERR2162166	0.0	False	0
ERR2162167	0.0	False	0
ERR2162168	0.0	False	0
ERR2162169	0.0	False	0
ERR2162170	0.0	False	0
ERR2162171	0.0	False	0
ERR2162172	0.0	False	0
ERR2162173	0.0	False	0
ERR2162174	0.0	False	0
ERR2162175	0.0	False	0
ERR2162176	0.0	False	0
ERR2162177	0.0	False	0
ERR2162178	0.0	False	0
ERR2162179	0.0	False	0
ERR2162180	0.0	False	0
ERR2162181	0.0	False	0
ERR2238479	108.1348447284345	True	696424
ERR2238480	17.205374760383386	False	112899
ERR2275070	143.80620638977635	True	939694
ERR2275071	145.72679808306708	True	968418
ERR2275072	49.99801565495208	True	541501
ERR2275073	86.1771910543131	True	943128
ERR2275074	148.58370479233227	True	981154
ERR2275075	294.02908881789136	True	6766993
ERR2275076	414.22777284345045	True	9195269
ERR2275079	261.2380517571885	True	6102053
ERR2275080	187.0206539936102	True	4093529
ERR2275081	374.0113412140575	True	8421982
ERR2275082	408.8458990415335	True	8764984
ERR2275085	234.09140990415335	True	5271267
ERR2275086	281.3077945686901	True	5989751
ERR2275087	0.0	False	0
ERR2275088	0.0	False	0
ERR2275089	0.0	False	0
ERR2275090	0.0	False	0
ERR2275091	0.0	False	0
ERR2275092	0.0	False	0
ERR2275093	0.0	False	0
ERR2275094	0.0	False	0
ERR2275095	0.0	False	0
ERR2275096	0.0	False	0
ERR2275097	0.0	False	0
ERR2275098	0.0	False	0
ERR2275099	0.0	False	0
ERR2275100	0.0	False	0
ERR2275101	0.0	False	0
ERR2286107	44.538205431309905	True	379849
ERR2286108	89.87244728434504	True	721284
ERR2286109	83.79649520766773	True	558049
ERR2286110	78.54900670926517	True	635293
ERR2286111	13.163143769968052	False	128752
ERR2286112	31.597003833865816	True	248489
ERR2286113	41.62225942492013	True	332341
ERR2286114	52.376608945686904	True	438339
ERR2286115	9.419778594249202	False	71737
ERR2286116	10.044092012779553	False	80199
ERR2286117	22.49282012779553	False	146367
ERR2286118	42.35312779552716	True	339911
ERR2286119	51.93170607028754	True	338638
ERR2286120	28.71138019169329	False	185292
ERR2286121	21.034052396166135	False	181368
ERR2286126	22.96097124600639	False	192160
ERR2286127	13.592516293929712	False	101056
ERR2286128	13.352434504792333	False	87069
ERR2286129	110.26379041533546	True	737448
ERR2286130	70.81195974440895	True	459837
ERR2286131	26.387470926517572	False	169944
ERR2286132	21.047569648562302	False	143527
ERR2286133	144.729296485623	True	1298002
ERR2286134	30.68485111821086	True	200928
ERR2322159	78.87820686900959	True	6583701
ERR2322160	80.488085942492	True	6808857
ERR2322161	80.42849041533546	True	6713098
ERR2322162	82.29697284345048	True	6869054
ERR2322163	76.59837460063898	True	6393411
ERR2322164	68.9631230031949	True	5756122
ERR2322165	74.65952875399361	True	6231582
ERR2322166	71.30841853035143	True	5951876
ERR2322167	80.51889776357828	True	6720644
ERR2322168	78.26543530351438	True	6532555
ERR2322169	77.62701277955271	True	6479268
ERR2322170	79.45742012779553	True	6632046
ERR2322171	81.80234424920128	True	6827769
ERR2322172	85.92599041533546	True	7171956
ERR2322173	80.41843849840255	True	6712259
ERR2322174	80.77369408945687	True	6741911
ERR2322175	75.34444760383387	True	6373733
ERR2322176	78.1005910543131	True	6518796
ERR2322177	79.20954872204473	True	6611357
ERR2322178	75.32048722044729	True	6286750
ERR2322179	78.8205444089457	True	6667792
ERR2322180	74.68662779552716	True	6318085
ERR2322181	76.42222044728435	True	6378708
ERR2322182	89.82221645367412	True	7497161
ERR2322183	77.15206869009585	True	6439626
ERR2322184	82.74537939297124	True	6906481
ERR2322185	83.81669329073482	True	6995900
ERR2322186	86.10363019169328	True	7186783
ERR2322187	91.56080271565496	True	7642275
ERR2322188	84.9177196485623	True	7087799
ERR2322189	85.39624600638977	True	7127740
ERR2322190	75.19567092651758	True	6276332
ERR2322191	106.644392971246	True	8901252
ERR2322192	93.9457428115016	True	7841338
ERR2322193	97.46420127795527	True	8135012
ERR2322194	92.04944089456869	True	7683060
ERR2322195	93.19769233226837	True	7884021
ERR2322196	90.49220031948882	True	7655151
ERR2322197	91.0834624600639	True	7602433
ERR2322198	84.39138977635783	True	7043868
ERR2322200	75.0107947284345	True	6260901
ERR2322201	82.08402555910543	True	6851280
ERR2322202	80.50003993610224	True	6719070
ERR2322203	80.29407747603834	True	6701879
ERR2322204	107.2735303514377	True	8953764
ERR2322205	77.06640575079872	True	6432476
ERR2322206	67.9528873801917	True	5671801
ERR2322207	79.86720047923323	True	6666249
ERR2322208	81.57517571884983	True	6808808
ERR2322209	74.8691571884984	True	6333526
ERR2322210	76.04000031948881	True	6432573
ERR2322211	73.70072555910544	True	6234683
ERR2322212	74.0768607028754	True	6266502
ERR2322213	74.7651517571885	True	6240398
ERR2322214	78.1944287539936	True	6614826
ERR2322215	73.39491405750799	True	6208813
ERR2322216	85.0891482428115	True	7198082
ERR2322217	84.36763642172524	True	7137046
ERR2322218	89.4993	True	7571157
ERR2322219	88.92272651757189	True	7522382
ERR2322220	73.1491054313099	True	6105512
ERR2322221	82.62963258785942	True	6896820
ERR2322222	77.52729392971246	True	6558390
ERR2322223	119.93603194888179	True	10145940
ERR2322224	75.46873450479234	True	6384247
ERR2322225	41.63005942492013	True	3521678
ERR2322226	79.23067699680512	True	6702487
ERR2322227	76.5205392971246	True	6473224
ERR2322228	70.12403130990415	True	5932114
ERR2322229	78.81426741214058	True	6667261
ERR2322230	74.80159968051119	True	6327811
ERR2322231	72.02245047923323	True	6092710
ERR2322232	85.34302971246007	True	7219559
ERR2322233	78.03920607028753	True	6601695
ERR2322234	85.5326162939297	True	7235597
ERR2322235	80.97262380191694	True	6758515
ERR2322236	91.17306709265176	True	7609912
ERR2322237	101.93134984025559	True	8507870
ERR2322238	87.44223642172524	True	7298512
ERR2322239	95.01270766773163	True	7930394
ERR2322240	81.95804712460064	True	6840765
ERR2322241	93.28728833865814	True	7786379
ERR2322242	58.37302715654952	True	4872202
ERR2322243	69.39471757188498	True	5870418
ERR2322244	78.35693290734824	True	6540192
ERR2322245	75.69196389776357	True	6403131
ERR2322246	73.18422124600639	True	6108443
ERR2322247	73.82382987220447	True	6161829
ERR2322248	56.9989696485623	True	4757514
ERR2322249	84.25319089456869	True	7032333
ERR2322250	79.21274440894568	True	6700970
ERR2322251	87.88901980830671	True	7434936
ERR2322252	81.26330271565496	True	6782777
ERR2322253	87.91922268370607	True	7437491
ERR2322254	85.70950702875399	True	7250561
ERR233147	49.21765591054313	True	4465254
ERR233148	28.19646517571885	False	2292336
ERR233149	25.172099520766775	False	2046459
ERR233150	17.398100798722044	False	1414443
ERR233151	15.408794728434504	False	1252715
ERR233152	12.4779607028754	False	1014442
ERR233153	7.43768338658147	False	604674
ERR233154	14.07423466453674	False	1144217
ERR233155	9.591616932907348	False	779786
ERR233156	43.6857517571885	True	3963374
ERR233157	58.19712412140575	True	5279913
ERR233158	60.99146980830671	True	5533429
ERR233159	34.72138418530351	True	3150085
ERR233160	45.07120782747604	True	4089069
ERR233161	48.050806389776355	True	4359392
ERR233162	63.39591038338658	True	5751571
ERR233163	57.45546230031949	True	5212626
ERR233164	66.29749265175718	True	6014816
ERR233165	64.85500686900959	True	5883947
ERR233166	0.0	False	0
ERR233167	72.28367252396166	True	6557910
ERR233168	44.746665335463256	True	4059625
ERR233169	50.27376373801917	True	4561069
ERR233170	58.69675686900958	True	5325242
ERR233171	50.590910223642176	True	4589842
ERR233172	63.10274856230032	True	5724974
ERR233173	58.66225686900958	True	5322112
ERR233174	50.68429169329073	True	4598314
ERR233175	64.4021089456869	True	5842858
ERR233176	35.68668306709265	True	3334308
ERR233177	40.784797763578275	True	3700186
ERR233178	29.24816501597444	False	2732739
ERR233179	38.29100303514377	True	3577637
ERR233180	50.106669009584664	True	4612761
ERR233181	21.721850479233225	False	1999688
ERR233182	30.138349520766774	True	2774501
ERR233183	37.76949201277955	True	3477015
ERR233184	38.23006389776358	True	3418860
ERR233185	29.60746166134185	False	2647753
ERR233186	40.96684984025559	True	3771360
ERR233187	31.75190479233227	True	2923043
ERR233188	43.05764632587859	True	4022998
ERR233189	40.75848674121406	True	3808181
ERR233205	403.10966900958465	True	6857246
ERR233206	321.4642249201278	True	5468386
ERR233207	269.8192460063898	True	4589860
ERR233208	212.60124217252397	True	3616532
ERR233209	126.44809201277955	True	2150992
ERR233210	371.13205623003194	True	6313279
ERR233211	220.7793661341853	True	3755649
ERR233212	271.4900012779553	True	4618281
ERR233213	342.8561942492013	True	5832282
ERR233214	414.29569329073485	True	7047530
ERR233215	351.9125214057508	True	5986338
ERR233216	418.6714249201278	True	7121965
ERR246334	382.6309341853035	True	6370398
ERR246335	318.85118977635784	True	5423936
ERR246336	423.03093162939297	True	7196124
ERR246337	239.42714888178915	True	4072864
ERR246338	237.58321022364217	True	4041497
ERR246339	234.17268498402555	True	3983481
ERR246340	223.2721840255591	True	3798054
ERR246341	0.0	False	0
ERR246342	226.24645878594248	True	3848649
ERR246343	237.0287412140575	True	4032065
ERR246344	235.90587092651757	True	4012964
ERR246345	199.99835910543132	True	3402146
ERR246346	231.32044984025558	True	3934962
ERR246347	205.29285623003196	True	3492210
ERR246348	231.98802300319488	True	3946318
ERR246349	233.87034888178914	True	3978338
ERR246350	108.58915782747604	True	1847196
ERR246351	223.41609201277956	True	3800502
ERR246352	255.80820447284344	True	4351520
ERR246353	246.368828115016	True	4190948
ERR246354	210.68029392971246	True	3583855
ERR246355	197.9625431309904	True	3367515
ERR246356	178.0339910543131	True	3028513
ERR246357	259.52488690095845	True	4414744
ERR246358	242.28273482428116	True	4121440
ERR246359	128.37703514376997	True	2183805
ERR246360	295.375317571885	True	5024591
ERR246361	23.849387060702874	False	2163727
ERR246362	29.659947444089457	False	2771213
ERR246363	18.760714217252396	False	1702059
ERR246364	23.126220766773162	False	2098118
ERR2591772	518.378794888179	True	10963011
ERR2591773	716.9734792332268	True	15266170
ERR2591774	700.3708003194888	True	15118349
ERR2591775	481.69505654952076	True	10692947
ERR2591776	540.4066242811501	True	11352166
ERR2591777	589.1635182108627	True	12376388
ERR2591778	548.1322948881789	True	11997581
ERR2591779	415.6276485623003	True	9161370
ERR2591780	459.82921916932906	True	9994899
ERR2591781	523.0876287539936	True	13875121
ERR2591782	875.0735003194889	True	18506622
ERR2591783	535.761366773163	True	11485843
ERR2591784	487.3222236421725	True	10741680
ERR2591785	1230.93103514377	True	26209620
ERR2591786	1023.1304779552715	True	21637827
ERR2856770	264.4211501597444	True	2758794
ERR2856771	238.190607028754	True	2485122
ERR2856772	222.43361022364218	True	2320724
ERR2856773	181.51063897763578	True	1893761
ERR2856774	194.57760383386582	True	2030093
ERR2856775	220.10779552715655	True	2296458
ERR2856776	308.28421725239616	True	3216432
ERR2856777	251.18127795527155	True	2620658
ERR2856778	264.5456549520767	True	2760093
ERR2856779	266.90051118210863	True	2784662
ERR2856780	290.4260702875399	True	3030112
ERR2856781	248.51693290734823	True	2592860
ERR2856782	325.7570607028754	True	3398732
ERR2856783	330.218338658147	True	3445278
ERR2856784	260.0738338658147	True	2713437
ERR2856785	275.2097444089457	True	2871355
ERR2856786	291.8888817891374	True	3045374
ERR2856787	272.0535143769968	True	2838425
ERR2856788	183.77626198083067	True	1917399
ERR3611246	132.56044728434506	True	2074571
ERR3611247	127.6691373801917	True	1998022
ERR3611248	131.90536741214058	True	2064319
ERR3611249	128.5614057507987	True	2011986
ERR3611250	136.73392971246005	True	2139886
ERR3611251	145.11418530351438	True	2271037
ERR3611252	116.0552715654952	True	1816265
ERR3611253	127.63476038338658	True	1997484
ERR3611254	125.80249201277955	True	1968809
ERR3611255	135.95980830670928	True	2127771
ERR3611256	138.0782108626198	True	2160924
ERR3611257	149.55431309904154	True	2340525
ERR3611258	127.55674121405751	True	1996263
ERR3611259	135.49667731629393	True	2120523
ERR3611260	128.629392971246	True	2013050
ERR3611261	137.54127795527157	True	2152521
ERR3611262	146.39776357827475	True	2291125
ERR3611263	136.50690095846645	True	2136333
ERR3611264	135.06747603833867	True	2113806
ERR3611265	132.07105431309904	True	2066912
ERR3611266	132.7697124600639	True	2077846
ERR3611267	122.24325878594249	True	1913107
ERR3611268	126.25009584664537	True	1975814
ERR3611269	155.7694568690096	True	2437792
ERR3611270	151.85022364217252	True	2376456
ERR3611271	143.1591054313099	True	2240440
ERR3611272	124.73878594249202	True	1952162
ERR3611273	124.48178913738019	True	1948140
ERR3611274	138.27456869009583	True	2163997
ERR3611275	124.52753993610223	True	1948856
ERR3611276	135.1111821086262	True	2114490
ERR3611277	116.26600638977636	True	1819563
ERR3611278	128.32070287539935	True	2008219
ERR3611279	125.05150159744409	True	1957056
ERR3611280	126.12319488817892	True	1973828
ERR3611281	139.06632587859426	True	2176388
ERR3611282	131.06607028753993	True	2051184
ERR3611283	138.23578274760382	True	2163390
ERR3611284	138.2279233226837	True	2163267
ERR3611285	127.25725239616614	True	1991576
ERR3611286	131.0059424920128	True	2050243
ERR3611287	148.23392971246005	True	2319861
ERR3611288	116.35092651757188	True	1820892
ERR3611289	133.09744408945687	True	2082975
ERR3611290	136.4606389776358	True	2135609
ERR3611291	125.9229392971246	True	1970694
ERR3611292	137.3996805111821	True	2150305
ERR3611293	147.94230031948882	True	2315297
ERR3611294	145.35610223642172	True	2274823
ERR3611295	126.54964856230032	True	1980502
ERR3697098	570.0335795527157	True	7312316
ERR3697099	63.5109392971246	True	814710
ERR3697100	327.9456501597444	True	4189673
ERR3697101	592.4627571884984	True	7569014
ERR3697102	1721.2777923322683	True	21990202
ERR3697103	547.9014057507987	True	6999720
ERR3697104	514.6341980830671	True	6601660
ERR3697105	566.3081616613418	True	7294422
ERR3697106	0.0	False	0
ERR3697107	314.2704408945687	True	4031420
ERR3697108	175.78983897763578	True	2255009
ERR3697109	381.6473376996805	True	4915869
ERR3697110	461.4905303514377	True	5919940
ERR3697111	636.0050645367412	True	8192164
ERR3697112	309.22068306709264	True	3982966
ERR3697113	391.521854313099	True	5022391
ERR3697114	433.03981916932906	True	5577838
ERR3697115	778.9820830670926	True	9992680
ERR3697116	145.31384920127795	True	1864067
ERR3697117	418.3851629392971	True	5366990
ERR3697118	396.7311373801917	True	5089215
ERR3697119	255.8025840255591	True	3281402
ERR3697120	477.42202236421724	True	6149510
ERR3697121	488.39819552715653	True	6265108
ERR3697122	88.01750415335464	True	1129077
ERR3697123	1761.9248575079873	True	22601741
ERR3697124	225.8364217252396	True	2897000
ERR3697125	788.4509980830671	True	10114146
ERR3697126	319.22714888178916	True	4095004
ERR3697127	244.92252268370606	True	3141834
ERR3697128	417.40214696485623	True	5354380
ERR3697129	255.860192971246	True	3282141
ERR3697130	245.2868396166134	True	3159456
ERR3697131	419.0810696485623	True	5375917
ERR3697132	261.7388712460064	True	3371369
ERR3697133	493.2134926517572	True	6326878
ERR3697134	267.38658146964855	True	3430000
ERR3697135	105.00689265175718	True	1358147
ERR3697136	393.52524600638975	True	5089810
ERR3697137	231.25813290734826	True	2966549
ERR3697138	216.7377555910543	True	2791725
ERR3697139	447.2807654952077	True	5737659
ERR3697140	433.2321230031949	True	5580315
ERR3697141	120.85632172523961	True	1556709
ERR3697142	164.90494440894568	True	2115379
ERR3697143	359.36873482428115	True	4609935
ERR3697144	463.25871182108625	True	5942622
ERR3697145	498.03307731629394	True	6388703
ERR3697146	108.00753801916933	True	1396957
ERR3697147	64.04548370607029	True	824948
ERR3697148	194.14341373801918	True	2500695
ERR3697149	336.6103169329073	True	4317993
ERR3697150	333.3528345047923	True	4293804
ERR3697151	158.78342012779552	True	2045235
ERR3697152	378.89662428115014	True	4880438
ERR3697153	377.14369169329075	True	5023233
ERR3697154	239.66888146964857	True	3087093
ERR3697155	425.4767539936102	True	5457960
ERR3697156	565.3928357827476	True	7282632
ERR3697157	179.47731565495206	True	2311786
ERR3697158	96.60981277955271	True	1244398
ERR3697159	240.21862044728434	True	3094174
ERR3697160	78.0088178913738	True	1017365
ERR3697161	153.42953865814695	True	1968174
ERR3697162	222.34088530351437	True	2863897
ERR3697163	602.4998453674121	True	7728789
ERR3697164	183.2009607028754	True	2359749
ERR3697165	161.26053546325878	True	2068629
ERR3697166	340.7401533546326	True	4370970
ERR3697167	264.22702044728436	True	3403418
ERR3697168	374.7697341853035	True	4807497
ERR3697169	577.4794773162939	True	7407831
ERR3697170	493.81546325878594	True	6334600
ERR3697171	595.7510798722045	True	7611024
ERR3697172	177.62213099041534	True	2287890
ERR3697173	151.88945431309904	True	1948418
ERR3697174	465.17352715654954	True	5967185
ERR3697175	62.2111054313099	True	801320
ERR3697176	369.5949073482428	True	4741115
ERR3697177	117.71308178913738	True	1516222
ERR371809	366.05520255591057	True	6509959
ERR371810	176.73602172523962	True	3090412
ERR371812	180.72517571884984	True	3142610
ERR371821	144.23555463258785	True	2839354
ERR371822	172.8085658146965	True	3401829
ERR3988583	38.88189137380191	True	434644
ERR3988715	18.141409584664537	False	204254
ERR3988716	21.042581469648564	False	235226
ERR3988718	23.19006996805112	False	260161
ERR4027571	0.0	False	0
ERR4027576	0.0	False	0
ERR4027577	0.0	False	0
ERR4027578	0.0	False	0
ERR4147071	7.788927795527156	False	92346
ERR4147072	8.380945686900958	False	99365
ERR4147073	8.183196805111821	False	96291
ERR4147074	9.436730990415336	False	107018
ERR4147075	10.702559424920128	False	122707
ERR4147076	10.407896166134185	False	122931
ERR4147077	13.503366134185303	False	153136
ERR4147078	115.48041501597444	True	1304887
ERR4147079	99.96699904153354	True	1129591
ERR4147080	101.02656549520766	True	1149866
ERR4147081	105.86506453674122	True	1191934
ERR4147082	102.47024664536741	True	1162072
ERR4147083	96.64679712460064	True	1108075
ERR4147084	97.8463178913738	True	1113669
ERR4147085	17.90463769968051	False	199436
ERR4147086	15.6767392971246	False	179081
ERR4147087	16.582315974440895	False	186031
ERR4147088	17.15815495207668	False	195291
ERR4147089	17.094677635782748	False	191779
ERR4147090	17.00889265175719	False	191503
ERR4147091	18.204367412140574	False	207955
ERR4147092	14.256008626198083	False	167121
ERR4147093	15.539613418530351	False	185645
ERR4147094	15.520695846645367	False	185419
ERR4147095	14.534453674121405	False	168492
ERR4147096	18.20143610223642	False	214983
ERR4147097	14.847018530351438	False	181528
ERR4147098	17.533552715654952	False	211077
ERR4147099	161.52670926517573	True	3370524
ERR4147100	147.86281150159743	True	3085404
ERR4147101	169.7573482428115	True	3542270
ERR4147102	179.24966453674122	True	3740343
ERR4147103	166.7917571884984	True	3480388
ERR4147104	166.81423322683705	True	3480857
ERR4147105	165.92568690095845	True	3462316
ERR4147106	136.11900958466452	True	2840350
ERR4147107	89.29174888178913	True	1875726
ERR4147108	73.74857827476038	True	1538887
ERR4147109	150.6388178913738	True	3143330
ERR4147110	132.36550670926516	True	2780564
ERR4147111	146.97388242811502	True	3108299
ERR4147112	155.8658626198083	True	3252401
ERR4147113	12.585431309904154	False	262616
ERR4147114	8.42261980830671	False	175752
ERR4147115	17.916469648562302	False	373857
ERR4147116	14.135223642172525	False	294955
ERR4147117	10.968402555910544	False	228874
ERR4147118	86.40639712460064	True	1791073
ERR4147119	8.602030990415335	False	178307
ERR4147120	12.251741214057509	False	255653
ERR4147121	9.753007987220448	False	202165
ERR4147122	11.240894568690097	False	234560
ERR4147123	12.053913738019169	False	251525
ERR4147124	12.02702875399361	False	250964
ERR4147125	11.569060383386581	False	239809
ERR4147126	8.781230031948882	False	183235
ERR4147127	34.846023961661345	True	722305
ERR4147128	20.81773801916933	False	431520
ERR4147129	16.050862619808306	False	334928
ERR4147130	16.9285303514377	False	353242
ERR4147131	18.612220447284344	False	388375
ERR4147132	17.507492012779554	False	365323
ERR4147133	26.10394408945687	False	541095
ERR4147134	31.87638977635783	True	665154
ERR4147135	27.380894568690096	False	571348
ERR4147136	33.74010575079872	True	699381
ERR4147137	32.933968370607026	True	682671
ERR4147138	28.973185303514377	False	600570
ERR4147139	26.572526517571884	False	550808
ERR4147140	27.60969872204473	False	572307
ERR4147141	115.85125239616613	True	2401420
ERR4147142	34.097731629392975	True	711506
ERR4147143	51.62607028753994	True	1077264
ERR4147144	26.392476038338657	False	550723
ERR4147145	25.871932907348242	False	539861
ERR4147146	27.162843450479233	False	566798
ERR4147147	28.170191693290736	False	587818
ERR4147148	68.39330319488818	True	1417689
ERR4147149	22.755287539936102	False	474827
ERR4147150	22.137124600638977	False	461928
ERR4147151	27.952332268370608	False	583272
ERR4147152	29.404073482428114	False	613565
ERR4147153	23.709392971246007	False	494736
ERR4147154	24.18009584664537	False	504558
ERR421267	3.979744408945687	False	332176
ERR421268	1.0936581469648563	False	91284
ERR421269	9.280902555910544	False	774646
ERR421270	8.282983226837061	False	691353
ERR421271	3.3826078274760385	False	282335
ERR421272	9.026214057507987	False	753388
ERR421273	1.3734105431309904	False	114634
ERR421274	12.436222044728435	False	1038010
ERR421275	11.074936102236421	False	924388
ERR421276	9.719209265175719	False	811230
ERR421277	6.274193290734824	False	523686
ERR421278	2.0689097444089457	False	172685
ERR430991	143.36536741214059	True	2243668
ERR430992	208.4849840255591	True	3262790
ERR430993	305.4443450479233	True	4780204
ERR430994	304.2693290734824	True	4761815
ERR430995	257.5654952076677	True	4030900
ERR430996	283.6003833865815	True	4438346
ERR430997	281.8892012779553	True	4411566
ERR430998	270.2555910543131	True	4229500
ERR430999	278.24638977635783	True	4354556
ERR431000	231.753482428115	True	3626942
ERR431001	253.8247284345048	True	3972357
ERR431002	261.51309904153356	True	4092680
ERR431003	163.6514376996805	True	2561145
ERR431004	281.99405750798724	True	4413207
ERR431005	240.76453674121404	True	3767965
ERR431006	268.58869009584663	True	4203413
ERR431007	328.7915654952077	True	5145588
ERR431008	270.16351437699683	True	4228059
ERR431009	305.57699680511183	True	4782280
ERR431010	294.8968051118211	True	4615135
ERR431011	274.49603833865814	True	4295863
ERR431012	263.6338019169329	True	4125869
ERR431013	236.1655591054313	True	3695991
ERR431014	236.8556549520767	True	3706791
ERR431015	245.09405750798723	True	3835722
ERR431016	236.7638338658147	True	3705354
ERR431017	253.15539936102238	True	3961882
ERR431018	214.4938019169329	True	3356828
ERR431019	241.109392971246	True	3773362
ERR431020	266.0553354632588	True	4163766
ERR431021	241.43603833865814	True	3778474
ERR431022	308.16083067092654	True	4822717
ERR431023	233.05552715654952	True	3647319
ERR431024	246.0041533546326	True	3849965
ERR431025	247.80396166134184	True	3878132
ERR431026	249.2261980830671	True	3900390
ERR431027	223.77623003194887	True	3502098
ERR431028	232.72843450479232	True	3642200
ERR431029	232.20421725239618	True	3633996
ERR431030	240.66683706070287	True	3766436
ERR431031	258.1017891373802	True	4039293
ERR431032	245.38920127795527	True	3840341
ERR431033	245.4535463258786	True	3841348
ERR431034	203.3608306709265	True	3182597
ERR431035	234.29712460063897	True	3666750
ERR431036	222.7520766773163	True	3486070
ERR431037	213.83635782747604	True	3346539
ERR431038	252.9873482428115	True	3959252
ERR431039	192.46632587859426	True	3012098
ERR431040	240.17904153354633	True	3758802
ERR431041	263.722428115016	True	4127256
ERR431042	203.5376357827476	True	3185364
ERR431043	206.469392971246	True	3231246
ERR431044	245.24779552715654	True	3838128
ERR431045	258.37431309904156	True	4043558
ERR431046	225.7011501597444	True	3532223
ERR431047	268.85674121405754	True	4207608
ERR431048	241.85961661341852	True	3785103
ERR431049	238.74	True	3736281
ERR431050	252.14773162939298	True	3946112
ERR431051	222.21980830670927	True	3477740
ERR431052	230.4135463258786	True	3605972
ERR431053	223.5067731629393	True	3497881
ERR431054	210.33507987220446	True	3291744
ERR431055	193.70952076677315	True	3031554
ERR431056	96.25329073482428	True	1506364
ERR431057	198.76683706070287	True	3110701
ERR431058	206.72658146964855	True	3235271
ERR431059	202.95571884984025	True	3176257
ERR431060	232.27533546325878	True	3635109
ERR431061	220.80428115015974	True	3455587
ERR431062	213.6173801916933	True	3343112
ERR431063	217.94472843450478	True	3410835
ERR431064	217.8138658146965	True	3408787
ERR431065	198.24140575079872	True	3102478
ERR431066	230.06958466453673	True	3600589
ERR431067	227.99686900958466	True	3568151
ERR431068	207.72683706070288	True	3250925
ERR431069	236.66984025559105	True	3703883
ERR431070	218.4205111821086	True	3418281
ERR431071	208.39872204472843	True	3261440
ERR431072	199.18217252396167	True	3117201
ERR431073	229.97054313099042	True	3599039
ERR431074	230.05156549520765	True	3600307
ERR431075	216.24	True	3384156
ERR431076	205.21258785942493	True	3211577
ERR431077	216.25130990415335	True	3384333
ERR431078	212.43884984025559	True	3324668
ERR431079	198.99111821086262	True	3114211
ERR431080	242.8176357827476	True	3800096
ERR431081	221.0750159744409	True	3459824
ERR431082	237.9873482428115	True	3724502
ERR431083	231.0973801916933	True	3616674
ERR431084	170.14766773162938	True	2662811
ERR431085	220.46479233226836	True	3450274
ERR431086	243.84511182108625	True	3816176
ERR431087	215.8402555910543	True	3377900
ERR431088	220.63309904153354	True	3452908
ERR431089	197.72581469648563	True	3094409
ERR431090	190.1509265175719	True	2975862
ERR431091	304.5126517571885	True	4765623
ERR431092	210.6885623003195	True	3297276
ERR431093	190.18153354632588	True	2976341
ERR431094	175.00357827476037	True	2738806
ERR431095	199.7950159744409	True	3126792
ERR431096	222.01463258785944	True	3474529
ERR431097	225.20543130990416	True	3524465
ERR431098	192.04568690095846	True	3005515
ERR431099	192.189392971246	True	3007764
ERR431100	170.40319488817892	True	2666810
ERR431101	200.5547603833866	True	3138682
ERR431102	214.56357827476037	True	3357920
ERR431103	310.10690095846644	True	4853173
ERR431104	214.76249201277955	True	3361033
ERR431105	223.3929073482428	True	3496099
ERR431106	213.50664536741215	True	3341379
ERR431107	210.59603833865816	True	3295828
ERR431108	198.1115015974441	True	3100445
ERR431109	209.8688817891374	True	3284448
ERR431110	209.0614696485623	True	3271812
ERR431111	209.48191693290735	True	3278392
ERR431112	228.05987220447284	True	3569137
ERR431113	211.9491373801917	True	3317004
ERR431114	149.16223642172523	True	2334389
ERR431115	298.29674121405753	True	4668344
ERR431116	201.51380191693292	True	3153691
ERR431117	206.44153354632587	True	3230810
ERR431118	221.94159744408947	True	3473386
ERR431119	196.81635782747603	True	3080176
ERR431120	210.3508626198083	True	3291991
ERR431121	171.76370607028753	True	2688102
ERR431122	202.63808306709265	True	3171286
ERR431123	264.4168690095847	True	4138124
ERR431124	267.6729712460064	True	4189082
ERR431125	254.70479233226837	True	3986130
ERR431126	251.04798722044728	True	3928901
ERR431127	260.13897763578274	True	4071175
ERR431128	324.2097763578275	True	5073883
ERR431129	257.4531629392971	True	4029142
ERR431130	273.8603194888179	True	4285914
ERR431131	274.19891373801914	True	4291213
ERR431132	259.2578913738019	True	4057386
ERR431133	245.34389776357827	True	3839632
ERR431134	256.07354632587857	True	4007551
ERR431135	282.266517571885	True	4417471
ERR431136	263.08984025559107	True	4117356
ERR431137	268.42006389776355	True	4200774
ERR431138	285.0623642172524	True	4461226
ERR431139	256.6455591054313	True	4016503
ERR431140	213.21769968051117	True	3336857
ERR431141	311.6449840255591	True	4877244
ERR431142	287.6911821086262	True	4502367
ERR431143	192.5138658146965	True	3012842
ERR431144	298.3263897763578	True	4668808
ERR431145	289.54313099041536	True	4531350
ERR431146	303.1696485623003	True	4744605
ERR431147	276.76900958466456	True	4331435
ERR431148	319.7364217252396	True	5003875
ERR431149	286.1686261980831	True	4478539
ERR431150	259.2676038338658	True	4057538
ERR431151	191.8935463258786	True	3003134
ERR431152	290.5189137380192	True	4546621
ERR431153	311.5962300319489	True	4876481
ERR431154	276.9791054313099	True	4334723
ERR431155	296.37303514377	True	4638238
ERR431156	192.96849840255592	True	3019957
ERR431157	192.3844089456869	True	3010816
ERR431158	154.45105431309904	True	2417159
ERR431159	168.3538658146965	True	2634738
ERR431160	180.39814696485624	True	2823231
ERR431161	147.68926517571884	True	2311337
ERR431162	150.94230031948882	True	2362247
ERR431163	190.0891373801917	True	2974895
ERR431164	251.37642172523962	True	3934041
ERR431165	186.70932907348242	True	2922001
ERR431166	149.9911821086262	True	2347362
ERR431167	198.2417252396166	True	3102483
ERR431168	158.63424920127795	True	2482626
ERR431169	152.5220447284345	True	2386970
ERR431170	150.37399361022364	True	2353353
ERR431171	169.23405750798722	True	2648513
ERR431172	159.69156549520767	True	2499173
ERR431173	172.85041533546325	True	2705109
ERR431174	284.1777635782748	True	4447382
ERR431175	214.18881789137382	True	3352055
ERR431176	214.4208945686901	True	3355687
ERR431177	128.981214057508	True	2018556
ERR431178	164.62658146964856	True	2576406
ERR431179	157.4491373801917	True	2464079
ERR431180	166.9884984025559	True	2613370
ERR431181	171.04920127795526	True	2676920
ERR431182	159.47507987220447	True	2495785
ERR431183	155.79731629392973	True	2438228
ERR431184	307.79329073482427	True	4816965
ERR431185	155.44504792332268	True	2432715
ERR431186	161.9382108626198	True	2534333
ERR431187	142.32159744408946	True	2227333
ERR431188	194.21872204472842	True	3039523
ERR431189	179.90837060702876	True	2815566
ERR431190	179.38460063897764	True	2807369
ERR431191	178.02932907348242	True	2786159
ERR431192	178.08523961661342	True	2787034
ERR431193	179.04204472843452	True	2802008
ERR431194	189.2550159744409	True	2961841
ERR431195	234.51482428115017	True	3670157
ERR431196	193.62076677316293	True	3030165
ERR431197	200.67833865814697	True	3140616
ERR431198	174.87846645367412	True	2736848
ERR431199	202.23137380191693	True	3164921
ERR431200	183.83009584664538	True	2876941
ERR431201	170.1191054313099	True	2662364
ERR431202	193.98862619808307	True	3035922
ERR431203	133.1994249201278	True	2084571
ERR431204	167.10792332268372	True	2615239
ERR431205	178.6059424920128	True	2795183
ERR431206	191.13233226837062	True	2991221
ERR431207	210.59284345047922	True	3295778
ERR431208	201.67929712460065	True	3156281
ERR431209	203.14313099041533	True	3179190
ERR431210	205.87929712460064	True	3222011
ERR431211	189.87718849840255	True	2971578
ERR431212	186.63156549520767	True	2920784
ERR431213	172.26076677316294	True	2695881
ERR431214	176.72728434504793	True	2765782
ERR431215	176.66869009584664	True	2764865
ERR431216	189.12249201277956	True	2959767
ERR431217	158.36837060702877	True	2478465
ERR431218	264.02549520766775	True	4131999
ERR431219	197.30536741214058	True	3087829
ERR431220	180.4844089456869	True	2824581
ERR431221	177.11654952076677	True	2771874
ERR431222	146.4582108626198	True	2292071
ERR431223	197.27214057507987	True	3087309
ERR431224	173.76543130990416	True	2719429
ERR431225	176.8688178913738	True	2767997
ERR431226	193.49642172523963	True	3028219
ERR431227	155.201214057508	True	2428899
ERR431228	152.9582108626198	True	2393796
ERR431229	288.5237699680511	True	4515397
ERR431230	178.7485623003195	True	2797415
ERR431231	161.11463258785943	True	2521444
ERR431232	169.57731629392973	True	2653885
ERR431233	153.15431309904153	True	2396865
ERR431234	174.42485623003193	True	2729749
ERR431235	172.5029392971246	True	2699671
ERR431236	211.2814696485623	True	3306555
ERR431237	193.69092651757188	True	3031263
ERR431238	216.65162939297124	True	3390598
ERR431239	176.11565495207668	True	2756210
ERR431240	169.71833865814696	True	2656092
ERR431241	195.5355910543131	True	3060132
ERR431242	175.74722044728435	True	2750444
ERR431243	202.06287539936102	True	3162284
ERR431244	200.28690095846645	True	3134490
ERR431245	181.23507987220447	True	2836329
ERR431246	186.15674121405752	True	2913353
ERR431247	187.79629392971245	True	2939012
ERR431248	190.96485623003196	True	2988600
ERR431249	198.52	True	3106838
ERR431250	199.54242811501598	True	3122839
ERR431251	186.45220447284345	True	2917977
ERR431252	279.01725239616616	True	4366620
ERR431253	194.41105431309904	True	3042533
ERR431254	217.19047923322682	True	3399031
ERR431255	199.18945686900958	True	3117315
ERR431256	185.02575079872204	True	2895653
ERR431257	186.14696485623003	True	2913200
ERR431258	187.02402555910544	True	2926926
ERR431259	183.48402555910542	True	2871525
ERR431260	169.41054313099042	True	2651275
ERR431261	188.82613418530352	True	2955129
ERR431262	306.75361022364217	True	4800694
ERR431263	187.70428115015974	True	2937572
ERR431264	201.67169329073482	True	3156162
ERR431265	166.15482428115016	True	2600323
ERR431266	169.00102236421725	True	2644866
ERR431267	181.08281150159743	True	2833946
ERR431268	205.0776357827476	True	3209465
ERR431269	216.91776357827476	True	3394763
ERR431270	202.79341853035143	True	3173717
ERR431271	176.4274121405751	True	2761089
ERR431272	216.0385303514377	True	3381003
ERR431273	195.43661341853036	True	3058583
ERR431274	183.28785942492013	True	2868455
ERR431275	198.92249201277954	True	3113137
ERR431276	189.67757188498402	True	2968454
ERR431277	204.8579552715655	True	3206027
ERR431278	222.69565495207667	True	3485187
ERR431279	172.59194888178914	True	2701064
ERR431280	214.59463258785942	True	3358406
ERR431281	220.12958466453674	True	3445028
ERR431282	221.1173801916933	True	3460487
ERR431283	331.17891373801916	True	5182950
ERR431284	220.29047923322685	True	3447546
ERR431285	221.25284345047925	True	3462607
ERR431286	222.02830670926517	True	3474743
ERR431287	219.88517571884984	True	3441203
ERR431288	211.17584664536741	True	3304902
ERR431289	203.0052396166134	True	3177032
ERR431290	221.11597444089458	True	3460465
ERR431291	204.2291373801917	True	3196186
ERR431292	214.36434504792334	True	3354802
ERR431293	195.20984025559105	True	3055034
ERR431294	179.2788498402556	True	2805714
ERR431295	202.35782747603835	True	3166900
ERR431296	212.01514376996806	True	3318037
ERR431297	215.5711182108626	True	3373688
ERR431298	216.5421086261981	True	3388884
ERR431299	216.7747603833866	True	3392525
ERR431300	213.86281150159743	True	3346953
ERR431301	220.76447284345048	True	3454964
ERR431302	221.44996805111822	True	3465692
ERR431303	200.82843450479234	True	3142965
ERR431304	250.47872204472844	True	3919992
ERR431305	201.68338658146965	True	3156345
ERR431306	197.2323322683706	True	3086686
ERR431307	214.77904153354632	True	3361292
ERR431308	199.34747603833867	True	3119788
ERR431309	181.28370607028754	True	2837090
ERR431310	188.78338658146964	True	2954460
ERR431311	207.54504792332267	True	3248080
ERR431312	189.63923322683706	True	2967854
ERR431313	221.31367412140574	True	3463559
ERR431314	200.1070287539936	True	3131675
ERR431315	260.1897124600639	True	4071969
ERR431316	216.46249201277956	True	3387638
ERR431317	213.48568690095846	True	3341051
ERR431318	216.94664536741215	True	3395215
ERR431319	217.4085623003195	True	3402444
ERR431320	210.59635782747603	True	3295833
ERR431321	221.01936102236422	True	3458953
ERR431322	217.53252396166135	True	3404384
ERR431323	196.10575079872206	True	3069055
ERR431324	198.34805111821086	True	3104147
ERR431325	199.2168051118211	True	3117743
ERR431326	152.48255591054314	True	2386352
ERR431327	253.1817252396166	True	3962294
ERR431328	198.41686900958467	True	3105224
ERR431329	189.07571884984026	True	2959035
ERR431330	195.334696485623	True	3056988
ERR431331	173.3716932907348	True	2713267
ERR431332	198.66306709265174	True	3109077
ERR431333	200.58779552715654	True	3139199
ERR431334	222.70345047923323	True	3485309
ERR431335	173.49654952076676	True	2715221
ERR431336	155.2290734824281	True	2429335
ERR431337	193.97642172523962	True	3035731
ERR431338	246.50511182108627	True	3857805
ERR431339	172.3538019169329	True	2697337
ERR431340	180.0672843450479	True	2818053
ERR431341	205.98760383386582	True	3223706
ERR431342	197.66664536741214	True	3093483
ERR431343	205.60166134185303	True	3217666
ERR431344	181.53137380191694	True	2840966
ERR431345	199.74728434504792	True	3126045
ERR431346	196.2120766773163	True	3070719
ERR431347	160.16102236421725	True	2506520
ERR431348	168.1899680511182	True	2632173
ERR431349	162.1732268370607	True	2538011
ERR431350	147.19993610223642	True	2303679
ERR431351	154.02690095846646	True	2410521
ERR431352	130.75105431309905	True	2046254
ERR431353	151.28434504792332	True	2367600
ERR431354	298.59731629392974	True	4673048
ERR431355	156.7476677316294	True	2453101
ERR431356	123.35188498402556	True	1930457
ERR431357	160.6979552715655	True	2514923
ERR431358	160.6244089456869	True	2513772
ERR431359	147.5888817891374	True	2309766
ERR431360	162.79130990415337	True	2547684
ERR431361	125.68281150159744	True	1966936
ERR431362	144.15987220447283	True	2256102
ERR431363	185.62504792332268	True	2905032
ERR431364	161.73789137380192	True	2531198
ERR431365	159.81578274760383	True	2501117
ERR431366	169.41686900958467	True	2651374
ERR431367	144.22198083067093	True	2257074
ERR431368	131.6726517571885	True	2060677
ERR431369	157.66651757188498	True	2467481
ERR431370	171.61801916932907	True	2685822
ERR431371	185.88722044728434	True	2909135
ERR431372	163.67507987220446	True	2561515
ERR431373	159.626517571885	True	2498155
ERR431374	201.03258785942492	True	3146160
ERR431375	177.2708626198083	True	2774289
ERR431376	167.6290734824281	True	2623395
ERR431377	190.43546325878594	True	2980315
ERR431378	327.025303514377	True	5117946
ERR431379	300.4476038338658	True	4702005
ERR431380	345.32517571884983	True	5404339
ERR431381	289.32319488817893	True	4527908
ERR431382	278.82900958466456	True	4363674
ERR431383	163.65226837060703	True	2561158
ERR431384	320.98223642172525	True	5023372
ERR431385	317.9864536741214	True	4976488
ERR431386	305.9488817891374	True	4788100
ERR431387	222.26364217252396	True	3478426
ERR431388	269.65246006389776	True	4220061
ERR431389	245.4017891373802	True	3840538
ERR431390	262.5293290734824	True	4108584
ERR431391	247.86798722044728	True	3879134
ERR431392	234.41667731629394	True	3668621
ERR431393	174.50166134185304	True	2730951
ERR431394	201.83392971246008	True	3158701
ERR431395	271.2179552715655	True	4244561
ERR431396	251.69341853035144	True	3939002
ERR431397	366.1409584664537	True	5730106
ERR431398	410.2886900958466	True	6421018
ERR431399	295.95642172523964	True	4631718
ERR431400	381.3603833865815	True	5968290
ERR431401	306.6041533546326	True	4798355
ERR431402	258.574696485623	True	4046694
ERR431403	367.20747603833865	True	5746797
ERR431404	294.9415335463259	True	4615835
ERR431405	329.9226198083067	True	5163289
ERR431406	259.9767412140575	True	4068636
ERR431407	279.5821086261981	True	4375460
ERR431408	239.82696485623003	True	3753292
ERR431409	279.96044728434504	True	4381381
ERR431410	272.06402555910546	True	4257802
ERR431411	324.92	True	5084998
ERR431412	259.17130990415336	True	4056031
ERR431413	275.8315015974441	True	4316763
ERR431414	293.2170607028754	True	4588847
ERR431415	287.02332268370606	True	4491915
ERR431416	220.31156549520767	True	3447876
ERR431417	263.3803194888179	True	4121902
ERR431418	265.41718849840254	True	4153779
ERR431419	258.1673482428115	True	4040319
ERR431420	281.1996805111821	True	4400775
ERR431421	273.29667731629394	True	4277093
ERR431422	275.6041533546326	True	4313205
ERR431423	279.3117571884984	True	4371229
ERR431424	271.67405750798724	True	4251699
ERR431425	284.8013418530351	True	4457141
ERR431426	240.4479233226837	True	3763010
ERR431427	264.02140575079875	True	4131935
ERR431428	250.10364217252396	True	3914122
ERR431429	281.7015335463259	True	4408629
ERR431430	266.72083067092655	True	4174181
ERR431431	261.8652396166134	True	4098191
ERR431432	278.41162939297124	True	4357142
ERR431433	240.08785942492014	True	3757375
ERR431434	246.081214057508	True	3851171
ERR431435	263.99757188498404	True	4131562
ERR431436	277.4455591054313	True	4342023
ERR431437	244.00843450479232	True	3818732
ERR431438	237.11284345047923	True	3710816
ERR431439	264.78	True	4143807
ERR431440	223.64843450479233	True	3500098
ERR431441	281.28006389776357	True	4402033
ERR431442	254.62242811501596	True	3984841
ERR431443	218.19392971246006	True	3414735
ERR431444	234.68932907348244	True	3672888
ERR431445	240.23373801916932	True	3759658
ERR431446	260.7139297124601	True	4080173
ERR431447	296.8430670926518	True	4645594
ERR431448	224.46607028753994	True	3512894
ERR431449	254.17603833865815	True	3977855
ERR431450	245.98479233226837	True	3849662
ERR431451	307.2658785942492	True	4808711
ERR431452	284.8548881789137	True	4457979
ERR431453	275.0444728434505	True	4304446
ERR431454	286.9426837060703	True	4490653
ERR431455	254.85514376996804	True	3988483
ERR431456	244.44089456869008	True	3825500
ERR431457	243.38153354632587	True	3808921
ERR431458	287.3341214057508	True	4496779
ERR431459	233.51009584664536	True	3654433
ERR431460	295.7425559105431	True	4628371
ERR431461	261.2511182108626	True	4088580
ERR431462	273.85891373801917	True	4285892
ERR431463	263.34370607028757	True	4121329
ERR431464	246.25258785942492	True	3853853
ERR431526	292.75923322683707	True	4581682
ERR431527	267.1696485623003	True	4181205
ERR431528	402.95980830670925	True	6306321
ERR431529	319.88741214057507	True	5006238
ERR431530	332.7259424920128	True	5207161
ERR431531	340.9999361022364	True	5336649
ERR431532	267.86108626198086	True	4192026
ERR431533	476.5223003194888	True	7457574
ERR431534	411.22364217252397	True	6435650
ERR431535	323.90613418530353	True	5069131
ERR431536	426.50575079872203	True	6674815
ERR431537	422.32325878594247	True	6609359
ERR431538	370.91654952076675	True	5804844
ERR431539	433.30715654952076	True	6781257
ERR445073	347.0785942492013	True	5431780
ERR445074	375.534696485623	True	5877118
ERR445075	309.8588498402556	True	4849291
ERR445076	342.19220447284346	True	5355308
ERR445077	278.35386581469646	True	4356238
ERR445078	345.6838338658147	True	5409952
ERR445079	375.93188498402554	True	5883334
ERR445080	344.45840255591054	True	5390774
ERR445081	301.38549520766776	True	4716683
ERR445082	301.59789137380193	True	4720007
ERR445083	395.9454952076677	True	6196547
ERR445084	352.8617891373802	True	5522287
ERR445085	316.7344408945687	True	4956894
ERR445086	373.13891373801914	True	5839624
ERR445087	374.60926517571886	True	5862635
ERR445088	321.8523961661342	True	5036990
ERR445089	366.3482428115016	True	5733350
ERR445090	340.95833865814694	True	5335998
ERR445091	388.7322044728435	True	6083659
ERR445092	346.18869009584665	True	5417853
ERR445093	299.7576357827476	True	4691207
ERR445094	327.36076677316294	True	5123196
ERR445095	353.56715654952075	True	5533326
ERR445096	350.0487539936102	True	5478263
ERR445097	397.8478594249201	True	6226319
ERR445098	311.42575079872205	True	4873813
ERR445099	367.28894568690095	True	5748072
ERR445100	274.24568690095845	True	4291945
ERR445101	356.2176357827476	True	5574806
ERR445102	48.70849840255591	True	762288
ERR445103	328.9726517571885	True	5148422
ERR445104	342.13514376996807	True	5354415
ERR445105	286.8828115015974	True	4489716
ERR445106	323.24012779552714	True	5058708
ERR445107	353.413482428115	True	5530921
ERR445108	370.88178913738017	True	5804300
ERR445109	294.0770607028754	True	4602306
ERR445110	344.64044728434504	True	5393623
ERR445111	343.160447284345	True	5370461
ERR445112	286.32869009584664	True	4481044
ERR445113	295.60370607028756	True	4626198
ERR445114	310.36453674121407	True	4857205
ERR445115	357.9860063897764	True	5602481
ERR445116	370.85661341853034	True	5803906
ERR445117	357.8505431309904	True	5600361
ERR445118	353.23482428115017	True	5528125
ERR445119	358.4164217252396	True	5609217
ERR445120	383.07712460063897	True	5995157
ERR445121	400.6290095846645	True	6269844
ERR445122	349.0587220447284	True	5462769
ERR445123	362.31214057507987	True	5670185
ERR445124	359.67463258785943	True	5628908
ERR445125	392.55130990415336	True	6143428
ERR445126	316.4929073482428	True	4953114
ERR445127	409.2923961661342	True	6405426
ERR445128	325.4414057507987	True	5093158
ERR445129	320.13923322683706	True	5010179
ERR445130	318.7762300319489	True	4988848
ERR445131	281.42709265175716	True	4404334
ERR445132	348.71239616613417	True	5457349
ERR445133	315.2504792332268	True	4933670
ERR445134	296.01693290734823	True	4632665
ERR445135	274.2086261980831	True	4291365
ERR445136	978.3371884984026	True	15310977
ERR445137	309.862428115016	True	4849347
ERR445138	319.44095846645365	True	4999251
ERR445139	339.5297763578275	True	5313641
ERR445140	321.9214057507987	True	5038070
ERR5323863	73.7332517571885	True	764189
ERR5323864	75.34649137380191	True	780909
ERR5323865	16.38740766773163	False	169843
ERR5323866	83.04778083067093	True	860727
ERR5323867	76.61296166134186	True	794035
ERR5323868	32.58136166134185	True	337681
ERR5323869	25.096296485623004	False	260104
ERR5323870	43.947464536741215	True	455482
ERR5323871	77.37490862619808	True	801932
ERR5323872	62.02539680511182	True	642846
ERR5323873	57.98892076677316	True	601011
ERR5323874	76.51435335463259	True	793013
ERR5323875	72.31481661341853	True	749488
ERR5323876	64.40280255591054	True	667486
ERR5323877	10.912330990415336	False	113098
ERR5323878	69.07540830670926	True	715914
ERR5323879	66.65294376996805	True	690807
ERR5323880	49.82218466453674	True	516369
ERR5323881	27.86495143769968	False	288799
ERR5323882	82.12692204472843	True	851183
ERR5323883	71.24122108626199	True	738361
ERR5323884	73.83157060702875	True	765208
ERR5323885	65.13001469648562	True	675023
ERR5323886	67.88101277955272	True	703535
ERR5323887	69.54471437699681	True	720778
ERR5323888	70.22349073482428	True	727813
ERR5323889	66.33328690095847	True	687494
ERR5323890	64.22256741214058	True	665618
ERR5323891	77.87952843450479	True	807162
ERR5323892	77.39102172523961	True	802099
ERR5323893	78.87969840255592	True	817528
ERR5323894	61.62334121405751	True	638679
ERR5323895	70.61724856230032	True	731894
ERR5323896	49.29286453674121	True	510883
ERR5323897	58.65235591054313	True	607887
ERR5323898	75.3882696485623	True	781342
ERR5323899	74.36996038338658	True	770788
ERR5671634	156.36303706070288	True	2422853
ERR5671635	162.53752523961663	True	2518527
ERR5671636	160.2970677316294	True	2483811
ERR5671637	166.00024408945686	True	2572182
ERR5671638	184.21283514376998	True	2854387
ERR5671639	190.50329584664536	True	2951858
ERR5671640	242.50719552715654	True	3757661
ERR5671641	250.07180511182108	True	3874875
ERR5671642	171.7587284345048	True	2661410
ERR5671643	178.39600958466454	True	2764255
ERR5671644	172.78421725239616	True	2677300
ERR5671645	178.44183067092652	True	2764965
ERR6003875	0.0	False	0
ERR6003876	0.0	False	0
ERR6003877	0.0	False	0
ERR6003878	0.0	False	0
ERR6003879	0.0	False	0
ERR6003899	0.0	False	0
ERR6003900	0.0	False	0
ERR6003901	0.0	False	0
ERR6003902	0.0	False	0
ERR6003903	0.0	False	0
ERR6003904	0.0	False	0
ERR6003905	0.0	False	0
ERR6003906	0.0	False	0
ERR6003907	0.0	False	0
ERR6003908	0.0	False	0
ERR6003909	0.0	False	0
ERR6003910	0.0	False	0
ERR6003915	0.0	False	0
ERR6003916	0.0	False	0
ERR6003917	0.0	False	0
ERR6003918	0.0	False	0
ERR6003919	0.0	False	0
ERR6003920	0.0	False	0
ERR6003921	0.0	False	0
ERR6003922	0.0	False	0
ERR6003923	0.0	False	0
ERR6004007	104.48870607028753	True	947970
ERR6004008	5.210702875399361	False	49125
ERR6004009	10.67584856230032	False	96298
ERR6004010	10.963446645367412	False	99178
ERR6004011	9.8895	False	89205
ERR6018680	1.5902568690095846	False	355536
ERR6018681	2.6091046325878593	False	466657
ERR6018682	3.7203043130990414	False	665403
ERR6018683	3.846982428115016	False	891930
ERR6018684	4.948539297124601	False	1191456
ERR6018685	4.498458785942492	False	1042976
ERR6018686	0.6278892971246006	False	231211
ERR6018688	2.0744779552715653	False	381948
ERR695659	0.0	False	0
ERR704374	0.0	False	0
ERR705700	300.7037699680511	True	4706014
ERR705701	257.3102236421725	True	4026905
ERR705702	219.11693290734823	True	3429180
ERR705703	251.9326517571885	True	3942746
ERR705704	262.21252396166136	True	4103626
ERR705705	160.20568690095845	True	2507219
ERR705706	183.6555910543131	True	2874210
ERR705707	171.81674121405752	True	2688932
ERR705708	165.54549520766773	True	2590787
ERR705709	168.0961661341853	True	2630705
ERR705710	179.89476038338657	True	2815353
ERR705711	166.8762300319489	True	2611613
ERR705712	169.91661341853035	True	2659195
ERR705713	199.34281150159745	True	3119715
ERR705714	167.93674121405752	True	2628210
ERR705715	162.72543130990417	True	2546653
ERR705716	186.28645367412142	True	2915383
ERR705717	175.56095846645368	True	2747529
ERR705718	180.73194888178915	True	2828455
ERR705719	163.94134185303514	True	2565682
ERR705720	177.02051118210863	True	2770371
ERR705721	171.81929712460064	True	2688972
ERR705722	176.7723322683706	True	2766487
ERR705723	180.4299680511182	True	2823729
ERR705724	168.27527156549522	True	2633508
ERR705725	190.78376996805113	True	2985766
ERR705885	265.5516932907348	True	4155884
ERR705886	258.10217252396166	True	4039299
ERR705887	261.69482428115015	True	4095524
ERR705888	261.76319488817893	True	4096594
ERR705889	265.5822364217252	True	4156362
ERR705890	265.4740575079872	True	4154669
ERR705891	200.48051118210861	True	3137520
ERR705892	200.3417891373802	True	3135349
ERR705893	266.38875399361024	True	4168984
ERR705894	266.7970607028754	True	4175374
ERR705895	258.13361022364217	True	4039791
ERR705896	258.7420447284345	True	4049313
ERR705897	219.05635782747603	True	3428232
ERR705898	239.45220447284345	True	3747427
ERR705899	240.38313099041534	True	3761996
ERR705900	245.20345047923323	True	3837434
ERR705901	243.55948881789138	True	3811706
ERR705902	301.3794249201278	True	4716588
ERR705903	249.20753993610225	True	3900098
ERR705904	254.49271565495206	True	3982811
ERR705905	241.95373801916932	True	3786576
ERR705906	221.42869009584663	True	3465359
ERR705907	246.77571884984025	True	3862040
ERR705908	261.9532907348243	True	4099569
ERR705909	296.45897763578273	True	4639583
ERR705910	292.6025559105431	True	4579230
ERR705911	290.1937380191693	True	4541532
ERR705912	259.38242811501595	True	4059335
ERR705913	279.7384664536741	True	4377907
ERR705914	255.79047923322685	True	4003121
ERR705915	292.79405750798725	True	4582227
ERR705916	331.78140575079874	True	5192379
ERR705917	240.61182108626198	True	3765575
ERR705918	270.1415335463259	True	4227715
ERR705919	323.4484984025559	True	5061969
ERR705920	249.74153354632588	True	3908455
ERR705921	294.58682172523964	True	5011178
ERR705922	267.3504127795527	True	4547863
ERR705923	346.8651015974441	True	5900477
ERR705924	405.3002095846645	True	6894509
ERR705925	253.40274249201278	True	4310601
ERR705926	247.0149444089457	True	4201939
ERR705927	400.75176485623	True	6817136
ERR705928	236.06435782747604	True	4015660
ERR705929	244.21114888178914	True	4154244
ERR705930	168.09763833865816	True	2859487
ERR705931	216.40575079872204	True	3681250
ERR706016	66.67301357827476	True	6048885
ERR706017	37.16081948881789	True	3323239
ERR706018	37.86727156549521	True	3386416
ERR706019	46.884345047923325	True	4192800
ERR706020	43.938250798722045	True	3929335
ERR706021	31.657455271565496	True	2831081
ERR706022	18.729897763578276	False	1674988
ERR706023	46.211696485623	True	4132646
ERR706024	42.18297523961661	True	3941275
ERR706025	50.08878258785943	True	4679937
ERR706026	24.310532587859424	False	2271402
ERR706027	14.931485143769969	False	1395091
ERR706028	11.874990095846645	False	1109514
ERR706029	22.276290575079873	False	2081337
ERR706030	35.34802268370607	True	3302666
ERR706031	33.98309568690096	True	3175137
ERR706032	45.33322747603834	True	4235612
ERR706033	45.874033067092654	True	4286141
ERR7224741	303.1779424920128	True	3649796
ERR7224742	359.54849392971244	True	4183594
ERR7224743	457.7158217252396	True	5080321
ERR7224744	1138.9244504792332	True	13452202
ERR7224745	421.4668198083067	True	4832202
ERR7224746	403.4390853035144	True	4659647
ERR7224747	424.6474878594249	True	4868669
ERR7224748	325.54917603833866	True	3816363
ERR7224749	333.8917833865815	True	3928877
ERR7224750	356.3516357827476	True	3997780
ERR7224751	491.05995399361024	True	5412034
ERR7224752	339.41621916932905	True	3780686
ERR7224753	311.1664805111821	True	3554566
ERR7224754	378.91600958466455	True	4376410
ERR7224755	229.04298115015973	True	2588103
ERR7226843	304.91003674121407	True	3495855
ERR7226844	373.021303514377	True	4324284
ERR7226845	331.54590223642174	True	3829294
ERR7226846	315.33333674121405	True	3628652
ERR7226847	316.443554313099	True	3601703
ERR7226848	350.5102907348243	True	4063323
ERR7226849	389.14185303514375	True	4350050
ERR7226850	383.66031501597445	True	4382689
ERR7226851	349.2051916932907	True	3974590
ERR7226852	348.7530607028754	True	3898561
ERR7226853	334.262421086262	True	3832386
ERR7226854	404.82859712460066	True	4574417
ERR7226855	166.06547220447285	True	1910974
ERR7226856	288.55098849840255	True	3260522
ERR7226857	322.24491757188497	True	3708186
ERR7226858	465.7907731629393	True	5062240
ERR7226859	445.46478466453675	True	4926872
ERR7226860	287.5010782747604	True	3272285
ERR7226861	278.5256990415335	True	3265114
ERR7226862	389.11170607028754	True	4349713
ERR7226863	338.6817067092652	True	3883054
ERR7451774	1.2061337060702875	False	13753
ERR7451775	0.509073482428115	False	6200
ERR7451776	0.0	False	0
ERR7451777	0.18006325878594248	False	2556
ERR7451778	0.30144632587859427	False	5583
ERR7451779	1.9069568690095846	False	22025
ERR894734	0.06150047923322684	False	7857
ERR894735	0.15674520766773162	False	20025
ERR894736	1.597444089456869e-05	False	2
ERR894737	0.07382092651757188	False	9431
ERR894738	0.0005009584664536741	False	64
ERR894739	0.1646485623003195	False	20614
ERR894740	0.004792332268370607	False	600
ERR894741	0.008266773162939297	False	1035
ERR894742	0.14057507987220447	False	17600
ERR894743	0.13283546325878595	False	16631
ERR894744	0.001757188498402556	False	220
ERR894745	0.39000798722044727	False	48829
ERR894746	0.0064185303514377	False	820
ERR894747	0.11390543130990416	False	14552
ERR894748	0.0	False	0
ERR894749	0.006238019169329073	False	781
ERR894750	0.13186948881789137	False	16847
ERR894751	0.13417076677316295	False	17141
ERR894752	0.0002146964856230032	False	28
ERR894753	0.15440894568690094	False	19332
ERR894754	0.1256153354632588	False	16048
ERR894755	0.12858977635782748	False	16428
ERR894756	0.13204952076677318	False	16870
ERR894757	0.00045399361022364215	False	58
ERR894758	0.3067492012779553	False	38405
ERR894759	0.0014167731629392971	False	181
ERR894760	0.24086709265175718	False	30772
ERR894761	0.00016869009584664536	False	22
ERR894762	0.9818159744408945	False	125432
ERR894763	0.10977124600638978	False	14316
ERR894764	0.25633386581469647	False	32093
ERR894765	0.0998849840255591	False	15632
ERR953477	280.4748242811502	True	4389431
ERR953478	211.20811501597444	True	3305407
ERR953479	305.04709265175717	True	4773987
ERR953480	324.50798722044726	True	5078550
ERR953481	329.16575079872206	True	5151444
ERR953482	374.0704153354633	True	5854202
ERR953483	263.0803194888179	True	4117207
ERR953484	298.721661341853	True	4674994
ERR953485	265.84134185303515	True	4160417
ERR953486	261.912268370607	True	4098927
ERR953487	198.9338019169329	True	3113314
ERR953488	183.2794249201278	True	2868323
ERR953489	307.2928434504792	True	4809133
ERR953490	311.6339936102236	True	4877072
ERR953491	200.7674121405751	True	3142010
ERR953492	299.6294568690096	True	4689201
ERR953493	214.18485623003195	True	3351993
ERR953494	175.73277955271564	True	2750218
ERR953495	188.71674121405752	True	2953417
ERR953496	191.2423003194888	True	2992942
ERR953497	279.37827476038336	True	4372270
ERR953498	182.125303514377	True	2850261
ERR953499	215.89654952076677	True	3378781
ERR953500	316.31955271565494	True	4950401
ERR953501	286.7155271565495	True	4487098
ERR953502	274.63003194888176	True	4297960
ERR953503	197.43916932907348	True	3089923
ERR953504	252.9676677316294	True	3958944
ERR953505	317.417124600639	True	4967578
ERR953506	279.80517571884985	True	4378951
ERR953507	188.38568690095846	True	2948236
ERR953508	299.6198083067093	True	4689050
ERR953509	191.07654952076678	True	2990348
ERR953510	209.7526517571885	True	3282629
ERR953511	216.47533546325877	True	3387839
ERR953512	250.28926517571884	True	3917027
ERR953513	285.4946325878594	True	4467991
ERR953514	191.7732268370607	True	3001251
ERR953515	282.38696485623	True	4419356
ERR953516	251.77156549520768	True	3940225
ERR953517	507.3823092651757	True	7861914
ERR953518	608.6985303514377	True	9526132
ERR953519	219.15137380191695	True	3429719
ERR953520	419.3255591054313	True	2624978
ERR953521	165.22955271565496	True	1034337
ERR953522	245.21837060702876	True	1535067
ERR953523	226.4341214057508	True	3543694
ERR953524	1206.7037699680511	True	18884914
ERR953525	174.1097444089457	True	1089927
ERR953526	179.29552715654953	True	1122390
ERR953527	322.705750798722	True	2020138
ERR953528	460.4295846645367	True	7205723
ERR953529	267.98690095846644	True	4193995
ERR953530	4636.537571884984	True	72561813
ERR953531	2185.9221725239618	True	34209682
ERR953532	1640.4654952076678	True	25673285
ERR961271	387.75686900958465	True	6068395
ERR964510	1170.5531629392972	True	18319157
ERR964511	1144.543194888179	True	17912101
ERR964512	393.4568261980831	True	6096633
ERR964513	2193.900319488818	True	34334540
ERR964514	151.42920127795526	True	2369867
ERR964515	194.411821086262	True	3042545
ERR964516	956.8414696485623	True	14974569
ERR964517	934.4965495207667	True	14624871
ERR964518	526.6758261980831	True	8160868
ERR964519	1715.032715654952	True	26840262
ERR964520	116.27514376996805	True	1819706
ERR964521	148.49578274760384	True	2323959
ERR964522	5.332843450479233	False	83459
ERR964523	5.262236421725239	False	82354
ERR964524	2887.996710543131	True	44749652
ERR964525	20.651054313099042	False	323189
ERR964526	1690.7810223642173	True	26460723
ERR964527	2135.8808306709266	True	33426535
ERR964528	598.6756549520767	True	9369274
ERR964529	586.9921405750798	True	9186427
ERR964530	706.6690555910543	True	10949872
ERR964531	1119.3261341853035	True	17517454
ERR964532	79.80345047923322	True	1248924
ERR964533	101.79865814696485	True	1593149
ERR964534	109.92338658146964	True	1720301
ERR964535	108.40396166134185	True	1696522
ERR964536	1672.0289916932907	True	25908172
ERR964537	310.6891373801917	True	4862285
ERR964538	1784.2911821086261	True	27924157
ERR964539	2257.2546325878593	True	35326035
ERR964540	1044.4475399361022	True	16345604
ERR964541	1025.2005750798721	True	16044389
ERR964542	452.572545686901	True	7012634
ERR964543	1676.047731629393	True	26230147
ERR964544	117.32076677316294	True	1836070
ERR964545	149.48843450479234	True	2339494
ERR964546	2008.6923961661341	True	31436036
ERR964547	139.005303514377	True	2175433
ERR964548	176.15571884984027	True	2756837
ERR964549	1789.7473482428115	True	28009546
ERR964550	1743.9148242811502	True	27292267
ERR964551	157.92024408945687	True	2446982
ERR964553	2004.3956549520767	True	31368792
ERR9891774	0.38059488817891374	False	31349
ERR9891775	0.3827923322683706	False	31530
ERR9891776	0.3835329073482428	False	31591
ERR9891777	0.3801335463258786	False	31311
ERR9891778	0.613317571884984	False	50518
ERR9891779	0.6028281150159744	False	49654
ERR9891780	0.610282428115016	False	50268
ERR9891781	0.6034230031948882	False	49703
ERR9891782	0.7556536741214057	False	62242
ERR9891783	0.7612504792332269	False	62703
ERR9891784	0.7473495207667732	False	61558
ERR9891785	0.7607284345047923	False	62660
ERR9891786	0.822317571884984	False	67733
ERR9891787	0.8247214057507988	False	67931
ERR9891788	0.8235194888178914	False	67832
ERR9891789	0.8279993610223643	False	68201
ERR9891790	0.5558683706070288	False	45786
ERR9891791	0.5586242811501597	False	46013
ERR9891792	0.5601297124600639	False	46137
ERR9891793	0.5502472843450479	False	45323
ERR9891794	0.8931092651757189	False	73564
ERR9891795	0.8826198083067093	False	72700
ERR9891796	0.8973220447284345	False	73911
ERR9891797	0.889382108626198	False	73257
ERR9891798	0.8114517571884984	False	66838
ERR9891799	0.8198044728434505	False	67526
ERR9891800	0.8137099041533546	False	67024
ERR9891801	0.8188210862619808	False	67445
ERR9891802	0.7805297124600639	False	64291
ERR9891803	0.7789514376996806	False	64161
ERR9891804	0.7902664536741214	False	65093
ERR9891805	0.7853009584664536	False	64684
ERR9891806	0.9875993610223642	False	81347
ERR9891807	0.9713916932907348	False	80012
ERR9891808	0.9878300319488817	False	81366
ERR9891809	0.9897603833865815	False	81525
ERR9891810	0.6826159744408946	False	56226
ERR9891811	0.6730977635782748	False	55442
ERR9891812	0.683902875399361	False	56332
ERR9891813	0.6773226837060703	False	55790
ERR9891814	0.7210894568690096	False	59395
ERR9891815	0.7221092651757188	False	59479
ERR9891816	0.7248287539936102	False	59703
ERR9891817	0.7268926517571885	False	59873
ERR9891818	0.9596274760383386	False	79043
ERR9891819	0.9566894568690096	False	78801
ERR9891820	0.9631603833865815	False	79334
ERR9891821	0.9655520766773162	False	79531
ERR9891822	0.9401904153354632	False	77442
ERR9891823	0.9507769968051119	False	78314
ERR9891824	0.9460178913738019	False	77922
ERR9891825	0.9583041533546326	False	78934
ERR9891826	0.7946370607028754	False	65453
ERR9891827	0.7942728434504792	False	65423
ERR9891828	0.8051629392971246	False	66320
ERR9891829	0.7958753993610224	False	65555
ERR9891830	0.9022753993610224	False	74319
ERR9891831	0.9030888178913739	False	74386
ERR9891832	0.8983175718849841	False	73993
ERR9891833	0.8966300319488818	False	73854
ERR9891834	0.5193373801916933	False	42777
ERR9891835	0.5269252396166134	False	43402
ERR9891836	0.5263667731629393	False	43356
ERR9891837	0.5265488817891374	False	43371
ERR9891838	0.8488690095846645	False	69920
ERR9891839	0.8519405750798722	False	70173
ERR9891840	0.8473150159744409	False	69792
ERR9891841	0.8537252396166134	False	70320
ERR9891842	0.8198408945686901	False	67529
ERR9891843	0.8319329073482428	False	68525
ERR9891844	0.8385495207667731	False	69070
ERR9891845	0.8294805111821086	False	68323
ERR9891846	0.7786479233226837	False	64136
ERR9891847	0.781282428115016	False	64353
ERR9891848	0.7821565495207667	False	64425
ERR9891849	0.7809060702875399	False	64322
ERR9891850	1.109029392971246	False	91349
ERR9891851	1.1043067092651757	False	90960
ERR9891852	1.094582108626198	False	90159
ERR9891853	1.1018300319488818	False	90756
ERR9891854	0.7606434504792332	False	62653
ERR9891855	0.7517079872204473	False	61917
ERR9891856	0.7631201277955272	False	62857
ERR9891857	0.7614447284345048	False	62719
ERR9891858	0.34141725239616616	False	28122
ERR9891859	0.3372166134185304	False	27776
ERR9891860	0.33883130990415333	False	27909
ERR9891861	0.3404338658146965	False	28041
ERR9891862	0.5805744408945687	False	47821
ERR9891863	0.5867418530351438	False	48329
ERR9891864	0.5876402555910543	False	48403
ERR9891865	0.5958108626198083	False	49076
ERR9891866	0.43157316293929715	False	35548
ERR9891867	0.43789840255591056	False	36069
ERR9891868	0.4367814696485623	False	35977
ERR9891869	0.4378862619808307	False	36068
ERR9891870	0.3985386581469649	False	32827
ERR9891871	0.39522428115015973	False	32554
ERR9891872	0.3991699680511182	False	32879
ERR9891873	0.39835654952076677	False	32812
ERR9891874	0.4395373801916933	False	36204
ERR9891875	0.4308083067092652	False	35485
ERR9891876	0.4364779552715655	False	35952
ERR9891877	0.43860255591054315	False	36127
ERR9891878	0.6608479233226837	False	54433
ERR9891879	0.6631303514376997	False	54621
ERR9891880	0.6564287539936102	False	54069
ERR9891881	0.6570600638977636	False	54121
ERR9891882	0.2839437699680511	False	23388
ERR9891883	0.2845993610223642	False	23442
ERR9891884	0.2871124600638978	False	23649
ERR9891885	0.2813214057507987	False	23172
ERR9891886	0.3426434504792332	False	28223
ERR9891887	0.34783961661341856	False	28651
ERR9891888	0.3409437699680511	False	28083
ERR9891889	0.34323833865814696	False	28272
ERR9891890	0.3244447284345048	False	26724
ERR9891891	0.3266907348242811	False	26909
ERR9891892	0.327273482428115	False	26957
ERR9891893	0.3237891373801917	False	26670
ERR9891894	0.3109444089456869	False	25612
ERR9891895	0.3173546325878594	False	26140
ERR9891896	0.31516932907348244	False	25960
ERR9891897	0.3063552715654952	False	25234
ERR9891898	1.1833539936102235	False	97471
ERR9891899	1.1967693290734824	False	98576
ERR9891900	1.170509265175719	False	96413
ERR9891901	1.1869718849840256	False	97769
ERR9891902	1.0230862619808307	False	84270
ERR9891903	1.020767412140575	False	84079
ERR9891904	1.0219693290734824	False	84178
ERR9891905	1.0239846645367412	False	84344
ERR9891906	0.8961929712460064	False	73818
ERR9891907	0.9126434504792332	False	75173
ERR9891908	0.9077386581469649	False	74769
ERR9891909	0.9110166134185304	False	75039
ERR9891910	0.8908389776357828	False	73377
ERR9891911	0.9012920127795527	False	74238
ERR9891912	0.9029674121405751	False	74376
ERR9891913	0.895185303514377	False	73735
ERR9891914	0.8719482428115016	False	71821
ERR9891915	0.860888178913738	False	70910
ERR9891916	0.8530210862619808	False	70262
ERR9891917	0.8670191693290735	False	71415
ERR9891918	0.8834575079872204	False	72769
ERR9891919	0.8728102236421725	False	71892
ERR9891920	0.8808230031948882	False	72552
ERR9891921	0.8830568690095847	False	72736
ERR9891922	0.5565482428115016	False	45842
ERR9891923	0.5689437699680511	False	46863
ERR9891924	0.5613680511182109	False	46239
ERR9891925	0.5709226837060702	False	47026
ERR9891926	1.092578913738019	False	89994
ERR9891927	1.1071840255591054	False	91197
ERR9891928	1.0811910543130991	False	89056
ERR9891929	1.092117571884984	False	89956
ERR9891930	1.0454613418530352	False	86113
ERR9891931	1.045267092651757	False	86097
ERR9891932	1.0485086261980832	False	86364
ERR9891933	1.037873482428115	False	85488
ERR9891934	0.9078964856230032	False	74782
ERR9891935	0.918932268370607	False	75691
ERR9891936	0.9207533546325879	False	75841
ERR9891937	0.9081635782747604	False	74804
ERR9891938	0.5429022364217252	False	44718
ERR9891939	0.5445654952076677	False	44855
ERR9891940	0.5436428115015974	False	44779
ERR9891941	0.533711821086262	False	43961
ERR9891942	0.7739616613418531	False	63750
ERR9891943	0.7629623003194889	False	62844
ERR9891944	0.7772274760383386	False	64019
ERR9891945	0.7667258785942492	False	63154
ERR9891946	0.6321840255591055	False	52072
ERR9891947	0.6273277955271566	False	51672
ERR9891948	0.6238313099041534	False	51384
ERR9891949	0.6284568690095846	False	51765
ERR9891950	0.5331290734824281	False	43913
ERR9891951	0.5373782747603834	False	44263
ERR9891952	0.5334083067092652	False	43936
ERR9891953	0.5376696485623004	False	44287
SRR10023729	163.44744153354634	True	2030121
SRR10023730	257.23757444089455	True	3195054
SRR10023747	92.27330223642173	True	1146093
SRR10023748	698.2389431309904	True	8672571
SRR10023749	91.08262236421726	True	1131304
SRR10093385	144.86974153354632	True	931093
SRR1014043	114.37605431309905	True	1884195
SRR1014044	116.94797444089457	True	1926564
SRR1014045	129.27025495207667	True	2003049
SRR1014046	130.07806134185304	True	2015566
SRR1014047	115.62028242811502	True	1791542
SRR1014048	115.93018785942492	True	1796344
SRR1014055	129.27115846645367	True	2003063
SRR1014056	123.89596485623004	True	2041023
SRR1014057	130.16292715654953	True	2016881
SRR1014058	126.19180830670926	True	2078844
SRR1014059	126.85115974440895	True	1965565
SRR1014060	126.76545495207668	True	1964237
SRR1014097	138.0877162939297	True	2139676
SRR1014098	138.71617507987222	True	2149414
SRR1014099	125.06930031948882	True	1937955
SRR1014100	121.51799041533546	True	2001849
SRR1014101	123.96461980830671	True	2042154
SRR1014102	125.14764792332268	True	1939169
SRR1014121	49.65410223642173	True	817986
SRR1014122	121.96275974440894	True	1889819
SRR1014123	112.51322555910544	True	1743398
SRR1014124	50.538421725239616	True	832554
SRR1014125	112.35762747603835	True	1740987
SRR1014126	122.74675207667731	True	1901967
SRR1014127	63.257816613418534	True	980183
SRR1014128	117.73818466453675	True	1824359
SRR1014129	134.14058466453673	True	2078515
SRR1014130	116.24752396166134	True	1915025
SRR1014131	59.1757124600639	True	974842
SRR1014132	135.19466325878594	True	2094848
SRR1014133	148.4167092651757	True	2444970
SRR1014134	147.89594568690094	True	2291655
SRR1014135	147.55519169329074	True	2286375
SRR1014136	137.68952460063898	True	2133506
SRR1014137	145.0914057507987	True	2390190
SRR1014138	138.4053661341853	True	2144598
SRR1014145	115.81592651757188	True	1907915
SRR1014146	56.67119680511182	True	878123
SRR1014147	53.39382428115016	True	879593
SRR1014148	146.99436741214058	True	2277685
SRR1014149	116.9896875399361	True	1812761
SRR1014150	146.08097891373802	True	2263532
SRR1014157	116.88356869009584	True	1925503
SRR1014158	118.10275271565496	True	1830008
SRR1014159	118.61020511182109	True	1837871
SRR1014160	114.73614376996805	True	1890127
SRR1014161	126.6498696485623	True	1962446
SRR1014162	125.82141150159744	True	1949609
SRR1014181	135.28372396166134	True	2096228
SRR1014182	114.30484984025559	True	1883022
SRR1014183	136.1649731629393	True	2109883
SRR1014184	113.8210626198083	True	1763663
SRR1014185	111.8245303514377	True	1842162
SRR1014186	114.15413674121406	True	1768824
SRR1014187	134.23100063897763	True	2079916
SRR1014188	125.54544408945686	True	2068196
SRR1014189	122.88799361022365	True	2024418
SRR1014190	133.8630766773163	True	2074215
SRR1014191	125.07904536741214	True	1938106
SRR1014192	124.75726517571886	True	1933120
SRR1014193	102.79461341853035	True	1693406
SRR1014194	104.53538977635783	True	1722083
SRR1014195	127.51672715654952	True	1975878
SRR1014196	126.67626517571885	True	1962855
SRR1014197	40.67615271565495	True	630279
SRR1014198	41.01974632587859	True	635603
SRR1014199	140.02059169329073	True	2169626
SRR1014200	54.71229073482428	True	901313
SRR1014201	140.74772715654953	True	2180893
SRR1014202	109.41456549520767	True	1802461
SRR1014203	109.40558785942493	True	1695245
SRR1014204	109.37002811501597	True	1694694
SRR1014315	108.67432204472844	True	1683914
SRR1014316	118.82085303514377	True	1841135
SRR1014317	115.06266453674121	True	1895506
SRR1014318	117.12911182108625	True	1929548
SRR1014319	108.19049009584664	True	1676417
SRR1014320	118.95573482428115	True	1843225
SRR1014456	113.25766453674122	True	1865771
SRR1014457	115.58829073482428	True	1904165
SRR1014458	127.41204856230031	True	1974256
SRR1014459	128.230503514377	True	1986938
SRR1014460	116.11540830670927	True	1799214
SRR1014461	116.08081661341853	True	1798678
SRR1014462	52.280897763578274	True	861259
SRR1014463	55.11037571884984	True	853938
SRR1014464	160.6149111821086	True	2488736
SRR1014465	54.67191309904153	True	847144
SRR1014466	159.60239424920127	True	2473047
SRR1014467	51.50347603833866	True	848452
SRR1014468	116.19774760383386	True	1914205
SRR1014469	125.88723897763579	True	1950629
SRR1014470	119.14676357827476	True	1846185
SRR1014471	126.3074376996805	True	1957140
SRR1014472	119.20787987220447	True	1847132
SRR1014473	118.62215974440895	True	1954144
SRR1014474	120.40591373801917	True	1983529
SRR1014475	127.93466709265175	True	1982354
SRR1014476	118.14145367412141	True	1946225
SRR1014477	127.19875463258786	True	1970951
SRR1014478	121.07415335463259	True	1876050
SRR1014479	121.22239424920127	True	1878347
SRR1014480	121.98754185303514	True	1890203
SRR1014481	151.4590837060703	True	2346866
SRR1014482	121.4771980830671	True	2001177
SRR1014483	54.60143897763578	True	846052
SRR1014484	119.2165623003195	True	1963936
SRR1014485	152.4865086261981	True	2362786
SRR1014486	51.15943642172524	True	792718
SRR1014487	128.44366837060704	True	1990241
SRR1014488	132.49986709265175	True	2053092
SRR1014489	126.37197444089458	True	2081812
SRR1014490	131.7899629392971	True	2042092
SRR1014491	49.19269968051118	True	810385
SRR10158972	72.73338817891374	True	420805
SRR10230514	121.29121916932907	True	787638
SRR10230515	117.21304472843451	True	780589
SRR10230516	110.78095079872205	True	716414
SRR10230517	117.87296869009585	True	767032
SRR10267759	1.9521073482428115	False	160792
SRR10267760	1.4843309904153354	False	122262
SRR10267761	0.6341872204472844	False	52237
SRR10267762	3.4212747603833864	False	281805
SRR10267763	3.5560715654952078	False	292908
SRR10267764	0.9723022364217252	False	80087
SRR10267765	1.079867731629393	False	88947
SRR10267766	2.8497450479233226	False	234729
SRR10267770	2.8829495207667732	False	237464
SRR10267771	0.23626773162939296	False	19461
SRR10267772	2.269765495207668	False	186957
SRR10267773	0.964532268370607	False	79447
SRR10267774	0.7730268370607029	False	63673
SRR10414504	57.84008690095847	True	330364
SRR10414505	90.54370255591054	True	494593
SRR10414506	93.9583482428115	True	539614
SRR10414507	90.1250626198083	True	516651
SRR10414508	79.96452907348242	True	470468
SRR10414509	98.56702875399361	True	560936
SRR10414510	381.25	True	4773250
SRR10414511	76.37172460063898	True	447647
SRR10414512	280.59928115015975	True	3513103
SRR10414513	80.95763961661342	True	471876
SRR10414514	450.74680511182106	True	5643350
SRR10414515	376.1628594249201	True	4709559
SRR10414516	403.1031150159744	True	5046851
SRR10414517	279.73905750798724	True	3502333
SRR10414518	90.71210383386581	True	502529
SRR10414519	78.92982747603834	True	447555
SRR10414520	68.31258785942492	True	395960
SRR10414521	79.31090479233227	True	450532
SRR10414522	78.70902747603834	True	446303
SRR10414523	124.82805623003195	True	696456
SRR10414524	92.61480862619808	True	533857
SRR1056150	22.410607028753994	False	241880
SRR10843792	0.0	False	0
SRR10843793	0.0	False	0
SRR10843794	0.0	False	0
SRR10843795	0.0	False	0
SRR10843796	0.0	False	0
SRR10843797	0.0	False	0
SRR10843798	0.0	False	0
SRR10843799	0.0	False	0
SRR10843800	0.0	False	0
SRR10843801	0.0	False	0
SRR10843802	0.0	False	0
SRR10843803	0.0	False	0
SRR10843804	0.0	False	0
SRR10843805	0.0	False	0
SRR10843806	0.0	False	0
SRR10843807	0.0	False	0
SRR10843808	0.0	False	0
SRR10843809	0.0	False	0
SRR10843810	0.0	False	0
SRR10843811	0.0	False	0
SRR10843812	0.0	False	0
SRR10843813	0.0	False	0
SRR10843814	0.0	False	0
SRR10843815	0.0	False	0
SRR10843816	0.0	False	0
SRR10843817	0.0	False	0
SRR10843818	0.0	False	0
SRR10843819	0.0	False	0
SRR10843820	0.0	False	0
SRR10843821	0.0	False	0
SRR10843822	0.0	False	0
SRR10843823	0.0	False	0
SRR10843824	0.0	False	0
SRR10843825	0.0	False	0
SRR10843826	0.0	False	0
SRR10843827	0.0	False	0
SRR10843828	0.0	False	0
SRR10843829	0.0	False	0
SRR10843830	0.0	False	0
SRR10843831	0.0	False	0
SRR10843832	0.0	False	0
SRR10843833	0.0	False	0
SRR10843834	0.0	False	0
SRR10843835	0.0	False	0
SRR10843836	0.0	False	0
SRR10843837	0.0	False	0
SRR10843838	0.0	False	0
SRR10843839	0.0	False	0
SRR10843840	0.0	False	0
SRR10843841	0.0	False	0
SRR10843842	0.0	False	0
SRR10843843	0.0	False	0
SRR10843844	0.0	False	0
SRR10843845	0.0	False	0
SRR10843846	0.0	False	0
SRR10843847	0.0	False	0
SRR10843848	0.0	False	0
SRR10843849	0.0	False	0
SRR10843850	0.0	False	0
SRR10843851	0.0	False	0
SRR10843852	0.0	False	0
SRR10843853	0.0	False	0
SRR10843854	0.0	False	0
SRR10843855	0.0	False	0
SRR10843856	0.0	False	0
SRR11213088	222.3551233226837	True	1633736
SRR11218711	258.89065495207666	True	5402185
SRR11218712	186.25811501597445	True	3886586
SRR11218713	193.47258785942492	True	4037128
SRR11288237	444.2608146964856	True	4604425
SRR11288238	436.299978913738	True	4521917
SRR11288239	344.23339744408946	True	3567717
SRR11288240	384.6150428115016	True	3986242
SRR11288241	312.09239616613417	True	3234600
SRR11288242	312.2646230031949	True	3236385
SRR11288243	271.33030798722046	True	2812132
SRR11288244	366.1931392971246	True	3795313
SRR11288245	324.8223233226837	True	3366536
SRR11288246	261.11778722044727	True	2706287
SRR11288248	311.8541731629393	True	3232131
SRR11288249	289.35420830670927	True	2998936
SRR11288250	343.77730990415336	True	3562990
SRR11288251	294.6334191693291	True	3053651
SRR11288252	350.228338658147	True	3629850
SRR11288253	354.37471182108624	True	3672824
SRR11288254	330.64272204472843	True	3426860
SRR11288255	354.0382664536741	True	3669337
SRR11288256	337.01521150159743	True	3492906
SRR11288257	353.460992971246	True	3663354
SRR11288259	340.06869201277954	True	3524553
SRR11288260	361.73656485623	True	3749124
SRR11288261	350.13146709265175	True	3628846
SRR11288262	547.1903265175719	True	5671211
SRR11288263	345.93607923322685	True	3585364
SRR11288264	288.2545616613418	True	2987539
SRR11288265	314.3719654952077	True	3258226
SRR11288266	332.9087833865815	True	3450346
SRR11288267	330.29682108626196	True	3423275
SRR11288268	356.6376856230032	True	3696278
SRR11288270	324.9447635782748	True	3367805
SRR11288271	287.1894568690096	True	2976500
SRR11288272	341.34317060702875	True	3537762
SRR11288273	328.7362626198083	True	3407101
SRR11288274	340.4481699680511	True	3528486
SRR11288275	465.63807284345046	True	4825984
SRR11288276	357.1786805111821	True	3701885
SRR11288277	297.8860460063898	True	3087362
SRR11288278	306.6360376996805	True	3178049
SRR11288279	317.59072587859424	True	3291586
SRR11288281	399.63515271565495	True	4141914
SRR11288282	420.2116766773163	True	4355174
SRR11288283	266.2910568690096	True	2759904
SRR11288284	325.03825814696484	True	3368774
SRR11288285	296.3162249201278	True	3071092
SRR11288286	292.2877571884984	True	3029340
SRR11288287	337.40395207667734	True	3496935
SRR11288288	326.4448255591054	True	3383352
SRR11288289	407.7524881789137	True	4226044
SRR11288290	369.91053738019167	True	3833841
SRR11288292	277.6377661341853	True	2877504
SRR11288293	340.1214696485623	True	3525100
SRR11288294	337.7893156549521	True	3500929
SRR11288295	341.88136741214055	True	3543340
SRR11288296	204.58599233226838	True	2120378
SRR11288297	231.00973801916933	True	2394240
SRR11288298	274.6437207667732	True	2846473
SRR11288299	405.9061392971246	True	4206908
SRR11288300	279.4790977635783	True	2896588
SRR11288301	255.73755591054314	True	2650525
SRR11288303	283.4386747603834	True	2937626
SRR11288304	218.90030990415335	True	2268735
SRR11288305	263.38683961661343	True	2729804
SRR11288306	271.0788664536741	True	2809526
SRR11288307	233.85046773162938	True	2423682
SRR11288308	210.95510479233226	True	2186389
SRR11288309	309.30724217252396	True	3205734
SRR11288310	236.06597060702876	True	2446644
SRR11288311	230.71439552715654	True	2391179
SRR11288312	257.4775776357827	True	2668559
SRR11288314	262.2211003194888	True	2717722
SRR11288343	372.03794888178913	True	3855890
SRR11288344	371.0734785942492	True	3845894
SRR11288345	294.53915271565495	True	3052674
SRR11288346	441.3167488817891	True	4573912
SRR11288347	477.884124600639	True	4952905
SRR11288348	276.1020044728435	True	2861587
SRR11288349	368.44762236421724	True	3818679
SRR11288350	290.12358466453674	True	3006910
SRR11288352	316.6880063897764	True	3282230
SRR11288353	266.4330837060703	True	2761376
SRR11288354	338.55589392971245	True	3508874
SRR11288355	314.4101738019169	True	3258622
SRR11288356	308.7287143769968	True	3199738
SRR11288357	312.19640766773165	True	3235678
SRR11288358	300.5592766773163	True	3115068
SRR11288359	294.27343130990414	True	3049920
SRR11288360	360.7333073482428	True	3738726
SRR11288361	540.8269067092651	True	5605259
SRR11564048	99.37270607028753	True	1539785
SRR11564049	86.55222428115016	True	1341131
SRR11564050	112.3826677316294	True	1741375
SRR11564051	76.80930607028753	True	1190164
SRR11564056	60.07660702875399	True	930890
SRR11564057	47.013789776357825	True	728481
SRR11564062	92.89754121405751	True	1439452
SRR11564063	169.10110543130992	True	2620230
SRR11564064	54.81460383386582	True	849355
SRR11564065	141.93468690095847	True	2199285
SRR11564066	189.12053162939299	True	2930432
SRR11564067	177.95128690095848	True	2757364
SRR11564068	204.3720479233227	True	3166755
SRR11564069	71.1797015974441	True	1102933
SRR11564070	20.61064728434505	False	319363
SRR11564071	66.78784728434505	True	1034881
SRR11584135	6.060968051118211	False	93915
SRR11584136	17.176582747603835	False	266152
SRR11584137	6.426568690095847	False	99580
SRR11584138	4.947902875399361	False	76668
SRR11584139	7.8916817891373805	False	122282
SRR11584140	6.585974440894569	False	102050
SRR11584141	9.839336102236421	False	152461
SRR11584142	3.675496485623003	False	56952
SRR11584143	10.611066453674121	False	164419
SRR11584144	7.5681591054313095	False	117269
SRR11584145	13.57104408945687	False	210284
SRR11584146	4.539062619808306	False	70333
SRR11584147	16.41414568690096	False	254338
SRR11584148	16.10559552715655	False	249557
SRR11584149	1.8895067092651756	False	29278
SRR11584150	5.4744581469648566	False	84827
SRR1172795	185.89905111821085	True	2880515
SRR1173050	185.89375910543131	True	2880433
SRR12337777	90.82560383386581	True	618009
SRR12669062	302.425489456869	True	1885641
SRR12695631	591.9780191693291	True	6176304
SRR12695632	296.5239297124601	True	3093733
SRR12830007	1.9643450479233227	False	245936
SRR12830008	4.918418530351437	False	615786
SRR12830009	2.9058067092651756	False	363807
SRR12830010	271.8693546325879	True	1413540
SRR12830011	404.48418466453677	True	2103049
SRR13015522	67.11041022364218	True	533136
SRR13104350	75.29376996805112	True	471339
SRR13104351	113.73242811501598	True	711965
SRR13104352	66.93178913738019	True	418993
SRR13396683	317.94747603833866	True	3317252
SRR13396688	245.53504792332268	True	2561749
SRR13435732	298.9320766773163	True	3118858
SRR13435736	283.1814440894569	True	2934960
SRR13624691	54.05752619808307	True	45006
SRR13624692	165.06624744408947	True	148957
SRR13624693	175.3794249201278	True	168800
SRR13624694	172.7082875399361	True	153464
SRR13624695	196.6318607028754	True	187411
SRR13624696	98.64497891373802	True	65194
SRR13624697	179.9309750798722	True	124104
SRR13624698	150.9548300319489	True	424137
SRR13624699	124.80446198083067	True	101636
SRR13624700	123.81965559105431	True	116418
SRR13624701	149.7794821086262	True	138007
SRR13624702	95.14043338658146	True	71233
SRR13624703	63.398405111821084	True	60536
SRR13624704	172.98662779552717	True	134055
SRR13624705	205.19897907348243	True	201371
SRR13664236	13.072835463258786	False	1091146
SRR13664237	24.851046325878595	False	2074234
SRR13664238	3.6021924920127795	False	300663
SRR13664239	0.26533610223642173	False	22446
SRR13664240	11.580125239616613	False	979616
SRR13664241	27.390544568690096	False	2348833
SRR13664242	20.846426517571885	False	1763495
SRR13664244	18.732100638977634	False	1563506
SRR13664245	44.07941693290735	True	3679162
SRR13681253	36.71134984025559	True	3064174
SRR13681254	31.739916134185304	True	2649225
SRR13681255	33.08561501597444	True	2761546
SRR13681256	29.300087220447285	False	2478629
SRR13681258	1.1131629392971245	False	92912
SRR13681259	1.1542452076677316	False	96341
SRR13681260	1.0394688498402556	False	86761
SRR13681261	1.176529552715655	False	98201
SRR13681262	1.1098921725239617	False	92639
SRR1374934	33.85667731629393	True	1177460
SRR1374935	77.387792971246	True	1368496
SRR1374936	91.10024856230032	True	1592982
SRR1374937	51.135141214057505	True	909392
SRR1374938	74.68286038338658	True	1305907
SRR1374939	36.92442747603834	True	635019
SRR1374940	33.497317252396165	True	579263
SRR1374941	45.013600638977636	True	774135
SRR1374942	98.7619801916933	True	1698489
SRR1374943	46.86757571884984	True	819528
SRR1374944	47.587475399361026	True	836791
SRR1374945	54.5172089456869	True	969539
SRR1374946	75.18395846645367	True	1322055
SRR1374947	43.19817891373802	True	763900
SRR1374948	75.75828498402556	True	1302876
SRR1374949	140.96415846645368	True	2464904
SRR1374950	93.83294376996805	True	1640766
SRR1374951	48.74117699680511	True	857078
SRR1374952	21.14125495207668	False	751956
SRR1374953	55.70455974440895	True	979524
SRR1374954	49.39493418530351	True	878444
SRR1374955	80.58493322683707	True	1425033
SRR1374956	52.0620428115016	True	915473
SRR1374957	58.09158338658147	True	1033106
SRR1374958	124.29293290734824	True	2161316
SRR1374959	79.95669009584664	True	1405980
SRR1374960	171.88792428115016	True	2939941
SRR1374961	30.883838977635783	True	549241
SRR1374962	44.480167092651755	True	760781
SRR1374963	36.42147603833866	True	633329
SRR1374964	31.96845878594249	True	562142
SRR1374965	35.408538977635786	True	626151
SRR1374966	102.58101118210863	True	1793735
SRR1374967	76.34790031948882	True	1357778
SRR1374968	64.50688658146964	True	1140715
SRR1374969	131.2267926517572	True	2269281
SRR1374970	124.95329137380192	True	2209626
SRR1374971	105.79100319488818	True	1839588
SRR1374972	50.242592971246005	True	868836
SRR1374973	47.824594888178915	True	827022
SRR1374974	32.76586677316294	True	579419
SRR1374975	78.21017252396166	True	1359988
SRR1374976	39.353262619808305	True	699862
SRR1374977	88.70737380191693	True	1577580
SRR1374978	112.4077392971246	True	1976608
SRR1374979	105.39542875399361	True	1842948
SRR1374980	61.671175399361026	True	1054813
SRR1374981	43.346897763578276	True	749590
SRR1374982	108.91683514376997	True	1915223
SRR1374983	78.8046945686901	True	1385723
SRR1374984	74.77359169329074	True	1314839
SRR1374985	115.52080575079873	True	2031349
SRR1374986	132.70957763578275	True	2333601
SRR1374987	137.44347763578276	True	2376785
SRR1374988	37.647131309904154	True	658299
SRR1374989	43.619726517571884	True	762736
SRR1374990	42.73514089456869	True	739011
SRR1374991	37.28838785942492	True	652026
SRR1374992	79.46694920127796	True	1405263
SRR1374993	52.7805517571885	True	933351
SRR1374994	86.63107476038338	True	1457824
SRR1374995	32.30910415335463	True	568132
SRR1374996	31.48547252396166	True	556777
SRR1374997	155.53006389776357	True	2704495
SRR1374998	89.57932012779553	True	1388036
SRR1374999	127.59346134185303	True	1977067
SRR1375000	20.77676485623003	False	321937
SRR1375001	42.167467731629394	True	653387
SRR1375002	65.79559488817891	True	1019506
SRR1375003	87.7993322683706	True	1360455
SRR1375004	55.98239616613419	True	867450
SRR1375005	216.8722984025559	True	3360447
SRR1375006	35.171555910543134	True	544985
SRR1375007	70.72542747603833	True	1095894
SRR1375008	21.976696485623002	False	340530
SRR1375009	83.9328715654952	True	1300544
SRR13755578	66.16618610223642	True	5522671
SRR13755579	66.54218051118211	True	5554054
SRR13755580	58.24552715654952	True	4861560
SRR13755581	41.332320287539936	True	3449871
SRR13767060	187.08523961661342	True	2005400
SRR14415946	28.83291054313099	False	168686
SRR14436913	28.328028115015975	False	330846
SRR14469092	40.72602236421725	True	432110
SRR14469093	44.941035143769966	True	476832
SRR14469094	38.40278722044729	True	476987
SRR14469095	36.71643067092652	True	424068
SRR14469096	40.72533546325879	True	481020
SRR14526117	84.50132971246006	True	1111299
SRR14585691	172.08027539936103	True	1783481
SRR15098259	51.29284888178914	True	540561
SRR15098284	38.96579936102236	True	412037
SRR15098368	21.149336102236422	False	222139
SRR15305001	32.12921214057508	True	360446
SRR15305002	23.988083067092653	False	273028
SRR15305003	28.70330607028754	False	322012
SRR15305004	31.95409073482428	True	367707
SRR15305005	34.038428115015975	True	380501
SRR15305006	5.281897124600639	False	60337
SRR15305007	26.485624920127794	False	299278
SRR15305008	34.929915974440895	True	389077
SRR15305009	17.618375079872205	False	201261
SRR15305010	7.626232268370607	False	84947
SRR15305011	36.386670926517574	True	406751
SRR15305012	29.704332268370607	False	332052
SRR15405683	270.4885674121406	True	2803408
SRR15405684	322.5188204472843	True	3766731
SRR15405685	71.55204153354633	True	24230
SRR15405686	14.414679552715654	False	7651
SRR15405687	88.7332357827476	True	30728
SRR15405688	66.97103274760383	True	45515
SRR15405689	82.91356230031948	True	36175
SRR15405690	66.21982603833865	True	25309
SRR15405691	361.7354249201278	True	4354738
SRR15405692	267.1909664536741	True	3041119
SRR15405693	240.47115399361022	True	2746988
SRR15405694	260.8519392971246	True	2979805
SRR15405695	337.2233099041534	True	4091120
SRR15405696	328.58382364217255	True	3940488
SRR15405697	291.9712440894569	True	3372214
SRR15405698	52.89002523961661	True	644147
SRR15405699	465.6038127795527	True	5458202
SRR15405700	167.97982939297125	True	1740983
SRR15405701	206.00249776357828	True	2135059
SRR15405702	372.9444057507987	True	4404966
SRR15405703	132.98111693290736	True	1378248
SRR15405704	194.306510543131	True	2013839
SRR15405705	291.00255718849843	True	3229922
SRR15405706	180.98232843450478	True	1875744
SRR15405707	375.938028115016	True	4247964
SRR15405708	264.39337188498405	True	3207563
SRR15405709	162.61310607028753	True	1685361
SRR15405710	255.57671437699682	True	2648858
SRR15405711	355.9278408945687	True	3688921
SRR15405712	484.72582364217254	True	5023814
SRR15405713	325.5527827476038	True	4336086
SRR15405714	334.7597635782748	True	3469530
SRR15405715	281.1049361022364	True	3295350
SRR15405716	301.5746913738019	True	3125592
SRR15405717	105.277296485623	True	1091119
SRR15405718	703.8747348242812	True	7623280
SRR15405719	364.98824568690094	True	4094671
SRR15405720	339.5259603833866	True	3518928
SRR15405721	210.58266134185303	True	2265030
SRR15405722	268.81811182108623	True	2786095
SRR15405723	119.89670159744409	True	1242638
SRR15405724	323.4252357827476	True	3805718
SRR15405725	583.716694888179	True	6410643
SRR15405726	163.10682300319488	True	1690478
SRR15405727	363.7077661341853	True	3769554
SRR15405728	328.4611821086262	True	3404250
SRR15405729	373.29708626198084	True	3868940
SRR15405730	496.95064856230033	True	5150515
SRR15405731	278.4826907348243	True	2886261
SRR15405732	271.65054376996807	True	2815451
SRR15405733	293.48910287539934	True	3645321
SRR15405734	146.1346159744409	True	1514574
SRR15405735	243.72008370607028	True	2814922
SRR15405736	367.34546709265175	True	3807256
SRR15405737	358.8734504792332	True	3719450
SRR15405738	242.65718242811502	True	3050269
SRR15405739	233.87005623003193	True	2701156
SRR15405740	238.09075591054312	True	2671054
SRR15405741	292.8409073482428	True	3273543
SRR15405742	289.46217571884983	True	3000055
SRR15405743	327.37600830670925	True	3393003
SRR15405744	263.08628690095844	True	2726689
SRR15405745	339.59707028753996	True	3519665
SRR15405746	272.8060984025559	True	3198064
SRR15405747	322.53976293929713	True	3342879
SRR15405748	349.00962875399364	True	3617219
SRR15405749	450.15753354632585	True	4665540
SRR15405750	227.761821086262	True	2640350
SRR15405751	158.0607214057508	True	1638179
SRR15405752	274.2937674121406	True	2842846
SRR15405753	340.28202236421726	True	3790330
SRR15405754	463.4135968051118	True	4802929
SRR15405755	355.94864568690093	True	3993259
SRR15405756	231.85302236421725	True	2402980
SRR15405757	84.22881693290735	True	1002419
SRR15405758	408.170849201278	True	4714298
SRR15458637	32.60752428115016	True	382253
SRR15458638	40.37049201277955	True	495528
SRR15523648	140.32542555910544	True	808874
SRR15793159	325.8136357827476	True	3642131
SRR15793170	354.9563731629393	True	3939764
SRR15793181	162.0836996805112	True	1786345
SRR15793184	215.04006134185303	True	2549528
SRR15793185	195.0365022364217	True	2481562
SRR15793186	118.66139041533546	True	1417596
SRR15793187	131.95460990415336	True	1480351
SRR15793188	310.72850607028755	True	3684016
SRR15793189	126.59045303514377	True	1385413
SRR15793190	247.92374568690096	True	2906372
SRR15793191	147.40613290734825	True	1671671
SRR15793192	281.1897763578275	True	3143300
SRR15793193	320.38280766773164	True	3769918
SRR15793194	113.68593290734825	True	1284610
SRR15793195	132.4645127795527	True	1507687
SRR15793196	128.31374536741214	True	1449899
SRR15793197	111.13621821086262	True	1246797
SRR15793198	201.83348945686902	True	2208877
SRR15793199	201.74152076677316	True	2255182
SRR15793200	102.24875399361022	True	1142995
SRR15793201	253.49824408945688	True	2755033
SRR15793202	122.97980319488818	True	1355376
SRR15793203	230.0591539936102	True	2628048
SRR15793204	214.99021757188498	True	2377807
SRR15793205	83.80558466453674	True	971524
SRR15793206	306.67656230031946	True	3477890
SRR15793207	219.51285431309904	True	2436437
SRR15793208	195.00383897763578	True	2243978
SRR15793209	274.58120830670924	True	3318298
SRR15793210	343.1388638977636	True	3863398
SRR15793211	346.65479169329075	True	3917074
SRR15793212	283.47260095846644	True	3135227
SRR15793213	114.25064536741215	True	1277159
SRR15793214	196.34959744408945	True	2194908
SRR15793215	192.35185942492012	True	2150219
SRR15793216	150.62331309904152	True	1625693
SRR15793217	321.7461124600639	True	3688884
SRR15793225	133.47948306709264	True	1497458
SRR15808555	78.75662779552715	True	444159
SRR1639017	1278.4550313099041	True	19809724
SRR1639018	671.3990166134186	True	10403361
SRR1639024	1165.6887571884984	True	18062405
SRR1639025	1445.4620485623004	True	22397506
SRR1639081	668.1846996805111	True	10353555
SRR1639119	886.8603482428115	True	13741945
SRR1639120	935.4159207667732	True	14494316
SRR1639122	1820.947392971246	True	28215670
SRR16632095	114.57972843450479	True	1240950
SRR16632096	117.04250702875399	True	1267623
SRR16632097	99.35344408945687	True	1072332
SRR16632098	96.32127795527157	True	1046825
SRR16632099	103.4464715654952	True	1124262
SRR16632100	87.49691980830671	True	947631
SRR16632101	78.6664178913738	True	854951
SRR16632102	98.47799648562301	True	1066561
SRR16632103	92.75431054313098	True	1008059
SRR16632104	102.08367028753993	True	1109451
SRR16632105	85.65386837060703	True	930891
SRR16632106	98.98145942492013	True	1075736
SRR16632107	91.21407987220448	True	984483
SRR16632108	99.53824792332269	True	1078044
SRR16632109	103.413807028754	True	1123907
SRR16632110	65.19611501597444	True	708555
SRR16632111	100.69193961661342	True	1090539
SRR16632112	82.31463258785942	True	894600
SRR16632113	85.65784568690096	True	927713
SRR16632114	88.83228115015974	True	958776
SRR16632115	98.7757680511182	True	1069786
SRR16632116	103.10929073482428	True	1116720
SRR16632117	93.98387731629393	True	1021422
SRR16632118	100.12566581469649	True	1084406
SRR16632119	92.86401725239617	True	1016309
SRR16632120	120.98957220447285	True	1319503
SRR16632121	89.81150511182109	True	972699
SRR16632122	67.07686837060703	True	734093
SRR16632123	117.83628753993611	True	1276220
SRR16632124	92.63603961661342	True	1013814
SRR16632125	98.11365335463259	True	1062615
SRR16632126	80.7457536741214	True	880607
SRR16632127	98.83182779552716	True	1093087
SRR16632128	100.93033354632588	True	1112366
SRR16632129	80.11587827476038	True	867691
SRR16632130	64.64915335463259	True	697765
SRR16632131	95.66890734824281	True	1039735
SRR16632132	87.46672715654952	True	947304
SRR16632133	84.55475207667732	True	915766
SRR16632134	86.15855846645367	True	936376
SRR16632135	99.0864661341853	True	1073151
SRR16632136	87.47585942492013	True	981360
SRR16632137	83.96570990415336	True	912544
SRR16632138	81.6464357827476	True	887338
SRR16632139	95.37817891373803	True	1051175
SRR16632140	86.1261303514377	True	949207
SRR16632141	63.30259744408946	True	695218
SRR16632142	95.40183162939297	True	1055151
SRR16632143	92.21460063897763	True	1019900
SRR16632144	105.80460830670927	True	1166086
SRR16632145	93.46287699680511	True	1012245
SRR16632146	96.19972907348243	True	1045504
SRR16632147	110.70922428115016	True	1203194
SRR16632148	91.28136996805112	True	992051
SRR16632149	96.60456677316294	True	1053562
SRR16632150	98.02204217252397	True	1065309
SRR16632151	97.2929054313099	True	1064779
SRR16632152	79.51596325878594	True	867195
SRR16632153	108.90752204472844	True	1183613
SRR16632154	90.617196485623	True	981425
SRR16632155	92.307	True	996279
SRR16632156	93.75579552715655	True	1011916
SRR16632157	99.90829552715655	True	1074615
SRR16632158	99.83856869009584	True	1077568
SRR16632159	74.56563546325879	True	802029
SRR16632160	70.73841214057508	True	763487
SRR16632161	72.10702108626198	True	772928
SRR16632162	62.17846134185304	True	666502
SRR16632163	121.83789456869009	True	1315009
SRR16632164	93.76094376996805	True	1008494
SRR16632165	70.23057124600639	True	752814
SRR16632166	123.71508242811501	True	1326124
SRR16632167	114.76042268370607	True	1242907
SRR16632168	144.04899776357829	True	1549393
SRR16632169	126.78228498402557	True	1363672
SRR16632170	68.25235942492013	True	744355
SRR16632171	51.46729904153354	True	563261
SRR16632172	51.05072587859425	True	558702
SRR16632173	90.04270511182109	True	975203
SRR16632174	100.71843897763578	True	1090826
SRR16632175	132.9403693290735	True	1439804
SRR16632176	68.24735079872204	True	741716
SRR16632177	115.41921341853035	True	1250042
SRR16632178	103.18237060702876	True	1113658
SRR16632179	76.31825175718849	True	829431
SRR16632180	65.43479616613419	True	711149
SRR16632181	70.93071948881789	True	770879
SRR16632182	101.56343162939297	True	1107643
SRR16632183	97.19420862619808	True	1052657
SRR16632184	62.85140607028754	True	680709
SRR16632185	88.93896517571885	True	963249
SRR16632186	74.5638466453674	True	807560
SRR16632187	49.511837060702874	True	532550
SRR16632188	79.89690479233226	True	868324
SRR16632189	106.88041757188499	True	1157563
SRR16632190	100.2569840255591	True	1082084
SRR16873817	151.1846127795527	True	1963518
SRR16873818	184.26829201277954	True	2393194
SRR16873819	212.60003642172524	True	2761154
SRR16873820	174.85493099041534	True	2465297
SRR16873821	121.70548658146964	True	1649083
SRR16873822	141.02112939297123	True	1816445
SRR16873823	151.13928306709266	True	1954818
SRR16873824	175.24851373801917	True	2266644
SRR16873825	212.18981469648563	True	2614780
SRR16873826	98.70149520766773	True	1287232
SRR17017321	123.92856357827476	True	1545404
SRR17017322	88.11896293929712	True	1098854
SRR17017323	126.09513738019169	True	1547756
SRR17017324	121.07750607028754	True	1540539
SRR17017325	126.78747603833865	True	1550175
SRR17017326	126.07738498402556	True	1535495
SRR17017327	129.86367891373803	True	1594013
SRR17017328	126.68097795527157	True	1519201
SRR17017329	121.71339361022365	True	1482346
SRR17017330	122.42874824281151	True	1485279
SRR17017331	124.90165431309904	True	1545226
SRR17017332	121.06101565495207	True	1521771
SRR17017333	110.57842811501598	True	1357296
SRR17017334	121.74982811501597	True	1500303
SRR17017335	121.81953738019169	True	1513076
SRR17017336	129.0035143769968	True	1559000
SRR17017337	119.16282204472843	True	1510039
SRR17017338	112.3643178913738	True	1327171
SRR17017339	122.72319009584665	True	1506367
SRR17017340	124.34885111821086	True	1520359
SRR17017341	121.38050990415336	True	1507623
SRR17017342	126.1865712460064	True	1542828
SRR17017343	126.38910383386582	True	1527405
SRR17017344	127.19581022364217	True	1519553
SRR17017345	122.2685303514377	True	1530802
SRR17017346	130.31284600638978	True	1544997
SRR17017347	139.3611089456869	True	1765993
SRR17017348	126.84263738019169	True	1544815
SRR17036792	55.266	True	572790
SRR17036793	51.73153865814697	True	536158
SRR17036794	49.823728434504794	True	516385
SRR17036795	48.86639808306709	True	506463
SRR17036796	50.99747603833866	True	528550
SRR17036797	83.88209201277955	True	869374
SRR17036798	77.51519872204473	True	803386
SRR17036799	202.53030223642173	True	1053023
SRR17036800	196.09717252396166	True	1019575
SRR17036801	201.24398402555912	True	1046335
SRR17036802	182.43138785942492	True	948522
SRR17036803	194.93702428115017	True	1013543
SRR17036804	201.8898357827476	True	1049693
SRR17036805	212.85950670926516	True	1106728
SRR17036806	45.975688817891374	True	476503
SRR17036807	186.06608306709265	True	967420
SRR17036808	189.23110287539936	True	983876
SRR17036809	198.15205047923322	True	1030259
SRR17036810	188.63487284345047	True	980776
SRR17036811	192.7944428115016	True	1002403
SRR17036812	185.82316741214058	True	966157
SRR17036813	188.56447923322685	True	980410
SRR17036814	62.04150990415336	True	643013
SRR17036815	51.77582555910543	True	536617
SRR17036816	50.77266453674122	True	526220
SRR17036817	54.97413099041533	True	569765
SRR17036818	89.44554952076678	True	927035
SRR17220693	130.7437715654952	True	714185
SRR17220694	119.60484153354632	True	661419
SRR17283881	222.71769968051117	True	2323688
SRR17283882	225.90594249201277	True	2356952
SRR17283883	216.925303514377	True	2263254
SRR17283884	138.7549840255591	True	1447677
SRR17283885	227.09578274760383	True	2369366
SRR17283886	131.84309904153355	True	2751126
SRR17283887	143.68730031948883	True	2998275
SRR17283888	150.07428115015975	True	3131550
SRR17283889	154.38968051118212	True	3221598
SRR17283890	130.8702555910543	True	2730826
SRR17283891	152.9788178913738	True	3192158
SRR17283892	125.355	True	2615741
SRR17283893	138.72167731629392	True	2894659
SRR17283894	142.10472843450478	True	2965252
SRR17283895	202.36744408945688	True	2111367
SRR17283896	137.71130990415335	True	2873576
SRR17283897	137.01316293929713	True	2859008
SRR17283898	137.08591054313098	True	2860526
SRR17283899	139.36485623003196	True	2908080
SRR17283900	144.63723642172525	True	3018097
SRR17283901	121.87806709265176	True	2543189
SRR17283902	132.610303514377	True	2767135
SRR17283903	136.68541533546326	True	2852169
SRR17283904	221.7455271565495	True	2313545
SRR17283905	214.88233226837062	True	2241939
SRR17283906	0.056166134185303515	False	586
SRR17283907	205.56009584664537	True	2144677
SRR17283908	249.5756549520767	True	2603906
SRR17283909	231.4103194888179	True	2414381
SRR17283910	237.22916932907347	True	2475091
SRR17283911	53.36104920127796	True	277442
SRR17283912	142.13856230031948	True	1482979
SRR17283913	161.37757188498404	True	1683706
SRR17283914	45.07056677316294	True	234337
SRR17283915	236.62667731629392	True	2468805
SRR17283916	197.32198083067092	True	2058726
SRR17283917	209.45779552715655	True	2185343
SRR17283918	240.4902555910543	True	2509115
SRR17283919	163.17814696485624	True	1702492
SRR17754583	0.0	False	0
SRR17754584	0.0	False	0
SRR17754585	0.0	False	0
SRR17754586	0.0	False	0
SRR17754587	0.0	False	0
SRR17754588	0.0	False	0
SRR17754589	0.0	False	0
SRR17754590	0.0	False	0
SRR17754591	0.0	False	0
SRR17754592	0.0	False	0
SRR17754593	0.0	False	0
SRR17754594	0.0	False	0
SRR17754595	0.0	False	0
SRR17754596	0.0	False	0
SRR17754597	0.0	False	0
SRR17754598	0.0	False	0
SRR17754599	0.0	False	0
SRR17754600	0.0	False	0
SRR17754601	0.0	False	0
SRR17754602	0.0	False	0
SRR17754603	0.0	False	0
SRR17754604	0.0	False	0
SRR17754605	0.0	False	0
SRR17754606	0.0	False	0
SRR17754607	0.0	False	0
SRR17754608	0.0	False	0
SRR17754609	0.0	False	0
SRR17754610	0.0	False	0
SRR17754611	0.0	False	0
SRR17754612	0.0	False	0
SRR17754613	0.0	False	0
SRR17754614	0.0	False	0
SRR17754615	0.0	False	0
SRR17754616	0.0	False	0
SRR17754617	0.0	False	0
SRR17754618	0.0	False	0
SRR17754619	0.0	False	0
SRR17754620	0.0	False	0
SRR17754621	0.0	False	0
SRR17754622	0.0	False	0
SRR17754623	0.0	False	0
SRR17754624	0.0	False	0
SRR17754625	0.0	False	0
SRR17754626	0.0	False	0
SRR17754627	0.0	False	0
SRR17754628	0.0	False	0
SRR17754629	0.0	False	0
SRR17754630	0.0	False	0
SRR17754631	0.0	False	0
SRR17754632	0.0	False	0
SRR17754633	0.0	False	0
SRR17754634	0.0	False	0
SRR17754635	0.0	False	0
SRR17754636	0.0	False	0
SRR17754637	0.0	False	0
SRR17754638	0.0	False	0
SRR17754639	0.0	False	0
SRR17754640	0.0	False	0
SRR17754641	0.0	False	0
SRR17754642	0.0	False	0
SRR17754643	0.0	False	0
SRR17754644	0.0	False	0
SRR17754645	0.0	False	0
SRR17754646	0.0	False	0
SRR17754647	0.0	False	0
SRR17754648	0.0	False	0
SRR17754649	0.0	False	0
SRR17754650	0.0	False	0
SRR17754651	0.0	False	0
SRR17754652	0.0	False	0
SRR17754653	0.0	False	0
SRR17754654	0.0	False	0
SRR17754655	0.0	False	0
SRR17754656	0.0	False	0
SRR17754657	0.0	False	0
SRR17754658	0.0	False	0
SRR17754659	0.0	False	0
SRR17754660	0.0	False	0
SRR17754661	0.0	False	0
SRR17754662	0.0	False	0
SRR17754663	0.0	False	0
SRR17754664	0.0	False	0
SRR17754665	0.0	False	0
SRR17754666	0.0	False	0
SRR17754667	0.0	False	0
SRR17754668	0.0	False	0
SRR17754669	0.0	False	0
SRR17754670	0.0	False	0
SRR17754671	0.0	False	0
SRR17754672	0.0	False	0
SRR17754673	0.0	False	0
SRR17754674	0.0	False	0
SRR17754675	0.0	False	0
SRR17754676	0.0	False	0
SRR17754677	0.0	False	0
SRR17754678	0.0	False	0
SRR17754679	0.0	False	0
SRR17754680	0.0	False	0
SRR17754681	0.0	False	0
SRR17754682	0.0	False	0
SRR17754683	0.0	False	0
SRR17754684	0.0	False	0
SRR17754685	0.0	False	0
SRR17754686	0.0	False	0
SRR17754687	0.0	False	0
SRR17754688	0.0	False	0
SRR17754689	0.0	False	0
SRR17754690	0.0	False	0
SRR17754691	0.0	False	0
SRR17754692	0.0	False	0
SRR17754693	0.0	False	0
SRR17754694	0.0	False	0
SRR17754695	0.0	False	0
SRR17754696	0.0	False	0
SRR17754697	0.0	False	0
SRR17754698	0.0	False	0
SRR17754699	0.0	False	0
SRR17754700	0.0	False	0
SRR17754701	0.0	False	0
SRR17754702	0.0	False	0
SRR17754703	0.0	False	0
SRR17754704	0.0	False	0
SRR17754705	0.0	False	0
SRR17754706	0.0	False	0
SRR17754707	0.0	False	0
SRR17754708	0.0	False	0
SRR17754709	0.0	False	0
SRR17754710	0.0	False	0
SRR17754711	0.0	False	0
SRR17754712	0.0	False	0
SRR17754713	0.0	False	0
SRR17754714	0.0	False	0
SRR17754715	0.0	False	0
SRR17754716	0.0	False	0
SRR17847139	0.0	False	0
SRR17847140	0.0	False	0
SRR17847141	0.0	False	0
SRR17847142	0.0	False	0
SRR17847143	0.0	False	0
SRR17847144	0.0	False	0
SRR18079104	108.64495207667731	True	1133529
SRR18079105	94.94875399361023	True	990632
SRR18079106	92.4944089456869	True	965025
SRR18079107	82.38584664536741	True	859559
SRR1825713	277.63723322683705	True	4827803
SRR18286263	73.47575079872205	True	1533194
SRR18286264	79.31918530351437	True	1655127
SRR18286265	64.54121405750799	True	1346760
SRR18286266	72.82130990415335	True	1519538
SRR18286267	67.13688498402556	True	1400923
SRR18286269	68.55891373801917	True	1430596
SRR18286272	0.31242044728434504	False	3238
SRR18286273	0.0	False	0
SRR18286274	0.019972523961661343	False	207
SRR18286275	0.4137303514376997	False	4288
SRR18286279	0.26330926517571884	False	2729
SRR18286280	85.8715015974441	True	1791852
SRR18286281	0.009841533546325878	False	102
SRR18286282	0.0	False	0
SRR18286283	0.43881661341853034	False	4548
SRR18286288	0.0	False	0
SRR18286289	0.0	False	0
SRR18286290	0.0	False	0
SRR18286291	62.07704472843451	True	1295341
SRR18286292	0.0	False	0
SRR18286293	24.07108626198083	False	150685
SRR18286294	21.618849840255592	False	135334
SRR18286295	21.38514376996805	False	133871
SRR18286296	71.98567092651757	True	1502101
SRR18286297	81.82552715654953	True	1707426
SRR18286298	74.28091054313099	True	1549995
SRR18286299	78.26650159744409	True	1633161
SRR18286300	81.50348242811502	True	1700706
SRR18286301	79.75830670926517	True	1664290
SRR18286302	81.77468051118211	True	1706365
SRR18286303	77.82	True	1623844
SRR18313285	180.33067092651757	True	1881450
SRR18313286	110.92658146964857	True	1157334
SRR18313287	7.062555910543131	False	73686
SRR18313288	22.0726517571885	False	345437
SRR18316760	141.63507987220447	True	1477726
SRR18316761	160.32220447284345	True	1672695
SRR18316762	145.2758146964856	True	1515711
SRR18316763	142.78370607028754	True	1489710
SRR18316764	168.32808306709265	True	1756223
SRR18316765	150.14415335463258	True	1566504
SRR18333118	43.570063897763575	True	454581
SRR18333119	43.06955271565495	True	449359
SRR18333120	44.48444089456869	True	464121
SRR18333121	40.907827476038335	True	426805
SRR18333122	63.784696485623	True	665487
SRR18333123	51.055111821086264	True	532675
SRR18333124	256.87341853035144	True	2680046
SRR18333125	201.05511182108626	True	2097675
SRR18333126	230.95456869009584	True	2409626
SRR18333127	203.34153354632588	True	2121530
SRR18333128	213.165910543131	True	2224031
SRR18333129	240.632875399361	True	2510603
SRR18333331	309.5099041533546	True	3229220
SRR18333332	256.0379233226837	True	2671329
SRR18333333	248.66041533546326	True	2594357
SRR18333334	312.1270926517572	True	3256526
SRR18333335	305.05370607028755	True	3182727
SRR18333336	280.2958466453674	True	2924420
SRR18333581	184.97990415335462	True	1929957
SRR18333582	207.6308626198083	True	2166282
SRR18333583	265.073482428115	True	2765600
SRR18333584	220.75840255591055	True	2303246
SRR18333585	1136.6738338658147	True	11859297
SRR18333586	228.12843450479232	True	2380140
SRR18751255	148.37686900958465	True	2322098
SRR18751259	142.0097124600639	True	2222452
SRR18751260	144.56926517571884	True	2262509
SRR18751261	137.93450479233226	True	2158675
SRR18751262	134.10428115015975	True	2098732
SRR18751263	133.66479233226838	True	2091854
SRR18751264	147.33603833865814	True	2305809
SRR18751265	186.44683706070288	True	2917893
SRR18751266	185.15258785942493	True	2897638
SRR18751267	124.05757188498403	True	1941501
SRR18751268	157.4991054313099	True	2464861
SRR18751269	131.54025559105432	True	2058605
SRR18751270	165.38485623003194	True	2588273
SRR18751271	133.90888178913738	True	2095674
SRR18751272	131.4169968051118	True	2056676
SRR18751273	152.05226837060704	True	2379618
SRR18751274	142.53501597444088	True	2230673
SRR18751275	142.64102236421726	True	2232332
SRR18751276	141.27399361022364	True	2210938
SRR18751277	155.7120766773163	True	2436894
SRR18751278	158.6582108626198	True	2483001
SRR18751279	136.69450479233228	True	2139269
SRR18751280	147.54894568690096	True	2309141
SRR18751288	181.45137380191693	True	2839714
SRR18751299	171.19437699680512	True	2679192
SRR18751306	152.43661341853036	True	2385633
SRR18751307	170.27520766773162	True	2664807
SRR18751308	180.6623642172524	True	2827366
SRR18751309	30.859872204472843	True	482957
SRR18751310	177.57476038338658	True	2779045
SRR18751311	153.61073482428114	True	2404008
SRR18751312	224.90153354632588	True	3519709
SRR18751313	192.76370607028753	True	3016752
SRR18751314	159.57731629392973	True	2497385
SRR18751315	232.32402555910542	True	3635871
SRR18751316	148.3831948881789	True	2322197
SRR18751317	159.19303514376998	True	2491371
SRR18751318	145.37361022364217	True	2275097
SRR18751319	185.15015974440894	True	2897600
SRR18751320	194.30728434504792	True	3040909
SRR18751321	192.42785942492011	True	3011496
SRR18751322	191.33226837060704	True	2994350
SRR18751325	182.87680511182108	True	2862022
SRR18751336	171.32428115015975	True	2681225
SRR18751346	132.42760383386582	True	2072492
SRR18751347	175.58217252396167	True	2747861
SRR18751348	173.69431309904152	True	2718316
SRR18751349	29.303194888178915	False	458595
SRR18841555	1.1236421725239616	False	7034
SRR18841556	2.0187258785942492	False	12612
SRR18841557	0.49217252396166133	False	3081
SRR18841558	3.3887127795527157	False	21171
SRR18841559	2.717884984025559	False	16980
SRR18841560	18.5783303514377	False	115837
SRR18841561	0.5608626198083068	False	3511
SRR18841562	1.1911955271565495	False	7442
SRR18841563	1.734132268370607	False	10834
SRR18841564	2.027849520766773	False	12669
SRR18841565	0.0011204472843450478	False	7
SRR18841566	0.7889549520766773	False	4929
SRR18841567	0.0011182108626198084	False	7
SRR18841568	0.00032012779552715654	False	2
SRR18841569	0.0008003194888178914	False	5
SRR18841570	0.0006389776357827476	False	4
SRR18841571	0.0044728434504792336	False	28
SRR18841572	0.07458977635782747	False	466
SRR18841573	1.6925156549520768	False	10574
SRR18841574	2.3343718849840256	False	14584
SRR18841575	1.3987984025559106	False	8739
SRR18841576	0.001437699680511182	False	9
SRR18841577	4.015843130990415	False	25089
SRR18841578	3.6661035143769967	False	22904
SRR18841579	0.0019169329073482429	False	12
SRR18841580	0.0016006389776357828	False	10
SRR18841581	0.00016006389776357827	False	1
SRR18841582	0.00016006389776357827	False	1
SRR18841583	0.36878722044728435	False	2304
SRR18841584	7.761818530351437	False	48492
SRR18841585	1.68371214057508	False	10519
SRR18841586	1.709162300319489	False	10678
SRR18841587	0.0007987220447284345	False	5
SRR18841588	0.00032012779552715654	False	2
SRR18841589	0.0017607028753993611	False	11
SRR18841590	0.0014405750798722045	False	9
SRR18841591	0.033613418530351435	False	210
SRR18841592	0.014085623003194889	False	88
SRR18841593	0.02384952076677316	False	149
SRR18841594	0.12629041533546326	False	789
SRR18841595	0.0019207667731629392	False	12
SRR18841596	0.012645047923322683	False	79
SRR18841597	0.057783067092651755	False	361
SRR18841598	0.0004801916932907348	False	3
SRR18841599	7.9324466453674125	False	49558
SRR18841600	41.25070734824281	True	257714
SRR18841601	0.3353338658146965	False	2095
SRR18841602	0.5738019169329074	False	3592
SRR18841603	0.004161661341853035	False	26
SRR18841604	3.7198849840255592	False	23240
SRR18841605	6.328126198083067	False	39535
SRR18841606	0.04121405750798722	False	258
SRR18841607	8.508836741214058	False	53159
SRR18841608	5.921405750798722	False	37068
SRR18841609	0.0009603833865814696	False	6
SRR18841610	1.3767095846645367	False	8601
SRR18841611	0.0007987220447284345	False	5
SRR18841612	0.9059616613418531	False	5660
SRR18841613	0.736261980830671	False	4609
SRR18841614	2.146616932907348	False	13411
SRR18841615	0.0003194888178913738	False	2
SRR18841616	0.00016006389776357827	False	1
SRR18841617	0.0011182108626198084	False	7
SRR18841618	0.0008003194888178914	False	5
SRR18841619	0.0	False	0
SRR18841620	0.01568626198083067	False	98
SRR18841621	0.0036741214057507987	False	23
SRR18841622	0.0012805111821086262	False	8
SRR18841623	0.00016006389776357827	False	1
SRR18841624	0.0008003194888178914	False	5
SRR18841625	0.00032012779552715654	False	2
SRR18841626	0.00032012779552715654	False	2
SRR18841627	3.195367412140575	False	20003
SRR18841628	0.6511182108626198	False	4076
SRR18841629	0.18519392971246007	False	1157
SRR18841630	4.127247603833866	False	25785
SRR18841631	0.0006389776357827476	False	4
SRR18841632	0.1767105431309904	False	1104
SRR18841633	0.7793511182108627	False	4869
SRR18841634	0.7579025559105431	False	4735
SRR18841635	0.8939568690095847	False	5585
SRR18841636	0.27274888178913737	False	1704
SRR18841637	8.271942172523962	False	51679
SRR18841638	0.9920127795527156	False	6210
SRR18841639	0.00032012779552715654	False	2
SRR18841640	0.5270904153354633	False	3293
SRR18841641	0.007202875399361023	False	45
SRR18841642	0.004321725239616613	False	27
SRR18841643	0.07202875399361022	False	450
SRR18841644	1.7584664536741215	False	11008
SRR18841645	0.941655910543131	False	5883
SRR18841646	0.27651757188498405	False	1731
SRR18841647	0.0014405750798722045	False	9
SRR18841648	0.15510191693290734	False	969
SRR18841649	0.00016006389776357827	False	1
SRR18841650	0.00032012779552715654	False	2
SRR18841651	0.001757188498402556	False	11
SRR18841652	0.8148562300319488	False	5101
SRR18841653	0.0016006389776357828	False	10
SRR18841654	0.0001597444089456869	False	1
SRR18841655	0.0011159744408945687	False	7
SRR18924763	157.05488817891373	True	1638606
SRR18924764	151.34290734824282	True	1579011
SRR1917199	75.47576725239617	True	4678003
SRR19575255	113.66693290734824	True	711555
SRR19575256	172.98722044728436	True	1082900
SRR19575257	109.49297124600639	True	685426
SRR19575258	154.2741214057508	True	965756
SRR19575259	230.86274313099042	True	1439443
SRR19575260	249.24877380191694	True	1554081
SRR19575261	190.46986645367411	True	1187591
SRR19575262	245.45217827476037	True	1530409
SRR19575263	199.65502300319488	True	1244861
SRR19575264	234.2652766773163	True	1460658
SRR19575265	215.5785271565495	True	1344145
SRR19575266	169.20191693290735	True	1059204
SRR19575267	192.0153354632588	True	1202016
SRR19575268	177.228614057508	True	1105031
SRR19575269	156.04361022364216	True	976833
SRR19575270	188.61743833865816	True	1176041
SRR19575271	504.5731629392971	True	3158628
SRR19575272	488.4503194888179	True	3057699
SRR19575273	330.23434504792334	True	2067267
SRR19575274	499.53194888178916	True	3127070
SRR19575275	483.8472843450479	True	3028884
SRR19575276	185.92059169329073	True	1159226
SRR19575277	206.88640447284345	True	2180318
SRR19575278	419.73690095846644	True	2627553
SRR19575279	255.01725239616613	True	1596408
SRR19575280	490.2758785942492	True	3069127
SRR19575281	421.0367412140575	True	2635690
SRR19575282	452.8079872204473	True	2834578
SRR19575283	467.34744408945687	True	2925595
SRR19575284	256.6974440894569	True	1606926
SRR19575285	352.03801916932906	True	2203758
SRR19575286	190.1377124600639	True	1185520
SRR19575287	228.23753993610222	True	1428767
SRR19575288	242.63514376996804	True	1518896
SRR19575289	173.05750798722045	True	1083340
SRR19575290	119.64233226837061	True	748961
SRR19575291	148.30511182108626	True	928390
SRR19575292	169.35686900958467	True	1060174
SRR19575293	123.98051118210863	True	776118
SRR19575294	73.00798722044729	True	457030
SRR19575295	154.0247603833866	True	964195
SRR19575296	165.22603833865816	True	1034315
SRR19575297	154.8555910543131	True	969396
SRR19575298	196.88610223642172	True	1232507
SRR19575299	121.04456869009584	True	757739
SRR19575300	134.90303514376996	True	844493
SRR19575301	508.29840255591057	True	3181948
SRR19575302	509.7685303514377	True	3191151
SRR19575303	208.0902268370607	True	1297455
SRR19575304	167.61805111821087	True	1049289
SRR19575305	532.058945686901	True	3330689
SRR19575306	467.73019169329075	True	2927991
SRR19575307	539.8864217252396	True	3379689
SRR19575308	173.72188498402556	True	1087499
SRR19575309	172.91773162939296	True	1082465
SRR19575310	166.31261980830672	True	1041117
SRR19575311	171.6020766773163	True	1074229
SRR19575312	156.42076677316294	True	979194
SRR19575313	474.12939297124603	True	2968050
SRR19575314	472.3413738019169	True	2956857
SRR19575315	229.28083067092652	True	1435298
SRR19575316	203.98954440894568	True	1271887
SRR19575317	86.01166134185304	True	538433
SRR19575318	175.22460063897765	True	1096906
SRR19575319	151.33019169329074	True	947327
SRR19575320	559.7891373801917	True	3504280
SRR19575321	526.3492012779552	True	3294946
SRR19575322	160.36900958466452	True	1003910
SRR19575323	535.1985623003195	True	3350343
SRR19575324	619.8993610223642	True	3880570
SRR19575325	535.4987220447284	True	3352222
SRR19575326	551.9012779552716	True	3454902
SRR19575327	204.44392971246006	True	1279819
SRR19575328	165.8964856230032	True	1038512
SRR19575329	246.84520766773164	True	1545251
SRR19575330	189.25159744408947	True	1184715
SRR19575331	163.95031948881788	True	1026329
SRR19575332	223.0979233226837	True	1396593
SRR19575333	170.59888178913738	True	1067949
SRR19575334	225.65926517571884	True	1412627
SRR19575335	232.8423552715655	True	1451786
SRR19575336	206.3702875399361	True	1291878
SRR19575337	205.24329073482428	True	1284823
SRR19575338	180.8388178913738	True	1132051
SRR19575339	166.7859424920128	True	1044080
SRR19575340	194.49185303514378	True	1217519
SRR19575341	199.35399361022365	True	1247956
SRR19575342	207.9908945686901	True	1302023
SRR19575343	172.3455271565495	True	1078883
SRR19575344	190.90830670926516	True	1195086
SRR19575345	196.8747603833866	True	1232436
SRR19575346	190.84600638977636	True	1194696
SRR19575347	161.51102236421724	True	1011059
SRR19575348	181.5359424920128	True	1136415
SRR19575349	212.1597444089457	True	1328120
SRR19575350	177.55591054313098	True	1111500
SRR19575351	167.82444089456868	True	1050581
SRR19575352	187.09297124600639	True	1171202
SRR19575353	190.6367412140575	True	1193386
SRR19575354	161.82747603833866	True	1013040
SRR19575355	118.11661341853035	True	739410
SRR19575356	156.3738019169329	True	978900
SRR19575357	4.333865814696486	False	27130
SRR19575358	163.7811086261981	True	1021185
SRR19575359	184.27923322683705	True	1153588
SRR19575360	128.8202875399361	True	806415
SRR19575361	287.5926517571885	True	1800330
SRR19575362	20.778434504792333	False	130073
SRR19575363	284.9670926517572	True	1783894
SRR19575364	205.32168881789138	True	1280193
SRR19575365	198.03066006389776	True	1234733
SRR19575366	148.5811501597444	True	930118
SRR19575367	215.394089456869	True	1348367
SRR19575368	314.14614696485626	True	1958720
SRR19575369	212.45281533546327	True	1324656
SRR19575370	467.9370607028754	True	2929286
SRR19575371	400.008945686901	True	2504056
SRR19575372	457.9747603833866	True	2866922
SRR19575373	423.45782747603835	True	2650846
SRR19575374	213.3483961661342	True	1330240
SRR19575375	197.1517591054313	True	1229253
SRR19575376	173.84195846645366	True	1083915
SRR19575377	198.94388306709266	True	1240427
SRR19575378	200.24314888178912	True	1248528
SRR19575379	223.40700063897765	True	1392956
SRR19575380	159.45059680511181	True	994184
SRR19575381	189.46410223642172	True	1181320
SRR19575382	191.62831565495208	True	1194814
SRR19575383	100.09520766773163	True	626596
SRR19575384	132.52188498402555	True	829587
SRR19575385	127.19904153354632	True	796266
SRR19575386	135.41198083067093	True	847679
SRR19575387	116.85319488817892	True	731501
SRR19575388	159.30575079872204	True	997254
SRR19575389	144.2549520766773	True	903036
SRR19575390	153.90287539936102	True	963432
SRR19575391	89.00654952076677	True	557181
SRR19575392	134.89361022364218	True	844434
SRR19575393	132.7070287539936	True	830746
SRR19575394	87.3111821086262	True	546568
SRR19575395	114.335303514377	True	715739
SRR19575396	162.33610223642174	True	1016224
SRR19575397	200.763592971246	True	1251773
SRR19575398	192.85894568690097	True	1207297
SRR19575399	152.86134185303516	True	956912
SRR19575400	189.86725239616612	True	1188569
SRR19575401	114.95015974440895	True	719588
SRR19575402	117.37444089456869	True	734764
SRR19575403	208.07428115015975	True	1302545
SRR19575404	170.21453674121406	True	1065543
SRR19575405	216.74872204472842	True	1356847
SRR19575406	203.41741214057507	True	1273393
SRR19575407	195.74105431309903	True	1225339
SRR19575408	164.50575079872203	True	1029806
SRR19575409	199.93977635782747	True	1251623
SRR19575410	169.8849840255591	True	1063480
SRR19575411	206.67003194888179	True	1288600
SRR19575412	188.20319488817893	True	1178152
SRR19575413	173.7664536741214	True	1087778
SRR19575414	230.39747092651757	True	1436542
SRR19575415	173.94680511182108	True	1088907
SRR19575416	145.39376996805112	True	910165
SRR19575417	53.99920127795527	True	338035
SRR19575418	67.08338658146965	True	419942
SRR19575419	77.16789137380192	True	483071
SRR19575420	153.4017571884984	True	960295
SRR19575421	168.27284345047923	True	1053388
SRR19575422	162.82044728434505	True	1019256
SRR19575423	25.129073482428115	False	157308
SRR19575424	220.08242811501597	True	1377716
SRR19575425	218.08291373801916	True	1359760
SRR19575426	241.22415143769967	True	1504047
SRR19575427	267.5278287539936	True	1668052
SRR19575428	174.1872638977636	True	1086068
SRR19575429	143.03546325878594	True	895402
SRR19575430	123.11900958466454	True	770725
SRR19575431	222.73788115015975	True	1388784
SRR19575432	182.63770415335463	True	1138757
SRR19575433	94.8667731629393	True	593866
SRR19575434	166.48242811501598	True	1042180
SRR19575435	136.0188498402556	True	851478
SRR19575436	217.75685431309904	True	1357727
SRR19575437	213.2670817891374	True	1329733
SRR19575438	220.29780830670927	True	1373570
SRR19575439	336.48514376996803	True	2106397
SRR19575440	368.67364217252396	True	2307897
SRR19575441	189.12713674121406	True	1179219
SRR19575442	282.50207667731627	True	1768463
SRR19575443	566.9033546325878	True	3548815
SRR19575444	639.7942492012779	True	4005112
SRR19575445	367.18242811501597	True	2298562
SRR19575446	380.6490415335463	True	2382863
SRR19575447	523.2164536741215	True	3275335
SRR19575448	200.58610223642174	True	1255669
SRR19575449	174.50846645367412	True	1092423
SRR19575450	424.81757188498403	True	2659358
SRR19575451	500.0984025559105	True	3130616
SRR19575452	488.1568690095847	True	3055862
SRR19575453	182.11292971246007	True	1135485
SRR19575454	193.40375974440894	True	1205884
SRR19575455	204.18809904153355	True	1273125
SRR19575456	197.28648115015974	True	1230093
SRR19575457	215.51966645367412	True	1343778
SRR19575458	216.5722626198083	True	1350341
SRR19575459	230.90235782747604	True	1439690
SRR19575460	170.0679769968051	True	1060384
SRR19575461	206.1816645367412	True	1285555
SRR19575462	208.75854440894568	True	1301622
SRR19575463	180.40260127795528	True	1124821
SRR19575464	194.2515463258786	True	1211170
SRR19575465	192.582917571885	True	1200766
SRR19575466	139.73051118210861	True	874713
SRR19575467	223.66405750798722	True	1400137
SRR19575468	170.57955271565496	True	1067828
SRR19575469	145.04744408945686	True	907997
SRR19575470	202.96260958466453	True	1265484
SRR19575471	179.7129392971246	True	1125003
SRR19575472	249.1544728434505	True	1559707
SRR19575473	173.97076677316295	True	1089057
SRR19575474	276.2452076677316	True	1729295
SRR19575475	143.39456869009584	True	897650
SRR19575476	132.76869009584664	True	831132
SRR19575477	113.16166134185303	True	708392
SRR19575478	149.26581469648562	True	934404
SRR19575479	130.31709265175718	True	815785
SRR19575480	185.29728434504793	True	1159961
SRR19575481	170.92763578274761	True	1070007
SRR19575482	203.4741214057508	True	1273748
SRR19575483	441.6832268370607	True	2764937
SRR19575484	192.28801916932906	True	1203723
SRR19575485	184.80047923322684	True	1156851
SRR19575486	153.54137380191693	True	961169
SRR19575487	527.8201277955271	True	3304154
SRR19575488	474.75575079872203	True	2971971
SRR19575489	151.59137380191694	True	948962
SRR19575490	176.25223642172523	True	1103339
SRR19575491	172.12300319488818	True	1077490
SRR19575492	165.42731629392972	True	1035575
SRR19575493	211.39460575079872	True	1318058
SRR19575494	192.13370607028753	True	1202757
SRR19575495	168.33833865814697	True	1053798
SRR19575496	149.73833865814697	True	937362
SRR19575497	99.6908945686901	True	624065
SRR19575498	137.9129392971246	True	863335
SRR19575499	186.78019169329073	True	1169244
SRR19575500	560.9591054313099	True	3511604
SRR19575501	137.28578274760383	True	859409
SRR19575502	501.39632587859427	True	3138741
SRR19575503	412.49552715654954	True	2582222
SRR19575504	595.9416932907349	True	3730595
SRR19575505	470.78801916932906	True	2947133
SRR19575506	172.96485623003196	True	1082760
SRR19575507	646.1445686900959	True	4044865
SRR19575508	179.80607028753994	True	1125586
SRR19575509	165.43546325878594	True	1035626
SRR19575510	192.30654952076677	True	1203839
SRR19575511	173.03370607028754	True	1083191
SRR19575512	190.70511182108626	True	1193814
SRR19575513	208.42348242811502	True	1304731
SRR19575514	182.87108626198082	True	1144773
SRR19575515	185.40814696485623	True	1160655
SRR19575516	206.10852971246007	True	1285099
SRR19575517	197.3897763578275	True	1235660
SRR19575518	219.77923322683705	True	1375818
SRR19575519	188.94696485623004	True	1182808
SRR19575520	174.94920127795527	True	1095182
SRR19575521	184.8626198083067	True	1157240
SRR19575522	199.72252396166135	True	1250263
SRR19575523	120.05958466453674	True	751573
SRR19575524	137.72955271565496	True	862187
SRR19575525	166.63753993610223	True	1043151
SRR19575526	189.10654952076678	True	1183807
SRR19575527	195.97811501597445	True	1226823
SRR19575528	201.3073482428115	True	1260184
SRR19575529	203.5303514376997	True	1274100
SRR19575530	205.49249201277956	True	1286383
SRR19575531	237.54281150159744	True	1487018
SRR19575532	173.6384984025559	True	1086977
SRR19575533	146.82619808306708	True	919132
SRR19575534	110.87268370607029	True	694063
SRR19575535	178.220607028754	True	1115661
SRR19575536	166.7140575079872	True	1043630
SRR19575537	208.1140575079872	True	1302794
SRR19575538	207.54680511182107	True	1299243
SRR19575539	198.42779552715655	True	1242158
SRR19575540	168.00111821086261	True	1051687
SRR19575541	198.5038338658147	True	1242634
SRR19575542	208.64354952076678	True	1300905
SRR19575543	170.7544728434505	True	1068923
SRR19575544	188.89840255591054	True	1182504
SRR19575545	138.3643769968051	True	866161
SRR19575546	156.24696485623002	True	978106
SRR19575547	231.90074440894568	True	1445915
SRR19575548	209.46709265175718	True	1311264
SRR19575549	113.61453674121405	True	711227
SRR19575550	169.05638977635783	True	1058293
SRR19575551	197.98896038338657	True	1234473
SRR19575552	81.50399361022365	True	510215
SRR19575553	158.29600638977635	True	990933
SRR19575554	167.90135782747603	True	1046875
SRR19575555	192.63801916932908	True	1205914
SRR19575556	125.51805111821086	True	785743
SRR19575557	108.44201277955271	True	678847
SRR19575558	201.42843450479234	True	1260942
SRR19575559	173.97860511182108	True	1084767
SRR19575560	166.56246006389776	True	1042681
SRR19575561	150.2768370607029	True	940733
SRR19575562	177.81581469648563	True	1113127
SRR19575563	156.12076677316293	True	977316
SRR19575564	610.1092651757189	True	3819284
SRR19575565	173.7776357827476	True	1087848
SRR19575566	573.1664536741214	True	3588022
SRR19575567	511.3394568690096	True	3200985
SRR19575568	80.31837060702875	True	502793
SRR19575569	176.07667731629394	True	1102240
SRR19575570	505.25303514377	True	3162884
SRR19575571	199.69584664536742	True	1250096
SRR19575572	563.9982428115015	True	3530629
SRR19575573	198.49920127795528	True	1242605
SRR19575574	151.96597444089457	True	951307
SRR19575575	194.3517571884984	True	1216642
SRR19575576	214.4825878594249	True	1342661
SRR19575577	141.10399361022365	True	883311
SRR19575578	190.75654952076678	True	1194136
SRR19575579	167.33370607028755	True	1047509
SRR19575580	253.28722747603834	True	1579261
SRR19575581	184.77747603833865	True	1156707
SRR19575582	158.04712460063897	True	989375
SRR19575583	185.81261980830672	True	1163187
SRR19575584	180.98210862619808	True	1132948
SRR19575585	149.38753993610223	True	935166
SRR19575586	165.04456869009584	True	1033179
SRR19575587	126.4332268370607	True	791472
SRR19575588	28.143610223642174	False	176179
SRR19575589	178.17076677316294	True	1115349
SRR19575590	176.55079872204473	True	1105208
SRR19575591	183.00718849840257	True	1145625
SRR19575592	168.3688498402556	True	1053989
SRR19575593	126.30750798722045	True	790685
SRR19575594	201.42012779552715	True	1260890
SRR19575595	42.4297124600639	True	265610
SRR19575596	148.62987220447283	True	930423
SRR19575597	65.23562300319489	True	408375
SRR19575598	145.29536741214056	True	909549
SRR19575599	169.35395015974441	True	1055932
SRR19575600	176.15431309904153	True	1102726
SRR19575601	19.169488817891374	False	120001
SRR19575602	217.70104089456868	True	1357379
SRR19575603	223.73995654952077	True	1395032
SRR19575604	227.34938466453673	True	1417537
SRR19575605	189.38785942492012	True	1185568
SRR19575606	190.61389073482428	True	1188489
SRR19575607	213.17903130990416	True	1329184
SRR19575608	184.83335271565494	True	1152447
SRR19575609	209.1391341853035	True	1303995
SRR19575610	233.97722811501598	True	1458862
SRR19575611	197.35159680511183	True	1230499
SRR19575612	165.81932907348244	True	1038029
SRR19575613	559.8722044728435	True	3504800
SRR19575614	600.4902555910543	True	3759069
SRR19575615	521.8460063897763	True	3266756
SRR19575616	508.0543130990415	True	3180420
SRR19575617	462.88338658146967	True	2897650
SRR19575618	529.7779552715655	True	3316410
SRR19575619	477.23370607028755	True	2987483
SRR19575620	192.59542747603834	True	1200844
SRR19575621	575.0297124600639	True	3599686
SRR19575622	544.3642172523962	True	3407720
SRR19575623	566.5512779552715	True	3546611
SRR19575624	544.6886581469648	True	3409751
SRR19575625	575.7174121405751	True	3603991
SRR19575626	450.9463258785942	True	2822924
SRR19575627	206.32793418530352	True	1286467
SRR19575628	195.03453801916933	True	1216052
SRR19575629	227.12420638977636	True	1416133
SRR19575630	170.8790357827476	True	1065441
SRR19575631	185.84424920127796	True	1158750
SRR19575632	174.41773482428115	True	1087505
SRR19575633	209.56094249201277	True	1306625
SRR19575634	186.99900958466455	True	1165950
SRR19575635	199.90907028753995	True	1246445
SRR19575636	185.4707162939297	True	1156421
SRR19575637	204.34752012779552	True	1274119
SRR19575638	150.44731501597445	True	938048
SRR19575639	190.92198722044728	True	1190410
SRR19575640	240.06762683706071	True	1496836
SRR19575641	117.36070287539935	True	734678
SRR19575642	181.011821086262	True	1133134
SRR19575643	144.25095846645368	True	903011
SRR19575644	115.15591054313099	True	720876
SRR19575645	140.1070287539936	True	877070
SRR19575646	132.7325878594249	True	830906
SRR19575647	173.06485623003195	True	1083386
SRR19575648	176.46517571884985	True	1104672
SRR19575649	142.20974440894568	True	890233
SRR19575650	134.0279552715655	True	839015
SRR19575651	172.8437699680511	True	1082002
SRR19575652	181.028096485623	True	1128721
SRR19575653	145.10191693290736	True	908338
SRR19575654	143.05143769968052	True	895502
SRR19575655	164.69536741214057	True	1030993
SRR19575656	126.29936102236422	True	790634
SRR19575657	134.8555910543131	True	844196
SRR19575658	183.82364217252396	True	1150736
SRR19575659	108.59025559105432	True	679775
SRR19575660	214.90191693290734	True	1345286
SRR19575661	154.1453674121406	True	964950
SRR19575662	195.61725239616612	True	1224564
SRR19575663	149.31613418530353	True	934719
SRR19575664	179.34073482428116	True	1122673
SRR19575665	220.61584856230033	True	1375553
SRR19575666	145.81469648562302	True	912800
SRR19575667	242.93961661341854	True	1520802
SRR19575668	220.06166134185304	True	1377586
SRR19575669	485.6640575079872	True	3040257
SRR19575670	167.7496805111821	True	1050113
SRR19575671	172.2730031948882	True	1078429
SRR19575672	166.6140575079872	True	1043004
SRR19575673	499.3849840255591	True	3126150
SRR19575674	197.44728434504793	True	1236020
SRR19575675	190.31022364217253	True	1191342
SRR19575676	469.18370607028754	True	2937090
SRR19575677	438.19664536741215	True	2743111
SRR19575678	154.28482428115015	True	965823
SRR19575679	145.87507987220448	True	913178
SRR19575680	569.452715654952	True	3564774
SRR19575681	543.3610223642172	True	3401440
SRR19575682	558.3782747603834	True	3495448
SRR19575683	187.68706070287539	True	1174921
SRR19575684	168.25335463258787	True	1053266
SRR19575685	741.803194888179	True	4643688
SRR19575686	168.026517571885	True	1051846
SRR19575687	190.64532587859424	True	1188685
SRR19575688	574.3111821086262	True	3595188
SRR19575689	571.8004792332268	True	3579471
SRR19575690	581.5115015974441	True	3640262
SRR19575691	163.84392971246007	True	1025663
SRR19575692	203.2910747603834	True	1267532
SRR19575693	198.6115015974441	True	1243308
SRR19575694	157.1279552715655	True	983621
SRR19575695	162.53865814696485	True	1017492
SRR19575696	163.65159744408945	True	1024459
SRR19575697	237.0468057507987	True	1478001
SRR19575698	211.5143769968051	True	1324080
SRR19575699	155.31757188498403	True	972288
SRR19575700	182.33562300319488	True	1141421
SRR19575701	201.8490415335463	True	1263575
SRR19575702	163.57731629392973	True	1023994
SRR19575703	198.2982428115016	True	1241347
SRR19579571	501.3862619808307	True	3138678
SRR2007330	7.4103	False	909578
SRR2007331	8.46345	False	1038847
SRR2007332	8.976814696485622	False	1101860
SRR2007333	6.957320607028754	False	853977
SRR2043045	359.33695782747606	True	2434469
SRR2043986	811.9242412140575	True	5585325
SRR2043987	757.0641463258786	True	5219407
SRR20788554	1.437867412140575	False	120014
SRR20788555	1.8746046325878594	False	156467
SRR20788556	0.535758785942492	False	44718
SRR20788557	0.6252436102236422	False	52187
SRR20966454	15.403447284345049	False	159645
SRR20966455	15.991334185303515	False	165738
SRR20966456	111.64891757188498	True	1157156
SRR20966457	121.24827220447284	True	1256646
SRR20966458	61.52096996805112	True	637618
SRR20966459	43.86960063897764	True	454675
SRR20966460	38.20435079872205	True	395959
SRR20966461	46.109514376996806	True	477890
SRR21391378	45.146298402555914	True	467907
SRR21391379	28.953405750798723	False	300080
SRR21391380	35.28295910543131	True	365681
SRR21391381	26.21630159744409	False	271712
SRR21391382	39.32435591054313	True	407567
SRR21391383	28.720296485623003	False	297664
SRR21391384	30.290792971246006	True	313941
SRR21391385	28.754162939297125	False	298015
SRR21391386	11.686917571884983	False	121126
SRR21391387	20.428129073482427	False	211722
SRR21391388	9.407734185303514	False	97504
SRR21391389	10.841607028753993	False	112365
SRR21391390	6.197850479233227	False	64236
SRR21391391	31.663879872204472	True	328172
SRR21391392	19.147282428115016	False	198447
SRR21391393	22.534603194888177	False	233554
SRR21391394	22.701716293929714	False	235286
SRR21391395	22.02824664536741	False	228306
SRR21391396	10.797513099041533	False	111908
SRR21391397	38.2996785942492	True	396947
SRR21391398	10.107890415335463	False	78897
SRR21391399	29.151008306709265	False	302128
SRR21391400	26.004129712460063	False	269513
SRR21391401	54.58384664536741	True	565720
SRR21391402	39.055353993610225	True	404779
SRR21391403	28.4182	False	294533
SRR21391404	11.201015974440894	False	116090
SRR21391405	61.03255974440894	True	632556
SRR21391406	29.80103194888179	False	308865
SRR21391407	38.42385559105431	True	398234
SRR21391408	27.91811501597444	False	289350
SRR21391409	49.35085239616613	True	511484
SRR21391410	47.50373162939297	True	492340
SRR21391411	9.464467731629393	False	98092
SRR21391412	42.57061469648562	True	441212
SRR21391413	47.97409904153355	True	497215
SRR21391414	12.118497763578274	False	125599
SRR21391415	9.02044089456869	False	93490
SRR21391416	29.39849392971246	False	304693
SRR21391417	10.350784664536741	False	107278
SRR21391418	35.41089904153355	True	367007
SRR21391419	39.962608306709264	True	414182
SRR21391420	31.61727731629393	True	327689
SRR21391421	29.68206517571885	False	307632
SRR21391422	39.892849201277954	True	413459
SRR21391423	44.63179936102237	True	346644
SRR21391424	10.98797571884984	False	113882
SRR21391425	15.89484856230032	False	164738
SRR21391426	22.06327092651757	False	228669
SRR21391427	12.26573482428115	False	127125
SRR21391428	16.71632715654952	False	173252
SRR21391429	15.984290734824281	False	165665
SRR21391430	9.847998083067093	False	102067
SRR21391431	22.13505623003195	False	229413
SRR21391432	31.639179552715653	True	327916
SRR21391433	25.68601661341853	False	266216
SRR21391434	6.947929712460064	False	72010
SRR21391435	32.39495143769968	True	335749
SRR21391436	27.13677444089457	False	281252
SRR21391437	43.855031309904156	True	454524
SRR21391438	24.723476038338656	False	256240
SRR21391439	23.05919552715655	False	238991
SRR21391440	40.387145047923326	True	418582
SRR21391441	28.984088178913737	False	300398
SRR21391442	40.67226006389777	True	421537
SRR21391443	44.482573801916935	True	461028
SRR21391444	35.7710357827476	True	284894
SRR21391445	32.23285559105431	True	334069
SRR21391446	37.0764338658147	True	384269
SRR21391447	24.788314376996805	False	256912
SRR21391448	8.096976996805111	False	83919
SRR21391449	30.58777571884984	True	317019
SRR21391450	24.176402555910542	False	250570
SRR21391451	49.719716932907346	True	515307
SRR21391452	56.195735463258785	True	582426
SRR21391453	31.91737571884984	True	254202
SRR21391454	26.02236549520767	False	269702
SRR21391455	58.16568242811502	True	602843
SRR21391456	44.81930862619808	True	464518
SRR21391457	36.41570031948882	True	377421
SRR21391458	13.079687539936103	False	135561
SRR21391459	39.815853674121406	True	412661
SRR21391460	4.746417252396166	False	49193
SRR21391461	3.6756198083067093	False	38095
SRR21391462	4.885803194888179	False	37028
SRR21391463	4.917679233226837	False	50968
SRR21391464	59.84009392971246	True	620197
SRR21391465	23.610224920127795	False	244702
SRR21391466	57.26865559105431	True	593546
SRR21391467	47.60513801916933	True	493391
SRR21391468	42.74959552715655	True	443067
SRR21391469	28.21519424920128	False	292429
SRR21391470	41.576523322683705	True	430909
SRR21391471	41.065438977635786	True	425612
SRR21391472	20.062545047923322	False	207933
SRR21391473	43.61121214057508	True	451997
SRR21391474	45.74055335463259	True	474066
SRR21391475	7.133085623003195	False	73929
SRR21391476	42.17492715654952	True	437111
SRR21391477	10.831379552715655	False	112259
SRR21391478	52.91821533546326	True	548457
SRR21391479	46.510605111821086	True	482047
SRR21391480	39.5531233226837	True	409938
SRR21391481	37.02288434504792	True	383714
SRR21391482	37.51293482428115	True	388793
SRR21391483	48.773868370607026	True	505504
SRR21391484	44.190222364217256	True	457998
SRR21391485	25.860945047923323	False	268029
SRR21391486	22.074945686900957	False	228790
SRR21391487	42.91323514376997	True	444763
SRR21391488	10.731516932907349	False	111224
SRR21391489	36.814764856230035	True	381557
SRR21391490	33.41605878594249	True	346332
SRR21391491	27.71395143769968	False	287234
SRR21391492	27.39236485623003	False	283901
SRR21391493	60.71290287539936	True	629243
SRR21391494	15.061002555910543	False	157662
SRR21391495	15.716350159744408	False	162888
SRR21391496	49.74769776357827	True	515597
SRR21391497	34.68349392971246	True	359468
SRR21391498	8.517943769968051	False	88282
SRR21391499	10.641688817891374	False	110293
SRR21391500	24.750684984025558	False	256522
SRR21391501	12.70783194888179	False	131707
SRR21391502	12.611442811501597	False	130708
SRR21391503	33.939107348242814	True	351753
SRR21391504	34.01002428115016	True	352488
SRR21391505	33.222026198083064	True	344321
SRR21391506	46.73975846645367	True	484422
SRR21391507	8.244696485623003	False	85450
SRR21391508	33.73175974440895	True	349604
SRR21391509	25.861138019169328	False	268031
SRR21391510	28.96575591054313	False	300208
SRR21391511	25.90918785942492	False	268529
SRR21391512	44.54876293929713	True	461714
SRR21391513	14.239155271565496	False	147578
SRR21391514	30.331220447284345	True	314360
SRR21391515	21.808548881789136	False	226029
SRR21391516	48.52569201277955	True	375954
SRR21391517	34.87646517571885	True	361468
SRR21391518	11.630762939297124	False	120544
SRR21391519	46.35207923322684	True	480404
SRR21391520	26.539046006389775	False	275057
SRR21391521	47.013391693290735	True	487258
SRR21391522	40.58995782747604	True	420684
SRR21391523	22.752757188498403	False	235815
SRR21391524	31.22438785942492	True	323617
SRR21391525	5.316550798722044	False	55102
SRR21391526	25.137109904153355	False	260527
SRR21391527	23.615628115015973	False	244758
SRR21391528	21.23416996805112	False	220076
SRR21391529	11.404407667731629	False	118198
SRR21391530	6.591704792332268	False	68318
SRR21391531	19.18066645367412	False	198793
SRR21391532	17.360272204472842	False	179926
SRR21391533	8.66074249201278	False	89762
SRR21391534	42.52931884984026	True	440784
SRR21391535	10.076958466453673	False	104440
SRR21391536	11.522988498402556	False	119427
SRR21391537	27.690119488817892	False	286987
SRR21391538	33.642028115015975	True	348674
SRR21391539	31.790469009584665	True	329484
SRR21391540	32.24105686900958	True	334154
SRR21391541	11.804533546325878	False	122345
SRR21391542	57.655080511182106	True	597551
SRR21391543	86.66965814696485	True	898265
SRR21391544	42.319462619808306	True	438609
SRR21391545	25.748732268370606	False	266866
SRR21391546	93.06501469648562	True	964548
SRR21391547	11.977339297124601	False	124136
SRR21391548	15.625364217252397	False	161945
SRR21391549	33.713716932907346	True	349417
SRR21391550	46.0128357827476	True	476888
SRR21391551	50.07516996805112	True	518991
SRR21391552	32.32943769968051	True	335070
SRR21391553	52.64429265175719	True	545618
SRR21391554	97.9507571884984	True	1015185
SRR21391555	6.285362939297125	False	65143
SRR21391556	2.916181469648562	False	30224
SRR21391557	31.9486089456869	True	331123
SRR21391558	30.849155271565497	True	319728
SRR21391559	56.3621731629393	True	584151
SRR21391560	9.904828115015974	False	102656
SRR21391561	25.428496485623004	False	263547
SRR21391562	5.0159980830670925	False	51987
SRR21391563	67.11742555910543	True	695621
SRR21391564	11.914430670926517	False	123484
SRR21391565	20.00928498402556	False	207381
SRR21391566	29.103344408945688	False	301634
SRR21391567	82.16763897763579	True	851605
SRR21391568	11.235654313099042	False	116449
SRR21391569	29.044102236421725	False	301020
SRR21391570	45.18132268370607	True	468270
SRR21391571	4.33944089456869	False	44975
SRR21391572	6.139088817891373	False	45534
SRR21391573	37.18411182108626	True	385385
SRR21391574	2.131849840255591	False	22095
SRR21391575	4.6615099041533545	False	48313
SRR21391576	6.73672268370607	False	69821
SRR21391577	5.223166134185304	False	39394
SRR21391578	10.408000638977636	False	107871
SRR21391579	14.580038977635782	False	151111
SRR21391580	43.59519552715655	True	451831
SRR21391581	11.143703514376996	False	115496
SRR21391582	10.909629392971246	False	113070
SRR21391583	23.6525821086262	False	245141
SRR21391584	15.14013801916933	False	156916
SRR21391585	24.178042811501598	False	250587
SRR21391586	35.82877827476038	True	371338
SRR21391587	22.125311182108625	False	229312
SRR21391588	5.827924600638978	False	60402
SRR21391589	68.60118146964857	True	710999
SRR21391590	16.2627482428115	False	168551
SRR21391591	40.25023194888179	True	417163
SRR21391592	10.514038338658146	False	108970
SRR21391593	36.353081150159746	True	376772
SRR21391594	8.60246517571885	False	89158
SRR21391595	17.70897124600639	False	183540
SRR21391596	30.102356549520767	True	311988
SRR21391597	26.913217252396166	False	278935
SRR21391598	8.941129712460064	False	92668
SRR21391599	32.649962939297126	True	338392
SRR21391600	68.20780958466453	True	706922
SRR21391601	34.93599680511182	True	362085
SRR21391602	26.344434504792332	False	273040
SRR21391603	27.209428115015974	False	282005
SRR21391604	31.314023003194887	True	324546
SRR21391605	5.188996805111821	False	53780
SRR21391606	24.63808626198083	False	255355
SRR21391607	48.468008945686904	True	502334
SRR21391608	23.163207028753995	False	240069
SRR21391609	11.79729712460064	False	122270
SRR21391610	18.035864536741215	False	186928
SRR21391611	34.335759744408946	True	355864
SRR21391612	21.21728498402556	False	219901
SRR21391613	35.23230415335463	True	365156
SRR21391614	40.878546325878595	True	423675
SRR21391615	7.175732268370607	False	74371
SRR21391616	9.889969329073482	False	102502
SRR21391617	68.42200766773163	True	709142
SRR21391618	33.870602555910544	True	351043
SRR21391619	36.69222811501597	True	380287
SRR21391620	11.726476677316294	False	121536
SRR21391621	26.620576357827478	False	275902
SRR21391622	25.933502236421724	False	268781
SRR21391623	23.01153162939297	False	238497
SRR21391624	36.228904153354634	True	375485
SRR21391625	23.93933738019169	False	248113
SRR21391626	60.36835271565495	True	625672
SRR21391627	45.40295015974441	True	470567
SRR21391628	19.441370607028755	False	201495
SRR21391629	21.5990785942492	False	223858
SRR21391630	42.25472076677316	True	437938
SRR21391631	11.371120127795526	False	117853
SRR21391632	28.3064696485623	False	293375
SRR21391633	10.347890095846646	False	107248
SRR21391634	22.741468370607027	False	235698
SRR21391635	31.77580319488818	True	329332
SRR21391636	13.556615974440895	False	140504
SRR21391637	17.95953961661342	False	129823
SRR21391638	34.03578594249201	True	352755
SRR21391639	27.961630031948882	False	289801
SRR21391640	14.762782747603834	False	153005
SRR21391641	15.375466453674122	False	159355
SRR21391642	31.87421853035144	True	330352
SRR21391643	42.41093099041534	True	439557
SRR21391644	37.418185942492016	True	387811
SRR21391645	86.11139233226837	True	892479
SRR21391646	8.584036421725239	False	88967
SRR21391647	32.4771571884984	True	336601
SRR21391648	46.19152715654952	True	478740
SRR21391649	22.196131629392973	False	230046
SRR21391650	23.940012779552717	False	248120
SRR21391651	31.86611373801917	True	330268
SRR21391652	63.48522428115016	True	657976
SRR21391653	7.371598083067092	False	76401
SRR21391654	2.783320766773163	False	28847
SRR21391655	40.34536677316294	True	418149
SRR21391656	28.101051757188497	False	291246
SRR21391657	33.80711501597444	True	350385
SRR21391658	43.57387220447284	True	451610
SRR21391659	44.75533865814697	True	463855
SRR21391660	28.424085623003194	False	294594
SRR21391661	14.545304153354632	False	150751
SRR21391662	14.483649840255591	False	150112
SRR21391663	59.24140063897764	True	613992
SRR21391664	31.196985942492013	True	323333
SRR21391665	31.518572523961662	True	326666
SRR21391666	33.75124984025559	True	349806
SRR21391667	54.35614057507987	True	563360
SRR21391668	60.93684600638978	True	631564
SRR21391669	39.0333552715655	True	404551
SRR21391670	64.22816357827476	True	665676
SRR21391671	30.30449392971246	True	314083
SRR21391672	73.98025495207668	True	766749
SRR21391673	49.527035143769965	True	513310
SRR21391674	27.120275399361024	False	281081
SRR21391675	24.751456869009584	False	256530
SRR21391676	7.867148242811502	False	81537
SRR21391677	29.433035782747602	False	305051
SRR21391678	25.800930990415335	False	267407
SRR21391679	22.251224920127797	False	230617
SRR21391680	14.387357188498402	False	149114
SRR21391681	33.62224856230032	True	348469
SRR21391682	30.291757827476037	True	313951
SRR21391683	34.40021214057508	True	356532
SRR21391684	53.675434504792335	True	556305
SRR21391685	18.29068306709265	False	189569
SRR21391686	21.813083706070287	False	226076
SRR21391687	9.47951948881789	False	98248
SRR21391688	68.70065814696486	True	712030
SRR21391689	48.419862619808306	True	501835
SRR21391690	55.74138466453674	True	577717
SRR21391691	39.43039361022364	True	408666
SRR21391692	24.179972523961663	False	250607
SRR21391693	54.239875399361026	True	562155
SRR21391694	27.140054952076678	False	281286
SRR21391695	10.930470287539936	False	113286
SRR21391696	63.50722300319489	True	658204
SRR21391697	7.345739936102237	False	76133
SRR21391698	10.3978696485623	False	107766
SRR21391699	30.11605750798722	True	312130
SRR21391700	38.150994249201275	True	395406
SRR21391701	48.21309392971246	True	499692
SRR21391702	23.088334185303513	False	239293
SRR21391703	51.178869009584666	True	530430
SRR21391704	12.96515910543131	False	134374
SRR21391705	12.641160383386582	False	131016
SRR21391706	14.481334185303515	False	150088
SRR21391707	29.07237252396166	False	301313
SRR21391708	57.57818146964856	True	596754
SRR21391709	24.83318019169329	False	257377
SRR21391710	8.22105750798722	False	85205
SRR21391711	21.791482428115017	False	169670
SRR21391712	43.92015910543131	True	455199
SRR21391713	25.803246645367413	False	267431
SRR21391714	7.864832587859425	False	81513
SRR21391715	6.953429392971246	False	72067
SRR21391716	32.42727412140575	True	336084
SRR21391717	40.97266198083067	True	319016
SRR21391718	7.232176357827476	False	74956
SRR21391719	61.32741980830671	True	635612
SRR21391720	8.947111821086262	False	92730
SRR21391721	5.530941853035144	False	57324
SRR21391722	10.42864856230032	False	108085
SRR21391723	13.749201277955272	False	142500
SRR21391724	27.042411501597446	False	280274
SRR21391725	34.56800063897764	True	358271
SRR21391726	2.7988549520766774	False	29008
SRR21391727	11.91240447284345	False	123463
SRR21391728	34.89817444089457	True	361693
SRR21391729	35.04599041533546	True	363225
SRR21391730	41.554235143769965	True	430678
SRR21391731	68.54010607028754	True	710366
SRR21391732	24.41761661341853	False	253070
SRR21391733	39.97833546325879	True	414345
SRR21391734	42.148876038338656	True	436841
SRR21391735	55.020444089456866	True	570245
SRR21391736	19.857030670926516	False	205803
SRR21391737	6.673717571884984	False	69168
SRR21391738	26.422215974440896	False	182968
SRR21391739	25.52025431309904	False	264498
SRR21391740	22.194780830670926	False	230032
SRR21391741	20.42069968051118	False	211645
SRR21391742	11.150952076677317	False	85128
SRR21391743	23.87256932907348	False	247421
SRR21391744	40.91569329073482	True	424060
SRR21391745	27.607817252396167	False	286134
SRR21391746	37.486208306709266	True	388516
SRR21391747	22.770028115015975	False	235994
SRR21391748	11.385592971246007	False	118003
SRR21391749	16.800366134185303	False	174123
SRR21391750	29.384117571884985	False	304544
SRR21391751	47.23820319488818	True	489588
SRR21391752	32.55405623003195	True	337398
SRR21391753	31.822502236421727	True	329816
SRR21391754	27.4699392971246	False	284705
SRR21391755	19.40837252396166	False	201153
SRR21391756	36.01924089456869	True	373312
SRR21391757	3.7765846645367414	False	28831
SRR21391758	54.25849712460064	True	562348
SRR21391759	42.734447284345045	True	442910
SRR21391760	20.677158466453673	False	214303
SRR21391761	33.43400511182109	True	346518
SRR21391762	39.11768370607029	True	405425
SRR21391763	32.645042172523965	True	338341
SRR21391764	23.925250479233227	False	247967
SRR21391765	28.269129712460064	False	292988
SRR21391766	22.456063897763578	False	232740
SRR21391767	55.4653392971246	True	574856
SRR21391768	30.871153993610225	True	319956
SRR21391769	52.96751948881789	True	548968
SRR21391770	46.43447795527157	True	481258
SRR21391771	72.0151322683706	True	746382
SRR21391772	44.082254952076674	True	456879
SRR21391773	15.915303514376998	False	164950
SRR21391774	30.51927092651757	True	316309
SRR21391775	42.931181469648564	True	444949
SRR21391776	44.91068051118211	True	465465
SRR21391777	51.62887795527156	True	535094
SRR21391778	58.93969009584664	True	610865
SRR21391779	9.810658146964856	False	101680
SRR21391780	23.59141022364217	False	244507
SRR21391781	26.33411054313099	False	272933
SRR21391782	14.795394888178913	False	153343
SRR21391783	33.55760319488818	True	347799
SRR21391784	25.411707987220446	False	263373
SRR21391785	59.068594888178914	True	612201
SRR21391786	62.85064217252396	True	479811
SRR21391787	26.97400319488818	False	279565
SRR21391788	33.34195782747604	True	345564
SRR21391789	47.01647923322684	True	487290
SRR21391790	19.09150159744409	False	150900
SRR21391791	7.810221725239616	False	80947
SRR21391792	13.350040255591054	False	138363
SRR21391793	25.901372523961662	False	268448
SRR21391794	41.04421214057508	True	425392
SRR21391795	12.483598722044729	False	87218
SRR21391796	29.609700958466455	False	306882
SRR21391797	45.48284025559106	True	471395
SRR21391798	26.29754249201278	False	272554
SRR21391799	14.534980191693291	False	150644
SRR21391800	37.411528434504795	True	387742
SRR21391801	4.938134185303515	False	51180
SRR21391802	63.601296485623	True	659179
SRR21391803	66.84128370607029	True	692759
SRR21391804	10.090080511182109	False	104576
SRR21391805	37.30047348242812	True	386591
SRR21391806	36.462206389776355	True	377903
SRR21391807	89.49823067092652	True	927581
SRR21391808	14.634456869009584	False	151675
SRR21391809	31.92265431309904	True	330854
SRR21391810	22.811999361022366	False	236429
SRR21391811	38.124267731629395	True	395129
SRR21391812	10.077633865814697	False	104447
SRR21391813	27.490973162939298	False	284923
SRR21391814	48.727844728434505	True	505027
SRR21391815	34.95095207667732	True	362240
SRR21391816	35.66475271565495	True	369638
SRR21391817	30.721697763578273	True	318407
SRR21391818	12.482055591054314	False	129367
SRR21391819	59.0351143769968	True	611854
SRR21391820	52.84575463258786	True	547706
SRR21391821	33.57574249201278	True	347987
SRR21391822	24.091881150159743	False	249694
SRR21391823	30.466493290734824	True	315762
SRR21391824	5.599736102236422	False	58037
SRR21391825	30.46639680511182	True	315761
SRR21391826	31.69610607028754	True	328506
SRR21391827	60.957686900958464	True	631780
SRR21391828	40.03873546325879	True	414971
SRR21391829	52.6931143769968	True	546124
SRR21391830	21.04303194888179	False	218095
SRR21391831	31.608883067092652	True	327602
SRR21391832	34.39934376996805	True	356523
SRR21391833	31.32984664536741	True	324710
SRR21391834	39.57792012779553	True	410195
SRR21391835	42.093589776357824	True	436268
SRR21391836	12.50974696485623	False	129654
SRR21391837	44.926697124600636	True	465631
SRR21391838	32.65044536741214	True	338397
SRR21391839	43.95720958466454	True	455583
SRR21391840	27.477947603833865	False	284788
SRR21391841	12.079517571884985	False	125195
SRR21391842	24.887984025559106	False	257945
SRR21391843	49.24848115015975	True	510423
SRR21391844	26.590376357827477	False	275589
SRR21391845	12.276637699680512	False	127238
SRR21391846	7.335512460063898	False	76027
SRR21391847	15.84110607028754	False	164181
SRR21391848	9.584206389776357	False	99333
SRR21391849	35.17885303514377	True	273905
SRR21391850	42.50207156549521	True	349164
SRR21391851	26.22025750798722	False	271753
SRR21391852	2.493381469648562	False	25842
SRR21391853	47.792513099041535	True	495333
SRR21391854	8.112607667731629	False	84081
SRR21391855	11.179017252396166	False	115862
SRR21391856	8.462464536741214	False	87707
SRR21391857	9.81586837060703	False	101734
SRR21391858	34.1380607028754	True	353815
SRR21391859	25.382762300319488	False	263073
SRR21391860	45.00012268370607	True	466392
SRR21391861	66.81185559105431	True	692454
SRR21391862	45.95976869009585	True	476338
SRR21391863	28.522500958466452	False	295614
SRR21391864	15.716355271565495	False	126784
SRR21391865	46.88767092651757	True	485955
SRR21391866	38.43003067092652	True	398298
SRR21391867	61.815637060702876	True	640672
SRR21391868	72.47208817891374	True	751118
SRR21391869	48.843627476038336	True	506227
SRR21391870	41.58009329073482	True	430946
SRR21391871	43.887353993610226	True	454859
SRR21391872	42.54330926517572	True	440929
SRR21391873	28.08156166134185	False	291044
SRR21391874	40.18510415335463	True	416488
SRR21391875	26.284420447284344	False	272418
SRR21391876	8.10353801916933	False	83987
SRR21391877	6.352227476038339	False	65836
SRR21391878	39.757190415335465	True	412053
SRR21391879	25.394533546325878	False	263195
SRR21391880	29.49536549520767	False	305697
SRR21391881	28.085614057507986	False	291086
SRR21391882	40.3533750798722	True	418232
SRR21391883	20.026362939297126	False	207558
SRR21391884	31.888884345047924	True	330504
SRR21391885	46.78385239616613	True	484879
SRR21391886	36.32104792332268	True	376440
SRR21391887	24.746922044728436	False	256483
SRR21391888	31.405201916932906	True	325491
SRR21391889	65.34768626198083	True	677279
SRR21391890	13.219205750798722	False	137007
SRR21391891	16.308	False	169020
SRR21391892	15.138015335463258	False	156894
SRR21391893	47.15627539936102	True	359122
SRR21391894	60.386	True	433505
SRR21391895	13.054408306709265	False	135299
SRR21391896	24.839065814696486	False	257438
SRR21391897	27.415135463258785	False	284137
SRR21391898	6.670147603833866	False	69131
SRR21391899	15.663283067092651	False	162338
SRR21391900	11.247136102236421	False	116568
SRR21391901	11.249548242811501	False	116593
SRR21391902	11.23710159744409	False	116464
SRR21391903	31.13282300319489	True	322668
SRR21391904	18.76240127795527	False	194458
SRR21391905	6.27947731629393	False	65082
SRR21391906	12.821009584664537	False	132880
SRR21391907	39.01521597444089	True	404363
SRR21391908	27.17006198083067	False	281597
SRR21391909	17.312994249201278	False	179436
SRR21391910	34.553431309904155	True	358120
SRR21391911	25.91854696485623	False	268626
SRR21391912	16.19723450479233	False	167872
SRR21391913	22.79762300319489	False	236280
SRR21391914	17.034440255591054	False	176549
SRR21391915	26.395280511182108	False	212931
SRR21391916	24.912298402555912	False	258197
SRR21391917	32.67881214057508	True	338691
SRR21391918	22.91456357827476	False	237492
SRR21391919	9.381490095846646	False	97232
SRR21391920	10.869491373801917	False	112654
SRR21391921	51.04764856230032	True	529070
SRR21391922	7.771462300319489	False	60359
SRR21391923	7.958809584664537	False	82487
SRR21391924	25.772467731629394	False	267112
SRR21391925	21.2064785942492	False	219789
SRR21391926	15.205555271565496	False	157594
SRR21391927	21.482523961661343	False	222650
SRR21391928	25.382279872204474	False	263068
SRR21391929	5.765884345047923	False	59759
SRR21391930	11.798358466453674	False	122281
SRR21391931	12.373509265175718	False	128242
SRR21391932	25.728470287539935	False	266656
SRR21391933	7.534465814696485	False	78089
SRR21391934	38.98376166134185	True	404037
SRR21391935	16.811249201277956	False	123230
SRR21391936	17.026567092651756	False	122513
SRR21391937	70.62979169329074	True	732024
SRR21391938	29.13904408945687	False	302004
SRR21391939	6.744923961661342	False	69906
SRR21391940	10.452359744408946	False	80581
SRR21391941	7.464031309904153	False	77359
SRR21391942	7.948196166134185	False	82377
SRR21391943	17.752679233226836	False	183993
SRR21391944	7.578270287539936	False	78543
SRR21391945	26.929812779552716	False	279107
SRR21391946	4.7112	False	48828
SRR21391947	65.27898849840255	True	676567
SRR21391948	59.114232587859426	True	612674
SRR21391949	29.763692012779554	False	308478
SRR21391950	1.3855335463258787	False	14360
SRR21391951	5.143011821086262	False	62153
SRR21391952	34.477014696485625	True	357328
SRR21536900	540.3191693290735	True	5637330
SRR21536901	272.14121405750797	True	2839340
SRR21536902	201.20242811501598	True	2099212
SRR21536903	515.7251118210862	True	5380732
SRR21536904	329.70594249201275	True	3439932
SRR21536905	297.93546325878594	True	3108460
SRR21536906	219.55773162939298	True	2290719
SRR21536907	217.5335463258786	True	2269600
SRR21536908	206.6535143769968	True	2156085
SRR21536909	272.7288498402556	True	2845471
SRR21536910	185.42031948881788	True	1934552
SRR21536911	208.5085303514377	True	2175439
SRR21536912	316.2946006389776	True	3300007
SRR21536913	321.1305431309904	True	3350462
SRR21536914	165.04130990415337	True	1721931
SRR21536915	281.55651757188497	True	2937573
SRR21536916	221.11523961661342	True	2306969
SRR21536917	292.9906389776358	True	3056869
SRR21536918	332.9469009584665	True	3473746
SRR21536919	225.91658146964855	True	2357063
SRR21536920	292.540447284345	True	3052172
SRR21536921	285.0691054313099	True	2974221
SRR21536922	247.53105431309905	True	2582574
SRR21536923	348.5900319488818	True	3636956
SRR21536924	206.16651757188498	True	2151004
SRR21536925	211.15945686900957	True	2203097
SRR21536926	259.56	True	2708076
SRR21536927	206.95801916932908	True	2159262
SRR21536928	610.4588817891374	True	6369121
SRR21536929	407.6190095846645	True	4252825
SRR21536930	233.75961661341853	True	2438892
SRR21536931	232.45840255591054	True	2425316
SRR21536932	382.1920447284345	True	3987537
SRR21536933	467.92667731629393	True	4882035
SRR21536934	235.38891373801917	True	2455891
SRR21536935	223.255303514377	True	2329297
SRR21536936	226.16492012779554	True	2359654
SRR21536937	211.15955271565494	True	2203098
SRR21536938	219.9217571884984	True	2294517
SRR21536939	419.6385623003195	True	4378229
SRR21536940	482.57022364217255	True	5034816
SRR21536941	213.10437699680512	True	2223389
SRR21536942	246.16753993610223	True	2568348
SRR21536943	219.02386581469648	True	2285149
SRR21536944	462.5752715654952	True	4826202
SRR21536945	432.271821086262	True	4510036
SRR21536946	221.71370607028754	True	2313213
SRR21536947	230.8897733226837	True	133177
SRR21536948	140.4889431309904	True	81176
SRR21536949	149.81727476038338	True	87979
SRR21536950	195.43897763578275	True	2039080
SRR21536951	200.96769968051117	True	2096763
SRR21536952	359.25774376996804	True	232474
SRR21536953	343.984696485623	True	3588907
SRR21536954	292.48562300319486	True	3051600
SRR21536955	556.7116293929712	True	5808358
SRR21536956	245.53984025559106	True	2561799
SRR21536957	371.420607028754	True	3875155
SRR21536958	170.792875399361	True	1781939
SRR21536959	312.97351437699683	True	3265357
SRR21536960	354.9776357827476	True	3703600
SRR21536961	361.47450479233225	True	3771384
SRR21536962	452.05341853035145	True	4716424
SRR21536963	193.30447284345047	True	2016810
SRR21536964	204.57488817891374	True	2134398
SRR21536965	336.3669968051118	True	3509429
SRR21536966	227.59533546325878	True	2374578
SRR21536967	372.45335463258783	True	3885930
SRR21536968	180.46169329073481	True	1882817
SRR21536969	315.42632587859424	True	3290948
SRR21536970	416.10575079872206	True	4341370
SRR21536971	181.02805111821087	True	1888726
SRR21536972	854.8967731629393	True	8919423
SRR21536973	494.05217252396164	True	5154611
SRR21536974	324.45345047923325	True	3385131
SRR21536975	402.02233226837063	True	4194433
SRR21536976	343.20565495207666	True	3580779
SRR21536977	339.2390415335463	True	3539394
SRR21536978	433.7915654952077	True	4525892
SRR21536979	236.3169968051118	True	2465574
SRR21536980	387.6884664536741	True	4044883
SRR21536981	178.9205750798722	True	1866738
SRR21536982	881.8447284345048	True	9200580
SRR21536983	242.8876677316294	True	2534128
SRR21536984	311.0056869009585	True	3244826
SRR21536985	278.998945686901	True	2910889
SRR21536986	303.2488178913738	True	3163896
SRR21536987	852.3131309904153	True	8892467
SRR21536988	327.48603833865815	True	3416771
SRR21536989	226.094089456869	True	2358915
SRR21536990	275.02648562300317	True	2869443
SRR21536991	310.71507987220446	True	3241794
SRR21536992	327.1215335463259	True	3412968
SRR21536993	208.46626198083067	True	2174998
SRR21536994	212.7214696485623	True	2219394
SRR21536995	168.52658146964856	True	1758294
SRR21536996	240.18019169329074	True	2505880
SRR21536997	1202.7919169329073	True	12549129
SRR21536998	578.7256869009585	True	6038038
SRR21536999	318.5009904153355	True	3323027
SRR21537000	331.39102236421724	True	3457513
SRR21537001	397.54111821086263	True	4147679
SRR21537002	312.7535463258786	True	3263062
SRR21537003	193.46837060702876	True	2018520
SRR21537004	223.1282108626198	True	2327971
SRR21537005	194.39568690095845	True	2028195
SRR21537006	327.3011501597444	True	3414842
SRR21537007	232.7852396166134	True	2428726
SRR21537008	235.21984025559107	True	2454127
SRR21537009	238.4155591054313	True	2487469
SRR21537010	176.34124600638978	True	1839827
SRR21537011	172.75130990415335	True	1802372
SRR21537012	405.7671565495208	True	4233504
SRR21537013	169.09255591054313	True	1764199
SRR21537014	223.53230031948883	True	2332187
SRR21537015	201.90699680511182	True	2106563
SRR21537016	505.8514696485623	True	5277717
SRR21537017	560.4929712460064	True	5847810
SRR21537018	1098.213162939297	True	11458024
SRR21537019	694.1701916932907	True	7242509
SRR21537020	448.93782747603836	True	4683918
SRR21537021	402.8314696485623	True	4202875
SRR21537022	243.50750798722044	True	2540595
SRR21537023	425.9832268370607	True	4444425
SRR21537024	238.46271565495206	True	2487961
SRR21537025	208.81456869009585	True	2178632
SRR21537026	482.86428115015974	True	5037884
SRR21537027	393.5561980830671	True	4106103
SRR21537028	199.29431309904155	True	2079304
SRR21537029	231.47051118210862	True	2415009
SRR21537030	300.74166134185305	True	3137738
SRR21537031	247.95699680511183	True	2587018
SRR21537032	221.29830670926518	True	2308879
SRR21537033	223.8103514376997	True	2335088
SRR21537034	202.7768051118211	True	2115638
SRR21537035	214.54332268370607	True	2238402
SRR21537036	239.86389776357828	True	2502580
SRR21537037	191.68178913738018	True	1999880
SRR21537038	562.5505111821086	True	5869277
SRR21537039	213.32894568690097	True	2225732
SRR21537040	187.6373482428115	True	1957683
SRR21537041	373.93217252396164	True	3901359
SRR21537042	192.68252396166133	True	2010321
SRR21537043	207.08386581469648	True	2160575
SRR21537044	193.82376996805112	True	2022228
SRR21537045	213.30900958466452	True	2225524
SRR21537046	823.2687220447284	True	8589437
SRR21537047	205.37683706070288	True	2142765
SRR21537048	189.93881789137382	True	1981695
SRR21537049	197.08955271565495	True	2056301
SRR21537050	376.30303514377	True	3926095
SRR21537051	373.21619808306707	True	3893889
SRR21537052	176.70718849840256	True	1843645
SRR21537053	367.85338658146964	True	3837937
SRR21537054	296.1990095846645	True	3090343
SRR21537055	274.1826517571885	True	2860639
SRR21537056	248.40920127795528	True	2591736
SRR21537057	246.5550479233227	True	2572391
SRR21537058	226.80019169329074	True	2366282
SRR21537059	423.60632587859425	True	4419626
SRR21537060	253.13022364217252	True	2640992
SRR21537061	408.99124600638976	True	4267142
SRR21537062	379.40424920127793	True	3958451
SRR21537063	233.28287539936102	True	2433918
SRR21537064	266.42309904153353	True	2779681
SRR21537065	415.784089456869	True	4338014
SRR21537066	440.067124600639	True	4591367
SRR21537067	271.4434504792332	True	2832060
SRR21537068	229.58376996805112	True	2395324
SRR21537069	429.7209584664537	True	4483422
SRR21537070	248.26102236421724	True	2590190
SRR21537071	232.86958466453675	True	2429606
SRR21537072	200.9138338658147	True	2096201
SRR21537073	209.851821086262	True	2189454
SRR21537074	236.7258785942492	True	2469840
SRR21537075	236.63185303514376	True	2468859
SRR21537076	223.9882428115016	True	2336944
SRR21537077	171.14185303514378	True	1785580
SRR21537078	518.0076996805112	True	5404547
SRR21537079	211.20488817891373	True	2203571
SRR21537080	295.07482428115014	True	3078614
SRR21537081	177.6561661341853	True	1853546
SRR21537082	354.01485623003197	True	3693555
SRR21537083	286.85750798722046	True	2992880
SRR21537084	335.17658146964857	True	3497009
SRR21537085	249.1299680511182	True	2599256
SRR21537086	278.93798722044727	True	2910253
SRR21537087	252.90862619808306	True	2638680
SRR21537088	384.8496805111821	True	4015265
SRR21537089	212.5114696485623	True	2217203
SRR21537090	409.0597763578275	True	4267857
SRR21537091	623.5555591054313	True	6505763
SRR21537092	316.03696485623004	True	3297319
SRR21537093	398.2000638977636	True	4154554
SRR21537094	302.49047923322684	True	3155984
SRR21537095	350.90779552715657	True	3661138
SRR21537096	414.93833865814696	True	4329190
SRR21537097	471.45115015974443	True	4918807
SRR21537098	449.00635782747605	True	4684633
SRR21537099	441.0091054313099	True	4601195
SRR21537100	194.5032268370607	True	2029317
SRR21537101	276.1253674121406	True	2880908
SRR21537102	507.25715654952074	True	5292383
SRR2174566	197.91777412140576	True	20310906
SRR2174567	216.7664501597444	True	21886419
SRR21822659	220.47688498402556	True	2285075
SRR21822660	317.34594185303513	True	3289049
SRR21822661	204.10144153354634	True	2115356
SRR21822666	240.1699194888179	True	1248724
SRR21822667	244.4381571884984	True	1270916
SRR21822668	189.70154760383386	True	986322
SRR21822669	257.48482428115017	True	1338750
SRR21822670	248.96277380191694	True	1294441
SRR21822671	234.970985942492	True	1221693
SRR21822674	385.89405623003194	True	3999498
SRR21822675	213.19279936102237	True	2209581
SRR21839729	33.47739984025559	True	54391
SRR21888461	13.852080670926517	False	1156187
SRR21888462	14.370479233226837	False	1199456
SRR21888463	14.340527156549522	False	1196956
SRR22023869	71.30565495207668	True	811588
SRR22023870	65.96451565495208	True	776199
SRR22023871	57.76142108626198	True	655048
SRR22023872	33.14312300319489	True	377229
SRR22023873	182.26716357827476	True	2082103
SRR22023874	96.88611661341854	True	1144353
SRR22023875	165.21054057507988	True	1901136
SRR22023876	195.88330766773163	True	2279237
SRR22023877	39.10936932907348	True	451706
SRR22023878	87.69851501597444	True	994552
SRR22023879	83.19373801916933	True	946896
SRR22023880	104.62727923322684	True	1186534
SRR22023881	93.93408690095846	True	1065267
SRR22023882	84.66718849840255	True	960175
SRR22023883	102.40217252396167	True	1161300
SRR22023884	71.01807028753994	True	817230
SRR22023885	129.9307501597444	True	1495159
SRR22023886	150.10659744408946	True	1708486
SRR22023887	228.873910543131	True	2653242
SRR22023888	124.57565654952077	True	1428285
SRR22023889	74.9842412140575	True	853457
SRR22023890	96.61878210862619	True	1095713
SRR22023891	129.3500127795527	True	1499502
SRR22023892	389.82077252396164	True	4502358
SRR22023893	67.94476293929712	True	770533
SRR22023894	187.82609329073483	True	2153464
SRR22023895	37.219941214057506	True	428303
SRR22023896	99.86958594249201	True	1132579
SRR22023897	56.1279392971246	True	638838
SRR22023898	66.29986070287539	True	774323
SRR22023899	183.06608051118212	True	2106606
SRR22023900	220.57196357827476	True	2528902
SRR22023901	42.08791533546326	True	479037
SRR22023902	160.3963143769968	True	1845737
SRR22023903	56.424816293929716	True	642217
SRR22023904	79.05204345047923	True	896496
SRR22023905	79.59875782747604	True	877268
SRR22023906	112.07128753993611	True	1230818
SRR22023907	105.26415814696486	True	1156059
SRR22023908	146.015607028754	True	1603610
SRR22023909	222.81551182108626	True	2455678
SRR22023910	108.87398594249201	True	1199914
SRR22023911	172.89311022364217	True	1898791
SRR22023912	87.14607987220447	True	957078
SRR22023913	217.51432907348243	True	2521555
SRR22023914	192.60961661341852	True	2122775
SRR22023915	123.76184664536741	True	1363995
SRR22023916	125.70311821086263	True	1385390
SRR22023917	153.87101853035145	True	1695832
SRR22023918	159.29278274760384	True	1749426
SRR22023919	148.42235463258785	True	1630042
SRR22023920	142.08096805111822	True	1560398
SRR22023921	121.48293450479233	True	1334181
SRR22023922	121.64637699680512	True	1335976
SRR22023923	101.81228913738019	True	1118149
SRR22023924	201.8049872204473	True	2339443
SRR22023925	192.65307987220447	True	2115804
SRR22023926	207.0623338658147	True	2274053
SRR22023927	244.2000766773163	True	2691360
SRR22023928	229.0417552715655	True	2533218
SRR22023929	164.8441252396166	True	1816768
SRR22023930	165.27756549520765	True	1821545
SRR22023931	163.11580830670925	True	1797720
SRR22023932	98.49228881789138	True	1085496
SRR22023933	129.9578555910543	True	1432282
SRR22023934	113.86349392971246	True	1254904
SRR22023935	71.7191642172524	True	790426
SRR22023936	121.59402076677317	True	1335401
SRR22023937	133.03372044728434	True	1461037
SRR22023938	393.1662268370607	True	4507730
SRR22023939	35.109071565495206	True	417838
SRR22023940	49.14150798722045	True	584840
SRR22023941	63.3368945686901	True	745280
SRR22023942	114.61606517571884	True	1338613
SRR22023943	90.43779041533546	True	1064174
SRR22023944	60.55199201277955	True	715199
SRR22023945	134.20900575079872	True	1567441
SRR22023946	92.90780830670927	True	1085080
SRR22023947	232.8960479233227	True	2699869
SRR22023948	261.41799680511184	True	2997210
SRR22023949	61.96496645367412	True	721005
SRR22023950	62.00954888178914	True	724216
SRR22023951	49.08723961661342	True	573295
SRR22023952	169.67005495207667	True	1989016
SRR22023953	40.21977891373802	True	469731
SRR22023954	174.47861725239616	True	2037754
SRR22023955	180.6580373801917	True	2086567
SRR22023956	188.42351118210863	True	2184317
SRR22023957	423.8764575079872	True	4877696
SRR22023958	170.96664249201277	True	1960167
SRR22023959	224.65995239616615	True	2594781
SRR22023960	91.64455111821086	True	1074335
SRR22023961	87.29684728434505	True	1019549
SRR22023962	146.14082460063898	True	1700449
SRR22023963	138.05440958466454	True	1606358
SRR22023964	51.449988498402554	True	598656
SRR22023965	114.1632089456869	True	1318564
SRR22023966	136.41949520766772	True	1575620
SRR22023967	106.41408083067093	True	1229063
SRR22023968	40.02104792332268	True	467410
SRR22023969	37.60259041533546	True	437532
SRR22023970	77.79055335463259	True	908524
SRR22023971	140.74009009584665	True	1656077
SRR22023972	157.08496485623004	True	1821022
SRR22023973	48.16722044728434	True	562550
SRR22023974	91.32457763578275	True	1070584
SRR22023975	116.59540255591054	True	1351643
SRR22023976	42.60557827476038	True	497595
SRR22023977	75.54374504792332	True	888917
SRR22023978	210.75156230031948	True	2443157
SRR22023979	51.728051118210864	True	606400
SRR22023980	88.0310089456869	True	1031974
SRR22023981	67.64901373801916	True	793039
SRR22023982	82.58224696485622	True	968099
SRR22023983	80.01401405750799	True	937992
SRR22023984	82.0988319488818	True	962432
SRR22023985	146.57754057507987	True	1718306
SRR22023986	160.59990287539935	True	1882688
SRR22023987	31.17154568690096	True	366793
SRR22023988	47.27287412140575	True	556256
SRR22023989	251.5703003194888	True	2916352
SRR22023990	51.93050862619808	True	611062
SRR22023991	49.90168498402556	True	587189
SRR22023992	50.276426517571885	True	593831
SRR22023993	59.904392971246004	True	707550
SRR22023994	70.3661357827476	True	831117
SRR22023995	78.53482428115016	True	927600
SRR22023996	38.86107028753994	True	457275
SRR22023997	31.30200319488818	True	369718
SRR22023998	58.32190223642173	True	686269
SRR22023999	64.27987731629393	True	756376
SRR22024000	335.91424600638976	True	3894117
SRR22024001	39.15006709265176	True	462414
SRR22024002	40.94868051118211	True	483658
SRR22024003	37.01479233226837	True	435550
SRR22024004	100.8985322683706	True	1182818
SRR22024005	43.54819424920128	True	512428
SRR22024006	86.96817412140575	True	1027209
SRR22024007	69.95057092651757	True	813923
SRR22024008	129.87991309904154	True	1494574
SRR22024009	145.18960255591054	True	1670748
SRR22024010	135.32651757188498	True	1557250
SRR22024011	84.83940191693291	True	962128
SRR22024012	116.3145447284345	True	1323871
SRR22024013	136.04366261980832	True	1542814
SRR22024014	115.33746006389777	True	1312750
SRR22024015	136.49292044728435	True	1588189
SRR22024016	171.22408690095847	True	1970336
SRR22024017	109.33191693290735	True	1244396
SRR22024018	95.08823482428114	True	1082277
SRR22024019	240.84243162939296	True	2761307
SRR22024020	122.19877955271565	True	1385805
SRR22024021	103.75943290734824	True	1180971
SRR22024022	107.43142971246006	True	1222765
SRR22024023	268.50640255591054	True	3078480
SRR22024024	54.80670926517572	True	623800
SRR22024025	173.87334952076677	True	2000822
SRR22024026	280.2799520766773	True	3261250
SRR22024027	144.07318594249202	True	1657901
SRR22024028	117.33836677316295	True	1350254
SRR22024029	81.63642971246006	True	929171
SRR22024030	303.37347412140576	True	3478238
SRR22024031	118.93575271565496	True	1373686
SRR22024032	40.17959392971246	True	478183
SRR22024033	195.15774057507988	True	2245749
SRR22024034	172.27503642172525	True	1975168
SRR22024035	86.63102108626198	True	982446
SRR22024036	84.04949520766773	True	953170
SRR22024037	219.89283067092651	True	2549128
SRR22024038	129.43679009584665	True	1462589
SRR22024039	290.1689961661342	True	3326846
SRR22024040	72.48685878594249	True	822043
SRR22024041	532.2523118210862	True	6147416
SRR22024042	192.33042555910544	True	2119698
SRR22024043	148.70793482428115	True	1638929
SRR22024044	165.4237392971246	True	1823156
SRR22024045	208.72575463258786	True	2300393
SRR22024046	167.04907220447285	True	1841069
SRR22024047	191.35227795527157	True	2101518
SRR22024048	134.88703993610224	True	1481391
SRR22024049	138.8697392971246	True	1530501
SRR22024050	64.63540830670927	True	733003
SRR22024051	375.24101597444087	True	4121068
SRR22024052	212.41426006389776	True	2471586
SRR22024053	176.3945127795527	True	1937245
SRR22024054	249.22038977635782	True	2737052
SRR22024055	290.5108801916933	True	3190523
SRR22024056	114.14832747603833	True	1253629
SRR22024057	158.677892971246	True	1742673
SRR22024058	181.60609744408944	True	1994481
SRR22024059	134.75191533546325	True	1479907
SRR22024060	200.19468498402557	True	2206371
SRR22024061	148.37911182108627	True	1635305
SRR22024062	219.15862619808306	True	2415375
SRR22024063	117.14476932907348	True	1368146
SRR22024064	185.59853674121405	True	2045505
SRR22024065	159.98754376996806	True	1763243
SRR22024066	139.2731463258786	True	1534947
SRR22024067	177.55818690095848	True	1950025
SRR22024068	147.29864153354632	True	1623397
SRR22024069	72.9031821086262	True	800656
SRR22024070	153.6801124600639	True	1693728
SRR22024071	198.36336900958466	True	2178517
SRR22024072	90.48531469648562	True	993751
SRR22024073	141.753410543131	True	1674295
SRR22024074	50.480637380191695	True	596243
SRR22024075	66.24407348242812	True	782430
SRR22024076	36.49053546325879	True	432634
SRR22024077	78.03794121405751	True	918266
SRR22024078	59.87948434504792	True	701958
SRR22024079	102.81246485623004	True	1214351
SRR22024080	89.58183130990416	True	1054102
SRR22024081	60.338891373801914	True	712682
SRR22024082	49.51712204472843	True	587078
SRR22024083	51.37743642172524	True	609134
SRR22024084	113.78500830670926	True	1328907
SRR22024085	76.45503993610224	True	903035
SRR22024086	84.73655207667731	True	997088
SRR22024087	51.81467539936102	True	609699
SRR22024088	97.24373961661342	True	1148577
SRR22024089	105.14742811501597	True	1241930
SRR22024090	83.96659169329074	True	995513
SRR22024091	57.759078274760384	True	682211
SRR22024092	59.51992492012779	True	708355
SRR22024093	51.04191182108626	True	605156
SRR22024094	29.07401980830671	False	346014
SRR22024095	186.56413290734824	True	2178902
SRR22024096	73.1892626198083	True	861212
SRR22024097	141.05861022364218	True	1635235
SRR22024098	199.99823003194888	True	2318498
SRR22024099	180.87653674121407	True	2096828
SRR22024100	168.78217571884983	True	1956623
SRR22024101	162.41379872204473	True	1882797
SRR22024102	277.0862431309904	True	3224089
SRR22024103	206.0139680511182	True	2388236
SRR22024104	223.35915239616614	True	2579757
SRR22024105	350.87061469648563	True	4037592
SRR22024106	51.301725239616616	True	594720
SRR22024107	42.48758977635783	True	496217
SRR22024108	81.65486134185304	True	960826
SRR22024109	63.35287284345048	True	742676
SRR22024110	122.25470607028754	True	1417249
SRR22024111	95.7646875399361	True	1114288
SRR22024112	91.19815015974442	True	1057223
SRR22024113	122.7217284345048	True	1422663
SRR22024114	411.30371309904154	True	4750482
SRR22024115	70.84935686900958	True	818297
SRR22024116	93.64660415335463	True	1081601
SRR22024117	67.29099488817891	True	788842
SRR22024118	50.329073482428115	True	590000
SRR22024119	45.15950990415335	True	529398
SRR22024120	70.69324025559105	True	828726
SRR22024121	54.987924920127796	True	644615
SRR22024122	128.67567731629393	True	1497230
SRR22024123	181.36564217252396	True	2102498
SRR22024124	24.31248498402556	False	286083
SRR22024125	173.5470287539936	True	2011860
SRR22024126	150.78610223642173	True	1754500
SRR22024127	30.521842811501596	True	359148
SRR22024128	37.9717124600639	True	446810
SRR22024129	38.10985686900958	True	446756
SRR22024130	36.65683961661342	True	431338
SRR22024131	74.31283897763578	True	871158
SRR22024132	61.48024856230032	True	723433
SRR22024133	31.69264536741214	True	374332
SRR22024134	83.08579361022365	True	974002
SRR22024135	76.22150511182109	True	893533
SRR22024136	84.76311661341853	True	993665
SRR22024137	123.51161853035144	True	1453351
SRR22024138	91.43756549520766	True	1036955
SRR22024139	90.26924440894568	True	1066199
SRR22024140	174.95313099041533	True	2035700
SRR22024141	156.95350734824282	True	1826262
SRR22024142	116.58357028753994	True	1326933
SRR22024143	91.44664792332269	True	1037058
SRR22024144	179.5031412140575	True	2065606
SRR22024145	131.82436900958467	True	1500401
SRR22024146	100.66928051118211	True	1141648
SRR22024147	80.22250798722045	True	913078
SRR22024148	72.14393738019169	True	824126
SRR22024149	264.74571853035144	True	3035363
SRR22024150	76.84202875399362	True	874602
SRR22024151	88.29628115015974	True	1008640
SRR22024152	181.7237156549521	True	2106649
SRR22024153	87.08801916932907	True	991220
SRR22024154	69.40771565495207	True	789986
SRR22024155	31.66682619808307	True	365746
SRR22024156	140.53161661341852	True	1593710
SRR22024157	128.48135079872205	True	1457053
SRR22024158	123.52305910543132	True	1405917
SRR22024159	121.0153303514377	True	1372384
SRR22024160	104.66572523961662	True	1186970
SRR22024161	35.680316932907346	True	410586
SRR22024162	112.9995143769968	True	1281480
SRR22024163	43.86464856230032	True	508505
SRR22024164	97.36680383386582	True	1104196
SRR22024165	55.55562300319489	True	632324
SRR22024166	84.30856485623003	True	956108
SRR22024167	76.97754632587859	True	872970
SRR22024168	84.6161821086262	True	963086
SRR22024169	85.39888434504792	True	975542
SRR22024170	54.405103833865816	True	619229
SRR22024171	122.68305814696485	True	1391297
SRR22024172	70.91292332268371	True	807118
SRR22024173	82.04576677316294	True	933830
SRR22024174	95.93222108626198	True	1087927
SRR22024175	85.32388977635783	True	971141
SRR22024176	67.23767571884984	True	765287
SRR22024177	75.0624766773163	True	851252
SRR22024178	164.6732587859425	True	1908990
SRR22024179	75.37055910543131	True	857854
SRR22024180	133.52633099041535	True	1514266
SRR22024181	107.4052677316294	True	1218038
SRR22024182	150.3061571884984	True	1729626
SRR22024183	35.48911916932907	True	422361
SRR22024184	83.95831821086261	True	952136
SRR22024185	55.09795495207668	True	622587
SRR22024186	99.37454952076678	True	1126965
SRR22024187	79.2006249201278	True	898181
SRR22024188	39.11473738019169	True	451768
SRR22024189	188.7963354632588	True	2188639
SRR22024190	83.50913482428115	True	947042
SRR22024191	209.70979073482428	True	2404365
SRR22024192	69.39345431309904	True	786962
SRR22024193	73.89392971246006	True	838000
SRR22024194	140.75730607028754	True	1619744
SRR22024195	77.07807028753993	True	874110
SRR22024196	73.97373162939297	True	838905
SRR22024197	213.02085335463258	True	2442327
SRR22024198	66.18594632587859	True	750587
SRR22024199	70.25161150159744	True	796694
SRR22024200	179.22832907348243	True	2077721
SRR22024201	112.3523054313099	True	1238249
SRR22024202	204.4259913738019	True	2378637
SRR22024203	132.44183258785944	True	1546802
SRR22024204	79.91405750798722	True	903000
SRR22024205	44.12855463258786	True	515382
SRR22024206	91.57320255591054	True	1069493
SRR22024207	42.29774760383387	True	495850
SRR22024208	88.03209201277956	True	1028136
SRR22024209	89.20644728434505	True	1034134
SRR22024210	150.83600255591054	True	1742128
SRR22024211	65.44752811501597	True	761527
SRR22024212	50.79295814696486	True	591011
SRR22024213	195.37838338658148	True	2264942
SRR22024214	107.6284677316294	True	1261712
SRR22024215	135.43829520766772	True	1581798
SRR22024216	217.97220766773162	True	2526863
SRR22024217	321.4436629392971	True	3712615
SRR22024218	279.17896485623004	True	3236408
SRR22024219	195.90867060702877	True	2262709
SRR22024220	76.13628178913739	True	885898
SRR22024221	38.40351629392971	True	451891
SRR22024222	209.06022364217253	True	2423550
SRR22024223	107.81583482428115	True	1245253
SRR22024224	201.2912108626198	True	2333487
SRR22024225	176.919785942492	True	2050959
SRR22024226	229.9474408945687	True	2665687
SRR22024227	336.4662364217252	True	3900516
SRR22024228	333.57381341853034	True	3852716
SRR22024229	134.26846485623003	True	1539415
SRR22024230	234.82314504792333	True	2712164
SRR22024231	309.5833869009585	True	3575631
SRR22024232	200.51769968051119	True	2324520
SRR22024233	174.10367731629393	True	2018313
SRR22024234	190.36906389776357	True	2206871
SRR22024235	166.30821341853036	True	1942331
SRR22024236	127.82437955271565	True	1476348
SRR22024237	96.825096485623	True	1118312
SRR22024238	71.32658146964856	True	826860
SRR22024239	157.18770287539937	True	1822213
SRR22024240	50.23776996805112	True	582386
SRR22024241	76.24118530351437	True	883833
SRR22024242	80.53266134185303	True	909990
SRR22024243	116.22081150159744	True	1357355
SRR22024244	85.69864025559106	True	1004632
SRR22024245	106.66821150159744	True	1241158
SRR22024246	30.67957891373802	True	356978
SRR22024247	98.41529552715654	True	1120145
SRR22024248	138.76918466453674	True	1573723
SRR22024249	136.92443290734823	True	1558449
SRR22024250	286.35170319488816	True	3331899
SRR22024251	62.969757188498406	True	743756
SRR22024252	84.981589456869	True	967245
SRR22024253	70.93084664536741	True	807322
SRR22024254	138.40597571884985	True	1569604
SRR22024255	102.22990319488818	True	1155161
SRR22024256	144.87107731629393	True	1642922
SRR22024257	111.728107028754	True	1271669
SRR22024258	81.8244536741214	True	934710
SRR22024259	116.45371405750798	True	1325455
SRR22024260	117.90734824281151	True	1342000
SRR22024261	382.9200383386582	True	4439036
SRR22024262	116.20508242811502	True	1317833
SRR22024263	88.72141373801917	True	1009811
SRR22024264	72.94645686900958	True	861594
SRR22024265	98.10979936102237	True	1112622
SRR22024266	107.97137635782748	True	1224458
SRR22024267	127.81946645367412	True	1481759
SRR22024268	107.31546389776358	True	1212626
SRR22024269	80.82373418530351	True	916588
SRR22024270	102.4551680511182	True	1161901
SRR22024271	92.23041341853035	True	1053581
SRR22024272	228.9941444089457	True	2625464
SRR22024273	80.1378785942492	True	908810
SRR22024274	86.07210063897763	True	979657
SRR22024275	86.64393354632588	True	1019532
SRR22024276	270.9418945686901	True	3140919
SRR22024277	70.86312460063898	True	812460
SRR22024278	69.74377795527157	True	793811
SRR22024279	140.09190926517573	True	1582988
SRR22024280	81.20626996805112	True	924275
SRR22024281	90.57704664536742	True	1034694
SRR22024282	102.245214057508	True	1159520
SRR22024283	80.8304357827476	True	916664
SRR22024284	101.49498785942492	True	1151012
SRR22024285	78.14999201277955	True	889489
SRR22024286	95.3999731629393	True	1081891
SRR22024287	171.9978265175719	True	2001313
SRR22024288	115.68581341853036	True	1346084
SRR22024289	85.49880383386582	True	969606
SRR22024290	87.92909744408945	True	1000793
SRR22024291	101.461303514377	True	1150630
SRR22024292	82.75725239616614	True	941928
SRR22024293	72.17634185303514	True	821498
SRR22024294	68.74119488817891	True	779565
SRR22024295	83.3830750798722	True	949051
SRR22024296	103.40123961661342	True	1172630
SRR22024297	61.674111182108625	True	731212
SRR22024298	81.97314632587859	True	929623
SRR22024299	195.8332428115016	True	2270215
SRR22024300	172.16678849840255	True	1981184
SRR22024301	189.27284664536742	True	2194163
SRR22024302	102.94165910543131	True	1197797
SRR22024303	209.7996284345048	True	2423147
SRR22024304	219.0781549520767	True	2549125
SRR22024305	69.75143769968051	True	808600
SRR22024306	180.08732587859424	True	2087679
SRR22024307	195.3449638977636	True	2272973
SRR22024308	253.10317731629394	True	2923295
SRR22024309	112.29593290734825	True	1301801
SRR22024310	402.5340063897764	True	4683760
SRR22024311	424.8936517571885	True	4925619
SRR22024312	202.6383642172524	True	2349104
SRR22024313	180.34507699680512	True	2098439
SRR22024314	133.63832843450479	True	1560776
SRR22024315	110.00783865814697	True	1289605
SRR22024316	154.33303482428116	True	1795771
SRR22024317	177.18110415335462	True	2061624
SRR22024318	197.47599392971247	True	2297769
SRR22024319	88.15628466453674	True	1025759
SRR22024320	106.4230447284345	True	1233719
SRR22024321	162.96260638977637	True	1896182
SRR22024322	39.07641821086262	True	454681
SRR22024323	78.78368274760383	True	909937
SRR22024324	116.1176124600639	True	1341137
SRR22024325	99.63403450479234	True	1146524
SRR22024326	111.26156549520766	True	1289810
SRR22024327	170.12096166134185	True	1972143
SRR22024328	296.85461214057506	True	3428616
SRR22024329	306.62467763578275	True	3567789
SRR22024330	164.48628083067092	True	1913911
SRR22024331	182.44098402555912	True	2114964
SRR22024332	215.72715654952077	True	2519500
SRR22024333	89.51448306709266	True	1045449
SRR22024334	94.44813642172524	True	1107201
SRR22024335	70.8629089456869	True	830715
SRR22024336	50.42983865814696	True	595643
SRR22024337	40.60596230031949	True	477807
SRR22024338	23.157722044728434	False	272495
SRR22024339	196.43667699680512	True	2302797
SRR22024340	57.34116038338658	True	650282
SRR22024341	53.61973610223642	True	630939
SRR22024342	71.54428849840255	True	832467
SRR22024343	23.633597444089457	False	279144
SRR22024344	482.3385715654952	True	5612341
SRR22024345	36.02679233226837	True	425524
SRR22024346	56.80476741214058	True	668417
SRR22024347	97.15899041533547	True	1134730
SRR22024348	50.15604217252396	True	590182
SRR22024349	20.443670607028753	False	243303
SRR22024350	31.059136102236423	True	368239
SRR22024351	20.249137380191694	False	240075
SRR22024352	24.364585303514378	False	288868
SRR22024353	31.570246645367412	True	377156
SRR22024354	36.3469089456869	True	429305
SRR22024355	135.67938881789138	True	1578723
SRR22024356	45.73138019169329	True	540148
SRR22024357	32.39699520766773	True	379785
SRR22024358	43.459215974440895	True	511381
SRR22024359	34.5695463258786	True	408312
SRR22024360	29.96879073482428	False	353971
SRR22024361	51.32899169329073	True	603984
SRR22024362	48.711143769968054	True	573180
SRR22319600	188.84399233226836	True	2052367
SRR22319601	223.39341086261982	True	2427852
SRR22330319	359.46888817891374	True	2241310
SRR22330320	357.9207073482428	True	2231657
SRR22486339	64.13176916932908	True	5352865
SRR22486340	15.658130990415335	False	1306932
SRR22509171	73.85162076677317	True	488701
SRR22590174	1.9945872204472843	False	164291
SRR22590175	13.509624920127795	False	1084234
SRR22590176	1.1585507987220447	False	95428
SRR22590177	0.4432402555910543	False	36509
SRR22590178	0.32524600638977635	False	26790
SRR22801507	105.04467987220447	True	1668984
SRR22801508	53.53705431309904	True	941410
SRR22801509	86.61228498402556	True	1369174
SRR22801510	43.55223130990415	True	691972
SRR22801511	22.91735782747604	False	402985
SRR22801512	60.46893162939297	True	1063302
SRR22801513	50.14919680511182	True	881837
SRR22801514	72.53095095846645	True	39937
SRR22801515	59.142234504792334	True	1039973
SRR22801516	130.02071693290736	True	2055378
SRR22801517	210.81281405750798	True	3332546
SRR22801518	64.74365942492012	True	1023473
SRR22801519	46.63548817891374	True	820051
SRR22801520	49.90687795527157	True	877576
SRR22801521	93.35775910543131	True	1475807
SRR22801522	227.34220830670927	True	3593844
SRR22801523	33.6790785942492	True	592222
SRR22801524	27.05929840255591	False	475818
SRR22801525	13.819112460063899	False	242999
SRR22801526	94.00774313099042	True	1486082
SRR22801527	110.32161469648563	True	1743973
SRR22801528	67.87556325878595	True	1078429
SRR22801529	44.74783514376997	True	786858
SRR22801530	70.0493607028754	True	41221
SRR22801531	182.8867801916933	True	2891089
SRR22801532	100.87407028753994	True	1602720
SRR22801533	59.373431309904156	True	938580
SRR22801534	109.32946389776357	True	1728289
SRR22801535	72.46629201277955	True	1145553
SRR22801536	78.62953226837061	True	1242982
SRR22801537	51.98902300319489	True	914189
SRR22801538	148.59168722044728	True	2360873
SRR22801539	132.84977635782747	True	2100100
SRR22801540	25.26149840255591	False	444205
SRR22801541	157.97717827476038	True	2497316
SRR22801542	59.42299680511182	True	1044910
SRR22801543	94.20783067092651	True	1489245
SRR22801544	30.386931629392972	True	534332
SRR22801545	102.74346517571885	True	1624177
SRR22801546	38.87758849840255	True	683634
SRR2288354	287.42029361022367	True	26076102
SRR2288355	274.2559054313099	True	25247676
SRR2288356	164.88331182108627	True	16920812
SRR2288357	174.14343258785942	True	17303776
SRR23148962	96.38455846645367	True	1054838
SRR23311268	0.08070287539936102	False	842
SRR23311269	0.21105431309904155	False	2202
SRR23311270	0.0702555910543131	False	733
SRR23311271	0.21507987220447283	False	2244
SRR23311272	0.383482428115016	False	4001
SRR23311282	4.203258785942492	False	43854
SRR23311293	0.17185303514376996	False	1793
SRR23311296	0.1846006389776358	False	1926
SRR23311297	0.27431309904153356	False	2862
SRR23311298	0.1373482428115016	False	1433
SRR23311299	0.0045047923322683705	False	47
SRR23311300	0.07955271565495207	False	830
SRR23311301	0.004888178913738019	False	51
SRR23311302	0.06661341853035144	False	695
SRR23311303	0.0339297124600639	False	354
SRR23311304	0.08971246006389777	False	936
SRR23311305	0.08875399361022364	False	926
SRR23311306	0.0773482428115016	False	807
SRR23311307	0.20722044728434505	False	2162
SRR23311308	0.08568690095846646	False	894
SRR23311309	0.02146964856230032	False	224
SRR23311310	0.09824281150159744	False	1025
SRR23311311	1.859041533546326	False	19396
SRR23311312	0.011118210862619809	False	116
SRR23311313	0.05472843450479233	False	571
SRR23311314	0.09124600638977635	False	952
SRR23311315	0.16869009584664538	False	1760
SRR23311316	0.27354632587859423	False	2854
SRR23375272	14.378839776357827	False	743897
SRR23456521	220.0003696485623	True	2366327
SRR23456525	227.20454696485623	True	2435446
SRR23456527	205.64460575079872	True	2234957
SRR23456530	205.023910543131	True	2205240
SRR23456534	199.68020223642174	True	2147763
SRR23456539	217.2284214057508	True	2320563
SRR23456550	202.80887060702875	True	2181415
SRR23456561	211.18455718849842	True	2271504
SRR23456571	201.8199354632588	True	2170778
SRR23456572	210.88838817891374	True	2252835
SRR23456573	211.9327124600639	True	2248642
SRR23470191	118.33136741214058	True	1304145
SRR23497251	182.2279003194888	True	947464
SRR23497252	193.76783642172524	True	1007464
SRR23513672	119.8738054313099	True	783309
SRR23597788	115.99121182108627	True	1256237
SRR23686809	102.63141565495208	True	1074369
SRR23686937	111.41610670926518	True	1170243
SRR23686938	120.89840958466453	True	1269839
SRR23686939	114.17819169329073	True	1183370
SRR23686941	115.12044664536741	True	1209151
SRR24065772	76.42348562300319	True	476505
SRR24092136	3.002741693290735	False	244119
SRR24092137	7.312011022364217	False	594457
SRR24092138	8.279185143769968	False	673087
SRR24092139	1.243217891373802	False	101072
SRR24092140	4.1005575079872205	False	333370
SRR24092141	80.2513840255591	True	6440688
SRR24092142	96.14020830670927	True	7715868
SRR24092143	38.94090191693291	True	3125257
SRR24092144	16.82448785942492	False	1350273
SRR24092145	14.232682428115016	False	1142264
SRR24092146	16.382753674121407	False	1314821
SRR24092147	7.312026517571885	False	586837
SRR24092148	7.077259424920128	False	575372
SRR24092149	5.741247923322684	False	466756
SRR24092150	4.3449525559105435	False	353239
SRR24092151	20.968465335463257	False	1704709
SRR24092152	19.869378594249202	False	1594645
SRR24092153	6.887275399361022	False	552748
SRR24092154	4.782782428115016	False	388834
SRR24092155	15.582057507987221	False	1250560
SRR24092156	13.71273642172524	False	1100535
SRR24092157	2.824758785942492	False	226705
SRR24092158	3.015447603833866	False	242009
SRR24092159	12.428863897763579	False	997496
SRR24092160	33.86849712460064	True	2718164
SRR24092161	42.36861565495207	True	3400353
SRR24092162	19.465161661341853	False	1562204
SRR24092163	14.877067092651757	False	1193980
SRR24092164	14.376733226837061	False	1153825
SRR24092165	25.609954313099042	False	2055363
SRR24092166	10.772298402555911	False	864546
SRR24092170	8.43857268370607	False	686045
SRR24092171	9.605885303514377	False	780946
SRR24092172	2.803464217252396	False	227918
SRR24092173	4.0838659744408945	False	332013
SRR24092174	5.1844083067092654	False	416082
SRR24092175	44.25004265175719	True	3597471
SRR24092176	1.6352338658146965	False	131238
SRR24092177	3.36096517571885	False	269739
SRR24092178	23.800267092651758	False	1910124
SRR24092179	3.5112492012779555	False	285460
SRR24092180	2.549770127795527	False	207293
SRR24092181	35.75790383386582	True	2869801
SRR24092182	39.334864217252395	True	3156875
SRR24161632	73.85440575079872	True	474670
SRR24332504	121.07512843450479	True	681592
SRR24332505	117.98663290734824	True	655947
SRR24332514	152.1175233226837	True	884996
SRR24332515	154.48242555910542	True	882354
SRR24364426	85.51988019169329	True	563531
SRR24578646	92.92990638977636	True	2879907
SRR24578647	117.77800383386581	True	3649952
SRR24578648	57.53573099041534	True	1783038
SRR24578649	87.8828750798722	True	2723499
SRR24578650	67.8701607028754	True	2103303
SRR24578651	12.656613418530352	False	396152
SRR24578652	1.5113715654952076	False	48769
SRR24578653	81.51054952076677	True	2526020
SRR24578654	0.7557527156549521	False	23894
SRR24578655	57.90326773162939	True	1794428
SRR24578656	0.0016134185303514376	False	50
SRR24578657	0.01474664536741214	False	457
SRR24578658	40.942108626198085	True	1268800
SRR24578659	0.0044207667731629395	False	137
SRR24578660	105.60421725239617	True	3305412
SRR24578661	79.82817891373801	True	2498622
SRR24578662	89.4691054313099	True	2800383
SRR24578663	72.3137412140575	True	2241010
SRR24578664	37.01508019169329	True	1147101
SRR24578665	52.35110734824281	True	1622366
SRR24578666	92.83638977635783	True	2905779
SRR24578667	47.18636102236422	True	1462310
SRR24578668	30.87492555910543	True	956817
SRR24578669	31.15859680511182	True	965608
SRR24578670	38.91675207667732	True	1206034
SRR24578671	46.68320031948882	True	1446717
SRR24578672	28.389647923322684	False	879798
SRR24578673	52.63903801916933	True	1631289
SRR24578674	59.651664856230035	True	1848611
SRR24578675	67.09439680511183	True	2079262
SRR24578676	58.524304792332266	True	1813674
SRR24578677	65.72191693290735	True	2057096
SRR24578678	51.62003514376997	True	1599710
SRR24578679	49.752858146964854	True	1541846
SRR24578680	51.28008785942492	True	1589175
SRR24578681	45.4807517571885	True	1409453
SRR24578682	116.25290383386582	True	3602689
SRR24578683	96.37568434504793	True	2986692
SRR24578684	84.2610408945687	True	2611258
SRR24578685	87.40504504792332	True	2708691
SRR24578686	26.967193610223642	False	835716
SRR24578687	156.61595654952077	True	4853544
SRR24578688	91.57337635782747	True	2837868
SRR24578689	85.37142779552715	True	2645669
SRR24659942	88.89088083067092	True	571311
SRR24707056	121.76026038338658	True	1291897
SRR24707057	126.87393929712461	True	1346154
SRR24707058	111.8218284345048	True	1178459
SRR24707059	130.22841661341852	True	1543996
SRR24707060	119.92539297124601	True	1268130
SRR24707061	288.6493878594249	True	3073036
SRR24707062	322.05689904153354	True	3428701
SRR24707063	297.79836645367413	True	3181259
SRR24707064	157.80223450479232	True	1657453
SRR24707065	254.62261661341853	True	2720030
SRR24707066	263.58565303514376	True	2806201
SRR24707067	289.4202690095847	True	3081243
SRR24707068	269.38853674121407	True	2867980
SRR24707069	307.96997827476036	True	3278728
SRR24707070	110.87875782747604	True	1275921
SRR24707071	271.7517143769968	True	2893139
SRR24707072	263.8867916932907	True	2809407
SRR24707073	318.7577731629393	True	3382074
SRR24707074	295.37250095846645	True	3144612
SRR24707075	283.90396485623	True	3022515
SRR24707076	303.21222012779555	True	3239093
SRR24707077	295.57025591054315	True	3157457
SRR24707078	195.94103003194888	True	2071944
SRR24707079	319.3980306709265	True	3400394
SRR24707080	288.87738338658147	True	3065038
SRR24707081	126.16297124600639	True	1435964
SRR24707082	279.6565127795527	True	2967203
SRR24707083	275.3597424920128	True	2931551
SRR24707094	99.04128306709265	True	1131384
SRR24707105	116.30547156549521	True	1328599
SRR24707107	116.62976869009584	True	1233281
SRR24707108	462.94314376996806	True	4962370
SRR24707109	125.41217380191694	True	1326149
SRR24707110	132.68365495207667	True	1403040
SRR24707111	136.29097763578275	True	1441185
SRR24707112	286.082517571885	True	3035384
SRR24707113	272.875489456869	True	2905103
SRR24707114	299.0709833865815	True	3183987
SRR24707115	292.1659284345048	True	3110474
SRR24707116	313.0860392971246	True	3344571
SRR24707117	294.2676696485623	True	3143542
SRR24707118	295.55696325878597	True	3157315
SRR24707119	331.50965239616613	True	3553511
SRR24707120	73.72394568690096	True	842175
SRR24707121	280.85677635782747	True	2979938
SRR24707122	110.240607028754	True	1173650
SRR24707123	95.47466837060703	True	1016448
SRR24707124	110.66714185303515	True	1178191
SRR24707125	116.11778913738019	True	1236220
SRR24707126	118.5981910543131	True	1262627
SRR24707127	111.47507955271566	True	1190843
SRR24707128	109.46221150159744	True	1165363
SRR24707129	87.52321884984026	True	934975
SRR24707130	107.09133162939297	True	1140122
SRR24707131	130.43446453674122	True	1506494
SRR24707132	117.6129623003195	True	1252138
SRR24707133	307.1240977635783	True	3280882
SRR24707134	267.42334345047925	True	2837407
SRR24707135	264.30397763578276	True	2804310
SRR24707136	254.05995910543132	True	2704788
SRR24707137	292.0491517571885	True	3098691
SRR24707138	266.5750063897764	True	2828406
SRR24707139	259.1463785942492	True	2749587
SRR24707140	120.04549041533546	True	1273703
SRR24707141	133.52058785942492	True	1411890
SRR24707142	104.28875079872205	True	1099070
SRR24707143	121.33276421725239	True	1283012
SRR24707144	100.74554760383387	True	1155068
SRR24707145	125.24544920127795	True	1324386
SRR24707146	114.58699041533546	True	1211680
SRR24707147	107.16136230031948	True	1133159
SRR24707148	113.36913482428115	True	1198802
SRR24707149	124.81714760383386	True	1319857
SRR24707150	114.75607923322684	True	1213468
SRR24707151	113.96860575079872	True	1205141
SRR24707152	69.58230031948882	True	738280
SRR24707153	93.91446389776358	True	993082
SRR24707154	120.69470926517572	True	1276265
SRR24707155	138.72612747603833	True	1590523
SRR24707156	129.57426805111822	True	1365547
SRR24707157	112.8647054313099	True	1193468
SRR24707158	128.26691884984027	True	1356336
SRR24707159	124.7914249201278	True	1319585
SRR24707160	116.13385047923323	True	1228037
SRR24707161	94.3967642172524	True	998182
SRR24707162	102.44484345047924	True	1083285
SRR24707163	138.24746166134184	True	1466829
SRR24707164	91.37330862619808	True	966211
SRR24707165	122.20081022364218	True	1292191
SRR24707166	138.15451437699681	True	1601569
SRR24707167	114.34527284345047	True	1209124
SRR24707168	151.5044319488818	True	1602057
SRR24707169	89.8517731629393	True	959850
SRR24707170	127.14949520766773	True	1344520
SRR24707171	139.23735974440893	True	1472341
SRR24707172	113.81701214057507	True	1203538
SRR24707173	139.18232076677316	True	1471759
SRR24707174	125.4653214057508	True	1326711
SRR24707175	112.72644600638978	True	1192006
SRR24707176	82.73909265175719	True	874910
SRR24707177	153.49827539936103	True	1786058
SRR24707178	125.49652907348244	True	1327041
SRR24707179	131.22446006389777	True	1387610
SRR24707180	140.06284984025558	True	1481070
SRR24707181	120.32683706070287	True	1272375
SRR24707182	112.50316932907349	True	1189645
SRR24707183	116.08921405750799	True	1227565
SRR24707184	97.73267476038339	True	1033457
SRR24707185	114.62900031948882	True	1208043
SRR24707186	116.90089712460063	True	1236148
SRR24707187	115.08158466453673	True	1216910
SRR24707188	98.66589552715655	True	1114889
SRR24707189	107.39046166134186	True	1139431
SRR24707190	86.2543984025559	True	909011
SRR24707191	118.75993130990415	True	1260063
SRR24707192	129.42526517571886	True	1373224
SRR24707193	109.10720766773163	True	1153735
SRR24707194	115.19062236421725	True	1218063
SRR24707195	122.42853162939298	True	1294599
SRR24707196	126.7315015974441	True	1340100
SRR24707197	134.7866734824281	True	1425278
SRR24707198	117.80374440894569	True	1245695
SRR24707199	133.92732779552716	True	1416191
SRR24707200	143.4397821086262	True	1527097
SRR24707201	178.38123194888178	True	1886261
SRR24707202	114.46083578274761	True	1210346
SRR24707203	67.58617060702875	True	772061
SRR24707204	192.54311757188498	True	2372677
SRR24707205	90.69740319488818	True	1039864
SRR24707206	321.01794249201276	True	3417640
SRR24707207	282.5911092651757	True	3008538
SRR24707208	287.5764287539936	True	3061613
SRR24707209	299.7271763578275	True	3190973
SRR24707210	263.2297533546326	True	2802412
SRR24707211	291.25029552715654	True	3090215
SRR24707212	276.2765479233227	True	2931341
SRR24707213	262.96693801916933	True	2799614
SRR24707214	139.47062779552715	True	1479807
SRR24707215	125.76632268370606	True	1334402
SRR24707216	112.11447124600639	True	1285415
SRR24707217	146.6636498402556	True	1550869
SRR24707218	123.62624408945688	True	1307264
SRR24707219	130.0764907348243	True	1375471
SRR24707220	133.82670670926518	True	1415127
SRR24707221	128.0539501597444	True	1354084
SRR24707222	134.57843322683706	True	1423076
SRR24707223	142.05314249201277	True	1502116
SRR24707224	134.01376357827476	True	1417105
SRR24707225	124.56363578274761	True	1465730
SRR24707229	101.10655303514378	True	1159207
SRR24707230	119.71834984025558	True	1372595
SRR24707231	104.82778530351437	True	1108483
SRR24707232	131.38229520766774	True	1389279
SRR24707233	96.06013290734825	True	1015771
SRR24707234	112.96486006389776	True	1281087
SRR24707235	118.31677955271566	True	1251120
SRR24707236	93.88543130990415	True	992775
SRR24707237	102.77518945686901	True	1083119
SRR24707238	117.17760511182108	True	1239074
SRR24707239	129.35710670926517	True	1367864
SRR24707240	125.02453674121406	True	1322050
SRR24707241	127.00622364217253	True	1343005
SRR24707242	101.12185303514377	True	1072920
SRR24707243	116.16524728434504	True	1228369
SRR24707244	152.51603322683707	True	1612754
SRR24707245	111.85102236421726	True	1273068
SRR24707246	132.34490990415335	True	1399458
SRR24707247	136.11281022364219	True	1439301
SRR24707248	147.20146198083066	True	1556556
SRR24707249	156.68449041533546	True	1662449
SRR24707250	132.03481916932907	True	1396179
SRR24707251	112.8488980830671	True	1189283
SRR24707252	107.06490223642173	True	1132139
SRR24707253	129.03897763578274	True	1364500
SRR24707254	144.739082428115	True	1530518
SRR24707255	124.23703514376997	True	1318176
SRR24707256	109.1246198083067	True	1269740
SRR24707257	150.14304345047924	True	1800566
SRR24707258	81.8280428115016	True	934751
SRR24890531	100.74430926517572	True	854552
SRR24890532	103.86381405750798	True	885814
SRR24890546	81.90207795527157	True	706208
SRR24928513	115.08177380191694	True	1216912
SRR25119385	110.51696230031949	True	1184651
SRR25119386	291.95326293929713	True	3397077
SRR25119387	114.70766485623002	True	1250993
SRR25119388	142.13352396166135	True	1539370
SRR25119389	157.91126773162938	True	1692679
SRR25119390	274.03885814696486	True	3273823
SRR25119391	117.16967028753993	True	1251676
SRR25119392	137.82579584664538	True	1472337
SRR25119393	149.91144536741214	True	1595996
SRR25119394	236.29278530351436	True	3258134
SRR25119395	112.56732364217252	True	1202511
SRR25119396	159.1964913738019	True	1694847
SRR25119397	275.7997552715655	True	3358962
SRR25119398	282.9975616613419	True	3446624
SRR25119399	165.94233162939298	True	1784878
SRR25119400	136.7788591054313	True	1461153
SRR25119401	342.18170990415337	True	4087896
SRR25119402	154.98894952076677	True	1655684
SRR25119403	162.62894792332267	True	1737299
SRR25119404	132.17127028753993	True	1411932
SRR25119405	134.05173993610222	True	1461958
SRR25119406	163.88318083067094	True	1756693
SRR25119407	159.35222044728434	True	1719905
SRR25119408	355.2580482428115	True	4501853
SRR25119409	153.7981338658147	True	1642963
SRR25119410	128.52449968051118	True	1377677
SRR25119411	89.54903769968051	True	956616
SRR25119412	434.5506137380192	True	5251519
SRR25119413	157.04403706070286	True	1683383
SRR25119414	119.27328849840255	True	1319171
SRR25119415	161.6607373801917	True	1721082
SRR25119416	150.74821916932908	True	1610382
SRR25119417	102.43755143769968	True	1113297
SRR25119418	124.92490287539935	True	1334522
SRR25119419	262.9554517571885	True	3345734
SRR25119420	171.20831693290734	True	1822728
SRR25119421	85.12658146964856	True	918780
SRR25119422	415.5944693290735	True	4983949
SRR25258267	121.84744089456869	True	1292822
SRR25258268	285.31557763578274	True	2996771
SRR25258269	182.41374952076677	True	1948652
SRR25320327	106.10453099041534	True	1118206
SRR25422520	416.03104025559105	True	4429174
SRR25422521	300.1112562300319	True	3216946
SRR25422522	409.1120837060703	True	4355513
SRR25422523	287.4822124600639	True	3050235
SRR25422524	336.1547156549521	True	3578790
SRR25422525	397.8647	True	4250227
SRR25422526	386.16398370607027	True	4125233
SRR25422527	360.75424984025557	True	3840683
SRR25422528	373.40717444089455	True	4002618
SRR25422529	368.13026837060704	True	3919210
SRR25422530	384.5185031948882	True	4107655
SRR25422531	413.8899124600639	True	4406379
SRR25422532	385.9495539936102	True	4137062
SRR25422533	393.8037948881789	True	4192537
SRR25422534	439.6356412140575	True	4696449
SRR25422535	297.79410287539935	True	3170393
SRR25422536	390.40218658146966	True	4170508
SRR25422537	320.26887060702876	True	3398107
SRR25422538	307.0800073482428	True	3280411
SRR25422539	351.1810942492013	True	3751525
SRR25422540	409.9662552715655	True	4379503
SRR25422541	340.15743130990415	True	3609128
SRR25422542	369.3288785942492	True	3918642
SRR25422543	422.67122204472844	True	4515225
SRR25436259	333.2996645367412	True	6954853
SRR25436260	383.1556869009585	True	7995182
SRR25436261	424.51797124600637	True	8858275
SRR25436262	384.0491693290735	True	8013826
SRR25436263	372.3471565495208	True	7769644
SRR25436264	340.05052140575077	True	7191609
SRR25436265	108.6529626198083	True	709987
SRR25436266	233.87614057507986	True	2506960
SRR25436267	142.6554766773163	True	994458
SRR25436268	223.21907348242812	True	2392725
SRR25436269	130.40375782747603	True	929758
SRR25436270	176.7349265175719	True	1257228
SRR25436271	143.62089968051117	True	1539498
SRR25436272	117.42065814696485	True	798971
SRR25436273	131.44269009584664	True	890510
SRR25436274	324.1922006389776	True	6810212
SRR25436275	124.29221277955271	True	878182
SRR25436276	86.53691757188498	True	625544
SRR25436277	63.1629392971246	True	823750
SRR25436278	122.81756293929712	True	885758
SRR25436279	74.8561571884984	True	559188
SRR25436280	119.38770607028754	True	1334584
SRR25436281	103.87396293929713	True	1128908
SRR25436282	111.02003769968051	True	733107
SRR25436283	59.23226166134185	True	655113
SRR25436284	394.82698083067095	True	8238723
SRR25436285	466.45418530351435	True	9733344
SRR25436286	698.2250782747603	True	15072031
SRR25436287	453.88245686900956	True	9934630
SRR25436288	212.5182287539936	True	4525048
SRR25436289	423.8346805111821	True	8844017
SRR25436290	491.65444025559106	True	10540263
SRR25436291	486.8599361022364	True	10159144
SRR25436292	419.9482428115016	True	8762920
SRR25436293	484.0355130990415	True	10236697
SRR25436294	470.4087699680511	True	9815863
SRR25436295	441.71429712460065	True	9217105
SRR25436296	502.2658466453674	True	10480614
SRR25436297	463.88630990415334	True	9679761
SRR25659188	74.83918785942492	True	2414914
SRR25659189	103.07279041533546	True	3258766
SRR25659190	105.14761533546326	True	3324364
SRR25659191	102.76782747603833	True	3216633
SRR25659192	104.66277955271565	True	3275945
SRR25659193	148.17207667731628	True	4637786
SRR25659194	147.42570766773164	True	4661035
SRR25659195	134.26838626198082	True	4245051
SRR25659196	91.41008434504792	True	2890036
SRR25659197	180.50153354632587	True	5649698
SRR25659198	132.60201277955272	True	4150443
SRR25659199	137.14654952076677	True	4292687
SRR25659200	136.35897763578274	True	4268036
SRR25659201	162.90488817891375	True	5098923
SRR25659202	162.32447284345048	True	5080756
SRR25659203	90.77863514376998	True	2870072
SRR25659204	73.80551214057508	True	2333447
SRR25659205	133.1847948881789	True	4210792
SRR25659206	111.14674121405751	True	3478893
SRR25659207	101.89619808306709	True	3189351
SRR25659208	95.15728434504793	True	2978423
SRR25659209	129.21071980830672	True	4085147
SRR25659210	143.83373801916932	True	4501996
SRR25659211	98.81686581469648	True	3124210
SRR25659212	150.52709616613419	True	4759089
SRR25659213	103.80769968051118	True	3249181
SRR25659214	77.55198210862619	True	2451896
SRR25659215	109.20223642172525	True	3418030
SRR25659216	117.55120830670927	True	3716518
SRR25659217	137.406528115016	True	4344267
SRR25659218	95.90958690095847	True	3032293
SRR25659219	132.66268370607028	True	4152342
SRR25659220	119.67056741214057	True	3783524
SRR25659221	108.5067731629393	True	3396262
SRR25659222	83.10830670926518	True	2601290
SRR25659223	143.87486549520767	True	4548771
SRR25659224	134.30762236421725	True	4289621
SRR25659225	109.49747923322684	True	3461890
SRR25659226	124.41667731629393	True	3894242
SRR25659227	141.91466549520766	True	4486797
SRR25659228	134.08057092651757	True	4239113
SRR25659229	98.27976709265175	True	3107229
SRR25659230	102.50664536741215	True	3208458
SRR25684268	0.01852523961661342	False	192
SRR25684269	0.01717444089456869	False	178
SRR25684270	537.8489744408946	True	5574395
SRR25684271	368.5387047923323	True	3819623
SRR25756492	166.4029265175719	True	1796004
SRR25798612	135.6323801916933	True	893746
SRR25818358	301.71373801916934	True	3147880
SRR25818359	273.51335463258783	True	2853656
SRR25818360	307.69945686900957	True	3210331
SRR25818361	644.4815654952076	True	6724091
SRR25818362	503.166517571885	True	5249704
SRR25818363	456.7861341853035	True	4765802
SRR25818364	433.6253674121406	True	4524158
SRR25818365	579.9608626198083	True	6050925
SRR25818366	380.7607667731629	True	3972604
SRR25818367	318.27843450479236	True	3320705
SRR25818368	472.78159744408947	True	4932688
SRR25818369	388.61309904153353	True	4054530
SRR25818370	593.1634504792332	True	6188672
SRR25818371	180.7144408945687	True	1885454
SRR25818372	238.98019169329075	True	2493360
SRR25818373	336.26281150159747	True	3508342
SRR25818374	395.8334185303514	True	4129862
SRR25818375	439.39092651757187	True	4584312
SRR25818376	486.73485623003194	True	5078267
SRR25818377	471.90929712460064	True	4923587
SRR25818378	255.41654952076678	True	2664846
SRR25818379	358.23862619808307	True	3737623
SRR25818380	219.069392971246	True	2285624
SRR25818381	274.5505111821086	True	2864477
SRR25818382	233.6590734824281	True	2437843
SRR25818383	375.8311821086262	True	3921172
SRR25818384	352.6102236421725	True	3678900
SRR25818385	516.0460063897764	True	5384080
SRR25818386	449.78626198083066	True	4692770
SRR25818387	515.0858146964856	True	5374062
SRR25818388	571.2771565495208	True	5960325
SRR25818389	439.39389776357825	True	4584343
SRR25818390	533.6649201277955	True	5567904
SRR25818391	309.24047923322684	True	3226409
SRR25818392	307.50699680511184	True	3208323
SRR25818393	278.7054632587859	True	2907827
SRR25818394	272.6439297124601	True	2844585
SRR25818395	394.80095846645366	True	4119090
SRR25818396	238.47479233226838	True	2488087
SRR26058667	1470.52570543131	True	15240879
SRR26058668	1273.6008645367413	True	13199903
SRR26380682	71.31126996805112	True	425151
SRR26380843	38.23289329073482	True	231468
SRR26380848	36.0929661341853	True	237334
SRR26825780	69.60180670926518	True	500813
SRR26825844	65.16816038338658	True	365549
SRR26825861	77.92981661341852	True	437918
SRR26825862	67.77262012779553	True	393559
SRR26826025	94.57761277955271	True	530516
SRR26826050	45.60513546325878	True	267311
SRR26826088	32.932899680511184	True	190536
SRR26826097	47.57921725239617	True	270769
SRR26826108	39.89345111821086	True	230381
SRR26826166	37.1688785942492	True	211910
SRR26826193	39.95992811501598	True	217521
SRR26826265	55.83628274760383	True	351645
SRR26826279	40.980610862619805	True	234496
SRR26826294	43.70424792332268	True	252388
SRR26826316	50.64861629392971	True	286673
SRR26953609	156.22395431309903	True	1680347
SRR27140024	175.56104217252397	True	1105646
SRR27140025	123.91051565495208	True	780362
SRR27140026	136.19827220447286	True	859477
SRR27140027	83.04149265175718	True	524032
SRR27140028	176.16002555910543	True	1111655
SRR27140029	176.41149968051118	True	1111002
SRR27140030	174.93698146964857	True	1103937
SRR27140031	176.50294696485622	True	1113819
SRR27140032	175.42141341853036	True	1106994
SRR27140033	165.387792971246	True	1043677
SRR27140034	176.80719424920127	True	1113494
SRR27140035	48.65940575079872	True	311460
SRR27140036	63.21844089456869	True	408830
SRR27140037	96.75010862619808	True	610540
SRR27140038	407.39105431309906	True	1821620
SRR27140039	173.46118338658147	True	1094624
SRR27140040	83.72923706070287	True	528372
SRR27140041	176.29266198083067	True	1112492
SRR27140042	175.71885495207667	True	1108871
SRR27140043	175.99014952076678	True	1110583
SRR27140044	176.1289661341853	True	1111459
SRR27140045	177.04189137380192	True	1117220
SRR27140046	161.3995092651757	True	1018509
SRR27140047	176.88579329073482	True	1113989
SRR27140048	69.1816447284345	True	440119
SRR27140049	28.853855591054312	False	240193
SRR27140050	149.34338146964856	True	942429
SRR27140051	176.55809329073483	True	1114167
SRR27140052	121.92419329073482	True	770955
SRR27140053	176.01360255591055	True	1110731
SRR27140054	175.7616408945687	True	1109141
SRR27140055	174.7537942492013	True	1102781
SRR27140056	186.50583961661343	True	1174574
SRR27140057	185.31240447284344	True	1167058
SRR27140058	185.6025661341853	True	1171242
SRR27140059	186.54664760383386	True	1174831
SRR27140060	185.27874185303514	True	1166846
SRR27140061	185.48103514376996	True	1168120
SRR27140062	132.10270670926516	True	833632
SRR27140063	175.57512587859424	True	1107964
SRR27140064	185.38957444089456	True	1167544
SRR27140065	185.085807028754	True	1167981
SRR27140066	185.27596677316293	True	1169181
SRR27140067	184.77204345047923	True	1166001
SRR27140068	186.04991693290734	True	1174065
SRR27140069	186.91042619808306	True	1177122
SRR27140070	185.95898083067092	True	1171130
SRR27140071	185.79225047923322	True	1172439
SRR27140072	185.67189584664536	True	1169322
SRR27140073	185.52254057507986	True	1170737
SRR27140074	175.92470287539936	True	1110170
SRR27140075	150.79948594249203	True	949703
SRR27140076	185.90229424920128	True	1170773
SRR27140077	185.72397763578275	True	1169650
SRR27140078	185.8222661341853	True	1170269
SRR27140079	185.98819744408945	True	1171314
SRR27140080	180.76213897763577	True	1143001
SRR27140081	185.96183897763578	True	1171148
SRR27140082	186.85691533546327	True	1176785
SRR27140083	186.07187763578276	True	1171841
SRR27140084	186.5201303514377	True	1174664
SRR27140085	177.00132396166134	True	1116964
SRR27140086	175.15566517571884	True	1105317
SRR27140087	186.02598849840257	True	1171552
SRR27140088	178.51610479233227	True	1126523
SRR27140089	176.40957571884985	True	1120004
SRR27140090	178.09072044728435	True	1126109
SRR27140091	178.55140255591056	True	1129022
SRR27140092	177.6431645367412	True	1123279
SRR27140093	178.88952076677316	True	1131160
SRR27140094	179.2575287539936	True	1133487
SRR27140095	175.48082108626198	True	1109606
SRR27140096	173.87056869009584	True	1099424
SRR27140097	75.43309744408946	True	476981
SRR27140098	398.86444728434503	True	1753435
SRR27140099	167.06399680511183	True	1060670
SRR27140100	40.255835463258784	True	254547
SRR27140101	154.4990875399361	True	974964
SRR27140102	63.16231629392971	True	399390
SRR27140103	175.23173961661342	True	1108031
SRR27140104	41.7829303514377	True	264738
SRR27140105	137.05138274760384	True	868362
SRR27140106	165.23844185303514	True	1053353
SRR27140107	128.13304313099042	True	810215
SRR27140108	43.24465495207668	True	273446
SRR27140109	175.6329584664537	True	1110568
SRR27140110	176.30565623003196	True	1112574
SRR27140111	168.91351309904152	True	1065926
SRR27140112	161.41139424920127	True	1018584
SRR27140113	166.4569552715655	True	1052546
SRR27140114	116.98036102236422	True	739694
SRR27140115	60.65679392971246	True	383547
SRR27140116	65.14516293929712	True	411928
SRR27140117	156.5468338658147	True	989882
SRR27140118	81.40928817891374	True	513732
SRR27140119	27.11591980830671	False	194217
SRR27140120	92.86785143769968	True	587225
SRR27140121	36.988993610223645	True	233890
SRR27140122	47.389212460063895	True	299653
SRR27140123	156.25536900958465	True	988039
SRR27140124	147.63146837060702	True	931626
SRR27140125	66.86881853035143	True	423683
SRR27140126	143.57119169329073	True	907834
SRR27140127	111.63689137380192	True	705906
SRR27140128	185.6367948881789	True	1171458
SRR27140129	185.16743290734826	True	1166145
SRR27140130	185.72762971246007	True	1169673
SRR27140131	185.80781661341854	True	1170178
SRR27140132	186.3314926517572	True	1173476
SRR27140133	186.23066357827477	True	1172841
SRR27140134	186.17905814696485	True	1172516
SRR27140135	185.2449073482428	True	1168985
SRR27140136	294.95952076677315	True	1943628
SRR27140137	108.4200536741214	True	684183
SRR27140138	175.89411884984025	True	1109977
SRR27140139	72.4845124600639	True	456492
SRR27140140	26.846919488817893	False	217134
SRR27140141	179.2018450479233	True	1128575
SRR27140142	177.8472178913738	True	1122302
SRR27140143	177.67526837060703	True	1123482
SRR27140144	179.27309904153356	True	1131300
SRR27140145	178.1368945686901	True	1124130
SRR27140146	179.28276549520766	True	1131361
SRR27140147	86.50812939297124	True	547011
SRR27140148	125.2516054313099	True	791995
SRR27140149	103.67525111821087	True	654241
SRR27140150	38.00556230031949	True	240318
SRR27140151	178.69436517571884	True	1125379
SRR27140152	179.08373162939296	True	1130105
SRR27140153	178.7400178913738	True	1127936
SRR27140154	178.46317699680512	True	1126189
SRR27140155	178.07778658146964	True	1123757
SRR27140156	178.06541693290734	True	1125949
SRR27140157	179.01733418530353	True	1129686
SRR27140158	177.99741373801916	True	1125519
SRR27140159	178.97238977635783	True	1131684
SRR27140160	178.53654696485623	True	1126652
SRR27140161	115.73368849840256	True	731811
SRR27140162	175.34867731629393	True	1106535
SRR27140163	178.2270431309904	True	1126971
SRR27140164	177.79435303514376	True	1124235
SRR27140165	178.1960463258786	True	1126775
SRR27140166	176.95933706070286	True	1118955
SRR27140167	177.85223482428114	True	1124601
SRR27140168	178.1927252396166	True	1126754
SRR27140169	177.7399361022364	True	1121625
SRR27140170	178.69992587859426	True	1127683
SRR27140171	155.45830830670926	True	982999
SRR27140172	179.84064089456868	True	1132598
SRR27140173	176.54583258785942	True	1111848
SRR27140174	135.26252779552715	True	853572
SRR27140175	177.78082044728436	True	1121883
SRR27140176	178.566814057508	True	1126843
SRR27140177	93.0524089456869	True	588392
SRR27140178	280.08956293929714	True	1811323
SRR27140179	165.3896945686901	True	1043689
SRR27140180	141.87238146964856	True	893482
SRR27140181	166.51104153354632	True	1052888
SRR27140182	175.70174057507987	True	1108763
SRR27140183	174.5086466453674	True	1101234
SRR27140184	175.67939680511182	True	1108622
SRR27140185	175.75825431309903	True	1106888
SRR27140186	142.55071693290733	True	899564
SRR27140187	176.18030734824282	True	1109546
SRR27140188	176.73192971246007	True	1113020
SRR27140189	176.2939980830671	True	1110262
SRR27140190	43.43790159744409	True	282076
SRR27140191	173.49858146964857	True	1094860
SRR27140192	51.273460063897765	True	324214
SRR27140193	143.81189137380193	True	909356
SRR27140194	47.702185303514376	True	301632
SRR27140195	164.77405239616613	True	1039804
SRR27140196	165.93588115015976	True	1055649
SRR27140197	60.90840575079872	True	385138
SRR27140198	153.923017571885	True	973291
SRR27140199	143.21864920127794	True	907438
SRR27140200	125.51108626198084	True	798475
SRR27140201	69.17190095846645	True	437390
SRR27140202	35.21595079872205	True	223582
SRR27140203	58.37438594249201	True	369862
SRR27140204	39.51526517571885	True	250370
SRR27140205	114.56988498402556	True	724452
SRR27140206	100.88764217252397	True	637936
SRR27140207	175.86938817891374	True	1112063
SRR27140208	91.56092492012779	True	578961
SRR27140209	175.87066581469648	True	1109829
SRR27140210	111.93645431309905	True	709233
SRR27140211	84.8137428115016	True	536297
SRR27140212	122.48230607028754	True	777626
SRR27140213	41.95938146964856	True	265856
SRR27140214	117.54806677316294	True	749339
SRR27140215	180.849910543131	True	1143556
SRR27140216	185.98772108626198	True	1171311
SRR27140217	186.1600038338658	True	1172396
SRR27140218	127.88530255591054	True	811929
SRR27140219	184.44259169329072	True	1163922
SRR27140220	176.05607156549522	True	1110999
SRR27140221	185.66040638977637	True	1171607
SRR27140222	185.2824638977636	True	1169222
SRR27140223	186.6333447284345	True	1175377
SRR27140224	143.61751309904153	True	906296
SRR27140225	178.69579073482427	True	1129935
SRR27140226	179.33046389776356	True	1131662
SRR27140227	177.9080607028754	True	1124954
SRR27140228	177.9776357827476	True	1123125
SRR27140229	178.1566677316294	True	1126526
SRR27140230	112.05060383386582	True	708522
SRR27140231	178.52862364217253	True	1126602
SRR27140232	40.128582747603836	True	254256
SRR27140233	178.0843945686901	True	1126069
SRR27140234	178.5302108626198	True	1128888
SRR27140235	153.04878115015975	True	967763
SRR27140236	95.00584025559105	True	600744
SRR27140237	167.57062619808306	True	1059588
SRR27140238	139.01917571884985	True	880830
SRR27140239	124.8412984025559	True	787809
SRR27140240	129.65663099041532	True	819849
SRR27140241	86.01226325878594	True	542779
SRR27140242	178.63316453674122	True	1129539
SRR27140243	178.91956869009584	True	1131350
SRR27140244	179.27658530351437	True	1131322
SRR27140245	176.55574600638977	True	1116403
SRR27140246	176.62306453674123	True	1114577
SRR27140247	176.718321086262	True	1117431
SRR27140248	177.70990255591053	True	1123701
SRR27140249	176.33149361022365	True	1114985
SRR27140250	177.84606709265177	True	1124562
SRR27140251	115.54391214057507	True	730611
SRR27140252	178.30566134185304	True	1125195
SRR27140253	177.99506709265177	True	1123235
SRR27140254	177.9483194888179	True	1122940
SRR27140255	176.99365495207667	True	1119172
SRR27140256	174.19615079872204	True	1099262
SRR27140257	175.94308498402555	True	1110286
SRR27140258	137.51100830670927	True	867761
SRR27140259	175.32094568690096	True	1106360
SRR27140260	160.48292332268372	True	1016825
SRR27140261	155.63429361022364	True	992129
SRR27140262	154.97928115015975	True	979970
SRR27140263	144.98455111821087	True	916771
SRR27140264	160.4496217252396	True	1016614
SRR27140265	147.18580063897764	True	932574
SRR27140266	129.08725047923323	True	817901
SRR27140267	146.83676837060702	True	928483
SRR27140268	47.10913418530352	True	298485
SRR27140269	155.38508626198083	True	982536
SRR27140270	161.3486501597444	True	1020245
SRR27140271	175.7971568690096	True	1107133
SRR27140272	136.99724792332267	True	868019
SRR27140273	175.50897124600638	True	1109784
SRR27140274	168.32821150159745	True	1066533
SRR27140275	67.8616533546326	True	429105
SRR27140276	76.05161022364217	True	480892
SRR27140277	82.51665814696486	True	521772
SRR27140278	40.94770734824281	True	259446
SRR27140279	41.89105431309904	True	276040
SRR27140280	123.15025431309904	True	780284
SRR27140281	138.1187587859425	True	873357
SRR27140282	122.71603418530351	True	785483
SRR27140283	80.55010063897764	True	509337
SRR27140284	72.07342332268371	True	455737
SRR27140285	145.4638031948882	True	940706
SRR27140286	54.8015607028754	True	346523
SRR27140287	158.00194408945686	True	999083
SRR27140288	185.9199194888179	True	1170884
SRR27140289	171.0040591054313	True	1085685
SRR27140290	185.60510159744408	True	1171258
SRR27140291	186.28830287539935	True	1173204
SRR27140292	184.9872108626198	True	1165010
SRR27140293	185.10799233226837	True	1168121
SRR27140294	185.16457476038337	True	1166127
SRR27140295	185.93008178913738	True	1170948
SRR27140296	186.15968626198082	True	1172394
SRR27140297	176.15939169329073	True	1111651
SRR27140298	186.34625974440894	True	1173569
SRR27140299	186.08315143769968	True	1171912
SRR27140300	183.70263258785943	True	1156920
SRR27140301	185.56471533546326	True	1168647
SRR27140302	185.48167028753994	True	1168124
SRR27140303	184.92226741214057	True	1164601
SRR27140304	184.21455846645367	True	1162483
SRR27140305	184.84129329073482	True	1166438
SRR27140306	184.25149361022363	True	1165065
SRR27140307	182.9964392971246	True	1157129
SRR27140308	176.33607635782747	True	1110527
SRR27140309	184.27537380191694	True	1165216
SRR27140310	184.00842172523963	True	1163528
SRR27140311	133.75152587859424	True	847454
SRR27140312	179.4569520766773	True	1134748
SRR27140313	184.60913993610222	True	1164973
SRR27140314	161.01852523961662	True	1022288
SRR27140315	185.39751054313098	True	1169948
SRR27140316	184.73273482428115	True	1168108
SRR27140317	185.91610862619808	True	1170860
SRR27140318	184.23912076677317	True	1162638
SRR27140319	58.204901916932904	True	374089
SRR27140320	178.07794504792332	True	1123758
SRR27140321	175.18307987220447	True	1105490
SRR27140322	132.42119808306708	True	837330
SRR27140323	93.64654313099041	True	590955
SRR27327774	0.0	False	0
SRR27327775	8.24023178913738	False	521049
SRR27327776	31.13507300319489	True	1968743
SRR27327777	0.0	False	0
SRR27327778	0.0	False	0
SRR27327779	0.0	False	0
SRR27327780	0.0	False	0
SRR27327781	9.21285143769968	False	582550
SRR27327782	25.957420447284345	False	1641348
SRR27327783	0.0	False	0
SRR27327784	0.0	False	0
SRR27327785	0.0	False	0
SRR27327786	0.0	False	0
SRR27327787	10.691920926517572	False	676075
SRR27327788	0.0	False	0
SRR27327789	0.0	False	0
SRR27327790	0.0	False	0
SRR27327791	0.0	False	0
SRR27327792	0.0	False	0
SRR27327793	0.0	False	0
SRR27327794	0.0	False	0
SRR27327795	0.0	False	0
SRR27501746	238.5859514376997	True	2497572
SRR27501747	193.8190734824281	True	2022179
SRR27501748	171.00086261980832	True	1784109
SRR27501749	246.36479233226837	True	2570406
SRR27501750	122.27099041533546	True	1275694
SRR27501751	173.27424920127797	True	1807828
SRR27501752	158.60064600638978	True	1665839
SRR27501753	159.56849329073484	True	1687329
SRR27501754	239.89648849840256	True	2511291
SRR27501755	249.02424920127797	True	2598153
SRR27501757	230.240607028754	True	2402177
SRR27501758	204.67370607028755	True	2135429
SRR27501759	520.1823642172524	True	5427236
SRR27501760	340.21888178913736	True	3549617
SRR27501761	447.10322683706073	True	4664777
SRR27501843	201.7564198083067	True	2147951
SRR27502038	313.17555623003193	True	2046429
SRR27502039	218.58550638977636	True	1471339
SRR27502040	159.18015782747605	True	1066882
SRR27502041	190.12611022364217	True	1252831
SRR27502042	120.86234888178913	True	806608
SRR27502043	138.0699910543131	True	911728
SRR27502044	237.41842236421726	True	1567763
SRR27502045	87.29289329073482	True	585068
SRR27502046	134.75772460063897	True	912969
SRR27502047	245.714607028754	True	1602264
SRR27502048	194.59397955271567	True	1271564
SRR27502049	179.0574968051118	True	1189915
SRR27502050	197.2391214057508	True	1299702
SRR27502051	234.06374760383386	True	1535890
SRR27502052	266.258807028754	True	1739854
SRR27502053	300.74736485623004	True	1952986
SRR27502054	131.62687284345049	True	878448
SRR27502055	270.0820645367412	True	1768529
SRR27502056	251.31193610223642	True	1645620
SRR27502057	274.2184073482428	True	1784415
SRR27502058	132.52640511182108	True	893982
SRR27502059	174.51890862619808	True	1157297
SRR27502060	216.59127156549522	True	1383532
SRR27502061	201.78655463258787	True	1321322
SRR27502062	208.37295814696486	True	1384729
SRR27502063	169.14582396166134	True	1128841
SRR27502064	128.6825463258786	True	856971
SRR27502065	289.48093450479234	True	1907527
SRR27502066	172.82170287539935	True	1150919
SRR27502067	288.4011354632588	True	1904421
SRR27502068	101.99752715654952	True	686564
SRR27502069	281.155582428115	True	1860501
SRR27502070	243.9359712460064	True	1600670
SRR27502071	88.22841150159745	True	585074
SRR27608435	12.202400638977636	False	8644
SRR27608436	289.8318108626198	True	2024941
SRR27842621	330.33450479233227	True	3446490
SRR27842622	324.478178913738	True	3385389
SRR27842623	333.09718849840255	True	3475314
SRR27842624	335.29303514376994	True	3498224
SRR27842625	332.1267412140575	True	3465189
SRR27842626	334.34607028753993	True	3488344
SRR27842627	321.5593610223642	True	3354936
SRR27842628	315.61073482428117	True	3292872
SRR27842629	332.70479233226837	True	3471220
SRR27842630	323.33127795527156	True	3373423
SRR27842631	266.28718849840254	True	2778263
SRR27842632	266.2886261980831	True	2778278
SRR28116525	19.84682731629393	False	1254961
SRR28116526	21.615827635782747	False	1366819
SRR28116527	23.00954520766773	False	1454947
SRR28116528	26.97240766773163	False	1705528
SRR28116529	19.910781948881787	False	1259005
SRR28116530	40.407182108626195	True	2555040
SRR28116531	42.07188450479233	True	2660303
SRR28116532	31.82799392971246	True	2012558
SRR28122460	0.09080798722044728	False	5742
SRR28122461	0.13097731629392972	False	8282
SRR28122462	1.26644089456869	False	80080
SRR28122463	0.9939062300319489	False	62847
SRR28122464	3.110503514376997	False	32238
SRR28164024	0.43547923322683707	False	34950
SRR28196902	101.4521482428115	True	1065588
SRR28196905	95.739610543131	True	1008973
SRR28248976	3834.7804658146965	True	39744579
SRR28248977	3412.3785654952076	True	35366705
SRR28248978	24.855769968051117	False	2222816
SRR28248979	1659.2703987220448	True	17197074
SRR28248980	33.10190415335463	True	2960256
SRR28248981	1113.0899872204473	True	11536330
SRR28248982	37.33352715654952	True	3338684
SRR28248983	4398.331473482428	True	45585356
SRR28248984	3787.6726146964857	True	39256342
SRR28248985	3874.4048920127793	True	40155256
SRR28248986	967.8864575079872	True	10031406
SRR28248987	870.9505361022365	True	9026739
SRR28248988	1299.20207028754	True	13465240
SRR28248989	640.1318396166134	True	6634479
SRR28248990	1163.0277616613419	True	12053897
SRR28248991	1330.9029041533547	True	13793795
SRR28248992	1391.4232217252397	True	14421042
SRR28248993	387.93530607028754	True	4020654
SRR28248994	545.0262504792332	True	5648782
SRR28248995	328.878771884984	True	3408578
SRR28248996	4740.016492651757	True	49126661
SRR28248997	53.83137539936102	True	4814063
SRR28248998	51.67310543130991	True	4621052
SRR28260633	10.261517571884983	False	1284742
SRR28260634	4.685832428115016	False	598639
SRR28260635	3.4388685303514377	False	439333
SRR28260636	6.819648562300319	False	853820
SRR28260637	1281.9750447284346	True	13286695
SRR28260638	127.62867348242811	True	2645548
SRR28260639	1149.41392971246	True	11912800
SRR28260640	1338.3218766773164	True	13870687
SRR28260641	13.211354952076677	False	1687818
SRR28260642	10.094281150159745	False	1263804
SRR28260643	1860.652007028754	True	19284241
SRR28260644	1088.534492651757	True	11281831
SRR28286827	2400.292333546326	True	24877202
SRR28511053	70.86895047923322	True	905387
SRR28511054	73.65729968051119	True	956628
SRR28511055	83.98012939297125	True	1072889
SRR28511056	222.44028817891373	True	2688178
SRR28511057	270.75331118210863	True	3234572
SRR28511058	111.61967220447285	True	1261262
SRR28511059	318.4728996805112	True	3775834
SRR28511060	39.10491884984025	True	440282
SRR28511061	31.176155271565495	True	349754
SRR28511062	67.20912012779553	True	756707
SRR28511063	37.66930990415335	True	430310
SRR28511064	52.2005840255591	True	587726
SRR28511065	39.68056230031949	True	443572
SRR28511066	202.90223482428115	True	2326315
SRR28511067	161.7417159744409	True	1827623
SRR28511068	185.4238536741214	True	2118163
SRR28511069	172.6690734824281	True	1965288
SRR28511070	155.68138658146964	True	1811460
SRR28511071	170.2725124600639	True	1930989
SRR28511072	152.09078817891373	True	1718571
SRR28511073	139.22984313099042	True	1608079
SRR28511074	118.6849840255591	True	1365750
SRR28511075	117.59373993610224	True	1358186
SRR28511076	104.00382108626198	True	1252046
SRR28511077	146.41159584664535	True	1742465
SRR28511078	175.58339936102237	True	2113754
SRR28511079	101.49283897763578	True	1159389
SRR28511080	305.11523322683706	True	3673118
SRR28511081	106.74873258785942	True	1251399
SRR28511082	128.21927763578276	True	1480909
SRR28511083	189.41613674121405	True	1963154
SRR28511084	121.10383322683705	True	1255149
SRR28511085	61.23990734824281	True	634705
SRR28511086	169.10427284345047	True	1752637
SRR28511087	270.7765769968051	True	2806393
SRR28511088	265.5439686900958	True	2752161
SRR28511089	289.7967878594249	True	3003523
SRR28511090	258.1221980830671	True	2675240
SRR28511091	210.02294728434504	True	2390443
SRR28511092	275.4814089456869	True	2855155
SRR28511093	159.30856996805113	True	1651112
SRR28511094	225.87265047923322	True	2340998
SRR28511095	183.80250670926517	True	1904973
SRR28511096	220.19385239616614	True	2479161
SRR28511097	235.9944664536741	True	2657060
SRR28511098	166.355910543131	True	1873000
SRR28511099	175.5403194888179	True	1962290
SRR28511100	152.89033099041532	True	1759363
SRR28511101	254.67284536741215	True	2909219
SRR28511102	209.86891214057508	True	2321165
SRR28511103	146.61199744408947	True	1687116
SRR28511104	358.30803674121404	True	3801709
SRR28511105	366.1955638977636	True	3885397
SRR28511106	348.89415974440897	True	3689320
SRR28511107	345.29995047923325	True	3663691
SRR28511108	217.4618945686901	True	2484145
SRR28511109	214.4985584664537	True	2432538
SRR28511110	164.68258146964857	True	1840916
SRR28511111	126.82932907348243	True	1526830
SRR28511112	121.9036805111821	True	1362709
SRR28511113	96.6543642172524	True	1065240
SRR28511114	146.95615591054312	True	1666568
SRR28511115	138.28790990415337	True	1551402
SRR28511116	108.96535591054312	True	1200921
SRR28511117	280.62511182108625	True	3277450
SRR28511118	247.26819233226837	True	2824633
SRR28511119	245.38847444089456	True	2792967
SRR28511120	191.04380638977636	True	2112958
SRR28511121	217.8358805111821	True	2257703
SRR28511122	170.57577507987222	True	1767888
SRR28511714	344.75046389776355	True	3573076
SRR28511715	410.44106006389774	True	4253909
SRR28511716	229.4658715654952	True	2378239
SRR28511717	394.0214261980831	True	4083732
SRR28511718	208.82634249201277	True	2164326
SRR28511719	25.927713099041533	False	268721
SRR28511720	264.17618849840255	True	2737985
SRR28511721	345.6692696485623	True	4209902
SRR28511722	171.04649552715654	True	1905251
SRR28511723	271.88985814696485	True	3117272
SRR28511724	125.66786837060702	True	1399788
SRR28511725	166.28448817891373	True	1852208
SRR28511726	110.58450798722045	True	1321105
SRR28511727	244.5320051118211	True	2534388
SRR28511728	1.006776996805112	False	12214
SRR28511729	0.6723067092651758	False	8220
SRR28511730	204.3767961661342	True	2805699
SRR28511731	214.91259552715655	True	3173002
SRR28511732	237.19615591054313	True	3437148
SRR28511733	0.5507399361022364	False	5708
SRR28511734	7.898699041533546	False	81864
SRR28511735	312.11603514377	True	3234845
SRR28511736	10.125104792332268	False	104939
SRR28511737	9.370490734824282	False	97118
SRR28511738	266.6018690095847	True	3034414
SRR28511739	321.77884600638976	True	3772164
SRR28511740	216.67532204472843	True	2430802
SRR28511741	187.46218370607028	True	2118255
SRR28511742	186.71039041533547	True	1935111
SRR28511743	221.19971501597445	True	2508533
SRR28511744	213.42770415335463	True	2438061
SRR28511745	48.01827412140575	True	584814
SRR28511746	33.256575079872206	True	400358
SRR28511747	289.0410121405751	True	3533978
SRR28511748	258.2231968051118	True	3038491
SRR28511749	323.12085623003196	True	3889878
SRR28511750	238.43864856230033	True	2471235
SRR28511751	257.092696485623	True	2664570
SRR28511752	264.77739041533545	True	2744216
SRR28511753	233.69724856230033	True	2422094
SRR28511754	192.04672076677318	True	1990418
SRR28511755	293.6891143769968	True	3043864
SRR28511756	139.9379233226837	True	1450350
SRR28511757	150.16472396166134	True	1556343
SRR28511758	182.7944249201278	True	1894525
SRR28511759	288.5707450479233	True	2990816
SRR28511760	297.077207028754	True	3078979
SRR28511761	312.691089456869	True	3240805
SRR28511762	264.0214571884984	True	3095083
SRR28511763	280.84699552715654	True	3329739
SRR28511764	269.91122044728434	True	3188008
SRR28511765	267.5796373801917	True	3136795
SRR28511766	255.10875271565496	True	3340964
SRR28511767	322.18718530351435	True	3908705
SRR28511768	257.92530095846644	True	3057978
SRR28511769	239.9762766773163	True	2823781
SRR28511770	180.3647038338658	True	2179697
SRR28511771	186.90258977635781	True	1937103
SRR28511772	252.97807603833866	True	3022219
SRR28511773	274.6568428115016	True	2846609
SRR28511774	170.6931980830671	True	1769105
SRR28511775	130.4429661341853	True	1351942
SRR28511776	363.12123003194887	True	3763475
SRR28511777	403.98366325878595	True	4186983
SRR28511778	360.15477955271564	True	3732730
SRR28511779	194.43512587859425	True	2015172
SRR28511780	501.41224025559103	True	5196756
SRR28511781	320.7662479233227	True	3369122
SRR28511782	319.85701469648563	True	3359572
SRR28511783	378.3930658146965	True	4001251
SRR28511784	159.23619329073483	True	1689523
SRR28511785	249.81381661341854	True	2632718
SRR28511786	377.8577124600639	True	3995590
SRR28511787	375.9476230031949	True	3988868
SRR28511788	374.09100798722045	True	3969169
SRR28511789	88.02569520766774	True	1005549
SRR28511790	62.551035143769965	True	709365
SRR28511791	110.76070670926518	True	1247054
SRR28511792	252.5593194888179	True	2617585
SRR28511793	19.82181341853035	False	205438
SRR28511794	431.2944012779553	True	4470038
SRR28511795	299.1335086261981	True	3100291
SRR28511796	339.6409712460064	True	3520120
SRR28511797	136.13417060702875	True	1410927
SRR28511798	214.87386837060703	True	2227004
SRR28511799	212.78727028753994	True	2205378
SRR28511800	496.7023910543131	True	5147942
SRR28511801	312.6810549520767	True	3240701
SRR28511802	268.3066415335463	True	2780794
SRR28511803	294.8825450479233	True	3056233
SRR28511804	350.53477699680514	True	3633026
SRR28511805	338.6895265175719	True	3510259
SRR28511806	29.876911821086264	False	358294
SRR28511807	32.28399488817892	True	382761
SRR28511808	41.08234888178914	True	460888
SRR28511809	302.93525559105433	True	3511805
SRR28511810	217.47827156549522	True	2439810
SRR28511811	288.2168785942492	True	3404222
SRR28511812	186.98807348242812	True	2075435
SRR28511813	162.9711769968051	True	1796126
SRR28511814	259.4120178913738	True	2688608
SRR28511815	146.947407028754	True	1631012
SRR28511816	213.16491501597443	True	2209292
SRR28511817	304.78525047923324	True	3158867
SRR28511818	235.18389904153355	True	2437502
SRR28520014	33.9238357827476	True	413158
SRR28520015	29.81700862619808	False	363141
SRR28520016	26.957461341853037	False	302426
SRR28520017	231.29362428115016	True	2651828
SRR28520018	248.2601817891374	True	2846353
SRR28520019	198.1628856230032	True	2247282
SRR28520020	382.6426837060703	True	3965800
SRR28520021	81.75699616613419	True	847349
SRR28520022	263.345061341853	True	2729371
SRR28520023	211.5832984025559	True	2607306
SRR28520024	217.6447284345048	True	2724912
SRR28520025	187.65586581469648	True	2330805
SRR28520026	101.87249520766773	True	1235895
SRR28520027	133.00465974440894	True	1632567
SRR28520028	253.79262555910543	True	2931258
SRR28520029	209.5233642172524	True	2428919
SRR28520030	248.17690734824282	True	2814470
SRR28520031	349.8771309904153	True	3626210
SRR28520032	229.52516038338658	True	2621948
SRR28520033	249.164203514377	True	2795283
SRR28520034	195.59845303514376	True	2027229
SRR28520035	198.48752204472842	True	2057172
SRR28520036	284.1675623003195	True	3015066
SRR28520037	149.21297923322683	True	1583175
SRR28520038	146.60698881789136	True	1555525
SRR28520039	408.5314453674121	True	4319944
SRR28520040	108.36908178913738	True	1123163
SRR28520041	383.84022236421725	True	4058851
SRR28520042	367.3937290734824	True	3951692
SRR28520043	0.007326517571884984	False	78
SRR28520044	41.657392971246004	True	441992
SRR28520045	4.849009584664537	False	51275
SRR28520046	337.51193865814696	True	3556944
SRR28520047	322.94271437699683	True	3414901
SRR28520048	315.39359904153355	True	3323845
SRR28520049	53.499680511182106	True	598050
SRR28520050	55.78154376996805	True	628044
SRR28520051	241.8143910543131	True	2506222
SRR28520052	40.41861980830671	True	486578
SRR28520053	57.16433674121406	True	641306
SRR28520054	51.0563214057508	True	576918
SRR28520055	60.625316293929714	True	682580
SRR28520056	170.09669009584664	True	1901438
SRR28520057	243.63229680511182	True	2752957
SRR28520058	323.7343993610224	True	3752921
SRR28520059	111.77936613418531	True	1158508
SRR28520060	203.2972338658147	True	2107021
SRR28520061	162.9805750798722	True	1875475
SRR28520062	162.10464249201277	True	1886199
SRR28520063	160.2362392971246	True	1850699
SRR28520064	139.89149712460065	True	1677626
SRR28520065	197.92869520766774	True	2364568
SRR28520066	310.7327207667732	True	3220508
SRR28520067	167.47393514376998	True	1865457
SRR28520068	186.72327412140575	True	2102316
SRR28520069	266.9794162939297	True	3083563
SRR28520070	276.66447763578276	True	2935457
SRR28520071	293.48975079872207	True	3113976
SRR28520072	304.6255156549521	True	3221209
SRR28520073	381.9037003194888	True	3958141
SRR28520074	341.3580293929712	True	3537916
SRR28520075	380.11649712460064	True	3939618
SRR28520076	256.4850300319489	True	2658272
SRR28520077	316.7951054313099	True	3283340
SRR28520078	269.293303514377	True	2791020
SRR28520079	399.5782261980831	True	4141324
SRR28520080	206.66342428115016	True	2141909
SRR28520081	109.58103769968051	True	1135724
SRR28520082	150.72356869009585	True	1562135
SRR28520083	206.3717539936102	True	2315210
SRR28520084	217.34866006389777	True	2447127
SRR28520085	192.49767412140574	True	2151849
SRR28520086	38.89036357827476	True	403069
SRR28520087	44.337226837060705	True	506480
SRR28520088	27.41326517571885	False	309760
SRR28520089	29.47411341853035	False	335469
SRR28520090	215.64894057507988	True	2445584
SRR28520091	300.58497955271565	True	3704059
SRR28520092	307.31891118210865	True	3685472
SRR28520093	255.9516268370607	True	3034578
SRR28520094	343.6397961661342	True	4251354
SRR28520095	362.0797111821086	True	4292839
SRR28520096	415.5405047923323	True	5100556
SRR28520097	42.60235846645367	True	441541
SRR28520098	0.0009648562300319488	False	10
SRR28520099	321.48382428115013	True	3331935
SRR28520100	261.92016166134187	True	2714603
SRR28520101	256.5256504792332	True	2658693
SRR28520102	319.60467028753993	True	3312459
SRR28520103	225.1893392971246	True	2333916
SRR28520104	224.00739041533546	True	2321666
SRR28520105	259.13298146964854	True	2685716
SRR28520106	22.1123821086262	False	229178
SRR28520107	358.7642287539936	True	3718318
SRR28520108	361.01157188498405	True	3741610
SRR28520109	399.39586837060705	True	4139434
SRR28533045	41.41977955271565	True	466345
SRR28533046	44.457943769968054	True	491708
SRR28533047	39.53506741214058	True	477779
SRR28533048	213.472103514377	True	2493163
SRR28533049	161.211785942492	True	1875810
SRR28533050	245.18883322683706	True	2863586
SRR28533051	176.92092779552715	True	2066278
SRR28533052	153.9396805111821	True	1784560
SRR28533053	391.28865974440896	True	4151639
SRR28533054	486.5135287539936	True	5161991
SRR28533055	414.33957060702875	True	4381361
SRR28533056	437.28883833865814	True	4624034
SRR28533057	439.1599968051118	True	4659562
SRR28533058	234.62888594249202	True	2902721
SRR28533059	135.0139571884984	True	1612953
SRR28533060	115.13527188498402	True	1380741
SRR28533061	133.2014108626198	True	1579244
SRR28533062	254.37230926517572	True	2863976
SRR28533063	218.29647028753993	True	2422936
SRR28533064	245.3787872204473	True	2762718
SRR28533065	176.7382428115016	True	1941020
SRR28533066	175.67299840255592	True	1929321
SRR28533067	161.0734638977636	True	1762797
SRR28533068	178.43895431309903	True	2060937
SRR28533069	196.23336102236422	True	2209390
SRR28533070	149.42085623003194	True	1641008
SRR28533071	240.46289520766774	True	2829507
SRR28533072	225.2346926517572	True	2650318
SRR28533073	400.41980511182106	True	4248522
SRR28533074	436.40972779552715	True	4614738
SRR28533075	373.86411373801917	True	3980254
SRR28533076	171.99022523961662	True	2016215
SRR28533077	50.338068370607026	True	568802
SRR28533078	227.51180511182108	True	2589498
SRR28533079	193.91486549520766	True	2223273
SRR28533080	225.51533099041532	True	2425646
SRR28533081	219.43612523961662	True	2601648
SRR28533082	306.9686674121406	True	3235057
SRR28533083	348.41525463258785	True	3671851
SRR28533084	58.55590415335463	True	704923
SRR28533085	46.85256805111821	True	525622
SRR28533086	47.93774440894569	True	547610
SRR28533087	159.24948242811502	True	1832540
SRR28533088	20.643872204472842	False	249480
SRR28533089	6.533474440894569	False	72775
SRR28533090	6.842280191693291	False	80211
SRR28533091	87.65963099041534	True	1075979
SRR28533092	244.06342044728436	True	2861118
SRR28533093	122.05333099041533	True	1682938
SRR28533094	107.71866581469648	True	1317029
SRR28533095	87.08016996805112	True	1081591
SRR28533096	93.68891757188499	True	1168312
SRR28533097	61.53109265175719	True	755264
SRR28533098	127.3286747603834	True	1556792
SRR28533099	210.89546325878595	True	2357510
SRR28533100	289.1142268370607	True	3255135
SRR28533101	176.3485750798722	True	1943560
SRR28533102	118.70327923322684	True	1346164
SRR28533103	248.61478849840256	True	2947592
SRR28533104	196.90797220447286	True	2224989
SRR28862849	680.0474594249201	True	7048174
SRR28862874	191.2449252396166	True	1982108
SRR28862875	281.52584728434505	True	2917801
SRR28862885	322.25281469648564	True	3339905
SRR28862886	192.32459936102236	True	1993298
SRR28862922	295.28874952076677	True	3060443
SRR28862967	1546.7728900958466	True	16031123
SRR28862973	157.98009584664536	True	1648259
SRR28863006	208.0359322683706	True	2156134
SRR28863079	254.1725591054313	True	2634305
SRR28972306	210.37057284345047	True	1363271
SRR2939282	264.20046325878593	True	3108825
SRR2939505	86.4987015974441	True	1109594
SRR29506595	151.1416408945687	True	1566468
SRR29506596	116.88721853035143	True	1211447
SRR30038038	140.9824019169329	True	921242
SRR30156004	52.1425768370607	True	39379
SRR30156005	29.386065495207667	False	14870
SRR30156006	60.89446389776358	True	36682
SRR30156007	6.176883067092652	False	5898
SRR30156008	88.46949392971246	True	58942
SRR30338947	48.594106709265176	True	266374
SRR30338948	58.1104785942492	True	321353
SRR30338949	52.16397763578275	True	295250
SRR30338950	55.76757827476038	True	310040
SRR30338951	46.88561980830671	True	261590
SRR30338952	51.390141853035146	True	286212
SRR30338953	63.267444728434505	True	362687
SRR30338954	58.281103833865814	True	322867
SRR30726147	104.20285207667732	True	675269
SRR30916323	40.721156549520764	True	37598
SRR30916324	498.4617891373802	True	5200618
SRR3121707	0.0	False	0
SRR3121710	270.89033865814696	True	3364630
SRR3121731	267.2344869009585	True	3319222
SRR3121732	357.5297099041534	True	4440746
SRR3121733	266.6242926517572	True	3311643
SRR3121734	338.96270415335465	True	4210132
SRR3121735	389.48226325878596	True	4837617
SRR3121736	312.6701674121406	True	3883562
SRR3121757	330.0575233226837	True	4099524
SRR3121758	252.83321022364217	True	3140349
SRR3121759	310.571482428115	True	3857495
SRR3121760	351.3766428115016	True	4364321
SRR3121761	269.5530479233227	True	3348020
SRR3121762	225.04654696485622	True	2795221
SRR3121763	334.5750057507987	True	4155634
SRR3121764	317.4262849840256	True	3942636
SRR3121765	244.99109904153354	True	3042945
SRR3121766	350.12292268370607	True	4348749
SRR3121767	0.0	False	0
SRR3121768	307.8777392971246	True	3824037
SRR3121769	278.5599143769968	True	3459891
SRR3121770	395.5916127795527	True	4913499
SRR3121771	298.33804984025556	True	3705548
SRR3121772	209.7827539936102	True	2605635
SRR3121773	442.576489456869	True	5497081
SRR3121774	338.9855693290735	True	4210416
SRR3121775	268.42814568690096	True	3334048
SRR3121776	253.6559539936102	True	3150568
SRR3121777	325.7590313099042	True	4046134
SRR3121778	301.92425942492014	True	3750091
SRR3121779	417.964221086262	True	5191381
SRR3121780	259.45372523961663	True	3222580
SRR3121781	299.095821086262	True	3714960
SRR3121782	260.5836191693291	True	3236614
SRR3121783	391.6399629392971	True	4864417
SRR3121784	325.7128178913738	True	4045560
SRR3121785	404.03312971246004	True	5018348
SRR3121786	363.64888178913736	True	4516750
SRR3121787	399.8716677316294	True	4966660
SRR3121788	394.3891782747604	True	4898564
SRR3121789	311.2516408945687	True	3865943
SRR3121790	344.97672843450476	True	4284830
SRR3121791	290.395943769968	True	3606902
SRR3121792	379.1298134185304	True	4709033
SRR3121793	397.5794338658147	True	4938189
SRR3121794	286.39936869009586	True	3557262
SRR3121795	284.77014440894567	True	3537026
SRR3121796	312.8522837060703	True	3885824
SRR3121797	376.8502198083067	True	4680719
SRR3121798	353.26052396166136	True	4387720
SRR3121799	322.6227182108626	True	4007179
SRR3121800	355.2138057507987	True	4411981
SRR3121801	272.9396702875399	True	3390084
SRR3121802	319.42368690095844	True	3967445
SRR3121803	0.0	False	0
SRR3121804	312.9305405750799	True	3886796
SRR3121805	353.29619041533545	True	4388163
SRR3121806	358.7566198083067	True	4455985
SRR3121807	301.05642939297127	True	3739312
SRR3121808	357.5955680511182	True	4441564
SRR3121809	289.152207028754	True	3591454
SRR3121810	271.51180447284344	True	3372349
SRR3121811	237.41411118210863	True	2948834
SRR31254141	222.03661693290735	True	2371927
SRR31254142	184.72685814696484	True	1973362
SRR31254143	225.50908817891374	True	2409022
SRR31254144	191.9468996805112	True	2057513
SRR31254145	166.5973661341853	True	1779692
SRR31254146	157.56805111821086	True	1689000
SRR31254147	150.50445814696485	True	1607778
SRR31254148	169.48907955271565	True	1810583
SRR31254149	150.77096645367413	True	1610625
SRR31254153	190.55418817891373	True	2035613
SRR31254154	208.7390038338658	True	2229874
SRR31254160	258.44204792332266	True	2678555
SRR31254161	275.22022236421725	True	2852448
SRR31254162	216.83686837060702	True	2247349
SRR31254163	199.44765047923323	True	2067123
SRR31254164	260.2883003194888	True	2697690
SRR31254165	274.3374517571885	True	2940672
SRR31254166	79.40293993610224	True	822951
SRR31254167	225.35037380191693	True	2335585
SRR31254169	177.9794108626198	True	1907793
SRR31254170	180.08302364217252	True	1930342
SRR31254172	190.9122121405751	True	2046422
SRR31254175	172.15275846645366	True	1839038
SRR31254176	182.2777338658147	True	1947199
SRR31254177	217.32175079872204	True	2321560
SRR31254178	210.233096485623	True	2253526
SRR31254179	144.87393482428115	True	1501508
SRR31254180	158.90738274760383	True	1646954
SRR31254181	169.57145623003194	True	1757479
SRR31254182	40.97609329073482	True	424686
SRR31254183	70.51796485623004	True	730865
SRR31254184	212.75398274760383	True	2205033
SRR31254185	106.99039872204473	True	1108874
SRR31254186	165.65983258785943	True	1716938
SRR31254187	174.87054408945687	True	1868071
SRR31254188	90.29877188498402	True	935878
SRR31254189	177.877710543131	True	1843567
SRR31254190	142.11415654952077	True	1472905
SRR31254191	219.17027667731628	True	2271533
SRR31254192	156.27236038338657	True	1619644
SRR31254193	174.10647348242813	True	1804481
SRR31254194	122.18572651757188	True	1266362
SRR31254195	427.48249584664535	True	4582261
SRR31254196	236.49574440894568	True	2535040
SRR31254197	204.03625942492013	True	2187101
SRR31254198	189.27884249201279	True	2021989
SRR31254199	202.01432619808307	True	2158037
SRR31417003	296.29161629392974	True	3165163
SRR31417004	208.1153303514377	True	2200679
SRR31417005	344.57277412140576	True	3680931
SRR31417006	193.9232178913738	True	2050607
SRR31417007	216.93064536741215	True	2293895
SRR31417008	221.82873610223643	True	2345689
SRR31417009	220.0528306709265	True	2326910
SRR31417010	199.2739143769968	True	2107187
SRR31417011	270.7052274760383	True	2891834
SRR31417012	193.33017763578275	True	2044336
SRR31417013	190.03739041533547	True	2009517
SRR31417014	37.92698626198083	True	248871
SRR31417015	214.65447156549521	True	2269826
SRR31417016	220.78961533546325	True	2334701
SRR31417017	204.0146428115016	True	2157317
SRR31417018	174.3777610223642	True	1843927
SRR31417019	279.9308319488818	True	2980216
SRR31417020	243.270578913738	True	2572422
SRR31417021	148.7673	True	1567817
SRR31417022	324.59638274760385	True	3455737
SRR31417023	201.35832907348242	True	2136446
SRR31417024	223.0952	True	2359081
SRR31417025	51.30154408945687	True	332451
SRR31417026	185.11288849840255	True	1950853
SRR31417027	189.02835431309904	True	1992117
SRR31417028	305.0248460063898	True	4946776
SRR31417029	334.07052300319486	True	5307821
SRR31417030	45.123785303514374	True	289421
SRR31417031	58.85709552715655	True	375199
SRR31417032	48.590005431309905	True	304783
SRR31417033	442.2129591054313	True	7134673
SRR31417034	50.53729456869009	True	317634
SRR31417035	54.29011341853035	True	343289
SRR31417036	288.35285239616616	True	4676396
SRR31417037	55.29573642172524	True	346845
SRR31417038	38.33803003194888	True	242911
SRR31417039	41.229763258785944	True	261763
SRR31417040	41.70103514376997	True	266376
SRR31417041	48.90169073482428	True	307354
SRR31417042	52.35077252396166	True	329694
SRR31417043	54.29359872204473	True	344006
SRR31417044	44.143325559105435	True	276891
SRR31417045	58.654871884984026	True	372393
SRR31417046	44.856923003194886	True	287121
SRR31417047	52.68875974440895	True	342149
SRR31417048	33.204536741214056	True	209960
SRR31417049	46.67806773162939	True	296956
SRR31417050	55.15391629392971	True	349457
SRR31417051	50.27094696485623	True	317234
SRR31417052	45.71598722044728	True	288490
SRR31417053	68.72262268370606	True	439881
SRR31417054	60.52347699680511	True	393843
SRR31417055	53.78153354632588	True	354392
SRR31417056	62.97106709265176	True	408920
SRR31417057	45.413664536741216	True	293082
SRR31417058	47.47151980830671	True	318171
SRR31417059	52.24675974440895	True	334422
SRR31417060	54.867220447284346	True	357780
SRR31417061	54.62008562300319	True	355428
SRR31417062	293.3202405750799	True	3133421
SRR31417063	298.26613674121404	True	3186256
SRR31417064	51.73827444089457	True	338081
SRR31417065	272.007345686901	True	2905744
SRR31417066	217.30397444089456	True	2329320
SRR31417067	152.90507923322684	True	1627867
SRR31417068	172.98826325878593	True	1829234
SRR31417069	220.4405623003195	True	2331010
SRR31417070	238.39962939297124	True	2520915
SRR31417071	200.7155194888179	True	2122431
SRR31417072	211.08384153354632	True	2232069
SRR31417073	206.23747987220446	True	2180822
SRR31417074	230.05242939297125	True	2432649
SRR31417075	121.42538146964856	True	1292726
SRR31417076	189.14116293929712	True	2000040
SRR31417077	59.89368562300319	True	387329
SRR31417078	207.38109904153356	True	2192915
SRR31417079	150.83091373801918	True	1594935
SRR31417080	181.7234785942492	True	1921603
SRR31417081	201.7375233226837	True	2133238
SRR31417082	222.41865559105432	True	2351927
SRR31417083	280.0064485623003	True	2960879
SRR31417084	205.3853214057508	True	2171811
SRR31417085	213.43737252396167	True	2256956
SRR31417086	198.21058849840256	True	2088886
SRR31417087	193.51657252396166	True	2046307
SRR31417088	47.08544345047923	True	308321
SRR31417089	184.01998466453674	True	1945887
SRR31417090	234.7235552715655	True	2482043
SRR31417091	211.97363833865813	True	2241478
SRR31417092	214.18719584664538	True	2257259
SRR31417093	202.84644536741214	True	2137742
SRR31417094	205.17623003194888	True	2169600
SRR31417095	213.07422875399362	True	2253116
SRR31417096	185.98313610223641	True	1966646
SRR31417097	210.49080127795528	True	2225798
SRR31417098	219.7846338658147	True	2324074
SRR31417099	55.75009073482428	True	364296
SRR31417100	345.26307987220446	True	3675760
SRR31417101	196.22851884984024	True	2074984
SRR31417102	50.13483354632588	True	528357
SRR31417103	203.07491373801918	True	2147380
SRR31417104	245.39601022364218	True	2594897
SRR31417105	193.2927284345048	True	2043940
SRR31417106	314.8382127795527	True	3351849
SRR31417107	332.0501124600639	True	5302637
SRR31417108	213.4362376996805	True	2256944
SRR31417109	225.7701699680511	True	2387367
SRR31417110	189.90085111821085	True	2001312
SRR31417111	190.64115814696487	True	2022735
SRR31417112	212.11492396166133	True	2242972
SRR31417113	197.67940447284346	True	2083288
SRR31417114	222.75532012779553	True	2355487
SRR31417115	252.22065431309903	True	2667063
SRR31417116	219.55038722044728	True	2321597
SRR31417117	211.3461750798722	True	2234843
SRR31417118	61.032836741214055	True	395513
SRR31417119	213.11470415335464	True	2253544
SRR31417120	194.36456996805111	True	2055274
SRR31417121	391.3170996805112	True	4166063
SRR31417122	210.7679821086262	True	2228729
SRR31417123	180.01892204472844	True	1936286
SRR31417124	237.59087795527157	True	2512363
SRR31417125	216.10809265175718	True	2332477
SRR31417126	221.16660095846646	True	2330813
SRR31417127	215.74182236421726	True	2281324
SRR31417128	215.18058019169328	True	2267728
SRR31417129	50.21145207667732	True	336535
SRR31417130	232.4258198083067	True	2457746
SRR31417131	206.29677444089458	True	2181449
SRR31417132	111.93493514376996	True	1179651
SRR31417133	370.6740191693291	True	3959760
SRR31417134	63.85063514376997	True	672904
SRR31417135	219.7500217252396	True	2323708
SRR31417136	216.71654185303515	True	2291631
SRR31417137	180.6966268370607	True	1923743
SRR31417138	216.12082715654952	True	2277637
SRR31417139	196.14227220447285	True	2074072
SRR31417140	53.42366645367412	True	344066
SRR31417141	194.86568530351437	True	2053635
SRR31417142	196.26265814696487	True	2075345
SRR31417143	224.40724600638978	True	2372955
SRR31417144	152.4964054313099	True	1607117
SRR31417145	319.790403514377	True	3416191
SRR31417146	212.36761150159745	True	2245644
SRR31417147	242.54098274760383	True	2582154
SRR31417148	180.63225047923322	True	1910064
SRR31417149	209.41814376996805	True	2221962
SRR31417150	312.780682428115	True	3329944
SRR31417151	351.7066067092652	True	5763569
SRR31417152	215.6907552715655	True	2280784
SRR31417153	145.04882204472844	True	1528629
SRR31417154	258.84144217252395	True	2765098
SRR31417155	217.39195143769967	True	2298773
SRR31417156	251.68024984025558	True	2679453
SRR31417157	299.9206715654952	True	3193033
SRR31417158	247.0592837060703	True	2630257
SRR31417159	218.30574920127796	True	2316261
SRR31417160	226.67358466453675	True	2396920
SRR31417161	294.4099092651757	True	3134364
SRR31417162	49.29942651757189	True	320805
SRR31417163	53.87224600638978	True	349110
SRR31417164	49.11810990415336	True	318962
SRR31613299	581.0106709265176	True	6061878
SRR31613300	329.1244408945687	True	3433865
SRR31613301	326.6505431309904	True	3408054
SRR31613304	308.55488817891376	True	3219256
SRR31613315	298.341661341853	True	3112698
SRR31613326	312.54891373801917	True	3260927
SRR31613337	327.75431309904155	True	3419570
SRR31613339	328.13894568690097	True	3423583
SRR31613340	373.1863897763578	True	3893578
SRR31613341	317.78415335463256	True	3315548
SRR31613342	327.2947284345048	True	3414775
SRR31613343	329.252875399361	True	3435205
SRR31613344	318.24891373801916	True	3320397
SRR31613345	326.6647284345048	True	3408202
SRR31613346	368.34249201277953	True	3843040
SRR31613347	368.846357827476	True	3848297
SRR31613348	310.5042172523962	True	3239594
SRR31613349	315.356357827476	True	3290218
SRR31613350	405.5303194888179	True	4231033
SRR31613351	353.6723961661342	True	3689982
SRR31613352	363.7261341853035	True	3794876
SRR31613353	322.24428115015974	True	3362082
SRR31613354	314.0525559105431	True	3276615
SRR31613355	278.8598722044728	True	2909438
SRR31613356	217.8988178913738	True	2273411
SRR31613357	303.68424920127796	True	3168439
SRR31613358	342.0382428115016	True	3568599
SRR31613359	339.59338658146964	True	3543091
SRR31613360	365.4567412140575	True	3812932
SRR31904117	367.6015015974441	True	3835309
SRR31904118	343.36984025559104	True	3582492
SRR31904119	392.35130990415337	True	4093532
SRR31904120	295.42399361022365	True	3082257
SRR31904121	387.5414376996805	True	4043349
SRR31904122	363.1231629392971	True	3788585
SRR31904123	403.5882747603834	True	4210771
SRR31912438	87.63085686900959	True	959037
SRR32147110	0.43203578274760385	False	3568
SRR32147111	1.972938019169329	False	13632
SRR32160448	264.09239616613417	True	2755364
SRR32160449	321.72076677316295	True	3356620
SRR32160451	264.8505431309904	True	2763274
SRR32160463	385.07214057507986	True	4017586
SRR32160471	211.53297124600638	True	2206994
SRR32160472	305.78683706070285	True	3190376
SRR32160474	311.8186581469649	True	3253308
SRR32160477	231.80386581469648	True	2418487
SRR32160480	368.1944089456869	True	3841495
SRR32179600	129.7290731629393	True	1385843
SRR32179601	110.99848690095847	True	1173734
SRR32179602	117.0792536741214	True	1238034
SRR32179616	113.86717252396166	True	1208150
SRR32179617	75.52967092651757	True	793315
SRR32179618	100.62132268370607	True	1060420
SRR32179630	128.91289744408945	True	1358577
SRR32179633	99.09627987220448	True	1044348
SRR32179634	78.1566412140575	True	823671
SRR32179635	104.19357795527156	True	1098067
SRR32179641	76.63397060702876	True	807624
SRR32179642	109.89844504792332	True	1158189
SRR32300557	42.31824345047923	True	672366
SRR32300577	47.279244728434506	True	751188
SRR32458401	0.08668897763578275	False	5373
SRR32458402	0.008083226837060703	False	501
SRR32458403	0.003856070287539936	False	239
SRR32458404	1.6134185303514376e-05	False	1
SRR32458405	0.0	False	0
SRR32458406	0.0	False	0
SRR32970824	0.9200638977635782	False	70
SRR32970825	0.8954038338658147	False	76
SRR33368507	94.3164091054313	True	3910071
SRR33368508	102.82287108626198	True	4262723
SRR33368509	96.79681325878595	True	4012901
SRR33368510	70.05398961661342	True	2904225
SRR33368511	95.99866006389776	True	3979812
SRR33368512	83.89591357827476	True	3478069
SRR33388164	240.3423750798722	True	3724117
SRR33388173	200.43788817891374	True	3105795
SRR33574348	209.54798722044728	True	2186284
SRR33574349	175.87073482428116	True	1834918
SRR33597898	89.12975207667732	True	3695048
SRR33597899	122.1450337060703	True	5063761
SRR33597900	115.40131581469649	True	4784187
SRR33805315	96.42327923322684	True	1012768
SRR33848938	0.6279980830670927	False	2068
SRR33848939	5.5484993610223645	False	21467
SRR33848940	0.08976421725239617	False	363
SRR33848941	3.830032108626198	False	13447
SRR33848942	190.00158306709264	True	2015949
SRR33848943	0.05386869009584665	False	259
SRR33848944	5.58264856230032	False	18070
SRR33848945	181.2201910543131	True	1929317
SRR33848946	204.96259936102237	True	2167341
SRR33848947	0.038227635782747606	False	209
SRR33848948	0.7600619808306709	False	1492
SRR33848949	271.55431150159745	True	2861835
SRR33848950	0.027346964856230033	False	168
SRR33848951	2.645919488817891	False	9984
SRR33848952	236.16736102236422	True	2522880
SRR33848953	0.09386581469648562	False	400
SRR33848954	1.6717482428115016	False	6452
SRR33848955	271.66369329073484	True	2872660
SRR33848956	0.019105431309904154	False	92
SRR33848957	0.2511233226837061	False	1624
SRR33848958	199.94506837060703	True	2114284
SRR33848959	0.4117017571884984	False	2471
SRR33848960	214.02664504792332	True	2255567
SRR33848961	0.43492140575079874	False	2628
SRR33848962	232.8114680511182	True	2453535
SRR33848963	0.5977020766773163	False	3417
SRR33848964	273.92861182108624	True	2906429
SRR33848965	0.23216421725239617	False	1471
SRR33848966	233.12440926517573	True	2456833
SRR33848967	0.02501261980830671	False	123
SRR33848968	0.15044201277955271	False	601
SRR33848969	1.84029392971246	False	8348
SRR33848970	205.72044153354634	True	2190153
SRR33848971	0.062144568690095846	False	325
SRR33848972	0.6171301916932908	False	2407
SRR33848973	208.93143450479232	True	2201870
SRR33848974	0.07121022364217253	False	251
SRR33848975	0.06188290734824281	False	273
SRR33848976	3.0266517571884983	False	11560
SRR33848977	210.4372603833866	True	2232775
SRR33848978	3.348741853035144	False	12636
SRR33848979	0.0781150159744409	False	300
SRR33848980	1.2632920127795526	False	3668
SRR33848981	208.3068805111821	True	2195288
SRR33848982	0.07254600638977636	False	361
SRR33848983	2.8147602236421725	False	12871
SRR33848984	205.33468083067092	True	2193507
SRR33848985	0.021050479233226838	False	116
SRR33848986	0.0089814696485623	False	56
SRR33848987	1.8491956869009585	False	9687
SRR33848988	242.1962319488818	True	2605066
SRR33848989	209.3757162939297	True	2229068
SRR33848990	0.04757060702875399	False	198
SRR33848991	4.720941533546326	False	20159
SRR33848992	226.14919488817893	True	2415860
SRR33848993	0.08860255591054313	False	372
SRR33848994	2.998173801916933	False	13208
SRR33848995	199.32735303514377	True	2114897
SRR33848996	0.005784345047923323	False	34
SRR33848997	0.0405629392971246	False	199
SRR33848998	1.7742504792332268	False	11618
SRR33848999	227.35197795527156	True	2445401
SRR33849000	0.3885228434504792	False	1459
SRR33849001	0.319758785942492	False	1035
SRR33849002	6.975010862619809	False	36508
SRR33849003	211.4998501597444	True	2259367
SRR33849004	0.0019466453674121405	False	18
SRR33849005	0.01941453674121406	False	109
SRR33849006	0.8912357827476038	False	8016
SRR33849007	124.59606900958467	True	1354117
SRR33849008	0.21729744408945686	False	803
SRR33849009	1.433114376996805	False	4962
SRR33849010	202.55988306709264	True	2134722
SRR33849011	1.6690415335463258	False	4760
SRR33849012	208.79185399361023	True	2200399
SRR33903767	334.336357028754	True	181129
SRR33903769	65.48199329073482	True	107477
SRR33903770	13.780980670926517	False	31987
SRR33903771	87.57617635782748	True	100944
SRR33903772	37.37069009584665	True	54659
SRR33903773	90.60517124600639	True	122981
SRR33903774	99.84550031948882	True	172852
SRR33903775	146.19840415335463	True	76618
SRR33903776	10.619286900958466	False	10572
SRR33903777	19.056720127795526	False	8258
SRR33903778	51.142492012779556	True	28000
SRR33903779	12.944535143769968	False	10090
SRR33903780	207.18023482428114	True	89070
SRR33903781	380.70394696485624	True	150398
SRR33903782	86.52931581469649	True	44121
SRR33903783	63.403623642172526	True	45247
SRR33903784	31.332774600638977	True	16963
SRR33903785	52.045740575079876	True	31488
SRR33903786	389.0687444089457	True	177068
SRR33903787	1079.70237028754	True	533502
SRR33903788	49.238967891373804	True	30759
SRR33903789	85.13422412140575	True	46387
SRR33903790	23.944546325878594	False	20618
SRR33903791	81.50918115015975	True	64174
SRR33903792	110.99863897763578	True	86748
SRR33903793	95.54414057507987	True	67120
SRR33903794	101.04922428115016	True	65402
SRR33903795	259.1612678913738	True	137127
SRR33903796	450.62445878594247	True	239588
SRR33903797	30.059036741214058	True	24078
SRR33903798	86.00621405750799	True	52650
SRR33903799	74.20126709265176	True	50396
SRR33903800	670.2348616613418	True	372518
SRR33903801	10.443093130990416	False	12337
SRR33903802	65.70041214057508	True	51630
SRR33903809	3.8177666134185304	False	3041
SRR33903820	74.16919808306709	True	46153
SRR33903831	99.02548881789137	True	58814
SRR33903838	250.6370463258786	True	111513
SRR33903839	181.1719696485623	True	91470
SRR33903840	27.8736696485623	False	22451
SRR33903841	37.310949520766776	True	24488
SRR33903842	138.48948498402555	True	66647
SRR33903843	53.2054696485623	True	35584
SRR33903844	7.44631821086262	False	8408
SRR33903845	98.32932907348243	True	54185
SRR33903846	242.90081214057508	True	110836
SRR33903847	17.836106869009583	False	16307
SRR33903848	9.603721405750798	False	9344
SRR33903849	221.19871884984025	True	95510
SRR33903850	120.9971392971246	True	78892
SRR33903851	13.043180511182108	False	12306
SRR33903852	112.69083706070288	True	62099
SRR33903853	9.897823642172524	False	10238
SRR33903854	6.163127156549521	False	6376
SRR34268842	31.473996166134185	True	326204
SRR34268843	173.57271501597444	True	1798949
SRR34268844	54.71448817891374	True	567074
SRR34268845	123.06833865814697	True	1284013
SRR34268846	38.756345047923325	True	401680
SRR34268847	238.5926980830671	True	243454
SRR34268848	64.4528785942492	True	668005
SRR34268849	80.62097444089457	True	835575
SRR34268850	134.20648434504793	True	1390948
SRR34268851	50.12968434504792	True	519556
SRR34268852	77.74213290734825	True	805738
SRR34268853	180.263992971246	True	1868299
SRR34268854	46.3961731629393	True	480861
SRR34268855	53.125080511182105	True	550601
SRR34268856	1322.335849201278	True	13705004
SRR34268857	187.21900255591055	True	151891
SRR34268858	27.25458338658147	False	282473
SRR34268859	407.98289584664536	True	4228432
SRR34268860	645.6488875399361	True	6691659
SRR34268861	487.6419086261981	True	5054037
SRR34268862	120.23338658146965	True	1254435
SRR34268863	126.51373801916932	True	1319960
SRR34268864	670.9268664536742	True	6953646
SRR34268865	28.233526517571885	False	292619
SRR34268866	27.447565495207666	False	11660
SRR34268867	1509.2602447284346	True	15642333
SRR34268868	372.42755782747605	True	3859928
SRR34268869	138.18325878594248	True	1441712
SRR34268870	139.37338658146965	True	1454129
SRR34268871	663.5615399361022	True	6877310
SRR34268872	58.488137380191695	True	606185
SRR34268873	1080.0218555910544	True	11193604
SRR34268874	171.58298785942492	True	75941
SRR34268875	61.393126517571886	True	636293
SRR34268876	132.67483769968052	True	689821
SRR34268877	293.85601022364216	True	1527856
SRR34268878	101.5606696485623	True	528048
SRR34268879	104.43729265175719	True	1082413
SRR34268880	232.06503769968052	True	1206584
SRR34268882	87.36995079872204	True	905523
SRR34268883	297.2010530351438	True	1545248
SRR34268884	80.85129265175719	True	420373
SRR34268885	80.81224920127795	True	420170
SRR34268886	58.22590159744409	True	302736
SRR34268887	292.72798146964857	True	1521991
SRR34268888	213.07972715654952	True	1107873
SRR34268889	239.57024536741213	True	1290628
SRR34268890	260.1131373801917	True	1565681
SRR34268891	59.96591118210863	True	621501
SRR34268893	88.13530031948882	True	458245
SRR34268894	51.867197444089456	True	537564
SRR34268895	82.46515271565495	True	428764
SRR34268896	229.64392012779552	True	1356199
SRR34268897	670.7114904153354	True	4275615
SRR34268898	66.38606453674122	True	688041
SRR34268899	127.80668945686901	True	1324619
SRR34268900	60.454128434504796	True	626561
SRR34268901	168.30247731629393	True	1744327
SRR34268902	151.0338664536741	True	1565351
SRR34268903	37.260145686900955	True	42378
SRR34268904	134.53540383386581	True	1394357
SRR34268905	49.077605111821086	True	508652
SRR34268906	140.29231501597445	True	1454023
SRR34268907	35.50699872204473	True	368003
SRR34268908	35.7760696485623	True	24948
SRR34268909	46.04149201277955	True	477185
SRR34268910	63.35313546325879	True	656607
SRR34268911	84.54282555910544	True	876222
SRR34268912	66.79159361022364	True	692244
SRR34268913	159.29429009584663	True	1650964
SRR34268914	52.08110607028754	True	539781
SRR34268915	89.4101392971246	True	926668
SRR34268916	143.35168115015975	True	1485731
SRR34268917	81.06123833865814	True	840138
SRR34268918	36.81293162939297	True	381538
SRR34268919	75.93989872204473	True	46822
SRR34268920	145.58769968051118	True	1518965
SRR34268921	159.6597124600639	True	1665783
SRR34268922	123.31840255591054	True	1286622
SRR34268923	131.9350159744409	True	1376522
SRR34268924	48.43689936102236	True	31951
SRR34268925	141.80453674121406	True	1479494
SRR34268926	0.11965990415335463	False	139
SRR34268927	37.43941277955272	True	388031
SRR34268928	152.10632587859425	True	1586976
SRR34268929	147.9623003194888	True	1543740
SRR34268930	140.33990415335464	True	1464213
SRR34268931	188.97086261980832	True	1971596
SRR34268932	182.4623961661342	True	1903691
SRR34268933	296.36838115015973	True	175738
SRR34268934	447.5269495207668	True	4638276
SRR34268935	536.2729782747604	True	5558061
SRR34268936	824.5886153354633	True	8546233
SRR34268937	490.1818926517572	True	5080362
SRR34268938	25.67376517571885	False	9234
SRR34268939	898.3726185303515	True	9310948
SRR34268940	1064.610110543131	True	11033873
SRR34268941	787.2839511182109	True	738558
SRR34268942	1237.5462134185304	True	12826224
SRR34268943	966.0455118210863	True	10012326
SRR34268944	632.6557476038339	True	6556995
SRR34268945	745.849882428115	True	7730166
SRR34268946	877.3006408945687	True	9092553
SRR34268947	82.90636293929713	True	431058
SRR34268948	525.6848638977635	True	2733212
SRR34268949	60.18172843450479	True	312905
SRR34268950	106.5422677316294	True	553949
SRR34268951	88.53765942492012	True	460337
SRR34268953	82.86116485623003	True	430823
SRR34268954	147.39220447284345	True	1537792
SRR34268955	142.40281150159745	True	1485736
SRR34268956	106.67607028753994	True	1112987
SRR34268957	126.40984025559105	True	1318876
SRR34268958	224.78391501597443	True	1168727
SRR34268959	199.03985623003194	True	1034875
SRR34268960	167.70335463258786	True	1749705
SRR34268961	223.27111821086262	True	2329462
SRR34268962	148.22654952076678	True	1546497
SRR34268964	304.5240575079872	True	3177201
SRR34268965	162.01936102236422	True	1690402
SRR34268966	256.25909073482427	True	1332377
SRR34268967	183.53979872204474	True	954285
SRR34268968	196.48092651757187	True	2049951
SRR34268969	212.27731629392972	True	2214760
SRR34268970	213.21335463258785	True	2224526
SRR34268971	263.1884376996805	True	1368405
SRR34268972	130.9540408945687	True	680874
SRR34268973	118.00840255591055	True	1231221
SRR34268975	110.23696485623003	True	1150139
SRR34268976	50.87706198083067	True	527302
SRR34268977	50.77951501597444	True	526291
SRR34268978	60.0649054313099	True	622527
SRR34268979	128.62652779552715	True	1333116
SRR34268980	153.97050287539935	True	1595787
SRR34268981	122.92963067092651	True	1274072
SRR34268982	112.0150805111821	True	1160951
SRR34268983	98.66822428115016	True	1022621
SRR34268984	331.0365415335463	True	236833
SRR34268985	133.997207028754	True	1388779
SRR34268986	128.19632587859425	True	1337515
SRR34268987	110.70345495207668	True	1147357
SRR34268988	89.14605814696486	True	923931
SRR34268989	53.63163003194888	True	555851
SRR34268990	50.773629392971245	True	526230
SRR34268991	54.74285495207668	True	567368
SRR34268992	90.7784019169329	True	940849
SRR34268993	69.42314249201279	True	719518
SRR34268994	103.73458785942492	True	1075130
SRR34268995	146.96321198083066	True	113593
SRR34268996	84.10719297124601	True	871707
SRR34268997	24.305099041533545	False	15392
SRR34268998	53.92938466453674	True	558937
SRR34268999	54.411716293929715	True	563936
SRR34269000	54.597258146964855	True	565859
SRR34269001	59.34849968051118	True	615102
SRR34269002	85.09713546325878	True	881967
SRR34269003	283.86005271565494	True	125545
SRR34269004	149.97985750798722	True	1554427
SRR34269005	725.8736920127795	True	7523128
SRR34269006	304.6711765175719	True	238435
SRR34269007	187.4752715654952	True	1955992
SRR34269008	1059.1796102236422	True	10977590
SRR34269009	172.7322287539936	True	1790238
SRR34269010	301.9591865814696	True	3129577
SRR34269011	108.47151421725239	True	41131
SRR34269012	757.3007961661342	True	7848846
SRR34269013	448.33887603833864	True	4646691
SRR34269014	483.895082428115	True	5015204
SRR34269015	682.3234587859425	True	7071763
SRR34269016	613.2621373801917	True	6355995
SRR34269018	473.7929412140575	True	4910503
SRR34269019	692.5514172523962	True	7177768
SRR34269020	384.65170734824284	True	3986622
SRR34269021	253.76654760383386	True	2630097
SRR34269022	210.54976869009585	True	2182188
SRR34269023	816.6519974440895	True	8463976
SRR34269024	596.7252734824281	True	6184603
SRR34269025	977.9679507987221	True	10135893
SRR34269026	480.59758977635784	True	4981028
SRR34269027	1089.4000651757187	True	11290802
SRR34269029	957.8368044728435	True	9927249
SRR34269030	1262.3042313099043	True	13082822
SRR34269031	606.4194734824281	True	6285076
SRR34269032	653.5236581469649	True	6773275
SRR34269033	155.22306709265175	True	1619494
SRR34269034	144.61313099041533	True	1508797
SRR34269035	221.49038338658147	True	2310883
SRR34269036	129.02731629392972	True	1346185
SRR34269037	247.64846948881788	True	178789
SRR34269038	120.7541214057508	True	1259868
SRR34269039	157.20009584664535	True	1640121
SRR34269040	203.8731661341853	True	1060005
SRR34269041	77.65242236421726	True	403741
SRR34269042	221.33597444089457	True	2309272
SRR34269044	270.1382108626198	True	2818442
SRR34269045	45.76084440894569	True	23339
SRR34269046	211.97252396166135	True	2211580
SRR34269047	210.3726517571885	True	2194888
SRR34269048	50.45211501597444	True	25820
SRR34269049	132.2123961661342	True	1379416
SRR34269050	29.213265814696484	False	14964
SRR34269051	147.59252396166133	True	1539882
SRR34269052	144.01523961661343	True	1502559
SRR34269053	212.5648536741214	True	1105196
SRR34269055	74.32776677316294	True	386455
SRR34269056	204.08011565495207	True	1061081
SRR34269057	191.3169463258786	True	994721
SRR34269058	185.90798594249202	True	966598
SRR34269059	199.5408817891374	True	1037480
SRR34269060	49.518112779552716	True	21706
SRR34269062	21.432738658146963	False	111436
SRR34269064	539.8168952076677	True	5594791
SRR34269065	173.34067092651756	True	1808521
SRR34269066	1078.5791060702875	True	11178651
SRR34269067	152.69961661341853	True	1593166
SRR34269068	146.67747603833865	True	1530335
SRR34269069	153.90833865814696	True	1605777
SRR34269070	173.46115015974442	True	1809778
SRR34269071	219.1349629392971	True	2271167
SRR34269072	1212.318889456869	True	12564762
SRR34269073	1377.1247277955272	True	14272849
SRR34269074	67.74203833865815	True	59062
SRR34269075	134.18051118210863	True	1399950
SRR34269076	175.749392971246	True	1833652
SRR34269077	1428.6289463258786	True	14806651
SRR34269078	776.9268402555911	True	8052255
SRR34269079	1611.619912460064	True	16703213
SRR34269080	1110.5082249201278	True	11509572
SRR34269081	1803.9918862619809	True	18697002
SRR34269082	55.32090031948882	True	573359
SRR34269083	124.52837060702875	True	1299246
SRR34269084	144.51951309904155	True	73684
SRR34269085	123.75895303514378	True	1331153
SRR34269086	434.8787602236422	True	223161
SRR34269087	605.8360249201278	True	6279029
SRR34269088	817.0275194888179	True	8467868
SRR34269089	273.84684744408946	True	231191
SRR34269090	781.1047642172524	True	8095556
SRR34269091	682.2949955271565	True	7071468
SRR34269092	221.72754568690095	True	169394
SRR34269093	429.77880447284343	True	335924
SRR34269094	811.2570038338658	True	8408061
SRR34269110	464.0703044728435	True	332161
SRR34269111	444.39737763578273	True	412994
SRR34269112	347.50802300319486	True	3601656
SRR34269113	71.81542236421726	True	27456
SRR34269114	67.5030785942492	True	699618
SRR34269115	176.55383130990415	True	1829846
SRR34269116	63.12928881789137	True	654287
SRR34269117	1108.2638728434504	True	11486311
SRR34269118	224.63850287539935	True	2328207
SRR34269119	46.11453162939297	True	477942
SRR34269121	346.53853546325877	True	3591608
SRR34269122	677.7978971246007	True	7024859
SRR34269123	592.5480249201278	True	6141309
SRR34269124	1355.557875399361	True	14049325
SRR34269125	1022.6979137380192	True	10599485
SRR34269126	902.2439111821086	True	9351071
SRR34269127	277.88650607028757	True	2880082
SRR34269128	672.4459361022364	True	6969390
SRR34269129	395.8823444089457	True	4103019
SRR34269130	528.2537686900959	True	5474948
SRR34269131	569.0760638977636	True	5898040
SRR34269132	42.768120766773166	True	443259
SRR34269133	73.1625392971246	True	758274
SRR34269134	111.58263194888178	True	1156469
SRR34269135	239.9025284345048	True	2486407
SRR34269136	60.306215974440896	True	625028
SRR34269137	141.58638019169328	True	1467435
SRR34269138	49.46007412140575	True	512616
SRR34269139	491.9188268370607	True	5098364
SRR34269140	385.0948658146965	True	3991215
SRR34269141	81.36574696485623	True	843294
SRR34269142	81.30004025559106	True	842613
SRR34269143	122.65840958466454	True	1271261
SRR34269144	120.53389265175718	True	1249242
SRR34269145	91.06062236421725	True	943774
SRR34269146	599.8177341853035	True	6216654
SRR34269147	18.26787460063898	False	7815
SRR34269148	206.32571884984026	True	2152665
SRR34271390	1237.5462134185304	True	12826224
SRR34770994	0.055782747603833865	False	582
SRR34770995	0.03843450479233227	False	401
SRR34770996	0.013706070287539935	False	143
SRR34770997	0.05194888178913738	False	542
SRR34770998	0.10207667731629393	False	1065
SRR34770999	0.18335463258785942	False	1913
SRR34771000	71.30252396166134	True	743923
SRR34771001	113.0988498402556	True	1179998
SRR34771002	212.74869009584665	True	2219678
SRR34771003	184.96341853035145	True	1929785
SRR34771004	110.47361022364217	True	1152608
SRR34771005	130.88789137380192	True	1365597
SRR34771006	70.35316293929712	True	734018
SRR34771007	0.014185303514376997	False	148
SRR34771008	0.011789137380191694	False	123
SRR34771009	0.012364217252396167	False	129
SRR34771010	0.03546325878594249	False	370
SRR34771011	0.03690095846645367	False	385
SRR34771012	0.3258785942492013	False	3400
SRR34771013	0.02415335463258786	False	252
SRR34771014	0.015527156549520766	False	162
SRR34771015	0.06642172523961662	False	693
SRR34771016	0.09373801916932907	False	978
SRR34771017	0.026070287539936104	False	272
SRR34771018	5.835623003194888	False	60885
SRR34771019	925.759552715655	True	9658758
SRR34771020	2054.8775079872203	True	21439222
SRR34771021	546.5631948881789	True	5702476
SRR34771022	1088.8173162939297	True	11359994
SRR34771023	349.70865814696486	True	3648627
SRR34771024	817.5713099041534	True	8529994
SRR34771025	739.4426837060703	True	7714852
SRR34771026	0.014568690095846645	False	152
SRR34771027	0.22351437699680513	False	2332
SRR34876308	80.7500480830671	True	3347651
SRR34876309	84.71618610223642	True	3512075
SRR34876310	94.94445814696486	True	3936108
SRR34876311	73.14620910543131	True	3032419
SRR34876312	92.97381166134186	True	3854411
SRR34876313	88.74429201277955	True	3679068
SRR35166706	118.02072428115017	True	1187797
SRR35316737	426.47658466453674	True	4420105
SRR35316738	537.3454159744409	True	5569176
SRR35574686	159.9680415335463	True	2635263
SRR35574687	209.17622044728435	True	3445903
SRR35574688	126.85806517571885	True	2157966
SRR35574689	380.3092268370607	True	4118920
SRR35574690	0.017860543130990416	False	1107
SRR35574691	0.015504952076677316	False	961
SRR35574693	0.009228753993610223	False	572
SRR35574694	0.011116453674121406	False	689
SRR35833207	249.5676038338658	True	2603822
SRR35833208	259.01875399361023	True	2702429
SRR35833209	255.4194249201278	True	2664876
SRR35833210	276.4000638977636	True	2883774
SRR35833211	285.8660702875399	True	2982536
SRR35833212	269.94958466453676	True	2816474
SRR35900989	48.29480111821086	True	37027
SRR35945550	0.00044728434504792333	False	56
SRR35945551	0.0	False	0
SRR35945552	0.0	False	0
SRR35945553	0.005620287539936103	False	233
SRR35945554	0.0	False	0
SRR35945555	2.3961661341853036e-05	False	6
SRR35957298	127.32814696485623	True	1328457
SRR35957369	98.6515015974441	True	1029264
SRR35957374	112.1394249201278	True	1169988
SRR35977999	13.123339936102237	False	220839
SRR35978000	56.81952044728435	True	902767
SRR36015946	0.8907869009584665	False	9263
SRR36015947	1.2281376996805111	False	12771
SRR36015948	3.018558785942492	False	31389
SRR36015949	0.22281693290734825	False	2317
SRR36015950	0.1620399361022364	False	1685
SRR36015951	0.19569808306709266	False	2035
SRR36015952	0.06664313099041534	False	693
SRR36015953	26.33894249201278	False	273890
SRR36015954	0.10270543130990416	False	1068
SRR36346574	195.4769338658147	True	2046297
SRR36346575	216.5467856230032	True	2266861
SRR36346576	196.43669520766773	True	2056344
SRR36346577	205.14705239616615	True	2147526
SRR36346578	206.53152747603835	True	2162019
SRR36346579	207.16429936102236	True	2168643
SRR36346580	187.77782715654953	True	1965701
SRR36346581	196.16300990415334	True	2053479
SRR36346582	199.16093865814696	True	2084862
SRR36346583	192.45177987220447	True	2014629
SRR36346584	213.83142619808308	True	2238436
SRR36346585	200.34346932907349	True	2097241
SRR36346586	173.82866517571884	True	1819678
SRR36366194	627.6440913738019	True	6505053
SRR36366195	123.90992460063897	True	1284232
SRR36366196	127.04426006389777	True	1316717
SRR36366197	124.53495846645367	True	1290710
SRR36366198	84.68465942492013	True	877692
SRR36366199	142.0635980830671	True	1472381
SRR36421857	55.3808178913738	True	573980
SRR36421858	91.67639361022364	True	950156
SRR36421859	40.7881392971246	True	422738
SRR36421860	75.11917124600639	True	778553
SRR36421861	185.6663194888179	True	1924290
SRR36421862	158.76651373801917	True	1645494
SRR36421863	269.4240415335463	True	2792375
SRR36567574	99.67896645367412	True	643289
SRR36760477	499.21728881789136	True	5174007
SRR36784750	238.3231552715655	True	2470038
SRR36784751	236.6961182108626	True	2453175
SRR36784752	210.93198594249202	True	2208084
SRR36784753	244.3358265175719	True	2557763
SRR36784754	197.48558338658148	True	2067324
SRR36784755	184.76681118210863	True	1934181
SRR36784756	199.36180958466454	True	2093968
SRR36784757	269.18118722044727	True	2789858
SRR36784758	215.24790287539935	True	2253264
SRR36784759	239.51008115015975	True	2507246
SRR36784760	184.64946389776358	True	1939439
SRR36784761	222.82100926517572	True	2332541
SRR36784762	207.99748722044728	True	2177365
SRR36784763	230.285978913738	True	2410686
SRR36784764	202.99597188498402	True	2125008
SRR36784765	248.71593769968052	True	2603615
SRR36784766	213.10226741214058	True	2230803
SRR36784767	226.166385942492	True	2375506
SRR36784768	198.9031821086262	True	2061480
SRR36784769	224.01825111821086	True	2345074
SRR36784770	218.59393258785943	True	2288291
SRR36784771	272.5154779552716	True	2852754
SRR36784772	231.17122907348244	True	2419953
SRR36784773	262.21762619808305	True	2754165
SRR36784774	217.26037348242812	True	2274331
SRR36784775	228.36206198083067	True	2390546
SRR36784776	326.5102926517572	True	3417984
SRR36784777	245.05762971246006	True	2565319
SRR36784778	226.3719447284345	True	2369713
SRR36784779	196.3116747603834	True	2034621
SRR36784780	245.37062939297124	True	2577215
SRR36784781	317.7313054313099	True	3293043
SRR36784782	260.58518658146966	True	2700767
SRR36784783	187.4759073482428	True	1943045
SRR36784784	228.09365303514377	True	2364017
SRR36784785	216.76267092651756	True	2246580
SRR36784786	335.23196421725237	True	3474424
SRR36784787	259.69732587859426	True	2691565
SRR36784788	205.62668626198084	True	2131164
SRR36784789	245.29192587859424	True	2542264
SRR36784790	272.98069456869007	True	2829237
SRR36784791	216.4045162939297	True	2242868
SRR36784792	103.59892907348242	True	1073724
SRR36784793	156.9101303514377	True	1626254
SRR36784794	159.87513354632588	True	1656984
SRR36784795	136.75023130990417	True	1417312
SRR36784796	222.57535079872204	True	2306824
SRR36784797	164.90579744408944	True	1709123
SRR36784798	194.3464555910543	True	2014253
SRR36784799	186.40761853035144	True	1931973
SRR36784800	216.9712728434505	True	2248742
SRR36784801	289.7137137380192	True	3002662
SRR36784802	183.5137252396166	True	1901980
SRR36784803	194.58062619808308	True	2016680
SRR36784804	201.39048498402556	True	2087259
SRR36784805	179.33830990415336	True	1858705
SRR36784806	193.90609520766773	True	2009689
SRR36784807	177.59452523961662	True	1840632
SRR36784808	285.85959552715656	True	2962717
SRR36784809	232.94697635782748	True	2414318
SRR36784810	216.33668690095845	True	2242165
SRR36784811	209.9959412140575	True	2176448
SRR36784812	555.441391054313	True	5756727
SRR36784813	205.8704089456869	True	2133690
SRR36784814	224.30360127795527	True	2324736
SRR36784815	262.7004408945687	True	2722690
SRR36784816	259.1742773162939	True	2686144
SRR36784817	291.84585303514376	True	3024760
SRR36784818	208.65662428115016	True	2162567
SRR36784819	245.96800063897763	True	2549271
SRR36784820	332.3839015974441	True	3444906
SRR36784821	148.08430095846646	True	1534781
SRR36784822	192.62409073482428	True	1996402
SRR36784823	193.0049194888179	True	2000349
SRR36784824	214.82311693290734	True	2226478
SRR37059562	404.5394408945687	True	2632450
SRR37059563	402.4569354632588	True	2646408
SRR37069584	478.81221980830674	True	4962524
SRR3722275	105.28473290734824	True	2211686
SRR3722276	26.159687220447285	False	549529
SRR3722277	27.05544856230032	False	568346
SRR3722278	26.52609392971246	False	557226
SRR3722279	26.311495846645368	False	552718
SRR3722280	25.910147923322683	False	544287
SRR3722281	26.80995559105431	False	563189
SRR3722282	26.44397731629393	False	555501
SRR37288787	94.74062300319488	True	90546
SRR37647184	123.5437447284345	True	1301993
SRR37869518	0.7662654952076677	False	17
SRR39049127	0.1901741214057508	False	34014
SRR39049128	1.9032306709265177	False	248213
SRR39049129	5.50452268370607	False	615327
SRR39049130	0.14772460063897763	False	22018
SRR39049131	0.1508594249201278	False	20530
SRR39049132	3.002729392971246	False	244118
SRR39049133	0.33585942492012777	False	51280
SRR39049134	0.07094568690095847	False	11103
SRR39049135	0.14034249201277954	False	18303
SRR39049136	0.11066741214057509	False	18231
SRR39049137	0.06428242811501597	False	11178
SRR39049138	0.22804424920127794	False	33199
SRR39049139	0.11996725239616614	False	17465
SRR39049140	0.6647741214057508	False	99083
SRR39049141	1.282579552715655	False	195828
SRR39049142	0.11457667731629392	False	18875
SRR39049143	13.151983706070288	False	1055531
SRR39049144	14.291394249201279	False	1146976
SRR39049145	4.202256549520767	False	341638
SRR39049146	1.7936127795527157	False	233917
SRR39049147	0.19996102236421726	False	34771
SRR39049148	0.5885105431309904	False	83729
SRR39049149	0.05492683706070287	False	10113
SRR39049150	0.11191006389776358	False	21229
SRR39049151	0.11137939297124601	False	19921
SRR39049152	1.081370287539936	False	87914
SRR39049153	0.04782364217252396	False	9072
SRR39049154	1.6322434504792331	False	261996
SRR39049155	0.14728370607028754	False	25611
SRR39049156	0.45397699680511183	False	76808
SRR39049157	0.09477635782747604	False	17450
SRR39049158	2.097044568690096	False	170487
SRR39049159	0.23076533546325878	False	39043
SRR39049160	0.13520846645367413	False	24183
SRR39049161	0.13019153354632587	False	22027
SRR39049162	0.8476369009584664	False	143411
SRR39049163	0.2879103833865815	False	43959
SRR39049164	0.10422172523961662	False	18123
SRR39049165	0.19772683706070288	False	36405
SRR39049166	0.5195654952076677	False	98560
SRR39049167	3.8681757188498405	False	410420
SRR39049168	12.335214057507986	False	989980
SRR39049169	1.5319063897763578	False	124542
SRR39049170	3.416761341853035	False	274217
SRR39049171	7.4893955271565495	False	601072
SRR39049172	5.210836102236422	False	418203
SRR39049175	6.646721405750799	False	533442
SRR39049176	9.37972428115016	False	752783
SRR39049177	11.360351118210863	False	911741
SRR39049178	4.65504249201278	False	373597
SRR39049179	7.029033546325879	False	564125
SRR39049180	1.0193151757188499	False	82869
SRR39049181	6.009438977635782	False	482296
SRR39049182	12.713862939297124	False	1020369
SRR39049183	10.949580191693292	False	878774
SRR39049184	7.104628753993611	False	570192
SRR39049185	8.722082108626198	False	700003
SRR39049186	7.858848881789138	False	630723
SRR39049187	11.340302875399361	False	910132
SRR39049188	11.208226198083068	False	899532
SRR39049189	12.449099041533547	False	999120
SRR39049190	13.665338338658147	False	1096731
SRR39049191	4.1166955271565495	False	334682
SRR3950489	0.0	False	0
SRR3950490	0.0	False	0
SRR3950491	0.0	False	0
SRR3950492	0.0	False	0
SRR3950493	0.0	False	0
SRR3950494	0.0	False	0
SRR3950495	0.00464185303514377	False	29
SRR3950496	0.0	False	0
SRR3950497	0.0	False	0
SRR3950498	0.0	False	0
SRR3950499	0.0	False	0
SRR3950500	0.0	False	0
SRR3950501	0.0	False	0
SRR3950502	0.0	False	0
SRR3950503	0.0	False	0
SRR3950504	0.00016006389776357827	False	1
SRR3950505	0.0	False	0
SRR3950506	0.0	False	0
SRR3950507	0.00016006389776357827	False	1
SRR3950508	0.0	False	0
SRR3950509	0.0	False	0
SRR3950510	0.0	False	0
SRR3950511	0.0032012779552715656	False	20
SRR3950512	0.0	False	0
SRR3950513	0.010404153354632588	False	65
SRR3950514	0.0	False	0
SRR3950515	0.0	False	0
SRR3950516	0.0	False	0
SRR3950517	0.0	False	0
SRR3950518	0.0008003194888178914	False	5
SRR3950519	0.0	False	0
SRR3950520	0.0	False	0
SRR3950521	0.0	False	0
SRR3950522	0.0	False	0
SRR3950523	0.0	False	0
SRR3950524	0.0	False	0
SRR3950525	0.0	False	0
SRR3950526	0.0006402555910543131	False	4
SRR3950527	0.0	False	0
SRR3950528	0.0008003194888178914	False	5
SRR3950529	0.0	False	0
SRR3950530	0.0	False	0
SRR3950531	0.0	False	0
SRR3950532	0.0	False	0
SRR3950533	0.0	False	0
SRR3950534	0.0	False	0
SRR3950535	0.0022408945686900957	False	14
SRR3950536	0.0	False	0
SRR3950537	0.0	False	0
SRR3950538	0.0	False	0
SRR3950539	0.00016006389776357827	False	1
SRR3950540	0.0	False	0
SRR3950541	0.006402555910543131	False	40
SRR3950542	0.0	False	0
SRR3950543	0.0	False	0
SRR3950544	0.0	False	0
SRR3950545	0.0	False	0
SRR3950546	0.0	False	0
SRR3950547	0.0	False	0
SRR3950548	0.0004801916932907348	False	3
SRR3950549	0.0	False	0
SRR3950550	0.007523003194888179	False	47
SRR3950551	0.0	False	0
SRR3950552	0.00016006389776357827	False	1
SRR3950553	0.0011204472843450478	False	7
SRR3950554	0.0	False	0
SRR3950598	0.0	False	0
SRR3950642	0.0	False	0
SRR3950643	0.0	False	0
SRR3950644	0.0	False	0
SRR3950645	0.00016006389776357827	False	1
SRR3950646	0.0	False	0
SRR3950647	0.0	False	0
SRR3950648	0.004161661341853035	False	26
SRR3950649	0.0	False	0
SRR3950650	0.0	False	0
SRR3950651	0.00016006389776357827	False	1
SRR3950652	0.0	False	0
SRR3950653	0.0	False	0
SRR3950654	0.0	False	0
SRR3950655	0.00016006389776357827	False	1
SRR3950656	0.00464185303514377	False	29
SRR3950657	0.0049619808306709265	False	31
SRR3950658	0.0020808306709265176	False	13
SRR3950659	0.0003194888178913738	False	2
SRR3950660	0.0	False	0
SRR3950661	0.0	False	0
SRR3950662	0.0	False	0
SRR3950663	0.0	False	0
SRR3950664	0.0	False	0
SRR3950665	0.006242492012779553	False	39
SRR3950666	0.0	False	0
SRR3950667	0.0	False	0
SRR3950668	0.0	False	0
SRR3950669	0.007523003194888179	False	47
SRR3950670	0.0	False	0
SRR3950671	0.0	False	0
SRR3950672	0.0	False	0
SRR3950673	0.0	False	0
SRR3950674	0.0	False	0
SRR3950675	0.0	False	0
SRR3950676	0.0	False	0
SRR3950677	0.00928370607028754	False	58
SRR3950678	0.0019207667731629392	False	12
SRR3950679	0.0	False	0
SRR3950680	0.0	False	0
SRR3950681	0.0	False	0
SRR3950689	0.0	False	0
SRR3950690	0.00016006389776357827	False	1
SRR3950691	0.0006402555910543131	False	4
SRR3950692	0.0	False	0
SRR3950693	0.0	False	0
SRR3950694	0.0	False	0
SRR3950697	0.003041214057507987	False	19
SRR3950698	0.0	False	0
SRR3950699	0.006082428115015974	False	38
SRR3950700	0.0	False	0
SRR3950701	0.00016006389776357827	False	1
SRR3950702	0.0016006389776357828	False	10
SRR3950703	0.0006402555910543131	False	4
SRR3950710	0.0	False	0
SRR3950711	0.0	False	0
SRR3950712	0.0	False	0
SRR3950713	0.0	False	0
SRR3950714	0.0	False	0
SRR3950715	0.0	False	0
SRR3950722	0.0	False	0
SRR3950723	0.0	False	0
SRR3950724	0.0006402555910543131	False	4
SRR3950725	0.00016006389776357827	False	1
SRR3950726	0.0	False	0
SRR3950727	0.0	False	0
SRR3950728	0.0006402555910543131	False	4
SRR3950729	0.0	False	0
SRR3950730	0.0	False	0
SRR3950731	0.0	False	0
SRR3950732	0.0	False	0
SRR3950733	0.0	False	0
SRR3950734	0.0	False	0
SRR3950735	0.0	False	0
SRR3950736	0.0	False	0
SRR3950737	0.0	False	0
SRR3950738	0.0	False	0
SRR3950739	0.005122044728434505	False	32
SRR3950740	0.0	False	0
SRR3950741	0.0	False	0
SRR3950742	0.0	False	0
SRR3950743	0.0	False	0
SRR3950744	0.0004792332268370607	False	3
SRR3950745	0.0	False	0
SRR3950746	0.0	False	0
SRR3950747	0.0	False	0
SRR3950748	0.0	False	0
SRR3950749	0.0	False	0
SRR3950750	0.07202875399361022	False	450
SRR3950751	0.13733482428115015	False	858
SRR3950752	0.18983578274760382	False	1186
SRR3950753	0.0	False	0
SRR3950754	0.0	False	0
SRR3950755	0.0	False	0
SRR3950756	0.0	False	0
SRR3950757	0.0	False	0
SRR3950758	0.0	False	0
SRR3950759	0.0	False	0
SRR3950760	0.0	False	0
SRR3950761	0.0	False	0
SRR3950762	0.0	False	0
SRR3950763	0.0032012779552715656	False	20
SRR3950764	0.0	False	0
SRR3950765	0.0	False	0
SRR3950766	0.0	False	0
SRR3950767	0.0	False	0
SRR3950768	0.011524600638977636	False	72
SRR3950769	0.0	False	0
SRR3950770	0.0	False	0
SRR3950771	0.003041214057507987	False	19
SRR3950772	0.0	False	0
SRR3950773	0.0	False	0
SRR3950774	0.0	False	0
SRR3950775	0.0004801916932907348	False	3
SRR3950776	0.030412140575079873	False	190
SRR3950777	0.0	False	0
SRR3950778	0.0	False	0
SRR3950779	0.0	False	0
SRR3950780	0.0	False	0
SRR3950781	0.0	False	0
SRR3950782	0.0	False	0
SRR3950783	0.0	False	0
SRR3950784	0.0	False	0
SRR3950785	0.0	False	0
SRR3950786	0.00016006389776357827	False	1
SRR3950787	0.0	False	0
SRR3950788	0.0	False	0
SRR3950789	0.0	False	0
SRR3950790	0.0	False	0
SRR3950791	0.002721086261980831	False	17
SRR3950792	0.0	False	0
SRR3950793	0.0004801916932907348	False	3
SRR3950794	0.0014405750798722045	False	9
SRR3950795	0.0012805111821086262	False	8
SRR3950796	0.0	False	0
SRR3950797	0.0	False	0
SRR3950798	0.00016006389776357827	False	1
SRR3950799	0.0	False	0
SRR3950800	0.00032012779552715654	False	2
SRR3950801	0.00016006389776357827	False	1
SRR3950802	0.0	False	0
SRR3950803	0.0	False	0
SRR3950804	0.0	False	0
SRR3950805	0.00848338658146965	False	53
SRR3950806	0.0	False	0
SRR3950807	0.002721086261980831	False	17
SRR3950808	0.0	False	0
SRR3950809	0.0032012779552715656	False	20
SRR3950810	0.007843130990415335	False	49
SRR3950811	0.00560223642172524	False	35
SRR3950812	0.005762300319488818	False	36
SRR3950813	0.01664664536741214	False	104
SRR3950814	0.015206070287539937	False	95
SRR3950815	0.007683067092651757	False	48
SRR3950816	0.0	False	0
SRR3950817	0.0067226837060702874	False	42
SRR3950818	0.010564217252396165	False	66
SRR3950819	0.0	False	0
SRR3950820	0.0	False	0
SRR3950821	0.009123642172523962	False	57
SRR3950822	0.014245686900958466	False	89
SRR3950823	0.005442172523961662	False	34
SRR3950824	0.002721086261980831	False	17
SRR3950825	0.0019207667731629392	False	12
SRR3950826	0.0	False	0
SRR3950827	0.0	False	0
SRR3950828	0.0	False	0
SRR3950829	0.0	False	0
SRR3950830	0.0	False	0
SRR3950831	0.003993610223642172	False	25
SRR3950832	0.0036741214057507987	False	23
SRR3950833	0.0011182108626198084	False	7
SRR3950834	0.0	False	0
SRR3950835	0.0	False	0
SRR3950836	0.0	False	0
SRR3950837	0.0	False	0
SRR3950838	0.0	False	0
SRR3950839	0.0	False	0
SRR3950840	0.0	False	0
SRR3950841	0.0	False	0
SRR3950842	0.0	False	0
SRR3950843	0.0	False	0
SRR3950844	0.004801916932907348	False	30
SRR3950845	0.0	False	0
SRR3950846	0.0	False	0
SRR3950847	0.0	False	0
SRR3950848	0.0	False	0
SRR3950849	0.0022408945686900957	False	14
SRR3950850	0.0	False	0
SRR3950851	0.0	False	0
SRR3950852	0.00016006389776357827	False	1
SRR3950853	0.00016006389776357827	False	1
SRR3950854	0.0	False	0
SRR3950855	0.0	False	0
SRR3950856	0.0	False	0
SRR3950857	0.0	False	0
SRR3950858	0.0	False	0
SRR3950859	0.0	False	0
SRR3950860	0.0	False	0
SRR3950861	0.0	False	0
SRR3950862	0.0	False	0
SRR3950863	0.0	False	0
SRR3950864	0.0004801916932907348	False	3
SRR3950865	0.0	False	0
SRR3950866	0.0001597444089456869	False	1
SRR3950867	0.0	False	0
SRR3950868	0.0	False	0
SRR3950869	0.00016006389776357827	False	1
SRR3950870	0.0008003194888178914	False	5
SRR3950871	0.0	False	0
SRR3950872	0.0025610223642172523	False	16
SRR3950873	0.0	False	0
SRR3950874	0.0	False	0
SRR3950875	0.0	False	0
SRR3950876	0.0	False	0
SRR3950877	0.00016006389776357827	False	1
SRR3950878	0.0	False	0
SRR3950879	0.0	False	0
SRR3950880	0.0	False	0
SRR3950881	0.00016006389776357827	False	1
SRR3950882	0.0	False	0
SRR3950883	0.0	False	0
SRR3950884	0.0001597444089456869	False	1
SRR3950885	0.0	False	0
SRR3950886	0.0	False	0
SRR3950887	0.0	False	0
SRR3950888	0.00016006389776357827	False	1
SRR3950889	0.0	False	0
SRR3950890	0.002721086261980831	False	17
SRR3950891	0.0	False	0
SRR3950892	0.00032012779552715654	False	2
SRR3950893	0.0006402555910543131	False	4
SRR3950894	0.0	False	0
SRR3950895	0.00032012779552715654	False	2
SRR3950896	0.0	False	0
SRR3950897	0.0	False	0
SRR3950898	0.0	False	0
SRR3950899	0.0004792332268370607	False	3
SRR3950900	0.0008003194888178914	False	5
SRR39738004	82.94174760383386	True	537490
SRR39738006	85.61892555910543	True	554839
SRR39738007	84.03046325878594	True	545675
SRR39738009	91.39775591054313	True	591064
SRR39738010	95.02930287539937	True	617099
SRR39738011	85.4846249201278	True	555118
SRR39738014	94.845896485623	True	615908
SRR39738018	112.92215942492012	True	731773
SRR39756567	368.6826517571885	True	3846589
SRR39756568	320.9460383386581	True	3348537
SRR39756569	296.57635782747604	True	3094280
SRR39756570	247.7029073482428	True	2584367
SRR39756571	403.023642172524	True	4204880
SRR39756572	284.31124600638975	True	2966314
SRR39756573	338.18980830670927	True	3528447
SRR39756574	420.81939297124603	True	4390549
SRR39756575	348.95482428115014	True	3640762
SRR39756576	326.5629392971246	True	3407140
SRR39756577	349.48130990415336	True	3646255
SRR39756578	407.71015974440894	True	4253776
SRR39756579	462.4826837060703	True	4825236
SRR39756580	406.204696485623	True	4238069
SRR39756581	377.2695527156549	True	3936179
SRR39756582	337.08613418530354	True	3516932
SRR39756583	365.4519488817891	True	3812882
SRR39756584	305.80955271565495	True	3190613
SRR39756585	305.3478594249201	True	3185796
SRR39756586	472.2790734824281	True	4927445
SRR39756587	293.1820447284345	True	3058866
SRR39756588	300.00306709265175	True	3130032
SRR39756589	273.81038338658146	True	2856755
SRR39756590	277.45993610223644	True	2894832
SRR39756591	323.87223642172523	True	3379067
SRR39756592	341.3243769968051	True	3561151
SRR39756593	357.3261661341853	True	3728103
SRR39756594	342.43246006389774	True	3572712
SRR39756595	232.42658146964857	True	2424984
SRR39756596	279.25715654952074	True	2913583
SRR39756597	356.39051118210864	True	3718341
SRR39756598	326.80926517571885	True	3409710
SRR39756599	298.4140255591054	True	3113453
SRR39756600	273.38424920127795	True	2852309
SRR39756601	390.61533546325876	True	4075420
SRR39756602	284.50130990415335	True	2968297
SRR39756603	141.69843450479235	True	1478387
SRR39756604	138.89932907348242	True	1449183
SRR39912300	357.28332268370605	True	3727656
SRR39912301	329.4741853035144	True	3437514
SRR39912302	358.40683706070286	True	3739378
SRR39912303	169.5823322683706	True	1769309
SRR39912304	311.96396166134184	True	3254824
SRR39912305	266.50571884984026	True	2780543
SRR39912306	287.0488178913738	True	2994876
SRR39912307	279.27872204472845	True	2913808
SRR39912308	253.61281150159743	True	2646027
SRR39912309	279.0938338658147	True	2911879
SRR39912310	270.7569009584665	True	2824897
SRR39912311	255.89194888178915	True	2669806
SRR39912312	325.80920127795525	True	3399276
SRR39912313	300.4933226837061	True	3135147
SRR39912314	287.72942492012777	True	3001977
SRR39912315	298.18686900958465	True	3111083
SRR39912316	326.11581469648564	True	3402475
SRR39912317	233.03501597444088	True	2431332
SRR39912318	316.7647284345048	True	3304912
SRR39912319	292.56364217252394	True	3052414
SRR39912320	272.7017252396166	True	2845188
SRR39912321	334.67453674121407	True	3491771
SRR39912322	279.44875399361024	True	2915582
SRR39912323	282.89396166134185	True	2951527
SRR39912324	293.008945686901	True	3057060
SRR39912325	309.43523961661344	True	3228441
SRR39912326	307.7323322683706	True	3210674
SRR39912327	294.7317891373802	True	3075035
SRR39912328	295.37769968051117	True	3081774
SRR39912329	306.6399680511182	True	3199277
SRR39912330	316.53450479233226	True	3302510
SRR39912331	355.9423322683706	True	3713665
SRR39912332	324.63776357827476	True	3387054
SRR39912333	294.73773162939295	True	3075097
SRR40198574	81.09225303514377	True	893728
SRR40804519	212.29430031948883	True	2260140
SRR40804520	112.12981533546326	True	1193763
SRR40804521	189.05383514376996	True	2012716
SRR40804522	97.69939361022364	True	1040133
SRR40804523	84.21812268370607	True	899668
SRR40804524	68.87813546325879	True	738317
SRR40804525	211.29056741214058	True	2249454
SRR40804526	245.6560549520767	True	2633231
SRR40804527	80.4398268370607	True	859306
SRR40804528	51.55025495207668	True	588877
SRR40804529	168.90342811501597	True	1792094
SRR40804530	177.2594568690096	True	1887150
SRR40804531	114.00343130990416	True	1213710
SRR40804532	147.8683801916933	True	1574245
SRR40804533	109.4202249201278	True	1164916
SRR40804534	75.68367795527156	True	805748
SRR40804535	121.59050670926517	True	1298902
SRR40804536	77.66156900958467	True	829627
SRR40804537	144.00669169329075	True	1538365
SRR40804538	121.55736869009584	True	1298548
SRR40804539	185.7809482428115	True	1977872
SRR40804540	146.2784361022364	True	1552039
SRR40804541	135.25361980830672	True	1439945
SRR40804542	92.069492971246	True	983541
SRR40804543	75.01022875399362	True	804048
SRR40804544	120.65445303514377	True	1306742
SRR40804545	84.73023642172524	True	902060
SRR40804546	185.96526900958466	True	1959836
SRR40804547	66.15621725239616	True	706720
SRR40804548	318.10060191693293	True	3409777
SRR40804549	69.09416996805112	True	795091
SRR40804550	144.05770926517573	True	1538910
SRR40804551	27.42108498402556	False	310971
SRR40804552	138.35649392971246	True	1472979
SRR40804553	64.03470926517572	True	736870
SRR40804554	272.44801533546325	True	2900552
SRR40804555	72.10552140575079	True	770274
SRR40804556	93.90378530351438	True	1003136
SRR40804557	94.33483130990416	True	1004313
SRR40804558	159.31465495207667	True	1696105
SRR40804559	160.50202619808306	True	1726362
SRR40804560	100.91845878594249	True	1074404
SRR40804561	73.4558159744409	True	845282
SRR40804562	91.65309584664537	True	1062497
SRR40804563	36.14826677316294	True	411433
SRR40804564	195.29818274760385	True	2093436
SRR40804565	124.82103450479234	True	1328877
SRR40804566	93.77547987220447	True	998358
SRR40804567	35.40330670926517	True	402954
SRR40804568	113.90847731629393	True	1216838
SRR40804569	212.53767220447284	True	2262731
SRR40804570	301.28765239616615	True	3229556
SRR40804571	207.14510255591054	True	2212847
SRR40804572	67.00052843450479	True	765371
SRR40804573	111.32712460063898	True	1290570
SRR40804574	143.62895654952078	True	1529111
SRR40804575	175.54026134185304	True	1868847
SRR40804576	122.57378849840255	True	1309406
SRR40804577	80.4080607028754	True	856045
SRR40804578	153.012910543131	True	1629015
SRR40804579	186.13094696485624	True	1968209
SRR40804580	170.34402172523963	True	1819716
SRR40804581	146.95352460063899	True	1575221
SRR40804582	229.88948146964856	True	2422741
SRR519063	172.56454504792333	True	5295363
SRR5240059	0.0006615015974440894	False	41
SRR5263984	0.3415821086261981	False	1776
SRR5263986	0.27849712460063897	False	1448
SRR5311698	119.89798849840255	True	885096
SRR5311699	136.83121821086263	True	909303
SRR5311700	85.17495335463259	True	603162
SRR5311701	124.1669159744409	True	772649
SRR5311702	150.1427463258786	True	908988
SRR5311703	183.4672996805112	True	1095902
SRR5311704	166.18319488817892	True	1000295
SRR5311705	189.47358306709265	True	1108509
SRR5311706	140.32953418530352	True	824074
SRR5311707	124.88480830670926	True	764950
SRR5311708	95.04070287539936	True	587900
SRR5311709	140.67495814696485	True	875373
SRR5311710	177.423803514377	True	1065905
SRR5311711	191.35864217252396	True	1140862
SRR5311712	200.37564920127795	True	1181122
SRR5311713	138.81715654952077	True	816725
SRR5311714	148.8186338658147	True	968404
SRR5311715	174.62774153354633	True	1136351
SRR5311716	92.05656900958466	True	542631
SRR5311717	144.7063038338658	True	1022417
SRR5311718	134.06481341853035	True	851162
SRR5311719	93.20012971246007	True	562074
SRR5311720	52.18873546325879	True	635606
SRR5311721	106.1591268370607	True	1323817
SRR5311722	50.23374792332268	True	564566
SRR5311723	76.82065143769968	True	963722
SRR5311724	57.228302715654955	True	712225
SRR5311725	51.28107987220447	True	614980
SRR5311726	55.39404009584665	True	689397
SRR5311727	83.362946485623	True	1009385
SRR5590235	169.4153194888179	True	2228025
SRR5590236	69.60469137380191	True	985804
SRR5590237	219.38436549520767	True	2837492
SRR5642376	129.77688498402557	True	2708011
SRR5663661	0.06778753993610223	False	2829
SRR5663662	0.005199680511182109	False	217
SRR5663663	0.0039057507987220446	False	163
SRR5663664	0.006253993610223642	False	261
SRR5663665	0.022763578274760384	False	950
SRR5663671	0.10700447284345048	False	4526
SRR5663672	0.026070287539936104	False	1088
SRR5663673	0.40279552715654954	False	16810
SRR5663674	0.0029472843450479235	False	123
SRR5724636	392.57209201277954	True	12165848
SRR5724637	302.90942268370605	True	9387193
SRR5724638	339.31882555910545	True	10515524
SRR5724639	303.6766354632588	True	9410969
SRR5724640	311.9500198083067	True	9667362
SRR5724641	308.6529990415335	True	9565187
SRR5724642	316.2554594249201	True	9800788
SRR5724643	363.7684408945687	True	11273220
SRR5724644	307.6569389776358	True	9534319
SRR5724645	306.54338977635786	True	9499810
SRR5724646	293.87863514376994	True	9107328
SRR5724647	308.1687476038339	True	9550180
SRR5786563	0.0	False	0
SRR5786564	0.28504984025559105	False	7081
SRR5786565	4.360663897763578	False	128763
SRR5786566	1.2667169329073482	False	37404
SRR5786567	3.991526517571885	False	117863
SRR5786568	3.4585188498402557	False	85914
SRR5786569	1.4584198083067093	False	36229
SRR5786570	17.434535463258786	False	433096
SRR5786571	0.12133035143769969	False	3014
SRR5786572	0.33814696485623	False	8400
SRR5786573	1.2091571884984025	False	30037
SRR5786574	0.0009821086261980832	False	29
SRR5786575	0.29612012779552715	False	7356
SRR5786576	0.23927923322683706	False	5944
SRR5786577	0.8097022364217252	False	21848
SRR5786578	2.5367865814696486	False	63017
SRR5786579	6.381235782747604	False	158518
SRR5786580	6.594590415335463	False	163818
SRR5786581	0.23348242811501596	False	5800
SRR5786582	0.16818785942492012	False	4178
SRR5786583	3.526955271565495	False	104145
SRR5786584	2.057664536741214	False	51115
SRR5786585	0.3576709265175719	False	8885
SRR5786586	0.6996421725239617	False	17380
SRR6164093	43.64574728434505	True	955323
SRR6164094	42.55099392971246	True	941234
SRR6164095	43.53233945686901	True	923771
SRR6164096	294.12871725239614	True	6744490
SRR6164097	30.60798306709265	True	651721
SRR6164098	34.635593610223644	True	732496
SRR6164099	66.82254233226837	True	1417997
SRR6164100	25.30125750798722	False	548048
SRR6164101	222.51113482428116	True	3517474
SRR6164102	365.4857947284345	True	10168627
SRR6164103	40.716730990415336	True	426232
SRR6164104	23.684687539936103	False	248352
SRR6164105	31.804459744408945	True	333494
SRR6164106	22.59501341853035	False	238927
SRR6164107	30.882496006389776	True	324915
SRR6164108	40.865508306709266	True	428506
SRR6164109	35.072030990415335	True	374022
SRR6164110	24.092014696485624	False	253047
SRR6164111	44.170275239616615	True	463159
SRR6164112	45.12204201277955	True	473139
SRR6164113	17.761656869009585	False	186557
SRR6164114	15.920254313099042	False	166936
SRR6164115	10.444588338658146	False	111007
SRR6164116	80.71516293929713	True	846360
SRR6164117	62.090442172523964	True	652158
SRR6164118	3.626065495207668	False	38802
SRR6164119	1.3218876996805111	False	13861
SRR6164120	10.744662939297125	False	113235
SRR6164121	17.911400958466455	False	188446
SRR6164122	22.613666134185305	False	236725
SRR6164123	12.551723961661342	False	265452
SRR6164124	24.888837220447286	False	524593
SRR6164125	36.207540575079875	True	378396
SRR6164126	52.039511501597445	True	1093179
SRR6164127	33.16483162939297	True	347177
SRR6164128	25.857004153354634	False	541354
SRR6164129	30.31520878594249	True	634693
SRR6164130	23.567480990415337	False	247123
SRR6164131	103.33761916932907	True	2185451
SRR6164132	43.70019169329073	True	924200
SRR6164133	80.03175591054313	True	840602
SRR6164134	67.7821536741214	True	709559
SRR6164135	39.721231629392975	True	421449
SRR6164136	199.3509838658147	True	2090347
SRR6164137	99.4475161341853	True	1042783
SRR6164138	19.630074440894568	False	207926
SRR6164139	46.60304233226837	True	490311
SRR6164140	59.34351661341853	True	622262
SRR6164141	6.340216293929712	False	66482
SRR6164142	32.2995821086262	True	339254
SRR6164143	12.807748083067093	False	134299
SRR6164144	17.703911022364217	False	185639
SRR6164145	16.96617571884984	False	180014
SRR6164146	16.22176805111821	False	170383
SRR6164147	10.20683322683706	False	107206
SRR6164148	7.860376038338658	False	82978
SRR6164149	12.473329073482429	False	131232
SRR6164150	12.787389776357827	False	136836
SRR6164151	14.146621725239617	False	148587
SRR6164152	5.162730990415335	False	54226
SRR6164153	232.57281038338658	True	3667269
SRR6164154	180.5121284345048	True	1918516
SRR6164155	35.77434696485623	True	748988
SRR6164156	15.705046645367412	False	164404
SRR6164157	0.0009472843450479233	False	10
SRR6164158	35.3824945686901	True	370392
SRR6164159	57.85578354632588	True	1211295
SRR6164160	25.091497603833865	False	262225
SRR6164161	8.373739936102236	False	89149
SRR6164162	51.835100638977636	True	1088885
SRR6164163	9.596373642172525	False	202267
SRR6164164	24.254058466453674	False	507794
SRR6164165	19.6541392971246	False	411488
SRR6164166	31.116251757188497	True	325732
SRR6164167	31.81657571884984	True	670612
SRR6164168	37.77883099041534	True	793609
SRR6164169	38.972700638977635	True	407294
SRR6164170	56.871514696485626	True	1198706
SRR6164171	27.08092396166134	False	283016
SRR6164172	49.33910766773163	True	1032986
SRR6164173	33.71087795527156	True	352304
SRR6164174	49.69002428115016	True	1043824
SRR6164175	20.16698338658147	False	211821
SRR6164176	24.121851757188498	False	252936
SRR6164177	6.027407028753994	False	126616
SRR6164178	10.375825399361023	False	217233
SRR6164179	89.45940958466454	True	952408
SRR6164180	21.574712779552716	False	225849
SRR6164181	63.8576392971246	True	1341439
SRR6164182	28.673153993610224	False	299656
SRR6164183	36.01263354632588	True	756507
SRR6164184	42.36787012779553	True	887033
SRR6164185	24.285335463258786	False	253800
SRR6164186	37.49259392971246	True	392481
SRR6164187	20.71878945686901	False	216889
SRR6164188	24.944910862619807	False	261129
SRR6164189	47.07143769968051	True	982224
SRR6164190	26.62488019169329	False	278250
SRR6164191	108.83670447284345	True	2561345
SRR6164192	209.65254153354633	True	2224449
SRR6164193	268.7491269968051	True	2856315
SRR6164194	60.88263769968051	True	1278944
SRR6164195	27.225908306709265	False	285007
SRR6164196	69.73463961661342	True	1484826
SRR6164197	23.51955015974441	False	246208
SRR6164198	45.178374600638975	True	945875
SRR6164199	38.44757891373802	True	402478
SRR6164200	94.03846038338658	True	999458
SRR6164201	108.55016565495208	True	1145909
SRR6164203	26.488056549520767	False	277283
SRR6164204	90.23734041533547	True	959059
SRR6164205	53.66544808306709	True	1138799
SRR6164206	40.432254153354634	True	423963
SRR6164207	37.97511277955272	True	398198
SRR6164208	208.5483178913738	True	2212733
SRR6164209	197.76677476038338	True	2098339
SRR6164210	213.31384025559106	True	2263296
SRR6164211	32.1674482428115	True	336174
SRR6164212	23.364700638977634	False	244587
SRR6164213	37.206870926517574	True	390797
SRR6483187	67.70580479233227	True	4324881
SRR6483188	54.036292012779555	True	3451706
SRR6483189	64.99653642172524	True	4109882
SRR6483190	60.592143450479234	True	3831382
SRR6483191	58.2544624600639	True	3683565
SRR6483192	62.01435303514377	True	3961325
SRR8049252	0.0	False	0
SRR8049253	0.0	False	0
SRR8049254	0.0	False	0
SRR8049255	0.0	False	0
SRR8049256	0.0	False	0
SRR8049257	0.0	False	0
SRR8049258	0.0	False	0
SRR8049259	0.0	False	0
SRR8049260	0.0	False	0
SRR8049261	0.0	False	0
SRR8049262	0.0	False	0
SRR8049263	0.0	False	0
SRR8049264	0.0	False	0
SRR8049265	0.0	False	0
SRR8049266	0.0	False	0
SRR8049267	0.0	False	0
SRR8049268	0.0	False	0
SRR8049269	0.0	False	0
SRR8049270	0.0	False	0
SRR8049271	0.08702875399361022	False	908
SRR8049272	0.0	False	0
SRR8049273	0.0	False	0
SRR8049274	0.0	False	0
SRR8049275	1.0697130990415336	False	11198
SRR8049276	0.0	False	0
SRR8049277	0.0	False	0
SRR8049278	0.10746805111821087	False	1125
SRR8049279	0.0	False	0
SRR8049280	0.0	False	0
SRR8049281	0.0	False	0
SRR8049282	0.0	False	0
SRR8049283	0.0	False	0
SRR8049284	0.05215782747603834	False	546
SRR8049285	0.0	False	0
SRR8049286	0.0	False	0
SRR8049287	0.0	False	0
SRR8049288	0.0	False	0
SRR8049289	0.0	False	0
SRR8049290	0.0	False	0
SRR8049291	0.0	False	0
SRR8049292	0.0	False	0
SRR8049293	0.0	False	0
SRR8049294	0.0	False	0
SRR8049295	0.0	False	0
SRR8049296	0.0	False	0
SRR8049297	0.0	False	0
SRR8182768	93.0593910543131	True	483847
SRR8182769	130.80306006389776	True	680089
SRR8182770	104.39699361022365	True	542795
SRR8182771	77.01791821086262	True	400442
SRR8182772	101.94398785942492	True	530041
SRR8182773	109.08163067092651	True	567152
SRR8182774	125.15637699680511	True	650730
SRR8182775	126.67580191693291	True	658630
SRR8182776	118.82326006389776	True	617802
SRR8182777	129.1878536741214	True	671691
SRR8182778	121.65496805111822	True	632525
SRR8182779	98.56759488817892	True	512486
SRR8182780	96.90834440894568	True	503859
SRR8182781	122.78934376996806	True	638423
SRR8182782	100.99463578274761	True	525105
SRR8182783	164.70508434504794	True	856357
SRR8182784	89.9080268370607	True	467462
SRR8182785	87.64273738019169	True	455684
SRR8182786	126.69061150159744	True	658707
SRR8182787	108.80121022364217	True	565694
SRR8182788	99.16344025559106	True	515584
SRR8182789	107.84378019169328	True	560716
SRR8182790	125.55046581469648	True	652779
SRR8182791	149.45198146964856	True	777051
SRR8182792	112.62304472843451	True	585565
SRR8182793	111.34345814696485	True	578912
SRR8182794	53.74917571884984	True	279460
SRR8182795	91.41360383386582	True	475290
SRR8182796	127.95615782747603	True	665287
SRR8182797	76.03933162939298	True	395354
SRR8309551	25.958682268370605	False	3186301
SRR8309814	27.00290319488818	False	3314474
SRR8309815	26.030978434504792	False	3195175
SRR8309816	24.1934875399361	False	2969632
SRR8309818	15.21360143769968	False	1867395
SRR8309819	24.63472715654952	False	3023792
SRR8309820	16.07364392971246	False	1972961
SRR8309822	21.17445862619808	False	2599061
SRR8309827	26.183065974440893	False	3213843
SRR8351319	79.87541725239616	True	1644803
SRR8351320	91.97267476038338	True	1893911
SRR8351321	77.78029392971246	True	1601660
SRR8351322	86.25295846645368	True	1776130
SRR8351323	91.0337712460064	True	1874577
SRR8351324	78.67466581469648	True	1620077
SRR8351325	91.88905047923323	True	1892189
SRR8351326	95.839496485623	True	1973537
SRR8351327	92.3569482428115	True	1901824
SRR8351329	90.80140063897764	True	1869792
SRR8351330	88.74498146964856	True	1827446
SRR8351331	76.0899373801917	True	1566852
SRR8400045	775.1781963258786	True	273033
SRR8400048	922.586712460064	True	400735
SRR8510690	172.69024600638977	True	2573907
SRR8586093	125.03659233226837	True	90301
SRR8586094	525.266357827476	True	5480279
SRR8612770	70.78295846645368	True	410279
SRR8612773	61.95417092651757	True	376537
SRR8612774	53.79881916932907	True	309541
SRR8612786	60.980876677316296	True	364256
SRR8612787	63.51831661341853	True	377253
SRR8612788	63.944870287539935	True	376217
SRR8612789	78.51004856230033	True	461044
SRR8612790	69.91467156549521	True	405998
SRR8612791	66.91529392971246	True	395179
SRR8612792	67.35605750798722	True	397782
SRR8612793	58.65395463258786	True	351699
SRR8612794	65.84957603833865	True	391099
SRR8612795	69.61495399361023	True	417423
SRR8612802	74.27688338658147	True	426581
SRR8612803	57.545079872204475	True	349740
SRR8612804	98.37606421725239	True	560869
SRR8612805	78.08783642172524	True	455998
SRR8612806	76.03451501597443	True	437478
SRR8612807	98.17979712460064	True	570135
SRR8612809	69.88311150159744	True	410383
SRR8612811	48.65217699680511	True	285171
SRR8612812	74.85967795527156	True	437147
SRR8612813	72.87238849840256	True	442036
SRR8612814	73.13036166134185	True	428648
SRR8612815	58.69334185303514	True	340204
SRR8612816	54.62614696485623	True	314880
SRR8612818	52.78698402555911	True	311742
SRR8612822	74.57019552715654	True	431432
SRR8612828	62.166618849840255	True	373477
SRR8612829	76.25920095846645	True	442841
SRR8612831	46.96698466453674	True	290527
SRR8612832	43.10611629392971	True	270928
SRR8612833	88.09204217252396	True	531268
SRR8612834	64.49533418530352	True	369726
SRR8612835	45.721220447284345	True	270014
SRR8612838	60.5060089456869	True	348132
SRR8612853	55.73736102236422	True	332935
SRR8612854	70.59919073482428	True	417723
SRR8612855	70.01350798722045	True	413476
SRR8612856	76.74595782747603	True	446496
SRR8612857	73.26508785942492	True	428635
SRR8612858	70.5539731629393	True	410472
SRR8612859	56.75470287539936	True	335174
SRR8612860	74.1116357827476	True	429573
SRR8612861	69.9460159744409	True	406935
SRR8612862	67.53066230031949	True	404151
SRR8612868	101.83488817891374	True	554336
SRR8612869	74.00139488817891	True	412143
SRR8612870	50.22472428115016	True	289509
SRR8612871	66.01506869009584	True	386219
SRR8612872	37.33411309904153	True	210931
SRR8612873	63.970560063897764	True	379939
SRR8612877	50.883037699680514	True	294388
SRR8612878	61.80565239616613	True	351092
SRR8612892	66.00129329073482	True	385418
SRR8612894	79.9799517571885	True	438419
SRR8612895	59.97623482428115	True	350889
SRR8612896	86.3209840255591	True	500342
SRR8612897	48.01736102236422	True	271780
SRR8612898	65.82328913738019	True	378031
SRR8612913	57.95915015974441	True	344890
SRR8612914	60.506517891373804	True	352673
SRR8612915	49.346014057507986	True	283921
SRR8612916	59.26253482428115	True	350646
SRR8612917	46.5535482428115	True	273382
SRR8612918	47.78898115015974	True	282759
SRR8612919	62.96495846645367	True	362280
SRR8612920	52.358650479233226	True	307472
SRR8737283	199.15213130990415	True	1301349
SRR8737372	148.8316501597444	True	824501
SRR8737505	456.6684677316294	True	2881799
SRR8737506	200.44225111821086	True	1332026
SRR8737507	401.8248690095847	True	2540832
SRR8737545	556.5309086261981	True	3540532
SRR8737632	535.0309801916933	True	3403754
SRR8737633	172.65109361022365	True	1157169
SRR8737634	252.1218805111821	True	1637223
SRR8775050	448.7941533546326	True	4682419
SRR8775051	624.3055591054313	True	6513588
SRR8775052	365.3319488817891	True	3811630
SRR8775053	424.0588178913738	True	4424347
SRR8775054	577.3201916932908	True	6023374
SRR8775055	517.138178913738	True	5395475
SRR8775056	407.1500319488818	True	4247932
SRR8775057	499.7584984025559	True	5214147
SRR8775058	200.72194888178913	True	2094199
SRR8775059	270.3079552715655	True	2820213
SRR8775060	414.30814696485623	True	4322615
SRR8775061	381.16370607028756	True	3976808
SRR8775062	379.99313099041535	True	3964595
SRR8775063	576.6143769968052	True	6016010
SRR8775064	666.3987220447284	True	6952760
SRR8775065	335.6323322683706	True	3501764
SRR8775066	387.89501597444087	True	4047038
SRR8907310	170.4267571884984	True	21337430
SRR8907311	24.43791533546326	False	3059627
SRR8907312	150.1608466453674	True	18800138
SRR8907313	23.842068690095847	False	2985027
SRR8907314	197.86519169329074	True	24772722
SRR8907315	25.511190095846647	False	3194001
SRR8907316	202.50029552715654	True	25353037
SRR8907317	26.710814696485624	False	3344194
SRR8907318	214.01888977635784	True	26795165
SRR8907319	28.663722044728434	False	3588698
SRR8907326	82.6789696485623	True	10351407
SRR8907327	155.0092412140575	True	19407157
SRR8907330	129.54743610223642	True	16219339
SRR8907331	91.35582268370607	True	11437749
SRR8907340	69.3920607028754	True	8687886
SRR8907341	91.43287539936102	True	11447396
SRR8907342	89.28416134185304	True	11178377
SRR8907343	98.94564696485622	True	12387995
SRR8907344	52.04069488817891	True	6515495
SRR8907345	120.93254792332269	True	15140755
SRR8907346	59.20200479233227	True	7412091
SRR8907347	81.83500798722045	True	10245743
SRR8907348	56.65482428115016	True	7093184
SRR8907349	84.24858626198083	True	10547923
SRR8907356	188.01186900958467	True	19615905
SRR8907357	263.0808785942492	True	27448105
SRR8907364	88.62123801916933	True	11095379
SRR8907365	107.91861821086262	True	13511411
SRR8907372	17.04370607028754	False	2133872
SRR8907373	79.65859424920127	True	9973256
SRR8907386	59.310023961661344	True	7425615
SRR8907387	78.35972044728435	True	9810637
SRR8907392	81.57449680511182	True	10213127
SRR8907393	42.59617412140575	True	5333041
SRR8942449	129.02238466453673	True	1355168
SRR8942450	68.70385239616614	True	721621
SRR8942451	241.92972907348243	True	2541074
SRR8942452	220.24408817891373	True	2313302
SRR8942453	170.46704408945686	True	1790476
SRR8942454	298.95788434504794	True	3140061
SRR8942455	118.1167498402556	True	1236473
SRR8942456	65.26682811501597	True	683228
SRR8942457	152.40424536741213	True	1600756
SRR8942458	44.79815910543131	True	470531
SRR8942459	124.98681725239616	True	1312781
SRR8942460	290.5268645367412	True	3051507
SRR8942461	172.5759891373802	True	1812627
SRR8942462	315.3281763578275	True	3312004
SRR8942463	217.61645175718849	True	2285703
SRR8942464	541.17723514377	True	5684177
SRR8942465	240.13506453674123	True	2522224
SRR8942466	189.13841022364218	True	1986588
SRR8942467	139.91899744408946	True	1469619
SRR8942468	104.01380575079872	True	1092494
SRR8942469	103.48349904153355	True	1086924
SRR8942470	199.9616178913738	True	2100268
SRR8942471	121.41862428115016	True	1275303
SRR8942472	210.63192204472844	True	2212342
SRR8942473	150.17124472843452	True	1577302
SRR8942474	123.72921916932907	True	1299572
SRR8942475	310.62939233226837	True	3262651
SRR8942476	187.19769712460064	True	1966204
SRR8942477	144.74831118210864	True	1520343
SRR8942478	188.50784568690096	True	1973343
SRR8942479	132.29019744408944	True	1389491
SRR8942480	192.02643961661343	True	2016922
SRR8942481	174.24574121405752	True	1830165
SRR8942482	52.65926581469648	True	553099
SRR8942483	340.1132076677316	True	3572330
SRR8942484	212.79484984025558	True	2235060
SRR8942485	158.40366134185302	True	1663770
SRR8942486	119.89339744408946	True	1259283
SRR8942487	85.50581597444089	True	898098
SRR8942488	252.6853392971246	True	2654044
SRR8942489	256.8935182108626	True	2698244
SRR8942490	115.27087476038339	True	1210731
SRR8942491	79.37644153354633	True	833719
SRR8942492	309.0510396166134	True	3246073
SRR8942493	285.00881853035145	True	2993549
SRR8942494	38.42210159744409	True	403561
SRR8942495	172.1515533546326	True	1808169
SRR8942496	157.44958530351437	True	1653749
SRR8942497	30.968483706070288	True	325273
SRR8942498	107.3937731629393	True	1127995
SRR8942499	254.7295431309904	True	2675515
SRR8942500	134.87165814696485	True	1416605
SRR8942501	220.8713162939297	True	2319890
SRR8942502	382.3322862619808	True	4015772
SRR8942503	410.77748115015976	True	4314542
SRR8942504	10.770462619808306	False	113126
SRR8942505	137.97714185303514	True	1449223
SRR8942506	161.71212779552715	True	1698520
SRR8942507	283.44331884984024	True	2977106
SRR8942508	145.30365750798723	True	1526176
SRR8942509	98.32924153354632	True	1032787
SRR8942510	78.72836293929713	True	826912
SRR8942511	121.88104792332268	True	1280160
SRR8942512	125.8754856230032	True	1322115
SRR8942513	489.25059233226835	True	5138773
SRR8942514	137.98409201277954	True	1449296
SRR8942515	355.89721086261983	True	3738115
SRR8942516	61.76930670926517	True	648785
SRR8942517	122.79570798722045	True	1289767
SRR8942518	284.8899041533546	True	2992300
SRR8942519	279.9028313099042	True	2939919
SRR8942520	305.5962389776358	True	3209786
SRR8942521	263.4439961661342	True	2767046
SRR8942522	165.21005750798722	True	1735260
SRR8942523	125.62680319488818	True	1319503
SRR8942524	66.56815399361022	True	699189
SRR8942525	352.3702428115016	True	3701070
SRR8942526	91.79523450479233	True	964158
SRR8942527	104.30799744408945	True	1095584
SRR8942528	242.93588370607029	True	2551642
SRR8942529	138.56600127795528	True	1455408
SRR8942530	77.0392837060703	True	809171
SRR8942531	217.25799488817893	True	2281938
SRR8942532	87.16538083067093	True	915529
SRR8942533	106.19729840255592	True	1115428
SRR8942534	56.09226389776358	True	589157
SRR8942535	84.67760447284346	True	889399
SRR8942536	80.47418594249201	True	845249
SRR8942537	185.65657060702875	True	1950017
SRR8942538	223.94728562300318	True	2352198
SRR8942539	174.56135463258786	True	1833480
SRR8942540	139.30738338658148	True	1463195
SRR8942541	407.0514338658147	True	4275406
SRR8942542	185.27459744408947	True	1946005
SRR8942543	56.73910479233227	True	595951
SRR8942544	99.7812536741214	True	1048038
SRR8942545	140.26517252396167	True	1473255
SRR8942546	31.154709904153354	True	327229
SRR8942547	249.23101469648563	True	2617762
SRR8942548	212.23131565495208	True	2229141
SRR8942549	268.37651501597446	True	2818854
SRR8942550	118.8968587859425	True	1248816
SRR8942551	35.45200319488818	True	372365
SRR8942552	278.5099431309904	True	2925289
SRR8942553	399.04465942492016	True	4191308
SRR8942554	138.36025750798723	True	1453247
SRR8942555	9.718227476038338	False	102074
SRR8942556	215.71144153354632	True	2265694
SRR8942557	125.72848498402556	True	1320571
SRR8942558	291.1180089456869	True	3057716
SRR8942559	159.0783980830671	True	1670857
SRR8942560	174.92219169329073	True	1837270
SRR8942561	99.94805750798722	True	1049790
SRR8942562	325.6203156549521	True	3420106
SRR8942563	265.32491884984023	True	2786802
SRR8942564	422.86933099041534	True	4441547
SRR8942565	372.7065054313099	True	3914669
SRR8942566	64.91163578274761	True	681790
SRR8942567	162.74303642172524	True	1709348
SRR8942568	201.43067220447284	True	2115698
SRR8994074	31.990962300319488	True	257408
SRR8994075	18.071875399361023	False	146922
SRR9031852	190.03514376996804	True	991350
SRR9031853	193.71757188498404	True	1010560
SRR9031854	203.9217891373802	True	1063792
SRR9031855	197.10402555910542	True	1028226
SRR9031856	199.65507987220448	True	1041534
SRR9031857	197.0603194888179	True	1027998
SRR9642598	281.85852907348243	True	5960927
SRR9642599	321.6735552715655	True	6802961
SRR9642600	232.67056357827477	True	4920668
SRR9642601	291.05070031948884	True	6155329
SRR9642602	316.7005661341853	True	6697789
SRR9642603	365.78081789137383	True	7735770
SRR9642604	280.88981469648564	True	5940440
SRR9642605	335.5738287539936	True	7096933
SRR9642606	293.6851003194888	True	6211043
SRR9642607	279.8112115015974	True	5917629
SRR9642608	336.5862338658147	True	7118344
SRR9642609	412.0465162939297	True	8714227
SRR9642610	372.4480051118211	True	7876772
SRR9642611	211.78435910543132	True	4478953
SRR9670642	219.1726926517572	True	2722264
SRR9670643	218.8582159744409	True	2718358
SRR9670644	93.5153482428115	True	1161520
SRR9673757	113.21884984025559	True	1406250
SRR9673758	149.59782747603833	True	1858100
SRR9673759	90.94253290734824	True	1129564
SRR9673761	105.91302364217252	True	1315507
SRR9673762	549.8112651757189	True	6829005
SRR9673764	20.773414696485624	False	258019
SRR9673765	111.84363833865815	True	1389169
SRR9677363	12.26513338658147	False	1505485
SRR9677364	18.44102156549521	False	2263545
SRR9677365	8.197093130990416	False	1006153
SRR9677443	13.24675303514377	False	1625974
SRR9677444	21.046168370607027	False	2583314
SRR9824487	157.07759616613419	True	1644324
SRR9824488	73.65946198083067	True	771084
SRR9824489	113.94756261980831	True	1192829
SRR9824490	188.26320063897762	True	1970782
SRR9824491	102.11146134185303	True	1068926
SRR9824492	43.82747731629393	True	458796
SRR9824493	60.18936869009585	True	630076
SRR9824494	42.22462715654952	True	442017
SRR9824495	51.419402555910544	True	538270
SRR9824496	162.44077731629392	True	1700467
SRR9824497	124.7223571884984	True	1305622
SRR9824498	49.385342811501594	True	516977
SRR9824499	158.40590127795528	True	1658229
SRR9824500	109.93647284345047	True	1150840
SRR9824501	106.4536482428115	True	1114381
SRR9824502	124.54505878594249	True	1303766
SRR9824503	61.474208945686904	True	643526
SRR9824504	122.62735111821087	True	1283691
SRR9824505	64.87860575079873	True	679164
SRR9824506	73.89149744408945	True	773513
SRR9824507	145.0053517571885	True	1517949
SRR9824508	462.9274664536741	True	4846030
SRR9824509	519.64289456869	True	5439740
SRR9824510	210.6333680511182	True	2204958
SRR9824511	136.79956900958467	True	1432049
SRR9824512	132.37083450479233	True	1385688
SRR9824513	333.1424565495208	True	3487411
SRR9824514	296.5233629392971	True	3104074
SRR9824515	129.18834728434504	True	1352373
SRR9824516	152.7776322683706	True	1599311
SRR9824517	203.92449584664536	True	2134728
SRR9824518	115.66905750798722	True	1210850
SRR9824519	117.71419840255591	True	1232259
SRR9824520	171.07366198083068	True	1790838
SRR9824521	213.41922651757187	True	2234121
SRR9824522	195.50024249201277	True	2046541
SRR9824523	105.4968482428115	True	1104365
SRR9824524	170.32558881789137	True	1783007
SRR9824525	108.2162198083067	True	1132832
SRR9824526	382.13632907348244	True	4000290
SRR9824527	62.25409265175719	True	651690
SRR9824528	103.12557763578275	True	1079542
SRR9824529	155.27757795527157	True	1625481
SRR9824530	75.03065878594249	True	785438
SRR9824531	108.16425303514377	True	1132288
SRR9824532	125.09433993610223	True	1309516
SRR9824533	101.48957955271565	True	1062416
SRR9824534	90.88253067092651	True	951379
SRR9824535	676.4697319488818	True	7081439
SRR9824536	223.86082236421726	True	2343426
SRR9824537	312.3369284345048	True	3269614
SRR9824538	89.38886805111821	True	935743
SRR9824539	67.49203769968051	True	706522
SRR9824540	371.992682428115	True	3894104
SRR9824541	323.5204837060703	True	3386686
SRR9824542	107.81682076677316	True	1128651
SRR9824543	157.39980926517572	True	1647697
SRR9824544	65.2223124600639	True	682762
SRR9824545	125.35159456869009	True	1312209
SRR9824546	308.93224504792335	True	3233973
SRR9824547	61.82976102236422	True	647248
SRR9824548	160.1529019169329	True	1676517
SRR9824549	285.62266357827474	True	2989963
SRR9824550	162.28344408945688	True	1698820
SRR9824551	75.35688402555911	True	788853
SRR9824552	190.79820479233226	True	1997319
SRR9824553	71.42431757188498	True	747686
SRR9824554	123.21474760383387	True	1289840
SRR9824555	348.6087808306709	True	3649316
SRR9824556	196.95827348242813	True	2061804
SRR9824557	350.66337891373803	True	3670824
SRR9824558	214.89044025559105	True	2249522
SRR9824559	254.18505846645368	True	2660867
SRR9824560	217.96087412140574	True	2281664
SRR9824561	297.46898626198083	True	3113973
SRR9824562	288.80152076677314	True	3023240
SRR9824563	277.98307028753993	True	2909990
SRR9824564	252.7176658146965	True	2645506
SRR9824565	278.6822335463259	True	2917309
SRR9824566	378.8025268370607	True	3965391
SRR9824567	92.7291661341853	True	970710
SRR9824568	105.7175159744409	True	1106675
SRR9824569	173.6077108626198	True	1817365
SRR9824570	167.90263801916933	True	1757643
SRR9824571	132.97341980830672	True	1391996
SRR9824572	203.37445047923322	True	2128970
SRR9824573	246.2143680511182	True	2577428
SRR9824574	301.1024571884984	True	3152009
SRR9824575	361.2606840255591	True	3781759
SRR9824576	960.4183776357828	True	10053878
SRR9824577	241.8039747603834	True	2531259
SRR9824578	113.27466932907348	True	1185785
SRR9824579	111.20211214057508	True	1164089
SRR9824580	138.5793354632588	True	1450680
SRR9824581	66.75017380191693	True	698756
SRR9824582	71.12273833865815	True	744529
SRR9824583	186.03674920127796	True	1947475
SRR9824584	238.2009769968051	True	2493542
SRR9824585	199.2265658146965	True	2085549
SRR9824586	90.99830958466454	True	952591
SRR9824587	60.08390670926518	True	628972
SRR9824588	189.674996485623	True	1985561
SRR9824589	119.97198274760383	True	1255894
SRR9824590	416.22232907348246	True	4357110
SRR9824591	61.876187220447285	True	647734
SRR9824592	145.83338115015974	True	1526617
SRR9824593	327.9867603833866	True	3433440
SRR9824594	314.07896166134185	True	3287850
SRR9824595	368.4796712460064	True	3857329
SRR9824596	76.35982364217253	True	799352
SRR9824597	116.70485846645367	True	1221693
SRR9824598	423.5490709265176	True	4433808
SRR9824599	531.6123517571885	True	5565039
SRR9824600	258.6039536741214	True	2707125
SRR9824601	511.67478338658145	True	5356328
SRR9824602	413.368550798722	True	4327236
SRR9824603	258.35386357827474	True	2704507
SRR9824604	114.99301182108626	True	1203773
SRR9824605	273.6434626198083	True	2864562
SRR9824606	139.46086006389777	True	1459908
SRR9824607	150.4471517571885	True	1574915
SRR9824608	237.13422523961663	True	2482375
SRR9824609	145.85697635782748	True	1526864
SRR9824610	222.9193067092652	True	2333570
SRR9824611	164.2422284345048	True	1719325
SRR9824612	190.631796485623	True	1995577
SRR9824613	187.15890670926518	True	1959222
SRR9824614	76.61822460063898	True	802057
SRR9824615	360.9168817891374	True	3778160
SRR9824616	145.82707635782748	True	1526551
SRR9824617	199.48573099041533	True	2088262
SRR9824618	306.44576869009586	True	3207944
SRR9824619	68.83763322683706	True	720608
SRR9824620	157.5516019169329	True	1649286
SRR9824621	186.1275	True	1948425
SRR9824622	255.5367677316294	True	2675017
SRR9824623	75.70164153354632	True	792462
SRR9824624	141.2716728434505	True	1478864
SRR9824625	108.2306444089457	True	1132983
SRR9824626	201.42655623003196	True	2108579
SRR9824627	326.36404057507985	True	3416453
SRR9824628	219.5856	True	2298672
SRR9824629	602.8901306709265	True	6311191
SRR9824630	91.1828680511182	True	954523
SRR9824631	346.4449952076677	True	3626665
SRR9824632	302.8559536741214	True	3170365
SRR9824633	195.6277712460064	True	2047876
SRR9824634	415.70944376996806	True	4351741
SRR9824635	104.27457827476039	True	1091570
SRR9824636	116.1134498402556	True	1215502
SRR9824637	124.33766932907348	True	1301595
SRR9824638	85.54208498402556	True	895474
SRR9824639	53.71625750798722	True	562314
SRR9824640	159.41457252396165	True	1668788
SRR9824641	216.94857284345048	True	2271067
SRR9824642	216.47982108626198	True	2266160
SRR9824643	129.60618306709264	True	1356747
SRR9824644	201.66059776357827	True	2111029
SRR9824645	149.63841884984026	True	1566449
SRR9824646	184.22650958466454	True	1928525
SRR9824647	295.9382591054313	True	3097949
SRR9824648	85.65050830670927	True	896609
SRR9824649	70.53677476038338	True	738395
SRR9824650	317.5548127795527	True	3324236
SRR9824651	312.19354217252396	True	3268113
SRR9824652	329.6949769968051	True	3451322
SRR9824653	739.4479204472843	True	7740709
SRR9824654	108.53031309904154	True	1136120
SRR9824655	443.442028115016	True	4642052
SRR9824656	394.59717795527155	True	4130733
SRR9824657	195.61028977635783	True	2047693
SRR9824658	307.8714159744409	True	3222868
SRR9824659	88.58166357827476	True	927293
SRR9824660	190.63513993610223	True	1995612
SRR9824661	317.7614380191693	True	3326399
SRR9824662	49.81425974440894	True	521467
SRR9824663	172.9300412140575	True	1810271
SRR9824664	302.13300415335465	True	3162797
SRR9824665	142.40300095846646	True	1490707
SRR9824666	154.0368712460064	True	1612493
SRR9824667	206.1926926517572	True	2158472
SRR9824668	114.81705079872205	True	1201931
SRR9824669	125.1220428115016	True	1309806
SRR9824670	292.80735654952076	True	3065174
SRR9824671	336.80296166134184	True	3525730
SRR9824672	258.1367303514377	True	2702234
SRR9824673	211.9927194888179	True	2219188
SRR9824674	45.93346900958466	True	480842
SRR9824675	79.2469408945687	True	829575
SRR9824676	99.82501884984026	True	1044991
SRR9824677	134.8168073482428	True	1411293
SRR9824678	181.05787380191694	True	1895355
SRR9824679	163.41859329073483	True	1710703
SRR9824680	118.5731785942492	True	1241251
SRR9824681	152.97097923322684	True	1601335
SRR9824682	161.70407188498402	True	1692755
SRR9824683	216.61346357827475	True	2267559
SRR9824684	72.55459488817891	True	759518
SRR9824685	81.62165047923322	True	854434
SRR9824686	89.83306932907348	True	940393
SRR9824687	113.18735750798722	True	1184871
SRR9824688	136.25869424920128	True	1426387
SRR9824689	121.3741303514377	True	1270572
SRR9824690	120.46977476038339	True	1261105
SRR9824691	70.43217252396167	True	737300
SRR9824692	125.99219968051118	True	1318915
SRR9824693	355.9444067092652	True	3726107
SRR9824694	388.5941559105431	True	4067892
SRR9824695	409.2941265175719	True	4284584
SRR9824696	122.9397249201278	True	1286961
SRR9824697	335.50551182108626	True	3512148
SRR9824698	365.3469536741214	True	3824535
SRR9824699	460.93285942492014	True	4825150
SRR9824700	206.5640067092652	True	2162359
SRR9824701	767.4272514376996	True	8033603
SRR9824702	153.08341469648562	True	1602512
SRR9824703	385.9098428115016	True	4039792
SRR9824704	108.0989124600639	True	1131604
SRR9824705	188.3597785942492	True	1971793
SRR9824706	134.5895482428115	True	1408914
SRR9824707	142.6241463258786	True	1493022
SRR9824708	91.01703290734824	True	952787
SRR9824709	103.1756338658147	True	1080066
SRR9824710	106.92325974440895	True	1119297
SRR9824711	107.24499520766773	True	1122665
SRR9824712	140.45482012779553	True	1470313
SRR9824713	121.51799424920128	True	1272078
SRR9824714	121.5026143769968	True	1271917
SRR9824715	135.77905239616612	True	1421366
SRR9824716	108.40459936102236	True	1134804
SRR9824717	219.33178434504794	True	2296015
SRR9824718	139.34852012779552	True	1458732
SRR9824719	119.74395942492013	True	1253507
SRR9824720	183.20245846645366	True	1917805
SRR9824721	178.3529268370607	True	1867039
SRR9824722	130.3473782747604	True	1364506
SRR9824723	253.050482428115	True	2648990
SRR9824724	403.07368466453676	True	4219467
SRR9824725	429.5174166134185	True	4496286
SRR9824726	174.10445207667732	True	1822565
SRR9824727	544.417289456869	True	5699084
SRR9824728	318.50196453674124	True	3334151
SRR9824729	337.3872057507987	True	3531846
SRR9824730	304.8784546325879	True	3191537
SRR9824731	77.36582012779553	True	809883
SRR9824732	76.2953428115016	True	798677
SRR9824733	192.18898466453675	True	2011878
SRR9824734	800.3147677316294	True	8377877
SRR9824735	395.56954888178916	True	4140912
SRR9824736	221.79504760383386	True	2321801
SRR9824737	122.48396485623003	True	1282190
SRR9824738	151.89085367412142	True	1590028
SRR9824739	154.28763003194888	True	1615118
SRR9824740	140.25192044728433	True	1468189
SRR9824741	69.79491086261982	True	730629
SRR9824742	286.88209361022365	True	3003147
SRR9824743	312.8821019169329	True	3275321
SRR9824744	53.38850383386581	True	558883
SRR9824745	89.12645495207667	True	932996
SRR9824746	132.55033003194887	True	1387567
SRR9824747	120.3764447284345	True	1260128
SRR9824748	132.67843194888178	True	1388908
SRR9824749	125.41559776357828	True	1312879
SRR9824750	230.4495214057508	True	2412398
SRR9824751	298.37410607028755	True	3123448
SRR9824752	343.38287220447285	True	3594610
SRR9824753	324.8614939297125	True	3400724
SRR9824754	395.0420479233227	True	4135390
SRR9824755	200.2694357827476	True	2096466
SRR9824756	193.54881373801916	True	2026113
SRR9824757	187.69739329073482	True	1964859
SRR9824758	164.0913910543131	True	1717746
SRR9824759	177.39010862619807	True	1856960
SRR9824760	153.030110543131	True	1601954
SRR9824761	89.10228658146964	True	932743
SRR9824762	187.82358466453675	True	1966180
SRR9824763	296.4036674121406	True	3102821
SRR9824764	175.77445782747603	True	1840047
SRR9824765	153.3470696485623	True	1605272
SRR9824766	238.9360584664537	True	2501237
SRR9824767	136.1524680511182	True	1425275
SRR9824768	189.21044792332268	True	1980698
SRR9824769	220.0194843450479	True	2303214
SRR9824770	104.74571821086262	True	1096502
SRR9824771	154.43990031948883	True	1616712
SRR9824772	177.32600990415335	True	1856289
SRR9824773	133.71929584664537	True	1399804
SRR9824774	152.0825766773163	True	1592035
SRR9824775	102.68729904153355	True	1074954
SRR9824776	154.22716134185305	True	1614485
SRR9824777	125.4692840255591	True	1313441
SRR9824778	102.39202460063898	True	1071863
SRR9824779	176.2306	True	1844822
SRR9824780	215.9841306709265	True	2260971
SRR9824781	74.51643610223643	True	780055
SRR9824782	318.3526555910543	True	3332588
SRR9824783	168.3854322683706	True	1762697
SRR9824784	388.34960638977634	True	4065332
SRR9824785	460.12517731629396	True	4816695
SRR9824786	889.6708699680511	True	9313277
SRR9824787	124.63170191693291	True	1304673
SRR9824788	146.62883578274761	True	1534944
SRR9824789	170.29148562300318	True	1782650
SRR9824790	134.4801696485623	True	1407769
SRR9824791	109.86836198083067	True	1150127
SRR9824792	115.3958498402556	True	1207990
SRR9824793	127.06917284345047	True	1330189
SRR9824794	213.1101961661342	True	2230886
SRR9824795	159.1132798722045	True	1665634
SRR9824796	145.01757923322683	True	1518077
SRR9824797	166.15554185303515	True	1739354
SRR9824798	148.91900383386582	True	1558918
SRR9824799	120.52479840255592	True	1261681
SRR9824800	153.9948392971246	True	1612053
SRR9824801	243.2279980830671	True	2546166
SRR9824802	216.1156715654952	True	2262348
SRR9824803	76.28951565495208	True	798616
SRR9824804	158.81962939297125	True	1662560
SRR9824805	322.37005015974444	True	3374643
SRR9824806	361.7556102236422	True	3786940
SRR9824807	203.22924920127795	True	2127450
SRR9824808	76.62940127795527	True	802174
SRR9824809	77.65316581469648	True	812891
SRR9824810	75.11644217252396	True	786336
SRR9824811	662.4505485623004	True	6934683
SRR9824812	446.9241840255591	True	4678504
SRR9824813	87.09134440894569	True	911692
SRR9824814	502.7767153354633	True	5263181
SRR9824815	395.700421086262	True	4142282
SRR9824816	300.3454044728434	True	3144084
SRR9824817	440.68100670926515	True	4613149
SRR9824818	53.838914376996804	True	563598
SRR9824819	253.18718178913738	True	2650421
SRR9824820	514.4171769968051	True	5385036
SRR9824821	682.990224600639	True	7149697
SRR9824822	609.7621632587859	True	6383129
SRR9824823	286.4770584664537	True	2998907
SRR9824824	521.595756230032	True	5460183
SRR9824825	356.29260319488816	True	3729752
SRR9824826	275.90287092651755	True	2888214
SRR9824827	181.3457926517572	True	1898369
SRR9824828	530.8596932907349	True	5557160
SRR9824829	401.28522523961664	True	4200745
SRR9824830	205.79663706070286	True	2154326
SRR9824831	514.6628728434505	True	5387608
SRR9824832	294.9380897763578	True	3087479
SRR9824833	57.008696485623005	True	596780
SRR9824834	85.95934760383386	True	899842
SRR9824835	118.99521757188498	True	1245669
SRR9824836	223.9313214057508	True	2344164
SRR9824837	135.87438849840257	True	1422364
SRR9824838	163.8705322683706	True	1715434
SRR9824839	114.10193450479233	True	1194445
SRR9824840	128.50953130990416	True	1345267
SRR9824841	126.77504472843451	True	1327110
SRR9824842	91.19824792332268	True	954684
SRR9824843	134.39792076677315	True	1406908
SRR9824844	103.7719143769968	True	1086308
SRR9824845	242.69667603833867	True	2540604
SRR9824846	367.5979555910543	True	3848099
SRR9824847	160.05517763578274	True	1675494
SRR9824848	161.38548881789137	True	1689420
SRR9824849	216.63065846645367	True	2267739
SRR9824850	113.31268913738019	True	1186183
SRR9824851	157.71801022364218	True	1651028
SRR9824852	251.3490482428115	True	2631179
SRR9824853	127.30541150159745	True	1332662
SRR9824854	203.604575399361	True	2131379
SRR9824855	163.62970830670926	True	1712913
SRR9824856	118.33942364217252	True	1238804
SRR9824857	119.7610587859425	True	1253686
SRR9824858	135.1356769968051	True	1414631
SRR9824859	107.30278913738019	True	1123270
SRR9824860	150.03944185303516	True	1570647
SRR9824861	131.5463396166134	True	1377057
SRR9824862	114.82555271565495	True	1202020
SRR9824863	194.99519041533546	True	2041254
SRR9824864	89.08642907348244	True	932577
SRR9824865	747.363873801917	True	7823575
SRR9824866	308.5808006389776	True	3230294
SRR9824867	182.53806709265174	True	1910850
SRR9824868	131.25593706070288	True	1374017
SRR9824869	174.89341086261982	True	1830824
SRR9824870	226.79665846645366	True	2374159
SRR9824871	123.70585271565496	True	1294981
SRR9824872	104.32692715654952	True	1092118
SRR9824873	200.8019996805112	True	2102041
SRR9824874	173.513521086262	True	1816379
SRR9824875	149.1351817891374	True	1561181
SRR9824876	116.78118466453674	True	1222492
SRR9824877	134.959907028754	True	1412791
SRR9824878	75.18187827476038	True	787021
SRR9824879	120.8052661341853	True	1264617
SRR9824880	102.68233162939298	True	1074902
SRR9824881	224.3200214057508	True	2348233
SRR9824882	89.5923408945687	True	937873
SRR9824883	61.15027635782748	True	640135
SRR9824884	133.8480664536741	True	1401152
SRR9824885	97.6840642172524	True	1022579
SRR9824886	64.72222779552716	True	677527
SRR9824887	92.36702268370607	True	966919
SRR9824888	70.58014408945687	True	738849
SRR9824889	88.58500702875399	True	927328
SRR9824890	75.4076089456869	True	789384
SRR9824891	69.53832492012779	True	727943
SRR9824892	265.2305769968051	True	2776494
SRR9824893	370.17718881789136	True	3875099
SRR9824894	336.458968370607	True	3522129
SRR9824895	313.97655654952075	True	3286778
SRR9824896	302.7011996805112	True	3168745
SRR9824897	518.593242172524	True	5428752
SRR9824898	386.21438338658146	True	4042980
SRR9824899	380.0117095846645	True	3978049
SRR9824900	371.3794936102236	True	3887685
SRR9824901	175.46466325878595	True	1836804
SRR9824902	260.7305792332268	True	2729387
SRR9824903	328.22376325878594	True	3435921
SRR9824904	579.3832856230032	True	6065116
SRR9824905	371.3542744408946	True	3887421
SRR9824906	376.17696293929714	True	3937906
SRR9824907	159.46682587859425	True	1669335
SRR9824908	166.6741587859425	True	1744783
SRR9824909	136.09792204472842	True	1424704
SRR9824910	109.22670607028753	True	1143410
SRR9824911	112.21403130990416	True	1174682
SRR9824912	141.56150223642172	True	1481898
SRR9824913	157.0412003194888	True	1643943
SRR9824914	172.12025750798722	True	1801794
SRR9824915	135.98586869009586	True	1423531
SRR9824916	153.088	True	1602560
SRR9824917	163.24043514376996	True	1708838
SRR9824918	135.55666517571885	True	1419038
SRR9824919	140.70815814696485	True	1472965
SRR9824920	158.11492555910544	True	1655183
SRR9824921	132.45795527156548	True	1386600
SRR9841424	97.93665431309904	True	1064381
SRR9841425	166.22416341853034	True	102327
SRR9889983	63.859035782747604	True	1030303
SRR9918406	166.93513897763577	True	1747515
SRR9918407	229.61977252396167	True	2403712
SRR9918408	193.5949533546326	True	2026596
SRR9918409	152.15565495207667	True	1592800
SRR9918410	131.3516552715655	True	1375019
SRR9918411	143.63214888178913	True	1503574
SRR9918412	160.72377220447285	True	1682493
SRR9918413	72.21222555910543	True	755934
SRR9918414	291.69675782747606	True	3053548
SRR9918415	129.19589392971247	True	1352452
SRR9918416	177.41179329073483	True	1857187
SRR9918417	196.27162428115017	True	2054616
SRR9918418	169.43336517571885	True	1773667
SRR9918419	169.74545239616614	True	1776934
SRR9918420	217.60207412140576	True	2277908
SRR9918421	192.67254313099042	True	2016940
SRR9918422	121.07876038338658	True	1267480
SRR9918423	242.96501182108625	True	2543413
SRR9918424	101.11664153354633	True	1058512
SRR9918425	159.59817571884983	True	1670710
SRR9918426	235.02269297124602	True	2460271
SRR9918427	93.38438690095846	True	977569
SRR9918428	113.88489680511182	True	1192173
SRR9918429	154.17060926517573	True	1613893
SRR9918430	167.88190862619808	True	1757426
SRR9918431	223.17560607028753	True	2336253
SRR9918432	187.1014948881789	True	1958621
SRR9918433	221.2912373801917	True	2316527
SRR9918434	274.85360063897764	True	2877230
SRR9918435	253.36772811501598	True	2652311
SRR9918436	260.43310766773163	True	2726273
SRR9918437	319.69357028753996	True	3346625
SRR9918438	290.5005667731629	True	3041026
SRR9918439	220.20977444089456	True	2305206
SRR9918440	187.77820926517572	True	1965705
SRR9918441	115.60686932907348	True	1210199
SRR9918442	277.94447731629396	True	2909586
SRR9918443	248.67218626198084	True	2603157
SRR9918444	220.0151856230032	True	2303169
SRR9918445	93.27443514376996	True	976418
SRR9918446	147.41282715654953	True	1543151
SRR9918447	270.657761341853	True	2833307
SRR9918448	596.4924859424921	True	6244219
SRR9918449	275.70856869009583	True	2886180
SRR9918450	126.21535111821086	True	1321251
SRR9918451	182.9872357827476	True	1915552
SRR9918452	141.5984712460064	True	1482285
SRR9918453	370.41400063897765	True	3877578
SRR9918454	235.26561853035145	True	2462814
SRR9918455	208.43079840255592	True	2181901
SRR9918456	168.0374268370607	True	1759054
SRR9918457	362.23888210862617	True	3791999
SRR9918458	163.69590862619808	True	1713606
SRR9918459	217.47215718849841	True	2276548
SRR9918460	362.9941198083067	True	3799905
SRR9918461	341.16100607028756	True	3571351
SRR9918462	89.83431118210862	True	940406
SRR9918463	242.93425207667732	True	2543091
SRR9918464	358.28119201277957	True	3750569
SRR9918465	320.60986677316293	True	3356217
SRR9918466	84.88256549520767	True	888570
SRR9918467	216.3866821086262	True	2265185
SRR9918468	133.17421789137381	True	1394098
SRR9918469	176.5894	True	1848578
SRR9918470	215.24255335463258	True	2253208
SRR9918471	146.18004920127797	True	1530246
SRR9918472	148.46400798722044	True	1554155
SRR9918473	237.8880300319489	True	2490266
SRR9918474	173.82675463258786	True	1819658
SRR9918475	76.77632204472843	True	803712
SRR9918476	145.83032428115015	True	1526585
SRR9918477	205.1170568690096	True	2147212
SRR9918478	81.8446108626198	True	856768
SRR9918479	99.31948913738019	True	1039699
SRR9918480	145.92231693290734	True	1527548
SRR9918481	163.7793038338658	True	1714479
SRR9918482	200.20772523961662	True	2095820
SRR9918483	74.78639584664536	True	782881
SRR9918484	162.71847476038337	True	1703374
SRR9918485	131.18486485623004	True	1373273
SRR9918486	52.40295015974441	True	548566
SRR9918487	96.557703514377	True	1010788
SRR9918488	225.4887961661342	True	2360468
SRR9918489	244.43765846645368	True	2558829
SRR9918490	96.40342715654953	True	1009173
SRR9918491	279.8068747603834	True	2929082
SRR9918492	56.95672971246007	True	596236
SRR9918493	369.31753993610226	True	3866100
SRR9918494	149.4795571884984	True	1564786
SRR9918495	208.44627380191693	True	2182063
SRR9918496	178.26991373801917	True	1866170
SRR9918497	169.0171533546326	True	1769310
SRR9918498	135.99054952076676	True	1423580
SRR9918499	142.7938980830671	True	1494799
SRR9918500	125.1023642172524	True	1309600
SRR9918501	309.35218242811504	True	3238369
SRR9918502	286.02741214057505	True	2994200
SRR9918503	198.73423130990415	True	2115776
SRR9918504	180.18995271565495	True	1905387
SRR9918505	185.723324600639	True	1944194
SRR9918506	66.15637699680511	True	692540
SRR9918507	220.21722555910543	True	2305284
SRR9918508	269.11585750798724	True	2817166
SRR9918509	131.83378083067092	True	1380066
SRR9918510	697.930671884984	True	7306097
SRR9918511	148.7648230031949	True	1557304
SRR9918512	217.10265814696487	True	2272680
SRR9918513	227.35501469648563	True	2380004
SRR9918514	268.4147837060703	True	2809827
SRR9918515	108.18326293929712	True	1132487
SRR9918516	202.81991533546326	True	2123165
SRR9918517	131.7607980830671	True	1379302
SRR9918518	251.5871019169329	True	2633671
SRR9918519	264.3082623003195	True	2766839
SRR9918520	223.01836837060702	True	2334607
SRR9918521	165.8469891373802	True	1736124
SRR9918522	198.8168498402556	True	2081260
SRR9918523	179.51682971246007	True	1879223
SRR9918524	156.3363054313099	True	1636564
SRR9918525	98.57944025559105	True	1031952
SRR9918526	125.36878945686901	True	1312389
SRR9918527	151.2928536741214	True	1583768
SRR9918528	115.46271884984026	True	1208690
SRR9918529	169.65708977635782	True	1776009
SRR9918530	193.71636837060703	True	2027867
SRR9918531	236.82290223642173	True	2479116
SRR9918532	230.55307284345048	True	2413482
SRR9918533	77.65450319488818	True	812905
SRR9918534	93.36480383386582	True	977364
SRR9918535	206.82030607028753	True	2165042
SRR9918536	149.50840638977635	True	1565088
SRR9918537	184.03144313099043	True	1926483
SRR9918538	130.64914856230033	True	1367665
SRR9918539	211.41468466453674	True	2213137
SRR9918540	89.63112492012779	True	938279
SRR9918541	259.8167664536741	True	2719821
SRR9918542	116.7793696485623	True	1222473
SRR9918543	171.80702396166134	True	1798515
SRR9918544	217.5921392971246	True	2277804
SRR9918545	149.38823322683706	True	1563830
SRR9918546	142.36803801916932	True	1490341
SRR9918547	152.34661373801916	True	1594799
SRR9918548	133.25608466453673	True	1394955
SRR9918549	121.71793258785942	True	1274171
SRR9918550	192.39637412140576	True	2014049
SRR9918551	354.4961194888179	True	3710946
SRR9918552	223.07396517571885	True	2335189
SRR9918553	181.9428373801917	True	1904619
SRR9918554	146.42584057507986	True	1532819
SRR9918555	151.9404322683706	True	1590547
SRR9918556	158.65532268370606	True	1660840
SRR9918557	311.77360479233226	True	3263717
SRR9918558	191.28271853035145	True	2002391
SRR9918559	115.8617357827476	True	1212867
SRR9918560	83.85373801916933	True	877800
SRR9918561	56.43553354632588	True	590780
SRR9918562	230.56186134185305	True	2413574
SRR9918563	93.39126485623004	True	977641
SRR9918564	77.71344345047923	True	813522
SRR9918565	158.53897060702874	True	1659622
SRR9918566	204.21279680511182	True	2137746
SRR9918567	265.36469712460064	True	2777898
SRR9918568	184.6396645367412	True	1932850
SRR9918569	314.73657060702874	True	3294734
SRR9918570	203.86870798722046	True	2134144
SRR9918571	141.8936501597444	True	1485375
SRR9918572	129.46203258785943	True	1355238
SRR9918573	110.1616303514377	True	1153197
SRR9918574	54.51438690095846	True	570669
SRR9918575	93.6850108626198	True	980716
SRR9918576	100.08093610223642	True	1047670
SRR9918577	215.1432051118211	True	2252168
SRR9918578	101.92183993610223	True	1066941
SRR9918579	66.65407348242812	True	697750
SRR9918580	190.53034664536742	True	1994515
SRR9918581	169.46727731629392	True	1774022
SRR9918582	121.65861022364217	True	1273550
SRR9918583	187.02832108626197	True	1957855
SRR9918584	216.63982907348242	True	2267835
SRR9918585	162.55072907348242	True	1701618
SRR9918586	97.9917571884984	True	1025800
SRR9918587	271.3359086261981	True	2840406
SRR9918588	116.99038913738019	True	1224682
SRR9918589	129.6683712460064	True	1357398
SRR9918590	151.64095463258786	True	1587412
SRR9918591	247.28207507987221	True	2588605
SRR9918592	217.17096006389775	True	2273395
SRR9918593	173.28043482428114	True	1813939
SRR9918594	100.56621405750799	True	1052750
SRR9918595	234.26095942492012	True	2452297
SRR9918596	167.40599233226837	True	1752444
SRR9918597	242.21999552715656	True	2535614
SRR9918598	125.18270255591054	True	1310441
SRR9918599	115.63457220447285	True	1210489
SRR9918600	199.75234728434503	True	2091053
SRR9918601	225.16524568690096	True	2357081
SRR9918602	225.17775974440895	True	2357212
SRR9918603	179.37038658146966	True	1877690
SRR9918604	137.36652268370608	True	1437984
SRR9918605	243.68691054313098	True	2550970
SRR9918606	213.4171249201278	True	2234099
SRR9918607	196.93353194888178	True	2061545
SRR9918608	186.599117571885	True	1953362
SRR9918609	195.61649904153356	True	2047758
SRR9918610	158.8631897763578	True	1663016
SRR9918611	198.67308146964857	True	2079755
SRR9918612	161.89369329073483	True	1694740
SRR9918613	256.07105111821085	True	2680610
SRR9918614	105.3772482428115	True	1103113
SRR9918615	109.01826581469649	True	1141228
SRR9918616	111.40482076677316	True	1166211
SRR9918617	297.02125047923323	True	3109286
SRR9918618	311.869514057508	True	3264721
SRR9918619	151.77822715654952	True	1588849
SRR9918620	45.96123450479233	True	486009
SRR9918621	86.73427476038339	True	936132
SRR9918622	144.38700447284344	True	1511476
SRR9918623	124.96958146964856	True	1308210
SRR9918624	146.33623610223643	True	1531881
SRR9918625	101.96081501597445	True	1067349
SRR9918626	166.31841565495208	True	1741059
SRR9918627	125.76837955271566	True	1316572
SRR9918628	160.30918434504792	True	1678153
SRR9918629	144.83932555910542	True	1516211
SRR9918630	139.1735143769968	True	1456900
SRR9918631	114.60297444089457	True	1199690
SRR9918632	103.89667284345047	True	1087614
SRR9918633	206.70147028753993	True	2163798
SRR9918634	162.65084153354633	True	1702666
SRR9918635	284.13358626198084	True	2974375
SRR9918636	230.50244345047923	True	2412952
SRR9918637	73.96362044728434	True	774268
SRR9918638	336.94546006389777	True	3624190
SRR9918639	67.83137220447284	True	724615
SRR9918640	428.8453642172524	True	4550122
SRR9918641	328.64847284345046	True	3487016
SRR9918642	165.68656485623004	True	1763942
SRR9918643	608.504322683706	True	6456334
SRR9918644	171.406875399361	True	1818656
SRR9918645	142.19169329073483	True	1540000
SRR9918646	93.19648498402556	True	975602
SRR9918647	295.4627249201278	True	3092971
SRR9918648	294.6463498402556	True	3084425
SRR9918649	228.2433217252396	True	2389303
SRR9918650	245.9574	True	2574738
SRR9918651	106.71004313099041	True	1117065
SRR9918652	233.7034629392971	True	2446461
SRR9918653	112.85492300319488	True	1181391
SRR9918654	120.88254760383387	True	1265426
SRR9918655	181.10133865814697	True	1895810
SRR9918656	158.02847348242813	True	1654278
SRR9918657	459.5522054313099	True	4810697
SRR9918658	159.77604728434505	True	1672572
SRR9918659	179.81602076677316	True	1882355
SRR9918660	150.5852840255591	True	1576361
SRR9918661	238.30672555910544	True	2494649
SRR9918662	156.68593482428116	True	1640224
SRR9918663	127.62466325878594	True	1336004
SRR9918664	145.1268623003195	True	1519221
SRR9918665	153.49265303514377	True	1606796
SRR9918666	140.46160255591053	True	1470384
SRR9918667	171.23739552715654	True	1792552
SRR9918668	240.52534376996806	True	2517874
SRR9918669	57.51393961661342	True	602069
SRR9918670	226.68087955271565	True	2372947
SRR9918671	167.83510031948882	True	1756936
SRR9918672	278.38266038338656	True	2914173
SRR9918673	162.82699361022364	True	1704510
SRR9918674	150.75627763578274	True	1578151
SRR9918675	154.60936549520767	True	1618486
SRR9918676	90.62002204472843	True	948631
SRR9918677	159.35257539936103	True	1668139
SRR9918678	136.12944600638977	True	1425034
SRR9918679	144.62257444089457	True	1513942
SRR9918680	174.964196485623	True	1831565
SRR9918681	172.2689932907348	True	1803351
SRR9918682	180.0275178913738	True	1884569
SRR9918683	104.66709936102237	True	1095679
SRR9918684	89.60332651757189	True	937988
SRR9918685	132.9367373801917	True	1391612
SRR9918686	203.05347923322682	True	2125610
SRR9918687	190.23765143769967	True	1991451
SRR9918688	207.6280837060703	True	2173498
SRR9918689	211.95584600638978	True	2218802
SRR9918690	198.18178530351437	True	2074612
SRR9918691	308.64193801916934	True	3230934
SRR9918692	424.6070341853035	True	4444883
SRR9918693	87.27017124600638	True	913564
SRR9918694	161.8780268370607	True	1694576
SRR9918695	273.6781389776358	True	2864925
SRR9918696	75.69237539936103	True	792365
SRR9918697	215.3941549520767	True	2254795
SRR9918698	165.24220670926516	True	1729793
SRR9918699	156.67227444089457	True	1640081
SRR9918700	105.17759488817892	True	1112182
SRR9918701	213.9929057507987	True	2270501
SRR9918702	49.02336869009584	True	518389
SRR9918703	78.004785942492	True	827644
SRR9918704	192.2931373801917	True	2033370
SRR9918705	55.79690607028754	True	588028
SRR9918706	47.651811182108624	True	519687
SRR9918707	104.5407428115016	True	1109195
SRR9918708	101.81990223642173	True	1084001
SRR9918709	60.62965686900959	True	647682
SRR9918710	122.89186581469649	True	1286460
SRR9918711	141.00620287539937	True	1476085
SRR9918712	239.9478821086262	True	2511829
SRR9918713	192.4566517571885	True	2014680
SRR9918714	193.38135463258786	True	2024360
SRR9918715	159.0273054313099	True	1664734
SRR9918716	137.0573968051118	True	1434748
SRR9918717	183.45722939297124	True	1920472
SRR9918718	93.97140127795527	True	983714
SRR9918719	86.78326932907348	True	908467
SRR9918720	174.61084153354633	True	1827866
SRR9918721	49.65769073482428	True	519828
SRR9918722	138.8856910543131	True	1453887
SRR9918723	112.19072268370607	True	1174438
SRR9918724	73.07894345047923	True	765007
SRR9918725	168.6388658146965	True	1765350
SRR9918726	124.83784952076677	True	1306831
SRR9918727	182.26915814696486	True	1908035
SRR9918728	153.80177891373802	True	1610032
SRR9918729	124.92821821086262	True	1307777
SRR9918730	175.3816501597444	True	1835935
SRR9918731	190.61737188498404	True	1995426
SRR9918732	210.9197584664537	True	2207956
SRR9918733	197.91316293929714	True	2071800
SRR9918734	138.97004153354632	True	1454770
SRR9918735	164.47923130990415	True	1721806
SRR9918736	219.05981853035144	True	2293168
SRR9918737	69.7462875399361	True	730120
SRR9918738	84.70316549520767	True	886692
SRR9918739	73.11285559105431	True	765362
SRR9918740	61.79298306709265	True	646863
SRR9918741	290.7775	True	3043925
SRR9918742	208.88321501597443	True	2186637
SRR9918743	75.5169875399361	True	790529
SRR9918744	133.3131143769968	True	1395552
SRR9918745	212.2869431309904	True	2222268
SRR9918746	67.34721853035144	True	705006
SRR9918747	97.20146102236421	True	1017527
SRR9918748	82.77714696485623	True	866530
SRR9918749	132.6585623003195	True	1388700
SRR9918750	354.3192031948882	True	3709094
SRR9918751	158.73499233226838	True	1661674
SRR9918752	221.85370127795528	True	2322415
SRR9918753	208.92601118210862	True	2187085
SRR9918754	198.50887028753993	True	2078036
SRR9918755	297.3628555910543	True	3112862
SRR9918756	117.03557348242812	True	1225155
SRR9918757	196.5604984025559	True	2057640
SRR9918758	164.6401945686901	True	1723491
SRR9918759	135.89253865814698	True	1422554
SRR9918760	498.4704466453674	True	5218102
SRR9918761	245.69393610223642	True	2571980
SRR9918762	229.15713450479234	True	2398869
SRR9918763	141.53819361022363	True	1481654
SRR9918764	102.84625623003195	True	1076618
SRR9918765	142.57733801916933	True	1492532
SRR9918766	156.8291300319489	True	1641723
SRR9918767	137.87434504792333	True	1443300
SRR9918768	78.77035591054313	True	824586
SRR9918769	123.50467252396166	True	1292875
SRR9918770	153.07768306709266	True	1602452
SRR9918771	212.43376837060703	True	2223805
SRR9918772	179.36255335463258	True	1877608
SRR9918773	293.7724674121406	True	3075277
SRR9918774	150.27443865814698	True	1573107
SRR9918775	276.91612747603835	True	2898821
SRR9918776	302.6549645367412	True	3168261
SRR9918777	246.10336549520767	True	2576266
SRR9918778	280.8763012779553	True	2940277
SRR9918779	206.03679233226836	True	2156840
SRR9918780	174.83848274760382	True	1830249
SRR9918781	154.9395073482428	True	1621942
SRR9918782	376.67408626198085	True	3943110
SRR9918783	234.48267795527155	True	2454618
SRR9918784	241.8564191693291	True	2531808
SRR9918785	218.00128210862619	True	2282087
SRR9918786	307.1509501597444	True	3215326
SRR9918787	195.49393769968052	True	2046475
SRR9918788	150.17260670926518	True	1572041
SRR9918789	53.838914376996804	True	563598
SRR9918790	177.52986485623003	True	1858423
SRR9918791	334.0983968051118	True	3497418
SRR9918792	158.5527265175719	True	1659766
SRR9918793	191.16159009584663	True	2001123
SRR9918794	71.83976517571885	True	752035
SRR9918795	138.68537060702874	True	1451790
SRR9918796	60.472511182108626	True	633040
SRR9918797	86.11878242811501	True	901511
SRR9918798	140.29557635782749	True	1468646
SRR9918799	65.17817891373802	True	682300
SRR9918800	138.57656517571886	True	1450651
SRR9918801	209.05650127795528	True	2188451
SRR9918802	160.5072121405751	True	1680226
SRR9918803	199.73878242811503	True	2090911
SRR9918804	68.28711022364217	True	714845
SRR9918805	220.8805661341853	True	2312228
SRR9918806	252.1675249201278	True	2639747
SRR9918807	124.07114856230032	True	1298805
SRR9918808	164.3587715654952	True	1720545
SRR9918809	124.9519089456869	True	1308025
SRR9918810	194.7744271565495	True	2038943
SRR9918811	200.01972779552716	True	2093852
SRR9918812	159.26564568690097	True	1667229
SRR9918813	125.72195335463259	True	1316086
SRR9918814	204.8857856230032	True	2144791
SRR9918815	93.97264313099042	True	983727
SRR9918816	103.13369744408946	True	1079627
SRR9918817	204.77812651757188	True	2143664
SRR9918818	188.2920498402556	True	1971084
SRR9918819	537.1627661341853	True	5623142
SRR9918820	188.32319169329074	True	1971410
SRR9918821	149.6564734824281	True	1566638
SRR9918822	202.04595431309903	True	2115063
SRR9918823	118.73910926517571	True	1242988
SRR9918824	344.19542619808306	True	3603116
SRR9918825	108.80294760383387	True	1138974
SRR9918826	149.17195974440895	True	1561566
SRR9918827	112.25357955271565	True	1175096
SRR9918828	227.47623865814697	True	2381273
SRR9918829	47.46773067092652	True	496903
SRR9918830	81.92141469648563	True	857572
SRR9918831	307.4584520766773	True	3218545
SRR9918832	47.66528083067092	True	498971
SRR9918833	216.6546357827476	True	2267990
SRR9918834	105.97916485623003	True	1109414
SRR9918835	281.5633325878594	True	2947469
SRR9918836	162.16604121405751	True	1697591
SRR9918837	163.16000127795527	True	1707996
SRR9918838	199.18892811501598	True	2085155
SRR9918839	122.84658594249201	True	1285986
SRR9918840	130.45360447284344	True	1365618
SRR9918841	160.57465431309905	True	1680932
SRR9918842	146.87290766773162	True	1537499
SRR9918843	148.35319648562302	True	1552995
SRR9918844	175.34038242811502	True	1835503
SRR9918845	81.52841597444089	True	853458
SRR9918846	199.779285942492	True	2091335
SRR9918847	103.067210543131	True	1078931
SRR9918848	176.75657252396167	True	1850328
SRR9918849	141.61537955271567	True	1482462
SRR9918850	199.86803067092652	True	2092264
SRR9918851	188.8105712460064	True	1976512
SRR9918852	158.11616741214058	True	1655196
SRR9918853	205.0816162939297	True	2146841
SRR9918854	253.17581405750798	True	2650302
SRR9918855	233.1492143769968	True	2440659
SRR9918856	234.83908977635784	True	2458349
SRR9918857	158.89337635782746	True	1663332
SRR9918858	214.0293584664537	True	2240508
SRR9918859	113.37936709265176	True	1186881
SRR9918860	172.50341693290736	True	1805805
SRR9918861	162.66154057507987	True	1702778
SRR9918862	202.26986996805113	True	2117407
SRR9918863	107.81796709265176	True	1128663
SRR9918864	109.17760511182108	True	1142896
SRR9918865	86.32865559105431	True	903708
SRR9918866	98.82656900958466	True	1034539
SRR9918867	185.06714856230033	True	1937325
SRR9918868	294.001828115016	True	3077678
SRR9918869	63.06273003194888	True	660155
SRR9918870	433.2544389776358	True	4535406
SRR9918871	263.91230223642174	True	2762694
SRR9918872	194.92001054313099	True	2040467
SRR9918873	159.18205942492014	True	1666354
SRR9918874	221.60208274760384	True	2319781
SRR9918875	252.50769712460064	True	2643308
SRR9918876	186.830675399361	True	1955786
SRR9918877	228.2999693290735	True	2389896
SRR9918878	70.68866293929713	True	739985
SRR9918879	171.1578214057508	True	1791719
SRR9918880	213.40929169329073	True	2234017
SRR9918881	190.59272587859425	True	1995168
SRR9918882	169.28787731629393	True	1772144
SRR9918883	129.01057124600638	True	1350512
SRR9918884	81.01581725239616	True	848092
SRR9918885	176.28944472843452	True	1845438
SRR9918886	253.61695846645367	True	2654920
SRR9918887	97.55109041533547	True	1021187
SRR9918888	109.685714057508	True	1148215
SRR9918889	239.94043099041534	True	2511751
SRR9918890	174.11687060702874	True	1822695
SRR9918891	201.05170766773162	True	2104655
SRR9918892	132.96635079872203	True	1391922
SRR9918893	159.36556709265176	True	1668275
SRR9918894	149.288789456869	True	1562789
SRR9918895	146.39450766773163	True	1532491
SRR9918896	185.53494504792332	True	1942222
SRR9918897	168.7552178913738	True	1766568
SRR9918898	172.45059041533545	True	1805252
SRR9918899	305.24308178913736	True	3195354
SRR9918900	227.90391373801916	True	2385750
SRR9918901	170.81669392971247	True	1788148
SRR9918902	208.85064025559106	True	2186296
SRR9918903	192.37163258785944	True	2013790
SRR9918904	176.01852971246007	True	1842602
SRR9918905	92.03525686900959	True	963446
SRR9918906	231.11515463258786	True	2419366
SRR9918907	270.42763642172525	True	2830898
SRR9918908	179.78124888178914	True	1881991
SRR9918909	279.49373674121404	True	2925804
SRR9918910	188.88651533546326	True	1977307
SRR9918911	167.99520383386582	True	1758612
SRR9918912	313.3374798722045	True	3280088
SRR9918913	222.77697124600638	True	2332080
SRR9918914	170.84774025559105	True	1788473
SRR9918915	208.0860408945687	True	2178292
SRR9918916	167.61194888178915	True	1754600
SRR9918917	173.63512715654952	True	1817652
SRR9918918	268.4393341853035	True	2810084
SRR9918919	174.3264571884984	True	1824889
SRR9918920	219.1648984025559	True	2294268
SRR9918921	79.29900319488817	True	830120
SRR9918922	87.39989712460064	True	914922
SRR9918923	114.71837124600638	True	1200898
SRR9918924	58.83154568690096	True	615862
SRR9918925	96.5578945686901	True	1010790
SRR9918926	142.7189092651757	True	1494014
SRR9918927	49.658454952076674	True	519836
SRR9918928	72.4887766773163	True	758829
SRR9918929	134.43527188498402	True	1407299
SRR9918930	117.84917827476038	True	1233672
SRR9918931	210.2471517571885	True	2200915
SRR9918932	353.18462715654954	True	3697217
SRR9918933	312.4509878594249	True	3270808
SRR9918934	125.90078019169329	True	1317958
SRR9918935	205.6671977635783	True	2152971
SRR9918936	160.32962715654952	True	1678367
SRR9918937	174.80074952076677	True	1829854
SRR9918938	189.1466357827476	True	1980030
SRR9918939	182.22607539936104	True	1907584
SRR9918940	71.1720303514377	True	745045
SRR9918941	114.06544313099042	True	1194063
SRR9918942	136.01787028753995	True	1423866
SRR9918943	154.44142875399362	True	1616728
SRR9918944	186.35237092651758	True	1950779
SRR9918945	271.5807447284345	True	2842969
SRR9918946	138.59968274760382	True	1450893
SRR9918947	146.61039904153355	True	1534751
SRR9918948	218.33467188498403	True	2285577
SRR9918949	242.3936638977636	True	2537432
SRR9918950	308.64509041533546	True	3230967
SRR9918951	163.46024313099042	True	1711139
SRR9918952	231.30802396166135	True	2421385
SRR9918953	335.86345207667733	True	3515895
SRR9918954	157.10243322683706	True	1644584
SRR9918955	97.09093610223643	True	1016370
SRR9918956	100.49810319488817	True	1052037
SRR9918957	161.72107571884985	True	1692933
SRR9918958	138.0935798722045	True	1445595
SRR9918959	94.31023610223642	True	987261
SRR9918960	164.78329424920128	True	1724989
SRR9918961	131.37525047923322	True	1375266
SRR9918962	202.26241884984026	True	2117329
SRR9918963	94.68890575079872	True	991225
SRR9918964	194.12904568690095	True	2032187
SRR9918965	92.83195335463259	True	971786
SRR9918966	77.92990798722045	True	815788
SRR9918967	69.82605271565495	True	730955
SRR9918968	73.38606325878594	True	768222
SRR9918969	271.6933712460064	True	2844148
SRR9918970	341.5581124600639	True	3575508
SRR9918971	245.6778875399361	True	2571812
SRR9918972	285.13299137380193	True	2984837
SRR9918973	162.34171565495208	True	1699430
SRR9918974	404.18074888178916	True	4231056
SRR9918975	308.80251916932906	True	3232615
SRR9918976	291.8836089456869	True	3055504
SRR9918977	205.59803610223642	True	2152247
SRR9918978	153.36970958466455	True	1605509
SRR9918979	222.8740268370607	True	2333096
SRR9918980	212.1283680511182	True	2220608
SRR9918981	233.32756357827475	True	2442526
SRR9918982	233.11243642172525	True	2440274
SRR9918983	227.65334600638977	True	2383127
SRR9918984	94.31902460063898	True	987353
SRR9918985	185.28848498402556	True	1939642
SRR9918986	127.76098051118211	True	1337431
SRR9918987	255.53055846645367	True	2674952
SRR9918988	166.7256479233227	True	1745322
SRR9918989	190.7990645367412	True	1997328
SRR9918990	148.0871533546326	True	1550210
SRR9918991	215.45213993610224	True	2255402
SRR9918992	121.93363290734824	True	1276429
SRR9918993	184.92844313099042	True	1935873
SRR9918994	187.77639424920127	True	1965686
SRR9918995	70.25391884984026	True	735434
SRR9918996	120.71699904153354	True	1263693
SRR9918997	149.39960095846646	True	1563949
SRR9918998	157.15334920127796	True	1645117
SRR9918999	164.89697156549522	True	1726179
