Run,avgLength,size_MB
DRR514233,302,263
DRR514288,302,127
ERR022106,36,131
ERR022107,36,3
ERR022108,36,106
ERR022109,36,41
ERR022110,36,116
ERR022111,36,88
ERR022112,36,109
ERR022113,36,56
ERR022114,36,66
ERR022115,36,76
ERR10008286,427,230
ERR10008291,436,157
ERR10008295,427,202
ERR10008299,417,192
ERR10008303,518,169
ERR10008384,345,199
ERR10008445,362,162
ERR10008733,437,127
ERR10008741,419,154
ERR10008747,411,193
ERR10008850,424,177
ERR10008854,422,146
ERR10008857,433,157
ERR10008860,451,210
ERR10008865,418,206
ERR10008867,433,116
ERR10008871,458,177
ERR10008874,457,167
ERR10008878,439,164
ERR10008881,445,160
ERR10008884,455,188
ERR10008887,445,152
ERR10008891,445,132
ERR10008893,431,172
ERR10008910,457,163
ERR10008915,453,171
ERR10008918,445,186
ERR10008923,413,148
ERR10008925,450,136
ERR10008928,453,155
ERR10008931,432,140
ERR10008934,447,129
ERR10008937,453,75
ERR10008940,526,159
ERR10008945,369,241
ERR10008949,437,186
ERR10008952,448,153
ERR10008958,528,131
ERR10008962,402,245
ERR10008965,460,182
ERR10008968,445,188
ERR10008971,448,182
ERR10008975,535,162
ERR10008979,545,165
ERR10009032,517,183
ERR10009236,523,264
ERR10009242,509,272
ERR10009250,529,198
ERR10009262,522,233
ERR10009271,529,254
ERR10009277,532,212
ERR10009284,506,235
ERR10009290,529,142
ERR10009382,521,380
ERR10009466,491,245
ERR10009504,527,218
ERR10009526,511,62
ERR10009667,507,173
ERR10009722,496,245
ERR10009742,302,599
ERR10009752,302,579
ERR10009765,302,513
ERR10009783,302,598
ERR10009836,302,701
ERR10010744,0,0
ERR10010749,0,0
ERR10010754,0,0
ERR10010757,0,0
ERR10010760,0,0
ERR10010766,0,0
ERR10010769,0,0
ERR10010796,302,557
ERR10010818,302,658
ERR10010820,526,42
ERR10010832,302,670
ERR10010841,302,597
ERR10010850,302,592
ERR10010861,302,625
ERR10010871,302,604
ERR10010883,302,720
ERR10011232,302,563
ERR10011242,302,669
ERR10011251,302,598
ERR10011260,302,662
ERR10011269,302,573
ERR10011298,302,639
ERR10011309,302,573
ERR10011320,302,703
ERR10011335,302,634
ERR10011347,302,547
ERR10011351,302,101
ERR10011366,302,657
ERR10011380,302,614
ERR10011391,302,405
ERR10011407,302,634
ERR10011423,302,678
ERR10011437,302,640
ERR10011448,302,527
ERR10011463,302,643
ERR10011476,302,624
ERR10011492,302,720
ERR10011506,302,614
ERR10011516,302,520
ERR10011540,302,652
ERR10011553,302,630
ERR10011562,302,562
ERR10011576,302,717
ERR10011587,302,648
ERR10011597,302,553
ERR10011609,302,626
ERR10011622,302,639
ERR10011634,302,620
ERR10011647,302,615
ERR10011659,302,640
ERR10011670,302,622
ERR10011682,302,692
ERR10011691,302,596
ERR10011700,302,548
ERR10011709,302,663
ERR10011719,302,699
ERR10011728,302,675
ERR10011738,302,666
ERR10011745,302,512
ERR10011755,302,548
ERR10011765,302,571
ERR10011775,302,654
ERR10011785,302,612
ERR10011792,302,576
ERR10011801,302,672
ERR10011810,302,666
ERR10011820,302,768
ERR10011829,302,601
ERR10011836,302,552
ERR10011845,302,680
ERR10011853,302,555
ERR10011862,302,618
ERR10011869,302,608
ERR10011878,302,653
ERR10011890,302,635
ERR10011902,302,593
ERR10814903,9104,1176
ERR10814904,10769,911
ERR10814905,12005,692
ERR10814906,9938,1865
ERR10814907,10952,1104
ERR10814908,9319,637
ERR10814909,8970,681
ERR10814910,7171,738
ERR10814911,12918,409
ERR10814912,11877,403
ERR10814913,11273,685
ERR10818672,291,706
ERR10818744,297,200
ERR10818797,297,111
ERR10818803,297,183
ERR12131211,294,226
ERR12131212,298,491
ERR12131213,298,280
ERR12131214,299,368
ERR12131215,298,513
ERR12131216,291,342
ERR12131217,290,639
ERR12131218,291,223
ERR12131219,290,653
ERR12131220,297,515
ERR12131221,295,493
ERR12131222,296,627
ERR12131223,290,834
ERR12131224,298,192
ERR12131225,297,216
ERR12131226,298,413
ERR12131227,294,857
ERR12131228,298,241
ERR12131229,294,276
ERR12131230,298,179
ERR12131231,290,402
ERR12131232,289,442
ERR12131233,289,533
ERR12131234,296,357
ERR12131235,295,383
ERR12131236,294,331
ERR12131237,295,497
ERR12131238,296,340
ERR12131239,293,471
ERR12131240,293,459
ERR12131241,278,335
ERR12131242,295,508
ERR12131243,291,360
ERR12131244,293,247
ERR12131245,292,254
ERR13863800,302,644
ERR13863801,302,1073
ERR13863802,302,1281
ERR13863803,302,1207
ERR13863804,302,1585
ERR13863805,302,1452
ERR13863806,302,1481
ERR13863807,302,1569
ERR14224128,600,109
ERR14224129,600,61
ERR14224132,600,84
ERR14224134,600,69
ERR14224135,600,45
ERR14224136,600,82
ERR14224137,600,79
ERR14224140,600,86
ERR14224141,600,114
ERR14224142,600,74
ERR14224143,600,84
ERR14224146,600,74
ERR14224147,600,108
ERR14224148,600,89
ERR14224149,600,90
ERR14224150,600,102
ERR14224153,600,76
ERR14224154,600,86
ERR14224155,600,85
ERR14224156,600,60
ERR14224159,600,65
ERR14224160,600,71
ERR14224161,600,16
ERR14224164,600,83
ERR14224165,600,106
ERR14224166,600,138
ERR14224167,600,90
ERR14224168,600,87
ERR14224171,600,55
ERR14224172,600,73
ERR14224173,600,69
ERR14224174,600,67
ERR14224177,600,58
ERR14224178,600,82
ERR14224179,600,64
ERR14224180,600,63
ERR14224183,600,65
ERR14224184,600,62
ERR14224185,600,61
ERR14224186,600,70
ERR14224189,600,76
ERR14224190,600,75
ERR14224191,600,96
ERR14224192,600,104
ERR14224193,600,80
ERR14224194,600,75
ERR14224195,600,62
ERR14224196,600,56
ERR14224197,600,67
ERR14224198,600,69
ERR14224199,600,77
ERR14224200,600,81
ERR14224201,600,74
ERR14224202,600,80
ERR14224203,600,66
ERR14224204,600,73
ERR14224205,600,69
ERR14224206,600,72
ERR14224207,600,77
ERR14224208,600,104
ERR14224209,600,108
ERR14224210,600,60
ERR14224211,600,84
ERR14224212,600,74
ERR14224213,600,92
ERR14224214,600,82
ERR14224215,600,89
ERR14224216,600,104
ERR14224217,600,84
ERR14224219,600,88
ERR1457158,254,115
ERR1457159,260,156
ERR1457160,257,89
ERR1457161,246,65
ERR1457162,231,182
ERR14732654,300,897
ERR14732655,300,1368
ERR1531718,200,210
ERR1531719,200,188
ERR1531720,200,204
ERR1531721,200,216
ERR1531722,200,189
ERR1531723,200,197
ERR1531724,200,223
ERR1531725,200,210
ERR1531726,200,214
ERR1531727,200,183
ERR1531728,200,182
ERR1538246,200,191
ERR1538247,200,217
ERR1538248,200,213
ERR1538249,200,203
ERR1538250,200,182
ERR1538251,200,200
ERR1538252,200,197
ERR1538253,200,186
ERR1538254,200,212
ERR1538255,200,191
ERR1538256,200,191
ERR1538257,200,203
ERR1538258,200,207
ERR1538259,200,196
ERR1538260,200,193
ERR1538261,200,203
ERR1538262,200,200
ERR1538263,200,201
ERR1538264,200,197
ERR1538265,200,181
ERR1538266,200,198
ERR1538267,200,190
ERR1538268,200,192
ERR1538269,200,215
ERR1538270,200,212
ERR1538271,200,216
ERR15968462,524,209
ERR15968463,548,281
ERR15968464,542,311
ERR15968465,552,328
ERR15968466,553,291
ERR15968467,548,250
ERR15968468,532,236
ERR15968469,533,364
ERR15968470,560,331
ERR15968471,561,333
ERR15968472,562,169
ERR15968473,553,260
ERR15968474,553,237
ERR15968475,557,267
ERR15968476,554,249
ERR15968477,573,148
ERR15968487,563,275
ERR15968496,549,235
ERR15968497,569,262
ERR15968498,564,209
ERR15968499,561,413
ERR15968500,565,462
ERR15968501,568,193
ERR15968502,556,293
ERR15968503,560,339
ERR15968504,561,293
ERR15968505,571,341
ERR15968506,563,245
ERR15968507,543,272
ERR15968508,545,241
ERR15968509,567,221
ERR15968510,555,185
ERR15968511,557,225
ERR15968512,557,256
ERR15968519,569,217
ERR16138752,262,123
ERR16138753,263,166
ERR16138754,0,0
ERR16138755,285,168
ERR16138756,284,184
ERR16138757,284,167
ERR16138758,287,158
ERR16138759,286,170
ERR16138760,257,173
ERR16138761,255,117
ERR16138762,249,305
ERR16138763,260,262
ERR16138764,275,114
ERR16138765,258,107
ERR16138766,286,183
ERR16138767,284,168
ERR16138768,280,203
ERR16138769,243,183
ERR16138770,281,401
ERR16138771,285,174
ERR16138772,285,186
ERR16138773,266,237
ERR16138774,223,212
ERR16138775,229,131
ERR16138776,280,157
ERR16138777,284,118
ERR16138778,281,116
ERR16138779,283,108
ERR16138780,281,113
ERR16138781,267,149
ERR16138782,282,117
ERR16138783,283,90
ERR16138784,282,119
ERR16138785,247,161
ERR16138786,286,118
ERR16138787,285,123
ERR16138788,284,139
ERR16138789,287,98
ERR16741945,459,210
ERR16741946,457,166
ERR16741947,455,255
ERR16741948,461,205
ERR16741949,455,186
ERR16741950,454,210
ERR16741951,460,195
ERR16741952,456,216
ERR16741954,447,189
ERR16741955,454,174
ERR16741956,458,192
ERR16741957,457,217
ERR16741958,467,378
ERR16741959,453,154
ERR16741960,455,174
ERR16741961,453,156
ERR16741962,453,166
ERR16741963,459,196
ERR16741964,463,281
ERR17019905,300,864
ERR17019906,279,473
ERR17019907,0,0
ERR17019908,300,1269
ERR17019909,275,631
ERR17019910,300,1091
ERR17019911,300,941
ERR17019912,478,296
ERR17019913,481,283
ERR17019914,461,371
ERR17019915,470,353
ERR17019916,462,246
ERR17019917,471,290
ERR17019918,477,294
ERR17019919,300,830
ERR17019920,474,236
ERR17019921,299,605
ERR17019922,300,818
ERR17019923,300,728
ERR17019924,282,420
ERR17019925,600,272
ERR17019926,600,400
ERR17019927,600,234
ERR17019928,600,682
ERR17019929,300,141
ERR17019930,300,162
ERR17019931,300,208
ERR17019932,300,97
ERR17019933,300,85
ERR17019934,300,114
ERR17019935,300,397
ERR17019936,300,302
ERR17019937,300,247
ERR17019938,300,210
ERR17019939,300,251
ERR17019940,300,178
ERR17019941,300,1310
ERR17019942,300,1272
ERR17019943,297,1132
ERR17019944,298,1210
ERR17019945,285,1241
ERR17019946,600,403
ERR17019947,7768,164
ERR17019948,150,689
ERR17019949,150,586
ERR17019950,150,663
ERR17019951,150,571
ERR17019952,150,849
ERR17019953,150,837
ERR17019954,150,764
ERR17019955,150,622
ERR17025979,74,64
ERR17025980,74,67
ERR17025981,74,56
ERR17025982,74,77
ERR17025983,74,78
ERR17025984,74,62
ERR17025985,74,56
ERR17025986,74,68
ERR17025987,74,39
ERR17025988,74,77
ERR17025989,74,77
ERR17025990,74,71
ERR17025991,74,83
ERR17025992,74,111
ERR17025993,74,43
ERR17025994,74,107
ERR17025995,74,52
ERR17025996,74,81
ERR17025997,74,77
ERR17025998,74,95
ERR17025999,74,51
ERR17026000,74,99
ERR17026001,74,62
ERR17026002,74,53
ERR17026003,74,219
ERR17026004,74,72
ERR17026005,74,174
ERR17026006,74,89
ERR17026007,74,146
ERR17026008,74,111
ERR17026009,74,105
ERR17026010,74,147
ERR17026011,74,96
ERR17026012,74,75
ERR17026013,74,152
ERR17026014,74,92
ERR17026015,74,123
ERR17026016,74,77
ERR17026017,74,115
ERR17026018,74,116
ERR17026019,74,43
ERR17026020,74,98
ERR17026021,74,109
ERR17026022,74,97
ERR17026023,74,56
ERR17026024,74,160
ERR17026025,74,129
ERR17026026,74,58
ERR17026027,74,136
ERR17026028,74,64
ERR17026029,74,64
ERR17026030,74,52
ERR17026031,74,65
ERR17026032,74,59
ERR17027728,7841,292
ERR17500873,462,79
ERR17500878,468,89
ERR17500882,468,121
ERR17500883,441,68
ERR17500909,458,68
ERR17500910,453,80
ERR17500913,468,60
ERR17500924,462,61
ERR17500926,478,83
ERR17500936,472,90
ERR17500952,291,169
ERR17500957,292,187
ERR17500975,292,199
ERR17500988,293,187
ERR17500991,293,134
ERR17500993,294,68
ERR17500996,291,72
ERR17500998,294,73
ERR17501004,294,76
ERR17501007,294,71
ERR17501015,289,93
ERR17503736,294,527
ERR17503825,295,60
ERR17503853,294,62
ERR17504078,293,711
ERR17504122,292,151
ERR17504159,294,128
ERR17504205,293,160
ERR17504273,460,99
ERR17504306,454,85
ERR17504643,294,85
ERR17504673,294,69
ERR17504716,290,79
ERR17505146,473,118
ERR17505192,446,151
ERR17505217,293,72
ERR17505245,294,81
ERR17505285,294,70
ERR17506163,293,74
ERR17506182,294,61
ERR17510713,294,1963
ERR17510714,294,69
ERR17510717,294,78
ERR17510724,294,77
ERR17510752,467,190
ERR17510863,458,198
ERR17511000,293,297
ERR17511086,293,265
ERR17511352,293,276
ERR17511536,293,235
ERR17511939,293,242
ERR17512089,293,239
ERR17512116,294,90
ERR17512151,293,281
ERR17512225,291,313
ERR17512256,294,272
ERR17512313,293,297
ERR17512383,294,337
ERR17515592,470,228
ERR17515606,293,125
ERR17515611,292,121
ERR17515628,294,201
ERR17515651,293,127
ERR17515675,293,123
ERR17515716,293,112
ERR17515786,293,250
ERR17515872,294,266
ERR17515907,294,235
ERR17515981,293,310
ERR17516046,294,257
ERR17516052,442,28
ERR17516061,403,64
ERR17516081,294,132
ERR17516116,294,294
ERR17516381,292,282
ERR17516436,294,164
ERR17519831,294,261
ERR17520219,292,250
ERR17520252,294,92
ERR17525163,294,132
ERR17525404,293,244
ERR17525449,293,292
ERR17525482,294,259
ERR17525519,294,463
ERR17525768,294,583
ERR17525808,294,522
ERR17525823,465,181
ERR17525831,472,88
ERR17525838,473,85
ERR17525853,474,126
ERR17525862,476,91
ERR17525879,294,271
ERR17525918,451,108
ERR17525923,475,69
ERR17525930,461,110
ERR17525935,294,56
ERR17525948,451,78
ERR17525961,463,108
ERR17525966,435,66
ERR17525976,448,87
ERR17525986,459,123
ERR17525993,467,68
ERR17526017,295,270
ERR1959700,178,442
ERR1959701,179,417
ERR1959702,180,467
ERR1959703,180,493
ERR1959704,179,465
ERR1959705,179,536
ERR1959706,179,498
ERR1959707,180,526
ERR1959708,178,524
ERR1959709,179,386
ERR1959710,179,349
ERR1959711,179,594
ERR1959712,180,603
ERR1959713,180,389
ERR1959714,179,580
ERR1959715,180,415
ERR1959716,179,342
ERR1959717,180,365
ERR1959718,178,543
ERR1959719,179,370
ERR1959720,179,542
ERR1959721,179,352
ERR1959722,179,418
ERR1959723,179,612
ERR1959724,179,554
ERR1959725,179,531
ERR1959726,180,382
ERR1959727,179,489
ERR1959728,179,614
ERR1959729,178,425
ERR1959730,179,541
ERR1959731,180,365
ERR1959732,179,580
ERR1959733,179,373
ERR1959734,180,410
ERR1959735,179,422
ERR1959736,179,489
ERR1959737,180,557
ERR1959738,180,375
ERR1959739,180,551
ERR1959740,179,596
ERR1959741,180,491
ERR1959742,179,635
ERR1959743,179,650
ERR1959744,179,724
ERR1959745,180,508
ERR1959746,179,579
ERR1959747,178,519
ERR1959748,179,486
ERR1959749,180,536
ERR1959750,180,502
ERR1959751,180,491
ERR1959752,180,430
ERR1959753,181,441
ERR1959754,180,509
ERR1959755,180,436
ERR1959756,180,444
ERR1959757,180,468
ERR1959758,181,444
ERR1959759,180,450
ERR1959760,180,440
ERR1959761,175,426
ERR1959762,180,506
ERR1959763,181,520
ERR1959764,180,508
ERR1959765,181,519
ERR2106616,148,59
ERR2159036,0,81
ERR2161290,0,45
ERR2161291,0,21
ERR2161292,0,33
ERR2161293,0,63
ERR2161294,0,33
ERR2161295,0,37
ERR2161296,0,57
ERR2161297,0,39
ERR2161298,0,55
ERR2161299,0,51
ERR2161300,0,34
ERR2161301,0,25
ERR2161302,0,49
ERR2161303,0,96
ERR2161304,0,35
ERR2161305,0,40
ERR2161306,0,39
ERR2161307,0,38
ERR2161308,0,44
ERR2161309,0,30
ERR2161310,0,10
ERR2161311,0,54
ERR2161312,0,85
ERR2161314,0,49
ERR2161315,0,45
ERR2161316,0,54
ERR2161317,0,50
ERR2161318,0,50
ERR2161319,0,56
ERR2161320,0,59
ERR2161321,0,44
ERR2161322,0,57
ERR2161323,0,46
ERR2161324,0,45
ERR2161325,0,48
ERR2161326,0,43
ERR2161327,0,41
ERR2161328,0,70
ERR2161329,0,69
ERR2161330,0,52
ERR2161331,0,80
ERR2161332,0,37
ERR2161333,28,16
ERR2161334,0,174
ERR2161335,0,56
ERR2161336,0,38
ERR2161337,0,37
ERR2161338,0,33
ERR2161339,0,35
ERR2161340,0,52
ERR2161341,0,86
ERR2161342,0,49
ERR2161343,0,76
ERR2161344,0,19
ERR2161345,0,50
ERR2161346,0,30
ERR2161347,0,45
ERR2161348,0,45
ERR2161349,0,45
ERR2161350,0,50
ERR2161351,0,12
ERR2161352,0,54
ERR2161353,0,46
ERR2161354,0,28
ERR2161355,0,28
ERR2161356,0,32
ERR2161357,0,18
ERR2161358,0,49
ERR2161359,0,39
ERR2161360,0,25
ERR2161361,0,46
ERR2161362,0,34
ERR2162103,32,14
ERR2162104,0,13
ERR2162105,0,12
ERR2162106,0,39
ERR2162107,0,24
ERR2162108,0,19
ERR2162109,0,25
ERR2162110,0,26
ERR2162111,0,30
ERR2162112,36,16
ERR2162113,0,41
ERR2162114,0,35
ERR2162115,0,28
ERR2162116,0,27
ERR2162117,0,32
ERR2162118,0,33
ERR2162119,0,30
ERR2162120,0,19
ERR2162121,0,25
ERR2162122,0,38
ERR2162123,0,21
ERR2162124,0,17
ERR2162125,0,44
ERR2162126,0,40
ERR2162127,0,48
ERR2162128,0,37
ERR2162129,0,56
ERR2162130,0,39
ERR2162131,0,38
ERR2162132,0,34
ERR2162133,0,52
ERR2162134,0,43
ERR2162135,0,46
ERR2162136,0,44
ERR2162137,0,39
ERR2162138,0,42
ERR2162139,0,20
ERR2162140,0,52
ERR2162141,0,45
ERR2162142,0,39
ERR2162143,0,44
ERR2162144,0,48
ERR2162145,0,40
ERR2162146,0,41
ERR2162147,0,34
ERR2162148,0,39
ERR2162149,0,37
ERR2162150,0,38
ERR2162151,0,33
ERR2162152,0,31
ERR2162153,0,34
ERR2162154,0,41
ERR2162155,0,13
ERR2162156,0,31
ERR2162157,0,28
ERR2162158,0,14
ERR2162159,0,47
ERR2162160,0,26
ERR2162161,0,32
ERR2162162,0,11
ERR2162163,0,57
ERR2162164,0,26
ERR2162165,0,37
ERR2162166,0,19
ERR2162167,0,27
ERR2162168,0,34
ERR2162169,0,34
ERR2162170,0,40
ERR2162171,0,23
ERR2162172,0,62
ERR2162173,0,46
ERR2162174,0,48
ERR2162175,0,58
ERR2162176,0,43
ERR2162177,0,49
ERR2162178,0,50
ERR2162179,0,50
ERR2162180,0,48
ERR2162181,0,44
ERR2238479,486,180
ERR2238480,477,31
ERR2275070,479,278
ERR2275071,471,282
ERR2275072,289,104
ERR2275073,286,182
ERR2275074,474,292
ERR2275075,136,794
ERR2275076,141,917
ERR2275079,134,953
ERR2275080,143,574
ERR2275081,139,878
ERR2275082,146,770
ERR2275085,139,701
ERR2275086,147,701
ERR2275087,73,26
ERR2275088,72,4
ERR2275089,70,10
ERR2275090,74,64
ERR2275091,0,0
ERR2275092,71,9
ERR2275093,71,30
ERR2275094,71,20
ERR2275095,70,49
ERR2275096,71,66
ERR2275097,72,17
ERR2275098,73,22
ERR2275099,74,5
ERR2275100,0,0
ERR2275101,73,9
ERR2286107,367,71
ERR2286108,390,158
ERR2286109,470,155
ERR2286110,387,149
ERR2286111,320,27
ERR2286112,398,61
ERR2286113,392,73
ERR2286114,374,98
ERR2286115,411,17
ERR2286116,392,19
ERR2286117,481,40
ERR2286118,390,79
ERR2286119,480,96
ERR2286120,485,51
ERR2286121,363,39
ERR2286126,374,41
ERR2286127,421,24
ERR2286128,480,24
ERR2286129,468,221
ERR2286130,482,109
ERR2286131,486,47
ERR2286132,459,38
ERR2286133,349,274
ERR2286134,478,56
ERR2322159,75,81
ERR2322160,74,84
ERR2322161,75,83
ERR2322162,75,85
ERR2322163,75,81
ERR2322164,75,74
ERR2322165,75,79
ERR2322166,75,77
ERR2322167,75,83
ERR2322168,75,106
ERR2322169,75,100
ERR2322170,75,79
ERR2322171,75,84
ERR2322172,75,85
ERR2322173,75,79
ERR2322174,75,77
ERR2322175,74,74
ERR2322176,75,77
ERR2322177,75,80
ERR2322178,75,73
ERR2322179,74,76
ERR2322180,74,72
ERR2322181,75,76
ERR2322182,75,87
ERR2322183,75,76
ERR2322184,75,80
ERR2322185,75,80
ERR2322186,75,84
ERR2322187,75,89
ERR2322188,75,92
ERR2322189,75,83
ERR2322190,75,73
ERR2322191,75,91
ERR2322192,75,81
ERR2322193,75,85
ERR2322194,75,82
ERR2322195,74,83
ERR2322196,74,79
ERR2322197,75,80
ERR2322198,75,72
ERR2322200,75,91
ERR2322201,75,102
ERR2322202,75,99
ERR2322203,75,102
ERR2322204,75,134
ERR2322205,75,96
ERR2322206,75,158
ERR2322207,75,100
ERR2322208,75,99
ERR2322209,74,92
ERR2322210,74,96
ERR2322211,74,96
ERR2322212,74,93
ERR2322213,75,96
ERR2322214,74,93
ERR2322215,74,88
ERR2322216,74,98
ERR2322217,74,99
ERR2322218,74,102
ERR2322219,74,103
ERR2322220,75,85
ERR2322221,75,98
ERR2322222,74,90
ERR2322223,74,142
ERR2322224,74,89
ERR2322225,74,53
ERR2322226,74,95
ERR2322227,74,85
ERR2322228,74,78
ERR2322229,74,87
ERR2322230,74,86
ERR2322231,74,79
ERR2322232,74,93
ERR2322233,74,86
ERR2322234,74,77
ERR2322235,75,87
ERR2322236,75,100
ERR2322237,75,113
ERR2322238,75,94
ERR2322239,75,138
ERR2322240,75,90
ERR2322241,75,99
ERR2322242,75,141
ERR2322243,74,90
ERR2322244,75,101
ERR2322245,74,99
ERR2322246,75,95
ERR2322247,75,96
ERR2322248,75,178
ERR2322249,75,92
ERR2322250,74,85
ERR2322251,74,95
ERR2322252,75,88
ERR2322253,74,97
ERR2322254,74,93
ERR233147,69,399
ERR233148,77,201
ERR233149,77,205
ERR233150,77,118
ERR233151,77,107
ERR233152,77,122
ERR233153,77,150
ERR233154,77,125
ERR233155,77,88
ERR233156,69,322
ERR233157,69,404
ERR233158,69,438
ERR233159,69,266
ERR233160,69,317
ERR233161,69,352
ERR233162,69,460
ERR233163,69,398
ERR233164,69,472
ERR233165,69,474
ERR233166,69,407
ERR233167,69,526
ERR233168,69,321
ERR233169,69,345
ERR233170,69,404
ERR233171,69,350
ERR233172,69,450
ERR233173,69,418
ERR233174,69,349
ERR233175,69,448
ERR233176,67,333
ERR233177,69,362
ERR233178,67,332
ERR233179,67,360
ERR233180,68,472
ERR233181,68,206
ERR233182,68,288
ERR233183,68,353
ERR233184,70,341
ERR233185,70,263
ERR233186,68,383
ERR233187,68,293
ERR233188,67,423
ERR233189,67,422
ERR233205,184,985
ERR233206,184,764
ERR233207,184,638
ERR233208,184,517
ERR233209,184,298
ERR233210,184,942
ERR233211,184,539
ERR233212,184,644
ERR233213,184,828
ERR233214,184,1010
ERR233215,184,847
ERR233216,184,995
ERR246334,188,756
ERR246335,184,644
ERR246336,184,830
ERR246337,184,476
ERR246338,184,470
ERR246339,184,470
ERR246340,184,450
ERR246341,184,491
ERR246342,184,450
ERR246343,184,476
ERR246344,184,470
ERR246345,184,403
ERR246346,184,460
ERR246347,184,419
ERR246348,184,466
ERR246349,184,465
ERR246350,184,219
ERR246351,184,448
ERR246352,184,520
ERR246353,184,494
ERR246354,184,426
ERR246355,184,400
ERR246356,184,370
ERR246357,184,524
ERR246358,184,495
ERR246359,184,266
ERR246360,184,614
ERR246361,69,230
ERR246362,67,281
ERR246363,69,177
ERR246364,69,224
ERR2591772,148,1700
ERR2591773,147,1678
ERR2591774,145,2040
ERR2591775,141,1406
ERR2591776,149,1284
ERR2591777,149,1607
ERR2591778,143,1467
ERR2591779,142,1909
ERR2591780,144,1471
ERR2591781,118,2342
ERR2591782,148,1957
ERR2591783,146,1453
ERR2591784,142,1371
ERR2591785,147,2341
ERR2591786,148,1923
ERR2856770,300,441
ERR2856771,300,398
ERR2856772,300,379
ERR2856773,300,320
ERR2856774,300,326
ERR2856775,300,372
ERR2856776,300,513
ERR2856777,300,416
ERR2856778,300,440
ERR2856779,300,445
ERR2856780,300,480
ERR2856781,300,412
ERR2856782,300,538
ERR2856783,300,550
ERR2856784,300,430
ERR2856785,300,458
ERR2856786,300,485
ERR2856787,300,452
ERR2856788,300,354
ERR3611246,200,188
ERR3611247,200,178
ERR3611248,200,185
ERR3611249,200,182
ERR3611250,200,194
ERR3611251,200,204
ERR3611252,200,165
ERR3611253,200,181
ERR3611254,200,183
ERR3611255,200,191
ERR3611256,200,190
ERR3611257,200,214
ERR3611258,200,203
ERR3611259,200,190
ERR3611260,200,185
ERR3611261,200,193
ERR3611262,200,207
ERR3611263,200,196
ERR3611264,200,189
ERR3611265,200,183
ERR3611266,200,193
ERR3611267,200,172
ERR3611268,200,211
ERR3611269,200,219
ERR3611270,200,212
ERR3611271,200,202
ERR3611272,200,177
ERR3611273,200,174
ERR3611274,200,196
ERR3611275,200,174
ERR3611276,200,189
ERR3611277,200,169
ERR3611278,200,183
ERR3611279,200,178
ERR3611280,200,182
ERR3611281,200,196
ERR3611282,200,190
ERR3611283,200,191
ERR3611284,200,194
ERR3611285,200,177
ERR3611286,200,199
ERR3611287,200,212
ERR3611288,200,169
ERR3611289,200,195
ERR3611290,200,190
ERR3611291,200,174
ERR3611292,200,193
ERR3611293,200,203
ERR3611294,200,199
ERR3611295,200,175
ERR3697098,244,215
ERR3697099,244,183
ERR3697100,245,235
ERR3697101,245,206
ERR3697102,245,581
ERR3697103,245,200
ERR3697104,244,207
ERR3697105,243,240
ERR3697106,243,210
ERR3697107,244,113
ERR3697108,244,123
ERR3697109,243,190
ERR3697110,244,174
ERR3697111,243,254
ERR3697112,243,245
ERR3697113,244,153
ERR3697114,243,175
ERR3697115,244,313
ERR3697116,244,111
ERR3697117,244,153
ERR3697118,244,299
ERR3697119,244,195
ERR3697120,243,197
ERR3697121,244,295
ERR3697122,244,57
ERR3697123,244,908
ERR3697124,244,115
ERR3697125,244,307
ERR3697126,244,239
ERR3697127,244,188
ERR3697128,244,323
ERR3697129,244,198
ERR3697130,243,199
ERR3697131,244,195
ERR3697132,243,206
ERR3697133,244,204
ERR3697134,244,208
ERR3697135,242,119
ERR3697136,242,164
ERR3697137,244,180
ERR3697138,243,174
ERR3697139,244,200
ERR3697140,243,197
ERR3697141,243,117
ERR3697142,244,129
ERR3697143,244,156
ERR3697144,244,197
ERR3697145,244,203
ERR3697146,242,135
ERR3697147,243,77
ERR3697148,243,159
ERR3697149,244,258
ERR3697150,243,138
ERR3697151,243,130
ERR3697152,243,150
ERR3697153,235,105
ERR3697154,243,198
ERR3697155,244,161
ERR3697156,243,240
ERR3697157,243,142
ERR3697158,243,87
ERR3697159,243,188
ERR3697160,240,82
ERR3697161,244,126
ERR3697162,243,180
ERR3697163,244,233
ERR3697164,243,150
ERR3697165,244,127
ERR3697166,244,137
ERR3697167,243,216
ERR3697168,244,145
ERR3697169,244,220
ERR3697170,244,188
ERR3697171,245,211
ERR3697172,243,140
ERR3697173,244,119
ERR3697174,244,218
ERR3697175,243,66
ERR3697176,244,147
ERR3697177,243,100
ERR371809,176,1776
ERR371810,179,768
ERR371812,180,869
ERR371821,159,808
ERR371822,159,957
ERR3988583,280,286
ERR3988715,278,171
ERR3988716,280,191
ERR3988718,279,209
ERR4027571,0,0
ERR4027576,0,0
ERR4027577,0,0
ERR4027578,0,0
ERR4147071,264,222
ERR4147072,264,238
ERR4147073,266,226
ERR4147074,276,257
ERR4147075,273,300
ERR4147076,265,301
ERR4147077,276,344
ERR4147078,277,303
ERR4147079,277,265
ERR4147080,275,272
ERR4147081,278,282
ERR4147082,276,274
ERR4147083,273,260
ERR4147084,275,261
ERR4147085,281,286
ERR4147086,274,266
ERR4147087,279,271
ERR4147088,275,289
ERR4147089,279,278
ERR4147090,278,269
ERR4147091,274,277
ERR4147092,267,226
ERR4147093,262,249
ERR4147094,262,257
ERR4147095,270,232
ERR4147096,265,295
ERR4147097,256,256
ERR4147098,260,301
ERR4147099,150,886
ERR4147100,150,886
ERR4147101,150,1050
ERR4147102,150,1123
ERR4147103,150,1057
ERR4147104,150,1057
ERR4147105,150,1044
ERR4147106,150,870
ERR4147107,149,725
ERR4147108,150,557
ERR4147109,150,1016
ERR4147110,149,947
ERR4147111,148,1149
ERR4147112,150,1076
ERR4147113,150,878
ERR4147114,150,618
ERR4147115,150,1109
ERR4147116,150,940
ERR4147117,150,848
ERR4147118,151,2748
ERR4147119,151,651
ERR4147120,150,881
ERR4147121,151,832
ERR4147122,150,969
ERR4147123,150,1026
ERR4147124,150,959
ERR4147125,151,850
ERR4147126,150,780
ERR4147127,151,1062
ERR4147128,151,711
ERR4147129,150,591
ERR4147130,150,640
ERR4147131,150,725
ERR4147132,150,687
ERR4147133,151,967
ERR4147134,150,1210
ERR4147135,150,1011
ERR4147136,151,1186
ERR4147137,151,1141
ERR4147138,151,1047
ERR4147139,151,957
ERR4147140,151,1041
ERR4147141,151,3353
ERR4147142,150,1035
ERR4147143,150,1065
ERR4147144,150,957
ERR4147145,150,937
ERR4147146,150,982
ERR4147147,150,874
ERR4147148,151,1993
ERR4147149,150,767
ERR4147150,150,741
ERR4147151,150,943
ERR4147152,150,948
ERR4147153,150,905
ERR4147154,150,960
ERR421267,75,107
ERR421268,75,24
ERR421269,75,170
ERR421270,75,145
ERR421271,75,134
ERR421272,75,207
ERR421273,75,40
ERR421274,75,183
ERR421275,75,197
ERR421276,75,173
ERR421277,75,136
ERR421278,75,105
ERR430991,200,117
ERR430992,200,460
ERR430993,200,656
ERR430994,200,655
ERR430995,200,554
ERR430996,200,608
ERR430997,200,605
ERR430998,200,219
ERR430999,200,600
ERR431000,200,499
ERR431001,200,548
ERR431002,200,563
ERR431003,200,335
ERR431004,200,596
ERR431005,200,510
ERR431006,200,570
ERR431007,200,693
ERR431008,200,570
ERR431009,200,646
ERR431010,200,233
ERR431011,200,564
ERR431012,200,541
ERR431013,200,187
ERR431014,200,524
ERR431015,200,505
ERR431016,200,487
ERR431017,200,521
ERR431018,200,448
ERR431019,200,499
ERR431020,200,213
ERR431021,200,193
ERR431022,200,641
ERR431023,200,486
ERR431024,200,513
ERR431025,200,512
ERR431026,200,521
ERR431027,200,464
ERR431028,200,517
ERR431029,200,515
ERR431030,200,500
ERR431031,200,206
ERR431032,200,196
ERR431033,200,512
ERR431034,200,421
ERR431035,200,187
ERR431036,200,470
ERR431037,200,453
ERR431038,200,529
ERR431039,200,399
ERR431040,200,505
ERR431041,200,548
ERR431042,200,452
ERR431043,200,459
ERR431044,200,516
ERR431045,200,540
ERR431046,200,476
ERR431047,200,564
ERR431048,200,509
ERR431049,200,516
ERR431050,200,524
ERR431051,200,485
ERR431052,200,506
ERR431053,200,178
ERR431054,200,432
ERR431055,200,413
ERR431056,200,78
ERR431057,200,411
ERR431058,200,423
ERR431059,200,420
ERR431060,200,184
ERR431061,200,459
ERR431062,200,443
ERR431063,200,453
ERR431064,200,451
ERR431065,200,157
ERR431066,200,182
ERR431067,200,495
ERR431068,200,430
ERR431069,200,487
ERR431070,200,453
ERR431071,200,431
ERR431072,200,412
ERR431073,200,474
ERR431074,200,477
ERR431075,200,174
ERR431076,200,426
ERR431077,200,449
ERR431078,200,168
ERR431079,200,414
ERR431080,200,526
ERR431081,200,458
ERR431082,200,489
ERR431083,200,476
ERR431084,200,135
ERR431085,200,455
ERR431086,200,497
ERR431087,200,441
ERR431088,200,457
ERR431089,200,404
ERR431090,200,401
ERR431091,200,662
ERR431092,200,444
ERR431093,200,402
ERR431094,200,377
ERR431095,200,432
ERR431096,200,453
ERR431097,200,461
ERR431098,200,401
ERR431099,200,398
ERR431100,200,369
ERR431101,200,414
ERR431102,200,448
ERR431103,200,671
ERR431104,200,445
ERR431105,200,464
ERR431106,200,441
ERR431107,200,167
ERR431108,200,157
ERR431109,200,428
ERR431110,200,427
ERR431111,200,431
ERR431112,200,466
ERR431113,200,434
ERR431114,200,122
ERR431115,200,645
ERR431116,200,433
ERR431117,200,165
ERR431118,200,457
ERR431119,200,164
ERR431120,200,434
ERR431121,200,372
ERR431122,200,419
ERR431123,200,557
ERR431124,200,556
ERR431125,200,202
ERR431126,200,522
ERR431127,200,540
ERR431128,200,269
ERR431129,200,534
ERR431130,200,572
ERR431131,200,218
ERR431132,200,541
ERR431133,200,518
ERR431134,200,538
ERR431135,200,578
ERR431136,200,548
ERR431137,200,557
ERR431138,200,590
ERR431139,200,578
ERR431140,200,168
ERR431141,200,246
ERR431142,200,597
ERR431143,200,416
ERR431144,200,626
ERR431145,200,606
ERR431146,200,639
ERR431147,200,581
ERR431148,200,675
ERR431149,200,229
ERR431150,200,582
ERR431151,200,415
ERR431152,200,608
ERR431153,200,250
ERR431154,200,625
ERR431155,200,621
ERR431156,200,417
ERR431157,200,415
ERR431158,200,335
ERR431159,200,363
ERR431160,200,390
ERR431161,200,321
ERR431162,200,326
ERR431163,200,410
ERR431164,200,556
ERR431165,200,400
ERR431166,200,333
ERR431167,200,441
ERR431168,200,354
ERR431169,200,338
ERR431170,200,334
ERR431171,200,375
ERR431172,200,355
ERR431173,200,384
ERR431174,200,641
ERR431175,200,480
ERR431176,200,176
ERR431177,200,287
ERR431178,200,364
ERR431179,200,129
ERR431180,200,370
ERR431181,200,389
ERR431182,200,359
ERR431183,200,361
ERR431184,200,682
ERR431185,200,348
ERR431186,200,363
ERR431187,200,119
ERR431188,200,434
ERR431189,200,403
ERR431190,200,403
ERR431191,200,147
ERR431192,200,398
ERR431193,200,401
ERR431194,200,424
ERR431195,200,530
ERR431196,200,434
ERR431197,200,451
ERR431198,200,144
ERR431199,200,167
ERR431200,200,415
ERR431201,200,383
ERR431202,200,435
ERR431203,200,301
ERR431204,200,377
ERR431205,200,147
ERR431206,200,435
ERR431207,200,468
ERR431208,200,455
ERR431209,200,168
ERR431210,200,443
ERR431211,200,153
ERR431212,200,410
ERR431213,200,380
ERR431214,200,384
ERR431215,200,383
ERR431216,200,418
ERR431217,200,330
ERR431218,200,588
ERR431219,200,433
ERR431220,200,146
ERR431221,200,387
ERR431222,200,323
ERR431223,200,431
ERR431224,200,379
ERR431225,200,389
ERR431226,200,423
ERR431227,200,125
ERR431228,200,123
ERR431229,200,651
ERR431230,200,378
ERR431231,200,344
ERR431232,200,359
ERR431233,200,327
ERR431234,200,370
ERR431235,200,139
ERR431236,200,451
ERR431237,200,413
ERR431238,200,175
ERR431239,200,142
ERR431240,200,362
ERR431241,200,158
ERR431242,200,375
ERR431243,200,433
ERR431244,200,427
ERR431245,200,393
ERR431246,200,394
ERR431247,200,406
ERR431248,200,413
ERR431249,200,425
ERR431250,200,423
ERR431251,200,400
ERR431252,200,615
ERR431253,200,413
ERR431254,200,463
ERR431255,200,427
ERR431256,200,396
ERR431257,200,151
ERR431258,200,152
ERR431259,200,388
ERR431260,200,354
ERR431261,200,400
ERR431262,200,248
ERR431263,200,394
ERR431264,200,428
ERR431265,200,351
ERR431266,200,357
ERR431267,200,384
ERR431268,200,165
ERR431269,200,466
ERR431270,200,441
ERR431271,200,384
ERR431272,200,457
ERR431273,200,416
ERR431274,200,392
ERR431275,200,427
ERR431276,200,403
ERR431277,200,437
ERR431278,200,176
ERR431279,200,380
ERR431280,200,476
ERR431281,200,175
ERR431282,200,470
ERR431283,200,703
ERR431284,200,471
ERR431285,200,470
ERR431286,200,176
ERR431287,200,175
ERR431288,200,452
ERR431289,200,435
ERR431290,200,473
ERR431291,200,443
ERR431292,200,459
ERR431293,200,418
ERR431294,200,390
ERR431295,200,452
ERR431296,200,471
ERR431297,200,468
ERR431298,200,470
ERR431299,200,464
ERR431300,200,170
ERR431301,200,470
ERR431302,200,475
ERR431303,200,159
ERR431304,200,543
ERR431305,200,434
ERR431306,200,437
ERR431307,200,469
ERR431308,200,434
ERR431309,200,395
ERR431310,200,410
ERR431311,200,434
ERR431312,200,150
ERR431313,200,466
ERR431314,200,432
ERR431315,200,572
ERR431316,200,465
ERR431317,200,455
ERR431318,200,176
ERR431319,200,176
ERR431320,200,171
ERR431321,200,467
ERR431322,200,176
ERR431323,200,466
ERR431324,200,160
ERR431325,200,469
ERR431326,200,125
ERR431327,200,557
ERR431328,200,468
ERR431329,200,449
ERR431330,200,468
ERR431331,200,409
ERR431332,200,467
ERR431333,200,422
ERR431334,200,468
ERR431335,200,410
ERR431336,200,367
ERR431337,200,467
ERR431338,200,539
ERR431339,200,430
ERR431340,200,431
ERR431341,200,169
ERR431342,200,427
ERR431343,200,169
ERR431344,200,393
ERR431345,200,433
ERR431346,200,426
ERR431347,200,349
ERR431348,200,350
ERR431349,200,340
ERR431350,200,297
ERR431351,200,310
ERR431352,200,262
ERR431353,200,305
ERR431354,200,606
ERR431355,200,314
ERR431356,200,98
ERR431357,200,324
ERR431358,200,323
ERR431359,200,117
ERR431360,200,329
ERR431361,200,100
ERR431362,200,291
ERR431363,200,376
ERR431364,200,325
ERR431365,200,324
ERR431366,200,341
ERR431367,200,114
ERR431368,200,264
ERR431369,200,318
ERR431370,200,347
ERR431371,200,374
ERR431372,200,328
ERR431373,200,322
ERR431374,200,405
ERR431375,200,140
ERR431376,200,351
ERR431377,200,156
ERR431378,200,709
ERR431379,200,246
ERR431380,200,282
ERR431381,200,627
ERR431382,200,221
ERR431383,200,136
ERR431384,200,670
ERR431385,200,662
ERR431386,200,638
ERR431387,200,464
ERR431388,200,563
ERR431389,200,513
ERR431390,200,549
ERR431391,200,520
ERR431392,200,487
ERR431393,200,141
ERR431394,200,440
ERR431395,200,572
ERR431396,200,200
ERR431397,200,765
ERR431398,200,856
ERR431399,200,620
ERR431400,200,304
ERR431401,200,642
ERR431402,200,548
ERR431403,200,292
ERR431404,200,629
ERR431405,200,697
ERR431406,200,554
ERR431407,200,223
ERR431408,200,191
ERR431409,200,590
ERR431410,200,217
ERR431411,200,259
ERR431412,200,555
ERR431413,200,580
ERR431414,200,612
ERR431415,200,602
ERR431416,200,474
ERR431417,200,569
ERR431418,200,571
ERR431419,200,555
ERR431420,200,606
ERR431421,200,575
ERR431422,200,578
ERR431423,200,584
ERR431424,200,215
ERR431425,200,597
ERR431426,200,505
ERR431427,200,209
ERR431428,200,522
ERR431429,200,594
ERR431430,200,560
ERR431431,200,546
ERR431432,200,221
ERR431433,200,524
ERR431434,200,538
ERR431435,200,565
ERR431436,200,588
ERR431437,200,507
ERR431438,200,496
ERR431439,200,556
ERR431440,200,486
ERR431441,200,608
ERR431442,200,533
ERR431443,200,457
ERR431444,200,492
ERR431445,200,503
ERR431446,200,555
ERR431447,200,631
ERR431448,200,479
ERR431449,200,534
ERR431450,200,515
ERR431451,200,647
ERR431452,200,598
ERR431453,200,218
ERR431454,200,601
ERR431455,200,534
ERR431456,200,511
ERR431457,200,511
ERR431458,200,602
ERR431459,200,496
ERR431460,200,234
ERR431461,200,549
ERR431462,200,572
ERR431463,200,554
ERR431464,200,521
ERR431526,200,948
ERR431527,200,895
ERR431528,200,1153
ERR431529,200,1024
ERR431530,200,1057
ERR431531,200,1089
ERR431532,200,872
ERR431533,200,1361
ERR431534,200,1172
ERR431535,200,1040
ERR431536,200,1227
ERR431537,200,1219
ERR431538,200,1060
ERR431539,200,1384
ERR445073,200,1199
ERR445074,200,1228
ERR445075,200,1134
ERR445076,200,1118
ERR445077,200,1001
ERR445078,200,1138
ERR445079,200,1255
ERR445080,200,1172
ERR445081,200,1064
ERR445082,200,1043
ERR445083,200,1348
ERR445084,200,1198
ERR445085,200,1125
ERR445086,200,1281
ERR445087,200,1283
ERR445088,200,1153
ERR445089,200,1284
ERR445090,200,1117
ERR445091,200,1323
ERR445092,200,1158
ERR445093,200,989
ERR445094,200,1097
ERR445095,200,1176
ERR445096,200,1148
ERR445097,200,1288
ERR445098,200,1086
ERR445099,200,1210
ERR445100,200,959
ERR445101,200,1139
ERR445102,200,980
ERR445103,200,1157
ERR445104,200,1101
ERR445105,200,953
ERR445106,200,1151
ERR445107,200,1156
ERR445108,200,1213
ERR445109,200,1013
ERR445110,200,1132
ERR445111,200,1159
ERR445112,200,998
ERR445113,200,1005
ERR445114,200,1037
ERR445115,200,1208
ERR445116,200,1263
ERR445117,200,1352
ERR445118,200,1190
ERR445119,200,1176
ERR445120,200,1194
ERR445121,200,1343
ERR445122,200,1149
ERR445123,200,1176
ERR445124,200,1260
ERR445125,200,1229
ERR445126,200,1051
ERR445127,200,1434
ERR445128,200,1132
ERR445129,200,1027
ERR445130,200,1126
ERR445131,200,1014
ERR445132,200,1158
ERR445133,200,1088
ERR445134,200,1055
ERR445135,200,936
ERR445136,200,3379
ERR445137,200,1083
ERR445138,200,1108
ERR445139,200,1197
ERR445140,200,1137
ERR5323863,302,504
ERR5323864,302,518
ERR5323865,302,596
ERR5323866,302,576
ERR5323867,302,529
ERR5323868,302,213
ERR5323869,302,526
ERR5323870,302,440
ERR5323871,302,526
ERR5323872,302,422
ERR5323873,302,432
ERR5323874,302,523
ERR5323875,302,509
ERR5323876,302,439
ERR5323877,302,502
ERR5323878,302,474
ERR5323879,302,449
ERR5323880,302,333
ERR5323881,302,509
ERR5323882,302,566
ERR5323883,302,495
ERR5323884,302,510
ERR5323885,302,486
ERR5323886,302,457
ERR5323887,302,480
ERR5323888,302,477
ERR5323889,302,461
ERR5323890,302,430
ERR5323891,302,541
ERR5323892,302,539
ERR5323893,302,549
ERR5323894,302,421
ERR5323895,302,475
ERR5323896,302,330
ERR5323897,302,399
ERR5323898,302,513
ERR5323899,302,512
ERR5671634,202,525
ERR5671635,202,535
ERR5671636,202,535
ERR5671637,202,544
ERR5671638,202,578
ERR5671639,202,586
ERR5671640,202,709
ERR5671641,202,718
ERR5671642,202,492
ERR5671643,202,502
ERR5671644,202,527
ERR5671645,202,534
ERR6003875,0,0
ERR6003876,0,0
ERR6003877,0,0
ERR6003878,0,0
ERR6003879,0,0
ERR6003899,0,0
ERR6003900,0,0
ERR6003901,0,0
ERR6003902,0,0
ERR6003903,0,0
ERR6003904,0,0
ERR6003905,0,0
ERR6003906,0,0
ERR6003907,0,0
ERR6003908,0,0
ERR6003909,0,0
ERR6003910,0,0
ERR6003915,0,0
ERR6003916,0,0
ERR6003917,0,0
ERR6003918,0,0
ERR6003919,0,0
ERR6003920,0,0
ERR6003921,0,0
ERR6003922,0,0
ERR6003923,0,0
ERR6004007,345,205
ERR6004008,332,11
ERR6004009,347,20
ERR6004010,346,21
ERR6004011,347,19
ERR6018680,28,40
ERR6018681,35,47
ERR6018682,35,74
ERR6018683,27,99
ERR6018684,26,130
ERR6018685,27,119
ERR6018686,17,30
ERR6018688,34,41
ERR695659,9950,5650
ERR704374,8079,4634
ERR705700,200,640
ERR705701,200,551
ERR705702,200,470
ERR705703,200,541
ERR705704,200,564
ERR705705,200,350
ERR705706,200,399
ERR705707,200,375
ERR705708,200,358
ERR705709,200,356
ERR705710,200,392
ERR705711,200,374
ERR705712,200,362
ERR705713,200,431
ERR705714,200,372
ERR705715,200,362
ERR705716,200,393
ERR705717,200,380
ERR705718,200,394
ERR705719,200,357
ERR705720,200,384
ERR705721,200,364
ERR705722,200,382
ERR705723,200,389
ERR705724,200,358
ERR705725,200,414
ERR705885,200,619
ERR705886,200,619
ERR705887,200,617
ERR705888,200,617
ERR705889,200,617
ERR705890,200,618
ERR705891,200,467
ERR705892,200,468
ERR705893,200,621
ERR705894,200,619
ERR705895,200,590
ERR705896,200,586
ERR705897,200,479
ERR705898,200,518
ERR705899,200,524
ERR705900,200,532
ERR705901,200,530
ERR705902,200,632
ERR705903,200,519
ERR705904,200,532
ERR705905,200,505
ERR705906,200,489
ERR705907,200,534
ERR705908,200,569
ERR705909,200,634
ERR705910,200,622
ERR705911,200,622
ERR705912,200,559
ERR705913,200,601
ERR705914,200,549
ERR705915,200,629
ERR705916,200,714
ERR705917,200,515
ERR705918,200,574
ERR705919,200,696
ERR705920,200,526
ERR705921,184,659
ERR705922,184,617
ERR705923,184,773
ERR705924,184,921
ERR705925,184,569
ERR705926,184,550
ERR705927,184,906
ERR705928,184,534
ERR705929,184,553
ERR705930,184,392
ERR705931,184,491
ERR706016,69,431
ERR706017,70,296
ERR706018,70,301
ERR706019,70,382
ERR706020,70,352
ERR706021,70,251
ERR706022,70,152
ERR706023,70,365
ERR706024,67,377
ERR706025,67,425
ERR706026,67,221
ERR706027,67,149
ERR706028,67,115
ERR706029,67,274
ERR706030,67,292
ERR706031,67,275
ERR706032,67,366
ERR706033,67,379
ERR7224741,260,915
ERR7224742,269,995
ERR7224743,282,992
ERR7224744,265,3187
ERR7224745,273,955
ERR7224746,271,900
ERR7224747,273,996
ERR7224748,267,874
ERR7224749,266,940
ERR7224750,279,924
ERR7224751,284,1562
ERR7224752,281,998
ERR7224753,274,892
ERR7224754,271,1092
ERR7224755,277,1017
ERR7226843,273,871
ERR7226844,270,970
ERR7226845,271,840
ERR7226846,272,848
ERR7226847,275,863
ERR7226848,270,891
ERR7226849,280,956
ERR7226850,274,938
ERR7226851,275,909
ERR7226852,280,957
ERR7226853,273,1017
ERR7226854,277,1039
ERR7226855,272,878
ERR7226856,277,1018
ERR7226857,272,1011
ERR7226858,288,1006
ERR7226859,283,1065
ERR7226860,275,839
ERR7226861,267,890
ERR7226862,280,889
ERR7226863,273,1002
ERR7451774,549,84
ERR7451775,514,57
ERR7451776,0,0
ERR7451777,441,58
ERR7451778,338,29
ERR7451779,542,220
ERR894734,49,6180
ERR894735,49,6382
ERR894736,50,5823
ERR894737,49,6173
ERR894738,49,6531
ERR894739,50,5562
ERR894740,50,4753
ERR894741,50,6246
ERR894742,50,6331
ERR894743,50,5905
ERR894744,50,4946
ERR894745,50,3580
ERR894746,49,6527
ERR894747,49,5519
ERR894748,49,2656
ERR894749,50,5515
ERR894750,49,6080
ERR894751,49,6337
ERR894752,48,6210
ERR894753,50,5821
ERR894754,49,6221
ERR894755,49,5495
ERR894756,49,5678
ERR894757,49,4662
ERR894758,50,6129
ERR894759,49,4824
ERR894760,49,6243
ERR894761,48,1964
ERR894762,49,6894
ERR894763,48,4748
ERR894764,50,5588
ERR894765,40,5288
ERR953477,200,589
ERR953478,200,458
ERR953479,200,642
ERR953480,200,686
ERR953481,200,701
ERR953482,200,783
ERR953483,200,547
ERR953484,200,627
ERR953485,200,562
ERR953486,200,566
ERR953487,200,416
ERR953488,200,377
ERR953489,200,642
ERR953490,200,650
ERR953491,200,419
ERR953492,200,626
ERR953493,200,447
ERR953494,200,369
ERR953495,200,392
ERR953496,200,399
ERR953497,200,585
ERR953498,200,381
ERR953499,200,453
ERR953500,200,662
ERR953501,200,601
ERR953502,200,574
ERR953503,200,412
ERR953504,200,529
ERR953505,200,663
ERR953506,200,585
ERR953507,200,393
ERR953508,200,628
ERR953509,200,403
ERR953510,200,441
ERR953511,200,456
ERR953512,200,529
ERR953513,200,601
ERR953514,200,404
ERR953515,200,595
ERR953516,200,530
ERR953517,202,960
ERR953518,200,1256
ERR953519,200,461
ERR953520,500,700
ERR953521,500,301
ERR953522,500,427
ERR953523,200,476
ERR953524,200,2495
ERR953525,500,302
ERR953526,500,332
ERR953527,500,536
ERR953528,200,1028
ERR953529,200,600
ERR953530,200,10143
ERR953531,200,4785
ERR953532,200,3598
ERR961271,200,864
ERR964510,200,2282
ERR964511,200,2251
ERR964512,202,741
ERR964513,200,4668
ERR964514,200,381
ERR964515,200,460
ERR964516,200,1875
ERR964517,200,1845
ERR964518,202,998
ERR964519,200,3657
ERR964520,200,293
ERR964521,200,351
ERR964522,200,10
ERR964523,200,11
ERR964524,202,5465
ERR964525,200,44
ERR964526,200,4241
ERR964527,200,5041
ERR964528,200,1168
ERR964529,200,1155
ERR964530,202,1331
ERR964531,200,2383
ERR964532,200,201
ERR964533,200,241
ERR964534,200,216
ERR964535,200,217
ERR964536,202,3170
ERR964537,200,668
ERR964538,200,4510
ERR964539,200,5397
ERR964540,200,2108
ERR964541,200,2087
ERR964542,202,880
ERR964543,200,3684
ERR964544,200,305
ERR964545,200,365
ERR964546,200,4492
ERR964547,200,364
ERR964548,200,433
ERR964549,200,3717
ERR964550,200,3652
ERR964551,202,302
ERR964553,200,4152
ERR9891774,76,19
ERR9891775,76,20
ERR9891776,76,19
ERR9891777,76,19
ERR9891778,76,24
ERR9891779,76,24
ERR9891780,76,24
ERR9891781,76,24
ERR9891782,76,31
ERR9891783,76,31
ERR9891784,76,31
ERR9891785,76,31
ERR9891786,76,33
ERR9891787,76,34
ERR9891788,76,33
ERR9891789,76,33
ERR9891790,76,30
ERR9891791,76,30
ERR9891792,76,31
ERR9891793,76,30
ERR9891794,76,37
ERR9891795,76,36
ERR9891796,76,37
ERR9891797,76,36
ERR9891798,76,33
ERR9891799,76,33
ERR9891800,76,34
ERR9891801,76,33
ERR9891802,76,32
ERR9891803,76,32
ERR9891804,76,32
ERR9891805,76,32
ERR9891806,76,43
ERR9891807,76,42
ERR9891808,76,42
ERR9891809,76,42
ERR9891810,76,28
ERR9891811,76,27
ERR9891812,76,28
ERR9891813,76,27
ERR9891814,76,30
ERR9891815,76,30
ERR9891816,76,30
ERR9891817,76,30
ERR9891818,76,36
ERR9891819,76,36
ERR9891820,76,36
ERR9891821,76,36
ERR9891822,76,35
ERR9891823,76,36
ERR9891824,76,36
ERR9891825,76,36
ERR9891826,76,30
ERR9891827,76,31
ERR9891828,76,30
ERR9891829,76,30
ERR9891830,76,34
ERR9891831,76,34
ERR9891832,76,34
ERR9891833,76,33
ERR9891834,76,27
ERR9891835,76,28
ERR9891836,76,28
ERR9891837,76,28
ERR9891838,76,32
ERR9891839,76,33
ERR9891840,76,32
ERR9891841,76,33
ERR9891842,76,31
ERR9891843,76,31
ERR9891844,76,32
ERR9891845,76,31
ERR9891846,76,29
ERR9891847,76,29
ERR9891848,76,29
ERR9891849,76,29
ERR9891850,76,41
ERR9891851,76,41
ERR9891852,76,41
ERR9891853,76,42
ERR9891854,76,28
ERR9891855,76,28
ERR9891856,76,28
ERR9891857,76,28
ERR9891858,76,31
ERR9891859,76,31
ERR9891860,76,31
ERR9891861,76,31
ERR9891862,76,42
ERR9891863,76,43
ERR9891864,76,43
ERR9891865,76,43
ERR9891866,76,32
ERR9891867,76,32
ERR9891868,76,33
ERR9891869,76,32
ERR9891870,76,33
ERR9891871,76,32
ERR9891872,76,33
ERR9891873,76,32
ERR9891874,76,32
ERR9891875,76,31
ERR9891876,76,32
ERR9891877,76,32
ERR9891878,76,33
ERR9891879,76,32
ERR9891880,76,32
ERR9891881,76,32
ERR9891882,76,27
ERR9891883,76,28
ERR9891884,76,27
ERR9891885,76,27
ERR9891886,76,34
ERR9891887,76,33
ERR9891888,76,33
ERR9891889,76,33
ERR9891890,76,32
ERR9891891,76,33
ERR9891892,76,32
ERR9891893,76,32
ERR9891894,76,30
ERR9891895,76,30
ERR9891896,76,30
ERR9891897,76,30
ERR9891898,76,38
ERR9891899,76,39
ERR9891900,76,38
ERR9891901,76,38
ERR9891902,76,32
ERR9891903,76,32
ERR9891904,76,32
ERR9891905,76,32
ERR9891906,76,29
ERR9891907,76,29
ERR9891908,76,29
ERR9891909,76,29
ERR9891910,76,28
ERR9891911,76,28
ERR9891912,76,28
ERR9891913,76,29
ERR9891914,76,28
ERR9891915,76,28
ERR9891916,76,28
ERR9891917,76,28
ERR9891918,76,28
ERR9891919,76,28
ERR9891920,76,28
ERR9891921,76,28
ERR9891922,76,28
ERR9891923,76,28
ERR9891924,76,28
ERR9891925,76,28
ERR9891926,76,35
ERR9891927,76,35
ERR9891928,76,35
ERR9891929,76,35
ERR9891930,76,32
ERR9891931,76,32
ERR9891932,76,32
ERR9891933,76,32
ERR9891934,76,28
ERR9891935,76,29
ERR9891936,76,28
ERR9891937,76,28
ERR9891938,76,29
ERR9891939,76,29
ERR9891940,76,29
ERR9891941,76,28
ERR9891942,76,41
ERR9891943,76,41
ERR9891944,76,41
ERR9891945,76,42
ERR9891946,76,33
ERR9891947,76,33
ERR9891948,76,33
ERR9891949,76,33
ERR9891950,76,28
ERR9891951,76,28
ERR9891952,76,29
ERR9891953,76,28
SRR10023729,252,285
SRR10023730,252,493
SRR10023747,252,730
SRR10023748,252,1088
SRR10023749,252,1868
SRR10093385,487,266
SRR1014043,190,208
SRR1014044,190,215
SRR1014045,202,193
SRR1014046,202,194
SRR1014047,202,211
SRR1014048,202,211
SRR1014055,202,187
SRR1014056,190,220
SRR1014057,202,188
SRR1014058,190,227
SRR1014059,202,225
SRR1014060,202,225
SRR1014097,202,199
SRR1014098,202,200
SRR1014099,202,221
SRR1014100,190,215
SRR1014101,190,222
SRR1014102,202,221
SRR1014121,190,201
SRR1014122,202,183
SRR1014123,202,205
SRR1014124,190,207
SRR1014125,202,205
SRR1014126,202,185
SRR1014127,202,217
SRR1014128,202,214
SRR1014129,202,196
SRR1014130,190,214
SRR1014131,190,210
SRR1014132,202,198
SRR1014133,190,266
SRR1014134,202,262
SRR1014135,202,261
SRR1014136,202,198
SRR1014137,190,257
SRR1014138,202,199
SRR1014145,190,213
SRR1014146,202,216
SRR1014147,190,210
SRR1014148,202,212
SRR1014149,202,212
SRR1014150,202,210
SRR1014157,190,202
SRR1014158,202,201
SRR1014159,202,202
SRR1014160,190,196
SRR1014161,202,172
SRR1014162,202,171
SRR1014181,202,198
SRR1014182,190,212
SRR1014183,202,199
SRR1014184,202,208
SRR1014185,190,204
SRR1014186,202,209
SRR1014187,202,201
SRR1014188,190,232
SRR1014189,190,224
SRR1014190,202,200
SRR1014191,202,228
SRR1014192,202,227
SRR1014193,190,187
SRR1014194,190,193
SRR1014195,202,190
SRR1014196,202,188
SRR1014197,202,196
SRR1014198,202,196
SRR1014199,202,191
SRR1014200,190,189
SRR1014201,202,193
SRR1014202,190,191
SRR1014203,202,188
SRR1014204,202,188
SRR1014315,202,152
SRR1014316,202,205
SRR1014317,190,198
SRR1014318,190,205
SRR1014319,202,151
SRR1014320,202,205
SRR1014456,190,201
SRR1014457,190,208
SRR1014458,202,179
SRR1014459,202,181
SRR1014460,202,206
SRR1014461,202,206
SRR1014462,190,231
SRR1014463,202,229
SRR1014464,202,222
SRR1014465,202,229
SRR1014466,202,221
SRR1014467,190,224
SRR1014468,190,212
SRR1014469,202,186
SRR1014470,202,217
SRR1014471,202,187
SRR1014472,202,217
SRR1014473,190,219
SRR1014474,190,210
SRR1014475,202,178
SRR1014476,190,203
SRR1014477,202,176
SRR1014478,202,208
SRR1014479,202,208
SRR1014480,202,213
SRR1014481,202,213
SRR1014482,190,215
SRR1014483,202,218
SRR1014484,190,209
SRR1014485,202,215
SRR1014486,202,232
SRR1014487,202,227
SRR1014488,202,194
SRR1014489,190,224
SRR1014490,202,193
SRR1014491,190,236
SRR10158972,541,141
SRR10230514,482,205
SRR10230515,470,203
SRR10230516,484,184
SRR10230517,481,194
SRR10267759,76,1835
SRR10267760,76,2160
SRR10267761,76,1771
SRR10267762,76,2008
SRR10267763,76,1461
SRR10267764,76,952
SRR10267765,76,2210
SRR10267766,76,4372
SRR10267770,76,1253
SRR10267771,76,1303
SRR10267772,76,2168
SRR10267773,76,1442
SRR10267774,76,804
SRR10414504,548,130
SRR10414505,573,200
SRR10414506,545,208
SRR10414507,546,195
SRR10414508,532,180
SRR10414509,550,219
SRR10414510,250,679
SRR10414511,534,172
SRR10414512,250,568
SRR10414513,537,176
SRR10414514,250,706
SRR10414515,250,692
SRR10414516,250,696
SRR10414517,250,430
SRR10414518,565,201
SRR10414519,552,176
SRR10414520,540,150
SRR10414521,551,177
SRR10414522,552,170
SRR10414523,561,266
SRR10414524,543,203
SRR1056150,290,556
SRR10843792,600,29
SRR10843793,600,76
SRR10843794,600,78
SRR10843795,600,11
SRR10843796,600,77
SRR10843797,600,57
SRR10843798,600,74
SRR10843799,600,87
SRR10843800,600,93
SRR10843801,600,80
SRR10843802,600,77
SRR10843803,600,87
SRR10843804,600,67
SRR10843805,600,63
SRR10843806,600,56
SRR10843807,600,1
SRR10843808,600,53
SRR10843809,600,39
SRR10843810,600,64
SRR10843811,600,31
SRR10843812,600,84
SRR10843813,600,19
SRR10843814,600,56
SRR10843815,600,6
SRR10843816,600,53
SRR10843817,600,78
SRR10843818,600,47
SRR10843819,600,20
SRR10843820,600,33
SRR10843821,600,51
SRR10843822,600,13
SRR10843823,600,67
SRR10843824,600,50
SRR10843825,600,22
SRR10843826,600,54
SRR10843827,600,46
SRR10843828,600,8
SRR10843829,600,6
SRR10843830,600,19
SRR10843831,600,36
SRR10843832,600,45
SRR10843833,600,42
SRR10843834,600,39
SRR10843835,600,95
SRR10843836,600,52
SRR10843837,600,51
SRR10843838,600,55
SRR10843839,600,308
SRR10843840,600,99
SRR10843841,600,89
SRR10843842,600,62
SRR10843843,600,49
SRR10843844,600,37
SRR10843845,600,21
SRR10843846,600,1
SRR10843847,600,55
SRR10843848,600,50
SRR10843849,600,51
SRR10843850,600,58
SRR10843851,600,0
SRR10843852,600,34
SRR10843853,600,51
SRR10843854,600,0
SRR10843855,600,62
SRR10843856,600,0
SRR11213088,426,431
SRR11218711,300,704
SRR11218712,300,512
SRR11218713,300,538
SRR11288237,302,695
SRR11288238,302,670
SRR11288239,302,474
SRR11288240,302,595
SRR11288241,302,469
SRR11288242,302,424
SRR11288243,302,391
SRR11288244,302,547
SRR11288245,302,447
SRR11288246,302,379
SRR11288248,302,433
SRR11288249,302,396
SRR11288250,302,469
SRR11288251,302,506
SRR11288252,302,542
SRR11288253,302,566
SRR11288254,302,464
SRR11288255,302,495
SRR11288256,302,469
SRR11288257,302,486
SRR11288259,302,488
SRR11288260,302,499
SRR11288261,302,477
SRR11288262,302,828
SRR11288263,302,481
SRR11288264,302,392
SRR11288265,302,439
SRR11288266,302,459
SRR11288267,302,464
SRR11288268,302,489
SRR11288270,302,455
SRR11288271,302,403
SRR11288272,302,466
SRR11288273,302,450
SRR11288274,302,474
SRR11288275,302,779
SRR11288276,302,589
SRR11288277,302,449
SRR11288278,302,419
SRR11288279,302,441
SRR11288281,302,553
SRR11288282,302,642
SRR11288283,302,379
SRR11288284,302,477
SRR11288285,302,438
SRR11288286,302,418
SRR11288287,302,456
SRR11288288,302,462
SRR11288289,302,706
SRR11288290,302,532
SRR11288292,302,406
SRR11288293,302,488
SRR11288294,302,475
SRR11288295,302,502
SRR11288296,302,287
SRR11288297,302,323
SRR11288298,302,405
SRR11288299,302,563
SRR11288300,302,391
SRR11288301,302,356
SRR11288303,302,395
SRR11288304,302,322
SRR11288305,302,382
SRR11288306,302,405
SRR11288307,302,345
SRR11288308,302,296
SRR11288309,302,435
SRR11288310,302,338
SRR11288311,302,325
SRR11288312,302,361
SRR11288314,302,371
SRR11288343,302,568
SRR11288344,302,578
SRR11288345,302,419
SRR11288346,302,700
SRR11288347,302,803
SRR11288348,302,384
SRR11288349,302,552
SRR11288350,302,398
SRR11288352,302,446
SRR11288353,302,405
SRR11288354,302,471
SRR11288355,302,510
SRR11288356,302,435
SRR11288357,302,445
SRR11288358,302,422
SRR11288359,302,405
SRR11288360,302,543
SRR11288361,302,797
SRR11564048,202,333
SRR11564049,202,347
SRR11564050,202,413
SRR11564051,202,246
SRR11564056,202,214
SRR11564057,202,177
SRR11564062,202,345
SRR11564063,202,532
SRR11564064,202,397
SRR11564065,202,460
SRR11564066,202,596
SRR11564067,202,571
SRR11564068,202,753
SRR11564069,202,223
SRR11564070,202,75
SRR11564071,202,224
SRR11584135,202,28
SRR11584136,202,84
SRR11584137,202,29
SRR11584138,202,27
SRR11584139,202,56
SRR11584140,202,40
SRR11584141,202,48
SRR11584142,202,168
SRR11584143,202,54
SRR11584144,202,37
SRR11584145,202,64
SRR11584146,202,56
SRR11584147,202,76
SRR11584148,202,74
SRR11584149,202,12
SRR11584150,202,26
SRR1172795,202,923
SRR1173050,202,922
SRR12337777,460,220
SRR12669062,502,678
SRR12695631,300,900
SRR12695632,300,917
SRR12830007,50,73
SRR12830008,50,188
SRR12830009,50,107
SRR12830010,602,1116
SRR12830011,602,1511
SRR13015522,394,310
SRR13104350,500,263
SRR13104351,500,396
SRR13104352,500,233
SRR13396683,300,486
SRR13396688,300,373
SRR13435732,300,343
SRR13435736,302,429
SRR13624691,7519,643
SRR13624692,6937,974
SRR13624693,6504,1057
SRR13624694,7045,1020
SRR13624695,6568,1160
SRR13624696,9472,583
SRR13624697,9076,1063
SRR13624698,2228,1042
SRR13624699,7687,735
SRR13624700,6658,732
SRR13624701,6794,893
SRR13624702,8361,558
SRR13624703,6556,630
SRR13624704,8078,1025
SRR13624705,6379,1259
SRR13664236,75,114
SRR13664237,75,16667
SRR13664238,75,38644
SRR13664239,74,5291
SRR13664240,74,11023
SRR13664241,73,12757
SRR13664242,74,10205
SRR13664244,75,177
SRR13664245,75,24895
SRR13681253,75,17422
SRR13681254,75,16346
SRR13681255,75,13722
SRR13681256,74,12227
SRR13681258,75,11374
SRR13681259,75,12221
SRR13681260,75,11113
SRR13681261,75,11809
SRR13681262,75,11271
SRR1374934,180,168
SRR1374935,177,196
SRR1374936,179,228
SRR1374937,176,131
SRR1374938,179,187
SRR1374939,182,90
SRR1374940,181,82
SRR1374941,182,110
SRR1374942,182,244
SRR1374943,179,117
SRR1374944,178,120
SRR1374945,176,139
SRR1374946,178,190
SRR1374947,177,110
SRR1374948,182,186
SRR1374949,179,360
SRR1374950,179,264
SRR1374951,178,122
SRR1374952,176,108
SRR1374953,178,141
SRR1374954,176,128
SRR1374955,177,205
SRR1374956,178,132
SRR1374957,176,149
SRR1374958,180,309
SRR1374959,178,202
SRR1374960,183,422
SRR1374961,176,79
SRR1374962,183,107
SRR1374963,180,90
SRR1374964,178,80
SRR1374965,177,90
SRR1374966,179,258
SRR1374967,176,196
SRR1374968,177,164
SRR1374969,181,323
SRR1374970,177,318
SRR1374971,180,263
SRR1374972,181,123
SRR1374973,181,118
SRR1374974,177,83
SRR1374975,180,197
SRR1374976,176,102
SRR1374977,176,227
SRR1374978,178,284
SRR1374979,179,264
SRR1374980,183,149
SRR1374981,181,106
SRR1374982,178,278
SRR1374983,178,200
SRR1374984,178,189
SRR1374985,178,292
SRR1374986,178,335
SRR1374987,181,341
SRR1374988,179,94
SRR1374989,179,109
SRR1374990,181,105
SRR1374991,179,93
SRR1374992,177,204
SRR1374993,177,134
SRR1374994,186,207
SRR1374995,178,81
SRR1374996,177,80
SRR1374997,180,391
SRR1374998,202,227
SRR1374999,202,326
SRR1375000,202,54
SRR1375001,202,110
SRR1375002,202,172
SRR1375003,202,231
SRR1375004,202,146
SRR1375005,202,572
SRR1375006,202,92
SRR1375007,202,186
SRR1375008,202,57
SRR1375009,202,222
SRR13755578,75,627
SRR13755579,75,611
SRR13755580,75,590
SRR13755581,75,491
SRR13767060,292,357
SRR14415946,535,234
SRR14436913,268,261
SRR14469092,295,318
SRR14469093,295,280
SRR14469094,252,470
SRR14469095,271,303
SRR14469096,265,318
SRR14526117,238,337
SRR14585691,302,969
SRR15098259,297,297
SRR15098284,296,309
SRR15098368,298,370
SRR15305001,279,104
SRR15305002,275,78
SRR15305003,279,88
SRR15305004,272,104
SRR15305005,280,103
SRR15305006,274,87
SRR15305007,277,99
SRR15305008,281,117
SRR15305009,274,85
SRR15305010,281,107
SRR15305011,280,115
SRR15305012,280,93
SRR15405683,302,720
SRR15405684,268,866
SRR15405685,18486,458
SRR15405686,11794,97
SRR15405687,18077,555
SRR15405688,9211,423
SRR15405689,14348,529
SRR15405690,16379,413
SRR15405691,260,1019
SRR15405692,275,663
SRR15405693,274,599
SRR15405694,274,649
SRR15405695,258,931
SRR15405696,261,893
SRR15405697,271,758
SRR15405698,257,143
SRR15405699,267,1227
SRR15405700,302,447
SRR15405701,302,557
SRR15405702,265,1021
SRR15405703,302,339
SRR15405704,302,572
SRR15405705,282,983
SRR15405706,302,526
SRR15405707,277,1028
SRR15405708,258,648
SRR15405709,302,456
SRR15405710,302,750
SRR15405711,302,1027
SRR15405712,302,1132
SRR15405713,235,1045
SRR15405714,302,759
SRR15405715,267,651
SRR15405716,302,729
SRR15405717,302,227
SRR15405718,289,1814
SRR15405719,279,826
SRR15405720,302,845
SRR15405721,291,518
SRR15405722,302,658
SRR15405723,302,263
SRR15405724,266,882
SRR15405725,285,1375
SRR15405726,302,369
SRR15405727,302,858
SRR15405728,302,771
SRR15405729,302,877
SRR15405730,302,1738
SRR15405731,302,709
SRR15405732,302,698
SRR15405733,252,723
SRR15405734,302,419
SRR15405735,271,647
SRR15405736,302,1163
SRR15405737,302,977
SRR15405738,249,685
SRR15405739,271,598
SRR15405740,279,605
SRR15405741,280,751
SRR15405742,302,721
SRR15405743,302,844
SRR15405744,302,675
SRR15405745,302,880
SRR15405746,267,740
SRR15405747,302,826
SRR15405748,302,925
SRR15405749,302,1259
SRR15405750,270,589
SRR15405751,302,423
SRR15405752,302,760
SRR15405753,281,859
SRR15405754,302,1246
SRR15405755,279,899
SRR15405756,302,602
SRR15405757,263,232
SRR15405758,271,1091
SRR15458637,267,131
SRR15458638,255,168
SRR15523648,543,365
SRR15793159,280,620
SRR15793170,282,680
SRR15793181,284,305
SRR15793184,264,436
SRR15793185,246,432
SRR15793186,262,238
SRR15793187,279,250
SRR15793188,264,631
SRR15793189,286,218
SRR15793190,267,494
SRR15793191,276,275
SRR15793192,280,556
SRR15793193,266,636
SRR15793194,277,211
SRR15793195,275,247
SRR15793196,277,231
SRR15793197,279,203
SRR15793198,286,385
SRR15793199,280,401
SRR15793200,280,185
SRR15793201,288,476
SRR15793202,284,219
SRR15793203,274,470
SRR15793204,283,421
SRR15793205,270,162
SRR15793206,276,613
SRR15793207,282,415
SRR15793208,272,407
SRR15793209,259,572
SRR15793210,278,664
SRR15793211,277,665
SRR15793212,283,682
SRR15793213,280,220
SRR15793214,280,364
SRR15793215,280,371
SRR15793216,290,274
SRR15793217,273,651
SRR15793225,279,258
SRR15808555,555,228
SRR1639017,202,2950
SRR1639018,202,1799
SRR1639024,202,2525
SRR1639025,202,2480
SRR1639081,202,4425
SRR1639119,202,3133
SRR1639120,202,5169
SRR1639122,202,5823
SRR16632095,289,303
SRR16632096,289,333
SRR16632097,290,266
SRR16632098,288,279
SRR16632099,288,289
SRR16632100,289,252
SRR16632101,288,236
SRR16632102,289,259
SRR16632103,288,250
SRR16632104,288,286
SRR16632105,288,261
SRR16632106,288,271
SRR16632107,290,245
SRR16632108,289,267
SRR16632109,288,294
SRR16632110,288,180
SRR16632111,289,254
SRR16632112,288,233
SRR16632113,289,241
SRR16632114,290,242
SRR16632115,289,268
SRR16632116,289,296
SRR16632117,288,265
SRR16632118,289,280
SRR16632119,286,269
SRR16632120,287,357
SRR16632121,289,247
SRR16632122,286,189
SRR16632123,289,336
SRR16632124,286,242
SRR16632125,289,284
SRR16632126,287,228
SRR16632127,283,296
SRR16632128,284,314
SRR16632129,289,219
SRR16632130,290,180
SRR16632131,288,271
SRR16632132,289,248
SRR16632133,289,211
SRR16632134,288,247
SRR16632135,289,286
SRR16632136,279,281
SRR16632137,288,257
SRR16632138,288,232
SRR16632139,284,286
SRR16632140,284,239
SRR16632141,285,181
SRR16632142,283,273
SRR16632143,283,271
SRR16632144,284,302
SRR16632145,289,269
SRR16632146,288,266
SRR16632147,288,304
SRR16632148,288,253
SRR16632149,287,269
SRR16632150,288,274
SRR16632151,286,259
SRR16632152,287,191
SRR16632153,288,301
SRR16632154,289,255
SRR16632155,290,264
SRR16632156,290,276
SRR16632157,291,273
SRR16632158,290,296
SRR16632159,291,208
SRR16632160,290,197
SRR16632161,292,191
SRR16632162,292,173
SRR16632163,290,341
SRR16632164,291,237
SRR16632165,292,194
SRR16632166,292,344
SRR16632167,289,332
SRR16632168,291,392
SRR16632169,291,344
SRR16632170,287,194
SRR16632171,286,159
SRR16632172,286,147
SRR16632173,289,259
SRR16632174,289,325
SRR16632175,289,376
SRR16632176,288,209
SRR16632177,289,343
SRR16632178,290,305
SRR16632179,288,223
SRR16632180,288,203
SRR16632181,288,216
SRR16632182,287,331
SRR16632183,289,296
SRR16632184,289,183
SRR16632185,289,272
SRR16632186,289,214
SRR16632187,291,139
SRR16632188,288,229
SRR16632189,289,305
SRR16632190,290,287
SRR16873817,241,292
SRR16873818,241,356
SRR16873819,241,408
SRR16873820,222,366
SRR16873821,231,244
SRR16873822,243,285
SRR16873823,242,281
SRR16873824,242,329
SRR16873825,254,372
SRR16873826,240,188
SRR17017321,251,281
SRR17017322,251,197
SRR17017323,255,281
SRR17017324,246,283
SRR17017325,256,281
SRR17017326,257,280
SRR17017327,255,279
SRR17017328,261,281
SRR17017329,257,280
SRR17017330,258,282
SRR17017331,253,281
SRR17017332,249,281
SRR17017333,255,281
SRR17017334,254,282
SRR17017335,252,280
SRR17017336,259,281
SRR17017337,247,282
SRR17017338,265,244
SRR17017339,255,282
SRR17017340,256,283
SRR17017341,252,281
SRR17017342,256,280
SRR17017343,259,280
SRR17017344,262,282
SRR17017345,250,284
SRR17017346,264,280
SRR17017347,247,279
SRR17017348,257,282
SRR17036792,302,143
SRR17036793,302,134
SRR17036794,302,131
SRR17036795,302,129
SRR17036796,302,131
SRR17036797,302,220
SRR17036798,302,199
SRR17036799,602,420
SRR17036800,602,405
SRR17036801,602,415
SRR17036802,602,381
SRR17036803,602,402
SRR17036804,602,417
SRR17036805,602,439
SRR17036806,302,118
SRR17036807,602,383
SRR17036808,602,390
SRR17036809,602,408
SRR17036810,602,389
SRR17036811,602,410
SRR17036812,602,384
SRR17036813,602,391
SRR17036814,302,160
SRR17036815,302,135
SRR17036816,302,132
SRR17036817,302,141
SRR17036818,302,238
SRR17220693,573,340
SRR17220694,566,319
SRR17283881,300,319
SRR17283882,300,319
SRR17283883,300,293
SRR17283884,300,187
SRR17283885,300,320
SRR17283886,300,356
SRR17283887,300,356
SRR17283888,300,351
SRR17283889,300,358
SRR17283890,300,333
SRR17283891,300,356
SRR17283892,300,332
SRR17283893,300,342
SRR17283894,300,347
SRR17283895,300,275
SRR17283896,300,349
SRR17283897,300,357
SRR17283898,300,337
SRR17283899,300,334
SRR17283900,300,340
SRR17283901,300,330
SRR17283902,300,334
SRR17283903,300,350
SRR17283904,300,305
SRR17283905,300,300
SRR17283906,300,442
SRR17283907,300,284
SRR17283908,300,300
SRR17283909,300,309
SRR17283910,300,353
SRR17283911,602,103
SRR17283912,300,202
SRR17283913,300,223
SRR17283914,602,91
SRR17283915,300,326
SRR17283916,300,267
SRR17283917,300,302
SRR17283918,300,360
SRR17283919,300,243
SRR17754583,300,90
SRR17754584,300,89
SRR17754585,300,78
SRR17754586,300,56
SRR17754587,300,72
SRR17754588,300,66
SRR17754589,300,127
SRR17754590,300,81
SRR17754591,297,44
SRR17754592,300,75
SRR17754593,300,91
SRR17754594,300,95
SRR17754595,300,82
SRR17754596,300,83
SRR17754597,300,72
SRR17754598,300,73
SRR17754599,300,91
SRR17754600,300,84
SRR17754601,300,93
SRR17754602,297,26
SRR17754603,300,91
SRR17754604,300,74
SRR17754605,300,75
SRR17754606,300,79
SRR17754607,300,78
SRR17754608,300,77
SRR17754609,300,95
SRR17754610,300,85
SRR17754611,300,75
SRR17754612,300,83
SRR17754613,298,100
SRR17754614,300,92
SRR17754615,300,72
SRR17754616,300,54
SRR17754617,300,34
SRR17754618,300,71
SRR17754619,300,70
SRR17754620,298,197
SRR17754621,298,76
SRR17754622,298,86
SRR17754623,298,86
SRR17754624,297,28
SRR17754625,298,77
SRR17754626,298,136
SRR17754627,298,69
SRR17754628,298,69
SRR17754629,298,181
SRR17754630,298,147
SRR17754631,297,89
SRR17754632,297,27
SRR17754633,297,129
SRR17754634,297,166
SRR17754635,297,27
SRR17754636,297,143
SRR17754637,297,38
SRR17754638,297,39
SRR17754639,296,83
SRR17754640,297,113
SRR17754641,297,128
SRR17754642,300,76
SRR17754643,300,85
SRR17754644,300,65
SRR17754645,300,65
SRR17754646,297,133
SRR17754647,300,87
SRR17754648,300,79
SRR17754649,300,65
SRR17754650,300,67
SRR17754651,300,59
SRR17754652,300,59
SRR17754653,300,84
SRR17754654,300,70
SRR17754655,300,83
SRR17754656,300,93
SRR17754657,300,63
SRR17754658,300,56
SRR17754659,297,35
SRR17754660,300,67
SRR17754661,300,62
SRR17754662,300,59
SRR17754663,300,75
SRR17754664,298,78
SRR17754665,298,78
SRR17754666,298,116
SRR17754667,298,72
SRR17754668,298,81
SRR17754669,298,75
SRR17754670,297,33
SRR17754671,298,78
SRR17754672,298,77
SRR17754673,300,45
SRR17754674,300,55
SRR17754675,300,83
SRR17754676,300,84
SRR17754677,300,112
SRR17754678,300,106
SRR17754679,300,122
SRR17754680,300,117
SRR17754681,297,113
SRR17754682,300,97
SRR17754683,300,82
SRR17754684,300,125
SRR17754685,300,103
SRR17754686,300,128
SRR17754687,300,114
SRR17754688,300,115
SRR17754689,300,101
SRR17754690,300,99
SRR17754691,300,103
SRR17754692,297,125
SRR17754693,300,66
SRR17754694,300,101
SRR17754695,300,119
SRR17754696,300,118
SRR17754697,300,114
SRR17754698,300,117
SRR17754699,300,125
SRR17754700,300,115
SRR17754701,300,112
SRR17754702,300,230
SRR17754703,297,151
SRR17754704,300,100
SRR17754705,300,107
SRR17754706,300,71
SRR17754707,300,88
SRR17754708,300,91
SRR17754709,300,92
SRR17754710,300,81
SRR17754711,300,89
SRR17754712,300,94
SRR17754713,300,82
SRR17754714,297,123
SRR17754715,297,127
SRR17754716,297,150
SRR17847139,300,6278
SRR17847140,300,6009
SRR17847141,300,4881
SRR17847142,300,5928
SRR17847143,300,3541
SRR17847144,300,3620
SRR18079104,300,1501
SRR18079105,300,1426
SRR18079106,300,1444
SRR18079107,300,1262
SRR1825713,180,588
SRR18286263,150,1814
SRR18286264,150,1958
SRR18286265,150,1644
SRR18286266,150,1853
SRR18286267,150,1602
SRR18286269,150,1633
SRR18286272,302,36
SRR18286273,302,28
SRR18286274,302,34
SRR18286275,302,43
SRR18286279,302,43
SRR18286280,150,1919
SRR18286281,302,32
SRR18286282,302,29
SRR18286283,302,40
SRR18286288,150,55
SRR18286289,150,49
SRR18286290,150,46
SRR18286291,150,1578
SRR18286292,150,48
SRR18286293,500,192
SRR18286294,500,168
SRR18286295,500,167
SRR18286296,150,1818
SRR18286297,150,1973
SRR18286298,150,1800
SRR18286299,150,1864
SRR18286300,150,2003
SRR18286301,150,1971
SRR18286302,150,1942
SRR18286303,150,1852
SRR18313285,300,1679
SRR18313286,300,1354
SRR18313287,300,1739
SRR18313288,200,1334
SRR18316760,300,1826
SRR18316761,300,2073
SRR18316762,300,1873
SRR18316763,300,1903
SRR18316764,300,2024
SRR18316765,300,1861
SRR18333118,300,2052
SRR18333119,300,1841
SRR18333120,300,1884
SRR18333121,300,1785
SRR18333122,300,2527
SRR18333123,300,2346
SRR18333124,300,2456
SRR18333125,300,2125
SRR18333126,300,2420
SRR18333127,300,2107
SRR18333128,300,2211
SRR18333129,300,2357
SRR18333331,300,2240
SRR18333332,300,1852
SRR18333333,300,1856
SRR18333334,300,2124
SRR18333335,300,2184
SRR18333336,300,2097
SRR18333581,300,1893
SRR18333582,300,2126
SRR18333583,300,2828
SRR18333584,300,2100
SRR18333585,300,2528
SRR18333586,300,2293
SRR18751255,200,287
SRR18751259,200,277
SRR18751260,200,295
SRR18751261,200,268
SRR18751262,200,271
SRR18751263,200,260
SRR18751264,200,287
SRR18751265,200,363
SRR18751266,200,362
SRR18751267,200,242
SRR18751268,200,306
SRR18751269,200,256
SRR18751270,200,323
SRR18751271,200,261
SRR18751272,200,257
SRR18751273,200,300
SRR18751274,200,285
SRR18751275,200,281
SRR18751276,200,279
SRR18751277,200,303
SRR18751278,200,309
SRR18751279,200,288
SRR18751280,200,288
SRR18751288,200,354
SRR18751299,200,333
SRR18751306,200,328
SRR18751307,200,331
SRR18751308,200,350
SRR18751309,200,264
SRR18751310,200,347
SRR18751311,200,297
SRR18751312,200,435
SRR18751313,200,372
SRR18751314,200,312
SRR18751315,200,445
SRR18751316,200,288
SRR18751317,200,307
SRR18751318,200,284
SRR18751319,200,363
SRR18751320,200,375
SRR18751321,200,374
SRR18751322,200,370
SRR18751325,200,356
SRR18751336,200,332
SRR18751346,200,262
SRR18751347,200,343
SRR18751348,200,337
SRR18751349,200,255
SRR18841555,500,2
SRR18841556,501,5
SRR18841557,500,4
SRR18841558,501,18
SRR18841559,501,5
SRR18841560,502,50
SRR18841561,500,2
SRR18841562,501,2
SRR18841563,501,7
SRR18841564,501,4
SRR18841565,501,10
SRR18841566,501,2
SRR18841567,500,3
SRR18841568,501,3
SRR18841569,501,3
SRR18841570,500,3
SRR18841571,500,3
SRR18841572,501,94
SRR18841573,501,2
SRR18841574,501,4
SRR18841575,501,2
SRR18841576,500,1
SRR18841577,501,31
SRR18841578,501,9
SRR18841579,500,4
SRR18841580,501,60
SRR18841581,501,1
SRR18841582,501,11
SRR18841583,501,0
SRR18841584,501,13
SRR18841585,501,2
SRR18841586,501,2
SRR18841587,500,2
SRR18841588,501,2
SRR18841589,501,82
SRR18841590,501,6
SRR18841591,501,21
SRR18841592,501,17
SRR18841593,501,75
SRR18841594,501,1
SRR18841595,501,2
SRR18841596,501,2
SRR18841597,501,17
SRR18841598,501,28
SRR18841599,501,48
SRR18841600,501,122
SRR18841601,501,2
SRR18841602,500,2
SRR18841603,501,2
SRR18841604,501,16
SRR18841605,501,10
SRR18841606,500,4
SRR18841607,501,14
SRR18841608,500,18
SRR18841609,501,56
SRR18841610,501,1
SRR18841611,500,2
SRR18841612,501,1
SRR18841613,500,2
SRR18841614,501,3
SRR18841615,500,2
SRR18841616,501,3
SRR18841617,500,3
SRR18841618,501,15
SRR18841619,501,5
SRR18841620,501,22
SRR18841621,500,9
SRR18841622,501,2
SRR18841623,501,2
SRR18841624,501,2
SRR18841625,501,26
SRR18841626,501,9
SRR18841627,500,8
SRR18841628,500,2
SRR18841629,501,5
SRR18841630,501,8
SRR18841631,500,2
SRR18841632,501,79
SRR18841633,501,1
SRR18841634,501,2
SRR18841635,501,1
SRR18841636,501,2
SRR18841637,501,61
SRR18841638,500,2
SRR18841639,501,6
SRR18841640,501,3
SRR18841641,501,2
SRR18841642,501,11
SRR18841643,501,6
SRR18841644,500,10
SRR18841645,501,11
SRR18841646,500,1
SRR18841647,501,59
SRR18841648,501,38
SRR18841649,501,1
SRR18841650,501,14
SRR18841651,500,4
SRR18841652,500,2
SRR18841653,501,6
SRR18841654,500,7
SRR18841655,499,54
SRR18924763,300,281
SRR18924764,300,289
SRR1917199,101,1083
SRR19575255,500,364
SRR19575256,500,538
SRR19575257,500,358
SRR19575258,500,493
SRR19575259,502,501
SRR19575260,502,549
SRR19575261,502,422
SRR19575262,502,543
SRR19575263,502,443
SRR19575264,502,552
SRR19575265,502,504
SRR19575266,500,528
SRR19575267,500,609
SRR19575268,502,400
SRR19575269,500,487
SRR19575270,502,424
SRR19575271,500,674
SRR19575272,500,662
SRR19575273,500,430
SRR19575274,500,722
SRR19575275,500,667
SRR19575276,502,435
SRR19575277,297,307
SRR19575278,500,545
SRR19575279,500,330
SRR19575280,500,667
SRR19575281,500,548
SRR19575282,500,595
SRR19575283,500,641
SRR19575284,500,333
SRR19575285,500,458
SRR19575286,502,428
SRR19575287,500,571
SRR19575288,500,652
SRR19575289,500,444
SRR19575290,500,385
SRR19575291,500,377
SRR19575292,500,439
SRR19575293,500,310
SRR19575294,500,182
SRR19575295,500,389
SRR19575296,500,427
SRR19575297,500,409
SRR19575298,500,538
SRR19575299,500,316
SRR19575300,500,408
SRR19575301,500,720
SRR19575302,500,750
SRR19575303,502,480
SRR19575304,500,385
SRR19575305,500,757
SRR19575306,500,657
SRR19575307,500,762
SRR19575308,500,394
SRR19575309,500,399
SRR19575310,500,391
SRR19575311,500,399
SRR19575312,500,358
SRR19575313,500,671
SRR19575314,500,676
SRR19575315,500,535
SRR19575316,502,454
SRR19575317,500,204
SRR19575318,500,412
SRR19575319,500,353
SRR19575320,500,769
SRR19575321,500,737
SRR19575322,500,380
SRR19575323,500,743
SRR19575324,500,866
SRR19575325,500,747
SRR19575326,500,786
SRR19575327,500,472
SRR19575328,500,381
SRR19575329,500,663
SRR19575330,500,467
SRR19575331,500,429
SRR19575332,500,585
SRR19575333,500,434
SRR19575334,500,571
SRR19575335,502,515
SRR19575336,500,514
SRR19575337,500,548
SRR19575338,500,452
SRR19575339,500,409
SRR19575340,500,479
SRR19575341,500,505
SRR19575342,500,515
SRR19575343,500,418
SRR19575344,500,475
SRR19575345,500,491
SRR19575346,500,470
SRR19575347,500,391
SRR19575348,500,441
SRR19575349,500,660
SRR19575350,500,428
SRR19575351,500,405
SRR19575352,500,467
SRR19575353,500,608
SRR19575354,500,641
SRR19575355,500,368
SRR19575356,500,483
SRR19575357,500,13
SRR19575358,502,400
SRR19575359,500,806
SRR19575360,500,407
SRR19575361,500,874
SRR19575362,500,65
SRR19575363,500,897
SRR19575364,502,464
SRR19575365,502,504
SRR19575366,500,476
SRR19575367,500,681
SRR19575368,502,708
SRR19575369,502,460
SRR19575370,500,638
SRR19575371,500,522
SRR19575372,500,626
SRR19575373,500,583
SRR19575374,502,486
SRR19575375,502,427
SRR19575376,502,390
SRR19575377,502,444
SRR19575378,502,455
SRR19575379,502,507
SRR19575380,502,349
SRR19575381,502,414
SRR19575382,502,424
SRR19575383,500,303
SRR19575384,500,349
SRR19575385,500,324
SRR19575386,500,361
SRR19575387,500,301
SRR19575388,500,408
SRR19575389,500,374
SRR19575390,500,398
SRR19575391,500,284
SRR19575392,500,341
SRR19575393,500,352
SRR19575394,500,316
SRR19575395,500,292
SRR19575396,500,432
SRR19575397,502,457
SRR19575398,500,545
SRR19575399,500,416
SRR19575400,500,489
SRR19575401,500,308
SRR19575402,500,307
SRR19575403,500,563
SRR19575404,500,416
SRR19575405,500,546
SRR19575406,500,494
SRR19575407,500,481
SRR19575408,500,401
SRR19575409,500,504
SRR19575410,500,414
SRR19575411,502,463
SRR19575412,500,465
SRR19575413,500,542
SRR19575414,502,514
SRR19575415,500,530
SRR19575416,500,442
SRR19575417,500,173
SRR19575418,500,235
SRR19575419,500,245
SRR19575420,500,475
SRR19575421,500,535
SRR19575422,500,502
SRR19575423,500,84
SRR19575424,500,685
SRR19575425,502,490
SRR19575426,502,524
SRR19575427,502,586
SRR19575428,502,405
SRR19575429,500,445
SRR19575430,500,388
SRR19575431,502,481
SRR19575432,502,408
SRR19575433,500,288
SRR19575434,500,520
SRR19575435,500,442
SRR19575436,502,479
SRR19575437,502,497
SRR19575438,502,493
SRR19575439,500,440
SRR19575440,500,486
SRR19575441,502,418
SRR19575442,500,369
SRR19575443,500,782
SRR19575444,500,867
SRR19575445,500,479
SRR19575446,500,492
SRR19575447,500,690
SRR19575448,500,260
SRR19575449,500,227
SRR19575450,500,552
SRR19575451,500,688
SRR19575452,500,659
SRR19575453,502,391
SRR19575454,502,443
SRR19575455,502,469
SRR19575456,502,432
SRR19575457,502,460
SRR19575458,502,477
SRR19575459,502,509
SRR19575460,502,374
SRR19575461,502,466
SRR19575462,502,445
SRR19575463,502,402
SRR19575464,502,429
SRR19575465,502,431
SRR19575466,500,358
SRR19575467,500,587
SRR19575468,500,434
SRR19575469,500,379
SRR19575470,502,468
SRR19575471,500,458
SRR19575472,500,693
SRR19575473,500,467
SRR19575474,500,795
SRR19575475,500,375
SRR19575476,500,368
SRR19575477,500,290
SRR19575478,500,380
SRR19575479,500,335
SRR19575480,500,493
SRR19575481,500,485
SRR19575482,500,577
SRR19575483,500,606
SRR19575484,500,519
SRR19575485,500,471
SRR19575486,500,401
SRR19575487,500,760
SRR19575488,500,661
SRR19575489,500,351
SRR19575490,500,394
SRR19575491,500,397
SRR19575492,500,377
SRR19575493,502,459
SRR19575494,500,451
SRR19575495,500,398
SRR19575496,500,348
SRR19575497,500,239
SRR19575498,500,324
SRR19575499,500,427
SRR19575500,500,795
SRR19575501,500,448
SRR19575502,500,713
SRR19575503,500,588
SRR19575504,500,845
SRR19575505,500,669
SRR19575506,500,415
SRR19575507,500,934
SRR19575508,500,415
SRR19575509,500,430
SRR19575510,500,482
SRR19575511,500,430
SRR19575512,500,476
SRR19575513,500,525
SRR19575514,500,486
SRR19575515,500,462
SRR19575516,502,466
SRR19575517,500,495
SRR19575518,500,571
SRR19575519,500,477
SRR19575520,500,550
SRR19575521,500,457
SRR19575522,500,511
SRR19575523,500,288
SRR19575524,500,409
SRR19575525,500,412
SRR19575526,500,478
SRR19575527,500,479
SRR19575528,500,510
SRR19575529,500,508
SRR19575530,500,502
SRR19575531,500,616
SRR19575532,500,424
SRR19575533,500,393
SRR19575534,500,360
SRR19575535,500,434
SRR19575536,500,400
SRR19575537,500,532
SRR19575538,500,634
SRR19575539,500,623
SRR19575540,500,526
SRR19575541,500,605
SRR19575542,502,465
SRR19575543,500,525
SRR19575544,500,579
SRR19575545,500,422
SRR19575546,500,481
SRR19575547,502,504
SRR19575548,500,662
SRR19575549,500,363
SRR19575550,500,540
SRR19575551,502,448
SRR19575552,500,212
SRR19575553,500,404
SRR19575554,502,400
SRR19575555,500,496
SRR19575556,500,327
SRR19575557,500,279
SRR19575558,500,528
SRR19575559,502,391
SRR19575560,500,380
SRR19575561,500,340
SRR19575562,500,415
SRR19575563,500,366
SRR19575564,500,879
SRR19575565,500,396
SRR19575566,500,804
SRR19575567,500,709
SRR19575568,500,253
SRR19575569,500,408
SRR19575570,500,739
SRR19575571,500,470
SRR19575572,500,807
SRR19575573,500,490
SRR19575574,500,360
SRR19575575,500,488
SRR19575576,500,550
SRR19575577,500,321
SRR19575578,500,470
SRR19575579,500,413
SRR19575580,502,554
SRR19575581,500,486
SRR19575582,500,388
SRR19575583,500,456
SRR19575584,500,444
SRR19575585,500,465
SRR19575586,500,512
SRR19575587,500,416
SRR19575588,500,90
SRR19575589,500,566
SRR19575590,500,547
SRR19575591,500,582
SRR19575592,500,544
SRR19575593,500,394
SRR19575594,500,647
SRR19575595,500,141
SRR19575596,500,473
SRR19575597,500,204
SRR19575598,500,461
SRR19575599,502,436
SRR19575600,500,539
SRR19575601,500,65
SRR19575602,502,487
SRR19575603,502,518
SRR19575604,502,513
SRR19575605,500,607
SRR19575606,502,433
SRR19575607,502,498
SRR19575608,502,416
SRR19575609,502,479
SRR19575610,502,507
SRR19575611,502,432
SRR19575612,500,528
SRR19575613,500,751
SRR19575614,500,821
SRR19575615,500,716
SRR19575616,500,699
SRR19575617,500,633
SRR19575618,500,731
SRR19575619,500,659
SRR19575620,502,433
SRR19575621,500,795
SRR19575622,500,747
SRR19575623,500,783
SRR19575624,500,746
SRR19575625,500,795
SRR19575626,500,612
SRR19575627,502,457
SRR19575628,502,423
SRR19575629,502,500
SRR19575630,502,383
SRR19575631,502,406
SRR19575632,502,389
SRR19575633,502,461
SRR19575634,502,451
SRR19575635,502,445
SRR19575636,502,420
SRR19575637,502,445
SRR19575638,502,346
SRR19575639,502,409
SRR19575640,502,525
SRR19575641,500,293
SRR19575642,500,473
SRR19575643,500,362
SRR19575644,500,293
SRR19575645,500,376
SRR19575646,500,334
SRR19575647,500,444
SRR19575648,500,478
SRR19575649,500,356
SRR19575650,500,350
SRR19575651,500,450
SRR19575652,502,421
SRR19575653,500,386
SRR19575654,500,364
SRR19575655,500,447
SRR19575656,500,331
SRR19575657,500,340
SRR19575658,500,499
SRR19575659,500,283
SRR19575660,500,626
SRR19575661,500,401
SRR19575662,500,506
SRR19575663,500,487
SRR19575664,500,482
SRR19575665,502,476
SRR19575666,500,378
SRR19575667,500,636
SRR19575668,500,572
SRR19575669,500,710
SRR19575670,500,379
SRR19575671,500,395
SRR19575672,500,379
SRR19575673,500,702
SRR19575674,500,473
SRR19575675,500,452
SRR19575676,500,670
SRR19575677,500,642
SRR19575678,500,360
SRR19575679,500,439
SRR19575680,500,818
SRR19575681,500,766
SRR19575682,500,779
SRR19575683,500,433
SRR19575684,500,395
SRR19575685,500,1035
SRR19575686,500,389
SRR19575687,502,423
SRR19575688,500,802
SRR19575689,500,800
SRR19575690,500,795
SRR19575691,500,381
SRR19575692,502,441
SRR19575693,500,460
SRR19575694,500,366
SRR19575695,500,408
SRR19575696,500,393
SRR19575697,502,549
SRR19575698,500,522
SRR19575699,500,363
SRR19575700,500,448
SRR19575701,500,508
SRR19575702,500,505
SRR19575703,500,617
SRR19579571,500,649
SRR2007330,51,731
SRR2007331,51,808
SRR2007332,51,857
SRR2007333,51,702
SRR2043045,462,682
SRR2043986,455,1473
SRR2043987,454,1401
SRR20788554,75,1996
SRR20788555,75,2066
SRR20788556,75,2021
SRR20788557,75,2088
SRR20966454,302,458
SRR20966455,302,477
SRR20966456,302,994
SRR20966457,302,1090
SRR20966458,302,555
SRR20966459,302,395
SRR20966460,302,327
SRR20966461,302,394
SRR21391378,302,286
SRR21391379,302,237
SRR21391380,302,345
SRR21391381,302,212
SRR21391382,302,359
SRR21391383,302,386
SRR21391384,302,354
SRR21391385,302,343
SRR21391386,302,330
SRR21391387,302,239
SRR21391388,302,264
SRR21391389,302,465
SRR21391390,302,67
SRR21391391,302,446
SRR21391392,302,223
SRR21391393,302,262
SRR21391394,302,209
SRR21391395,302,262
SRR21391396,302,109
SRR21391397,302,320
SRR21391398,401,249
SRR21391399,302,296
SRR21391400,302,220
SRR21391401,302,316
SRR21391402,302,437
SRR21391403,302,303
SRR21391404,302,298
SRR21391405,302,409
SRR21391406,302,232
SRR21391407,302,300
SRR21391408,302,309
SRR21391409,302,482
SRR21391410,302,353
SRR21391411,302,379
SRR21391412,302,299
SRR21391413,302,282
SRR21391414,302,165
SRR21391415,302,395
SRR21391416,302,327
SRR21391417,302,142
SRR21391418,302,293
SRR21391419,302,315
SRR21391420,302,253
SRR21391421,302,221
SRR21391422,302,288
SRR21391423,403,460
SRR21391424,302,464
SRR21391425,302,213
SRR21391426,302,259
SRR21391427,302,327
SRR21391428,302,162
SRR21391429,302,403
SRR21391430,302,238
SRR21391431,302,260
SRR21391432,302,311
SRR21391433,302,252
SRR21391434,302,189
SRR21391435,302,298
SRR21391436,302,210
SRR21391437,302,430
SRR21391438,302,312
SRR21391439,302,224
SRR21391440,302,349
SRR21391441,302,193
SRR21391442,302,397
SRR21391443,302,452
SRR21391444,393,416
SRR21391445,302,342
SRR21391446,302,296
SRR21391447,302,271
SRR21391448,302,346
SRR21391449,302,224
SRR21391450,302,179
SRR21391451,302,375
SRR21391452,302,434
SRR21391453,393,446
SRR21391454,302,297
SRR21391455,302,459
SRR21391456,302,348
SRR21391457,302,259
SRR21391458,302,166
SRR21391459,302,369
SRR21391460,302,205
SRR21391461,302,205
SRR21391462,413,225
SRR21391463,302,310
SRR21391464,302,266
SRR21391465,302,268
SRR21391466,302,445
SRR21391467,302,482
SRR21391468,302,456
SRR21391469,302,392
SRR21391470,302,344
SRR21391471,302,521
SRR21391472,302,551
SRR21391473,302,527
SRR21391474,302,411
SRR21391475,302,223
SRR21391476,302,369
SRR21391477,302,492
SRR21391478,302,299
SRR21391479,302,370
SRR21391480,302,404
SRR21391481,302,378
SRR21391482,302,288
SRR21391483,302,583
SRR21391484,302,473
SRR21391485,302,265
SRR21391486,302,190
SRR21391487,302,284
SRR21391488,302,475
SRR21391489,302,274
SRR21391490,302,335
SRR21391491,302,257
SRR21391492,302,309
SRR21391493,302,501
SRR21391494,299,200
SRR21391495,302,345
SRR21391496,302,358
SRR21391497,302,379
SRR21391498,302,171
SRR21391499,302,371
SRR21391500,302,263
SRR21391501,302,141
SRR21391502,302,88
SRR21391503,302,372
SRR21391504,302,371
SRR21391505,302,259
SRR21391506,302,313
SRR21391507,302,306
SRR21391508,302,306
SRR21391509,302,325
SRR21391510,302,226
SRR21391511,302,343
SRR21391512,302,348
SRR21391513,302,289
SRR21391514,302,237
SRR21391515,302,275
SRR21391516,404,513
SRR21391517,302,329
SRR21391518,302,82
SRR21391519,302,430
SRR21391520,302,218
SRR21391521,302,435
SRR21391522,302,363
SRR21391523,302,218
SRR21391524,302,268
SRR21391525,302,275
SRR21391526,302,214
SRR21391527,302,213
SRR21391528,302,241
SRR21391529,302,354
SRR21391530,302,309
SRR21391531,302,158
SRR21391532,302,133
SRR21391533,302,152
SRR21391534,302,385
SRR21391535,302,110
SRR21391536,302,437
SRR21391537,302,276
SRR21391538,302,336
SRR21391539,302,354
SRR21391540,302,317
SRR21391541,302,429
SRR21391542,302,443
SRR21391543,302,370
SRR21391544,302,561
SRR21391545,302,350
SRR21391546,302,474
SRR21391547,302,153
SRR21391548,302,146
SRR21391549,302,179
SRR21391550,302,385
SRR21391551,302,595
SRR21391552,302,376
SRR21391553,302,420
SRR21391554,302,864
SRR21391555,302,84
SRR21391556,302,152
SRR21391557,302,291
SRR21391558,302,305
SRR21391559,302,281
SRR21391560,302,197
SRR21391561,302,329
SRR21391562,302,121
SRR21391563,302,411
SRR21391564,302,227
SRR21391565,302,385
SRR21391566,302,209
SRR21391567,302,450
SRR21391568,302,78
SRR21391569,302,260
SRR21391570,302,409
SRR21391571,302,196
SRR21391572,422,247
SRR21391573,302,241
SRR21391574,302,125
SRR21391575,302,204
SRR21391576,302,189
SRR21391577,415,155
SRR21391578,302,93
SRR21391579,302,140
SRR21391580,302,463
SRR21391581,302,124
SRR21391582,302,120
SRR21391583,302,253
SRR21391584,302,143
SRR21391585,302,403
SRR21391586,302,519
SRR21391587,302,560
SRR21391588,302,106
SRR21391589,302,546
SRR21391590,302,135
SRR21391591,302,448
SRR21391592,302,88
SRR21391593,302,394
SRR21391594,302,79
SRR21391595,302,155
SRR21391596,302,272
SRR21391597,302,193
SRR21391598,302,279
SRR21391599,302,315
SRR21391600,302,408
SRR21391601,302,247
SRR21391602,302,368
SRR21391603,302,259
SRR21391604,302,340
SRR21391605,302,209
SRR21391606,302,276
SRR21391607,302,359
SRR21391608,302,258
SRR21391609,302,138
SRR21391610,302,205
SRR21391611,302,267
SRR21391612,302,165
SRR21391613,302,204
SRR21391614,302,510
SRR21391615,302,296
SRR21391616,302,389
SRR21391617,302,385
SRR21391618,302,344
SRR21391619,302,372
SRR21391620,302,237
SRR21391621,302,185
SRR21391622,302,272
SRR21391623,302,322
SRR21391624,302,342
SRR21391625,302,362
SRR21391626,302,395
SRR21391627,302,394
SRR21391628,302,219
SRR21391629,302,137
SRR21391630,302,262
SRR21391631,302,323
SRR21391632,302,281
SRR21391633,302,92
SRR21391634,302,165
SRR21391635,302,232
SRR21391636,302,115
SRR21391637,433,158
SRR21391638,302,211
SRR21391639,302,181
SRR21391640,302,140
SRR21391641,302,156
SRR21391642,302,329
SRR21391643,302,453
SRR21391644,302,371
SRR21391645,302,345
SRR21391646,302,84
SRR21391647,302,314
SRR21391648,302,283
SRR21391649,302,228
SRR21391650,302,239
SRR21391651,302,369
SRR21391652,302,553
SRR21391653,302,339
SRR21391654,302,172
SRR21391655,302,379
SRR21391656,302,293
SRR21391657,302,335
SRR21391658,302,457
SRR21391659,302,615
SRR21391660,302,312
SRR21391661,302,353
SRR21391662,302,304
SRR21391663,302,271
SRR21391664,302,287
SRR21391665,302,296
SRR21391666,302,180
SRR21391667,302,432
SRR21391668,302,479
SRR21391669,302,437
SRR21391670,302,331
SRR21391671,302,355
SRR21391672,302,371
SRR21391673,302,362
SRR21391674,302,171
SRR21391675,302,246
SRR21391676,302,72
SRR21391677,302,286
SRR21391678,302,266
SRR21391679,302,229
SRR21391680,302,123
SRR21391681,302,319
SRR21391682,302,249
SRR21391683,302,286
SRR21391684,302,246
SRR21391685,302,238
SRR21391686,302,173
SRR21391687,302,253
SRR21391688,302,511
SRR21391689,302,363
SRR21391690,302,328
SRR21391691,302,431
SRR21391692,302,296
SRR21391693,302,408
SRR21391694,302,328
SRR21391695,302,382
SRR21391696,302,542
SRR21391697,302,212
SRR21391698,302,75
SRR21391699,302,207
SRR21391700,302,438
SRR21391701,302,301
SRR21391702,302,193
SRR21391703,302,340
SRR21391704,302,283
SRR21391705,302,325
SRR21391706,302,157
SRR21391707,302,239
SRR21391708,302,469
SRR21391709,302,220
SRR21391710,302,72
SRR21391711,402,285
SRR21391712,302,275
SRR21391713,302,224
SRR21391714,302,87
SRR21391715,302,68
SRR21391716,302,299
SRR21391717,402,507
SRR21391718,302,251
SRR21391719,302,549
SRR21391720,302,68
SRR21391721,302,80
SRR21391722,302,93
SRR21391723,302,287
SRR21391724,302,237
SRR21391725,302,254
SRR21391726,302,63
SRR21391727,302,292
SRR21391728,302,378
SRR21391729,302,313
SRR21391730,302,277
SRR21391731,302,417
SRR21391732,302,252
SRR21391733,302,395
SRR21391734,302,411
SRR21391735,302,240
SRR21391736,302,118
SRR21391737,302,70
SRR21391738,452,323
SRR21391739,302,387
SRR21391740,302,333
SRR21391741,302,225
SRR21391742,410,171
SRR21391743,302,245
SRR21391744,302,342
SRR21391745,302,317
SRR21391746,302,371
SRR21391747,302,219
SRR21391748,302,115
SRR21391749,302,161
SRR21391750,302,271
SRR21391751,302,334
SRR21391752,302,218
SRR21391753,302,227
SRR21391754,302,142
SRR21391755,302,193
SRR21391756,302,412
SRR21391757,410,154
SRR21391758,302,482
SRR21391759,302,322
SRR21391760,302,266
SRR21391761,302,212
SRR21391762,302,256
SRR21391763,302,337
SRR21391764,302,237
SRR21391765,302,569
SRR21391766,302,236
SRR21391767,302,410
SRR21391768,302,426
SRR21391769,302,598
SRR21391770,302,485
SRR21391771,302,567
SRR21391772,302,343
SRR21391773,302,112
SRR21391774,302,347
SRR21391775,302,392
SRR21391776,302,369
SRR21391777,302,356
SRR21391778,302,440
SRR21391779,302,193
SRR21391780,302,236
SRR21391781,302,208
SRR21391782,302,120
SRR21391783,302,373
SRR21391784,302,223
SRR21391785,302,405
SRR21391786,410,714
SRR21391787,302,231
SRR21391788,302,272
SRR21391789,302,398
SRR21391790,396,214
SRR21391791,302,60
SRR21391792,302,139
SRR21391793,302,261
SRR21391794,302,449
SRR21391795,448,425
SRR21391796,302,247
SRR21391797,302,317
SRR21391798,302,281
SRR21391799,302,86
SRR21391800,302,426
SRR21391801,302,187
SRR21391802,302,369
SRR21391803,302,342
SRR21391804,302,83
SRR21391805,302,281
SRR21391806,302,282
SRR21391807,302,375
SRR21391808,302,144
SRR21391809,302,308
SRR21391810,302,204
SRR21391811,302,380
SRR21391812,302,363
SRR21391813,302,287
SRR21391814,302,503
SRR21391815,302,293
SRR21391816,302,313
SRR21391817,302,347
SRR21391818,302,470
SRR21391819,302,413
SRR21391820,302,404
SRR21391821,302,351
SRR21391822,302,247
SRR21391823,302,338
SRR21391824,302,236
SRR21391825,302,310
SRR21391826,302,321
SRR21391827,302,399
SRR21391828,302,368
SRR21391829,302,542
SRR21391830,302,221
SRR21391831,302,325
SRR21391832,302,329
SRR21391833,302,288
SRR21391834,302,388
SRR21391835,302,428
SRR21391836,302,178
SRR21391837,302,494
SRR21391838,302,253
SRR21391839,302,344
SRR21391840,302,139
SRR21391841,302,103
SRR21391842,302,284
SRR21391843,302,376
SRR21391844,302,281
SRR21391845,302,358
SRR21391846,302,320
SRR21391847,302,199
SRR21391848,302,423
SRR21391849,402,352
SRR21391850,381,441
SRR21391851,302,290
SRR21391852,302,74
SRR21391853,302,304
SRR21391854,302,221
SRR21391855,302,298
SRR21391856,302,272
SRR21391857,302,315
SRR21391858,302,391
SRR21391859,302,249
SRR21391860,302,415
SRR21391861,302,370
SRR21391862,302,447
SRR21391863,302,273
SRR21391864,388,223
SRR21391865,302,462
SRR21391866,302,339
SRR21391867,302,518
SRR21391868,302,700
SRR21391869,302,380
SRR21391870,302,365
SRR21391871,302,244
SRR21391872,302,348
SRR21391873,302,347
SRR21391874,302,355
SRR21391875,302,279
SRR21391876,302,246
SRR21391877,302,209
SRR21391878,302,233
SRR21391879,302,220
SRR21391880,302,369
SRR21391881,302,344
SRR21391882,302,408
SRR21391883,302,311
SRR21391884,302,299
SRR21391885,302,372
SRR21391886,302,376
SRR21391887,302,296
SRR21391888,302,324
SRR21391889,302,257
SRR21391890,302,186
SRR21391891,302,190
SRR21391892,302,183
SRR21391893,411,540
SRR21391894,436,648
SRR21391895,302,247
SRR21391896,302,163
SRR21391897,302,189
SRR21391898,302,221
SRR21391899,302,282
SRR21391900,302,227
SRR21391901,302,224
SRR21391902,302,212
SRR21391903,302,303
SRR21391904,302,209
SRR21391905,302,71
SRR21391906,302,240
SRR21391907,302,352
SRR21391908,302,243
SRR21391909,302,348
SRR21391910,302,247
SRR21391911,302,189
SRR21391912,302,177
SRR21391913,302,241
SRR21391914,302,157
SRR21391915,388,379
SRR21391916,302,237
SRR21391917,302,353
SRR21391918,302,211
SRR21391919,302,85
SRR21391920,302,94
SRR21391921,302,457
SRR21391922,403,151
SRR21391923,302,95
SRR21391924,302,348
SRR21391925,302,280
SRR21391926,302,210
SRR21391927,302,250
SRR21391928,302,312
SRR21391929,302,132
SRR21391930,302,266
SRR21391931,302,94
SRR21391932,302,211
SRR21391933,302,68
SRR21391934,302,227
SRR21391935,427,185
SRR21391936,435,192
SRR21391937,302,298
SRR21391938,302,244
SRR21391939,302,388
SRR21391940,406,267
SRR21391941,302,170
SRR21391942,302,80
SRR21391943,302,200
SRR21391944,302,152
SRR21391945,302,315
SRR21391946,302,125
SRR21391947,302,543
SRR21391948,302,453
SRR21391949,302,178
SRR21391950,302,78
SRR21391951,259,230
SRR21391952,302,200
SRR21536900,300,1052
SRR21536901,300,816
SRR21536902,300,542
SRR21536903,300,1274
SRR21536904,300,871
SRR21536905,300,814
SRR21536906,300,640
SRR21536907,300,646
SRR21536908,300,573
SRR21536909,300,931
SRR21536910,300,621
SRR21536911,300,609
SRR21536912,300,862
SRR21536913,300,817
SRR21536914,300,553
SRR21536915,300,877
SRR21536916,300,570
SRR21536917,300,858
SRR21536918,300,863
SRR21536919,300,607
SRR21536920,300,787
SRR21536921,300,753
SRR21536922,300,715
SRR21536923,300,908
SRR21536924,300,557
SRR21536925,300,583
SRR21536926,300,696
SRR21536927,300,579
SRR21536928,300,976
SRR21536929,300,1081
SRR21536930,300,631
SRR21536931,300,612
SRR21536932,300,1059
SRR21536933,300,1206
SRR21536934,300,639
SRR21536935,300,583
SRR21536936,300,571
SRR21536937,300,633
SRR21536938,300,569
SRR21536939,300,1310
SRR21536940,300,1210
SRR21536941,300,541
SRR21536942,300,644
SRR21536943,300,552
SRR21536944,300,1178
SRR21536945,300,1879
SRR21536946,300,560
SRR21536947,10853,420
SRR21536948,10834,255
SRR21536949,10660,273
SRR21536950,300,555
SRR21536951,300,585
SRR21536952,9674,656
SRR21536953,300,939
SRR21536954,300,846
SRR21536955,300,896
SRR21536956,300,687
SRR21536957,300,1020
SRR21536958,300,767
SRR21536959,300,1138
SRR21536960,300,978
SRR21536961,300,1140
SRR21536962,300,1333
SRR21536963,300,547
SRR21536964,300,595
SRR21536965,300,916
SRR21536966,300,971
SRR21536967,300,1001
SRR21536968,300,534
SRR21536969,300,865
SRR21536970,300,1513
SRR21536971,300,492
SRR21536972,300,1356
SRR21536973,300,873
SRR21536974,300,896
SRR21536975,300,1084
SRR21536976,300,940
SRR21536977,300,942
SRR21536978,300,1364
SRR21536979,300,659
SRR21536980,300,1044
SRR21536981,300,561
SRR21536982,300,1575
SRR21536983,300,682
SRR21536984,300,2093
SRR21536985,300,904
SRR21536986,300,814
SRR21536987,300,1428
SRR21536988,300,1833
SRR21536989,300,617
SRR21536990,300,759
SRR21536991,300,885
SRR21536992,300,909
SRR21536993,300,607
SRR21536994,300,615
SRR21536995,300,809
SRR21536996,300,766
SRR21536997,300,1976
SRR21536998,300,1460
SRR21536999,300,800
SRR21537000,300,951
SRR21537001,300,998
SRR21537002,300,652
SRR21537003,300,558
SRR21537004,300,638
SRR21537005,300,628
SRR21537006,300,892
SRR21537007,300,619
SRR21537008,300,665
SRR21537009,300,666
SRR21537010,300,602
SRR21537011,300,539
SRR21537012,300,1147
SRR21537013,300,556
SRR21537014,300,660
SRR21537015,300,575
SRR21537016,300,1377
SRR21537017,300,1507
SRR21537018,300,1454
SRR21537019,300,1125
SRR21537020,300,1307
SRR21537021,300,1296
SRR21537022,300,626
SRR21537023,300,1222
SRR21537024,300,717
SRR21537025,300,600
SRR21537026,300,1414
SRR21537027,300,1169
SRR21537028,300,578
SRR21537029,300,765
SRR21537030,300,892
SRR21537031,300,692
SRR21537032,300,628
SRR21537033,300,647
SRR21537034,300,559
SRR21537035,300,985
SRR21537036,300,648
SRR21537037,300,591
SRR21537038,300,887
SRR21537039,300,608
SRR21537040,300,601
SRR21537041,300,998
SRR21537042,300,673
SRR21537043,300,574
SRR21537044,300,561
SRR21537045,300,697
SRR21537046,300,1275
SRR21537047,300,541
SRR21537048,300,629
SRR21537049,300,724
SRR21537050,300,1043
SRR21537051,300,944
SRR21537052,300,519
SRR21537053,300,964
SRR21537054,300,740
SRR21537055,300,697
SRR21537056,300,644
SRR21537057,300,739
SRR21537058,300,581
SRR21537059,300,1937
SRR21537060,300,639
SRR21537061,300,1116
SRR21537062,300,973
SRR21537063,300,593
SRR21537064,300,685
SRR21537065,300,682
SRR21537066,300,1158
SRR21537067,300,759
SRR21537068,300,574
SRR21537069,300,1229
SRR21537070,300,689
SRR21537071,300,675
SRR21537072,300,714
SRR21537073,300,612
SRR21537074,300,758
SRR21537075,300,700
SRR21537076,300,728
SRR21537077,300,563
SRR21537078,300,1408
SRR21537079,300,630
SRR21537080,300,834
SRR21537081,300,600
SRR21537082,300,1009
SRR21537083,300,1122
SRR21537084,300,995
SRR21537085,300,727
SRR21537086,300,792
SRR21537087,300,761
SRR21537088,300,1105
SRR21537089,300,654
SRR21537090,300,1331
SRR21537091,300,1638
SRR21537092,300,821
SRR21537093,300,1060
SRR21537094,300,823
SRR21537095,300,1000
SRR21537096,300,1156
SRR21537097,300,1207
SRR21537098,300,1131
SRR21537099,300,1281
SRR21537100,300,599
SRR21537101,300,757
SRR21537102,300,1936
SRR2174566,61,2205
SRR2174567,62,2142
SRR21822659,302,431
SRR21822660,302,592
SRR21822661,302,408
SRR21822666,602,883
SRR21822667,602,862
SRR21822668,602,1201
SRR21822669,602,948
SRR21822670,602,886
SRR21822671,602,815
SRR21822674,302,772
SRR21822675,302,444
SRR21839729,3853,251
SRR21888461,75,77
SRR21888462,75,84
SRR21888463,75,81
SRR22023869,275,125
SRR22023870,266,153
SRR22023871,276,99
SRR22023872,275,57
SRR22023873,274,377
SRR22023874,265,222
SRR22023875,272,360
SRR22023876,269,471
SRR22023877,271,82
SRR22023878,276,153
SRR22023879,275,148
SRR22023880,276,182
SRR22023881,276,163
SRR22023882,276,156
SRR22023883,276,186
SRR22023884,272,150
SRR22023885,272,280
SRR22023886,275,269
SRR22023887,270,544
SRR22023888,273,263
SRR22023889,275,133
SRR22023890,276,170
SRR22023891,270,281
SRR22023892,271,860
SRR22023893,276,118
SRR22023894,273,392
SRR22023895,272,79
SRR22023896,276,171
SRR22023897,275,101
SRR22023898,268,152
SRR22023899,272,394
SRR22023900,273,477
SRR22023901,275,77
SRR22023902,272,346
SRR22023903,275,100
SRR22023904,276,138
SRR22023905,284,189
SRR22023906,285,264
SRR22023907,285,251
SRR22023908,285,332
SRR22023909,284,533
SRR22023910,284,254
SRR22023911,285,404
SRR22023912,285,199
SRR22023913,270,513
SRR22023914,284,448
SRR22023915,284,292
SRR22023916,284,301
SRR22023917,284,368
SRR22023918,285,373
SRR22023919,285,348
SRR22023920,285,333
SRR22023921,285,283
SRR22023922,285,279
SRR22023923,285,239
SRR22023924,270,471
SRR22023925,285,345
SRR22023926,285,378
SRR22023927,284,448
SRR22023928,283,424
SRR22023929,284,386
SRR22023930,284,379
SRR22023931,284,377
SRR22023932,284,230
SRR22023933,284,307
SRR22023934,284,271
SRR22023935,284,166
SRR22023936,285,280
SRR22023937,285,311
SRR22023938,273,821
SRR22023939,263,82
SRR22023940,263,114
SRR22023941,266,146
SRR22023942,268,263
SRR22023943,266,206
SRR22023944,265,138
SRR22023945,268,309
SRR22023946,268,214
SRR22023947,270,542
SRR22023948,273,547
SRR22023949,269,136
SRR22023950,268,137
SRR22023951,268,108
SRR22023952,267,387
SRR22023953,268,87
SRR22023954,268,395
SRR22023955,271,404
SRR22023956,270,428
SRR22023957,272,976
SRR22023958,273,398
SRR22023959,271,510
SRR22023960,267,208
SRR22023961,268,197
SRR22023962,269,331
SRR22023963,269,315
SRR22023964,269,118
SRR22023965,271,262
SRR22023966,271,318
SRR22023967,271,244
SRR22023968,268,92
SRR22023969,269,86
SRR22023970,268,178
SRR22023971,266,280
SRR22023972,270,306
SRR22023973,268,95
SRR22023974,267,205
SRR22023975,270,261
SRR22023976,268,93
SRR22023977,266,176
SRR22023978,270,489
SRR22023979,267,120
SRR22023980,267,204
SRR22023981,267,155
SRR22023982,267,189
SRR22023983,267,189
SRR22023984,267,191
SRR22023985,267,342
SRR22023986,267,375
SRR22023987,266,74
SRR22023988,266,111
SRR22023989,270,577
SRR22023990,266,120
SRR22023991,266,115
SRR22023992,265,105
SRR22023993,265,126
SRR22023994,265,148
SRR22023995,265,180
SRR22023996,266,89
SRR22023997,265,71
SRR22023998,266,121
SRR22023999,266,144
SRR22024000,270,758
SRR22024001,265,82
SRR22024002,265,93
SRR22024003,266,84
SRR22024004,267,231
SRR22024005,266,95
SRR22024006,265,191
SRR22024007,269,150
SRR22024008,272,283
SRR22024009,272,315
SRR22024010,272,284
SRR22024011,276,147
SRR22024012,275,206
SRR22024013,276,239
SRR22024014,275,201
SRR22024015,269,328
SRR22024016,272,355
SRR22024017,275,190
SRR22024018,275,166
SRR22024019,273,500
SRR22024020,276,212
SRR22024021,275,182
SRR22024022,275,188
SRR22024023,273,567
SRR22024024,275,96
SRR22024025,272,358
SRR22024026,269,684
SRR22024027,272,302
SRR22024028,272,247
SRR22024029,275,146
SRR22024030,273,627
SRR22024031,271,252
SRR22024032,263,94
SRR22024033,272,418
SRR22024034,273,371
SRR22024035,276,157
SRR22024036,276,153
SRR22024037,270,529
SRR22024038,277,220
SRR22024039,273,615
SRR22024040,276,125
SRR22024041,271,1276
SRR22024042,284,464
SRR22024043,284,352
SRR22024044,284,388
SRR22024045,284,487
SRR22024046,284,391
SRR22024047,285,429
SRR22024048,285,304
SRR22024049,284,296
SRR22024050,276,112
SRR22024051,285,862
SRR22024052,269,487
SRR22024053,285,398
SRR22024054,285,557
SRR22024055,285,668
SRR22024056,285,264
SRR22024057,285,368
SRR22024058,285,421
SRR22024059,285,319
SRR22024060,284,489
SRR22024061,284,351
SRR22024062,284,520
SRR22024063,268,264
SRR22024064,284,438
SRR22024065,284,377
SRR22024066,284,328
SRR22024067,285,420
SRR22024068,284,350
SRR22024069,285,169
SRR22024070,284,364
SRR22024071,285,456
SRR22024072,285,208
SRR22024073,265,340
SRR22024074,265,115
SRR22024075,265,153
SRR22024076,264,82
SRR22024077,266,174
SRR22024078,267,133
SRR22024079,265,236
SRR22024080,266,200
SRR22024081,265,140
SRR22024082,264,115
SRR22024083,264,119
SRR22024084,268,256
SRR22024085,265,178
SRR22024086,266,196
SRR22024087,266,120
SRR22024088,265,226
SRR22024089,265,243
SRR22024090,264,193
SRR22024091,265,131
SRR22024092,263,136
SRR22024093,264,117
SRR22024094,263,67
SRR22024095,268,427
SRR22024096,266,167
SRR22024097,270,330
SRR22024098,270,454
SRR22024099,270,413
SRR22024100,270,384
SRR22024101,270,370
SRR22024102,269,638
SRR22024103,270,477
SRR22024104,271,516
SRR22024105,272,772
SRR22024106,270,114
SRR22024107,268,93
SRR22024108,266,171
SRR22024109,267,132
SRR22024110,270,253
SRR22024111,269,197
SRR22024112,270,191
SRR22024113,270,243
SRR22024114,271,936
SRR22024115,271,138
SRR22024116,271,181
SRR22024117,267,157
SRR22024118,267,118
SRR22024119,267,105
SRR22024120,267,163
SRR22024121,267,128
SRR22024122,269,281
SRR22024123,270,397
SRR22024124,266,55
SRR22024125,270,395
SRR22024126,269,351
SRR22024127,266,69
SRR22024128,266,87
SRR22024129,267,86
SRR22024130,266,84
SRR22024131,267,171
SRR22024132,266,142
SRR22024133,265,73
SRR22024134,267,189
SRR22024135,267,174
SRR22024136,267,195
SRR22024137,266,286
SRR22024138,276,169
SRR22024139,265,210
SRR22024140,269,390
SRR22024141,269,360
SRR22024142,275,206
SRR22024143,276,160
SRR22024144,272,369
SRR22024145,275,231
SRR22024146,276,173
SRR22024147,275,140
SRR22024148,274,128
SRR22024149,273,544
SRR22024150,275,136
SRR22024151,274,160
SRR22024152,270,408
SRR22024153,275,156
SRR22024154,275,131
SRR22024155,271,68
SRR22024156,276,248
SRR22024157,276,227
SRR22024158,275,213
SRR22024159,276,206
SRR22024160,276,178
SRR22024161,272,73
SRR22024162,276,194
SRR22024163,270,100
SRR22024164,276,166
SRR22024165,275,97
SRR22024166,276,143
SRR22024167,276,134
SRR22024168,275,149
SRR22024169,274,163
SRR22024170,275,101
SRR22024171,276,225
SRR22024172,275,132
SRR22024173,275,144
SRR22024174,276,163
SRR22024175,275,148
SRR22024176,275,118
SRR22024177,276,128
SRR22024178,270,402
SRR22024179,275,131
SRR22024180,276,230
SRR22024181,276,186
SRR22024182,272,308
SRR22024183,263,81
SRR22024184,276,145
SRR22024185,277,96
SRR22024186,276,176
SRR22024187,276,142
SRR22024188,271,85
SRR22024189,270,453
SRR22024190,276,153
SRR22024191,273,432
SRR22024192,276,127
SRR22024193,276,137
SRR22024194,272,287
SRR22024195,276,136
SRR22024196,276,129
SRR22024197,273,439
SRR22024198,276,117
SRR22024199,276,121
SRR22024200,270,422
SRR22024201,284,260
SRR22024202,269,457
SRR22024203,268,302
SRR22024204,277,136
SRR22024205,268,95
SRR22024206,268,198
SRR22024207,267,91
SRR22024208,268,191
SRR22024209,270,193
SRR22024210,271,336
SRR22024211,269,145
SRR22024212,269,111
SRR22024213,270,452
SRR22024214,267,235
SRR22024215,268,237
SRR22024216,270,377
SRR22024217,271,548
SRR22024218,270,483
SRR22024219,271,343
SRR22024220,269,133
SRR22024221,266,69
SRR22024222,270,363
SRR22024223,271,236
SRR22024224,270,460
SRR22024225,270,351
SRR22024226,270,454
SRR22024227,270,669
SRR22024228,271,671
SRR22024229,273,268
SRR22024230,271,503
SRR22024231,271,664
SRR22024232,270,431
SRR22024233,270,372
SRR22024234,270,405
SRR22024235,268,372
SRR22024236,271,274
SRR22024237,271,213
SRR22024238,270,155
SRR22024239,270,357
SRR22024240,270,110
SRR22024241,270,161
SRR22024242,277,138
SRR22024243,268,249
SRR22024244,267,185
SRR22024245,269,231
SRR22024246,269,67
SRR22024247,275,174
SRR22024248,276,251
SRR22024249,275,249
SRR22024250,269,638
SRR22024251,265,149
SRR22024252,275,154
SRR22024253,275,124
SRR22024254,276,238
SRR22024255,277,175
SRR22024256,276,249
SRR22024257,275,192
SRR22024258,274,145
SRR22024259,275,200
SRR22024260,275,209
SRR22024261,270,863
SRR22024262,276,204
SRR22024263,275,152
SRR22024264,265,170
SRR22024265,276,182
SRR22024266,276,199
SRR22024267,270,296
SRR22024268,277,183
SRR22024269,276,141
SRR22024270,276,177
SRR22024271,274,161
SRR22024272,273,476
SRR22024273,276,136
SRR22024274,275,146
SRR22024275,266,198
SRR22024276,270,665
SRR22024277,273,129
SRR22024278,275,122
SRR22024279,277,236
SRR22024280,275,142
SRR22024281,274,164
SRR22024282,276,178
SRR22024283,276,139
SRR22024284,276,174
SRR22024285,275,136
SRR22024286,276,165
SRR22024287,269,401
SRR22024288,269,261
SRR22024289,276,149
SRR22024290,275,153
SRR22024291,276,186
SRR22024292,275,144
SRR22024293,275,132
SRR22024294,276,128
SRR22024295,275,159
SRR22024296,276,192
SRR22024297,264,142
SRR22024298,276,141
SRR22024299,270,447
SRR22024300,272,361
SRR22024301,270,444
SRR22024302,269,238
SRR22024303,271,480
SRR22024304,269,496
SRR22024305,270,156
SRR22024306,270,408
SRR22024307,269,444
SRR22024308,271,607
SRR22024309,270,266
SRR22024310,269,936
SRR22024311,270,977
SRR22024312,270,462
SRR22024313,269,419
SRR22024314,268,313
SRR22024315,267,250
SRR22024316,269,358
SRR22024317,269,407
SRR22024318,269,447
SRR22024319,269,193
SRR22024320,270,232
SRR22024321,269,370
SRR22024322,269,85
SRR22024323,271,175
SRR22024324,271,256
SRR22024325,272,226
SRR22024326,270,244
SRR22024327,270,404
SRR22024328,271,691
SRR22024329,269,692
SRR22024330,269,378
SRR22024331,270,414
SRR22024332,268,494
SRR22024333,268,203
SRR22024334,267,215
SRR22024335,267,162
SRR22024336,265,116
SRR22024337,266,93
SRR22024338,266,53
SRR22024339,267,456
SRR22024340,276,98
SRR22024341,266,123
SRR22024342,269,155
SRR22024343,265,54
SRR22024344,269,1088
SRR22024345,265,82
SRR22024346,266,131
SRR22024347,268,225
SRR22024348,266,117
SRR22024349,263,48
SRR22024350,264,65
SRR22024351,264,48
SRR22024352,264,58
SRR22024353,262,77
SRR22024354,265,85
SRR22024355,269,309
SRR22024356,265,106
SRR22024357,267,76
SRR22024358,266,103
SRR22024359,265,80
SRR22024360,265,69
SRR22024361,266,120
SRR22024362,266,112
SRR22319600,288,321
SRR22319601,288,379
SRR22330319,502,1013
SRR22330320,502,960
SRR22486339,75,4207
SRR22486340,75,5077
SRR22509171,473,189
SRR22590174,76,2075
SRR22590175,78,8298
SRR22590176,76,2134
SRR22590177,76,3589
SRR22590178,76,2515
SRR22801507,197,248
SRR22801508,178,181
SRR22801509,198,201
SRR22801510,197,104
SRR22801511,178,78
SRR22801512,178,207
SRR22801513,178,155
SRR22801514,11369,459
SRR22801515,178,180
SRR22801516,198,269
SRR22801517,198,446
SRR22801518,198,136
SRR22801519,178,137
SRR22801520,178,149
SRR22801521,198,217
SRR22801522,198,512
SRR22801523,178,116
SRR22801524,178,88
SRR22801525,178,45
SRR22801526,198,207
SRR22801527,198,246
SRR22801528,197,162
SRR22801529,178,155
SRR22801530,10638,423
SRR22801531,198,425
SRR22801532,197,228
SRR22801533,198,138
SRR22801534,198,259
SRR22801535,198,167
SRR22801536,198,179
SRR22801537,178,174
SRR22801538,197,342
SRR22801539,198,313
SRR22801540,178,83
SRR22801541,198,362
SRR22801542,178,196
SRR22801543,198,210
SRR22801544,178,102
SRR22801545,198,235
SRR22801546,178,133
SRR2288354,69,1915
SRR2288355,68,1950
SRR2288356,61,1672
SRR2288357,63,1608
SRR23148962,286,155
SRR23311268,300,93
SRR23311269,300,82
SRR23311270,300,40
SRR23311271,300,411
SRR23311272,300,376
SRR23311282,300,470
SRR23311293,300,50
SRR23311296,300,225
SRR23311297,300,94
SRR23311298,300,75
SRR23311299,300,200
SRR23311300,300,96
SRR23311301,300,24
SRR23311302,300,95
SRR23311303,300,37
SRR23311304,300,61
SRR23311305,300,85
SRR23311306,300,65
SRR23311307,300,260
SRR23311308,300,87
SRR23311309,300,138
SRR23311310,300,308
SRR23311311,300,588
SRR23311312,300,170
SRR23311313,300,112
SRR23311314,300,156
SRR23311315,300,108
SRR23311316,300,127
SRR23375272,121,80
SRR23456521,291,317
SRR23456525,292,329
SRR23456527,288,325
SRR23456530,291,316
SRR23456534,291,294
SRR23456539,293,315
SRR23456550,291,296
SRR23456561,291,308
SRR23456571,291,293
SRR23456572,293,311
SRR23456573,295,305
SRR23470191,284,188
SRR23497251,602,317
SRR23497252,602,346
SRR23513672,479,348
SRR23597788,289,186
SRR23686809,299,232
SRR23686937,298,169
SRR23686938,298,163
SRR23686939,302,241
SRR23686941,298,155
SRR24065772,502,260
SRR24092136,77,655
SRR24092137,77,1046
SRR24092138,77,4396
SRR24092139,77,674
SRR24092140,77,381
SRR24092141,78,1817
SRR24092142,78,2418
SRR24092143,78,1857
SRR24092144,78,2229
SRR24092145,78,1631
SRR24092146,78,2097
SRR24092147,78,1198
SRR24092148,77,435
SRR24092149,77,803
SRR24092150,77,164
SRR24092151,77,654
SRR24092152,78,1110
SRR24092153,78,1202
SRR24092154,77,577
SRR24092155,78,1295
SRR24092156,78,1436
SRR24092157,78,717
SRR24092158,78,311
SRR24092159,78,438
SRR24092160,78,902
SRR24092161,78,1239
SRR24092162,78,1030
SRR24092163,78,707
SRR24092164,78,679
SRR24092165,78,1602
SRR24092166,78,1275
SRR24092170,77,634
SRR24092171,77,897
SRR24092172,77,302
SRR24092173,77,513
SRR24092174,78,553
SRR24092175,77,3153
SRR24092176,78,315
SRR24092177,78,502
SRR24092178,78,1173
SRR24092179,77,645
SRR24092180,77,736
SRR24092181,78,4481
SRR24092182,78,4153
SRR24161632,487,184
SRR24332504,556,246
SRR24332505,563,241
SRR24332514,538,308
SRR24332515,548,305
SRR24364426,475,204
SRR24578646,101,687
SRR24578647,101,622
SRR24578648,101,505
SRR24578649,101,655
SRR24578650,101,667
SRR24578651,100,295
SRR24578652,97,261
SRR24578653,101,364
SRR24578654,99,304
SRR24578655,101,494
SRR24578656,101,348
SRR24578657,101,313
SRR24578658,101,320
SRR24578659,101,281
SRR24578660,100,436
SRR24578661,100,330
SRR24578662,100,332
SRR24578663,101,329
SRR24578664,101,535
SRR24578665,101,653
SRR24578666,100,372
SRR24578667,101,670
SRR24578668,101,487
SRR24578669,101,667
SRR24578670,101,606
SRR24578671,101,677
SRR24578672,101,549
SRR24578673,101,623
SRR24578674,101,672
SRR24578675,101,758
SRR24578676,101,677
SRR24578677,100,302
SRR24578678,101,572
SRR24578679,101,699
SRR24578680,101,739
SRR24578681,101,648
SRR24578682,101,685
SRR24578683,101,650
SRR24578684,101,625
SRR24578685,101,585
SRR24578686,101,663
SRR24578687,101,685
SRR24578688,101,371
SRR24578689,101,361
SRR24659942,487,197
SRR24707056,295,186
SRR24707057,295,189
SRR24707058,297,163
SRR24707059,264,298
SRR24707060,296,188
SRR24707061,294,402
SRR24707062,294,447
SRR24707063,293,417
SRR24707064,298,251
SRR24707065,293,379
SRR24707066,294,380
SRR24707067,294,422
SRR24707068,294,386
SRR24707069,294,440
SRR24707070,272,242
SRR24707071,294,388
SRR24707072,294,381
SRR24707073,295,457
SRR24707074,294,426
SRR24707075,294,408
SRR24707076,293,437
SRR24707077,293,418
SRR24707078,296,303
SRR24707079,294,453
SRR24707080,295,414
SRR24707081,275,277
SRR24707082,295,395
SRR24707083,294,389
SRR24707094,274,230
SRR24707105,274,271
SRR24707107,296,170
SRR24707108,292,718
SRR24707109,296,183
SRR24707110,296,192
SRR24707111,296,198
SRR24707112,295,400
SRR24707113,294,389
SRR24707114,294,429
SRR24707115,294,413
SRR24707116,293,451
SRR24707117,293,422
SRR24707118,293,423
SRR24707119,292,483
SRR24707120,274,161
SRR24707121,295,397
SRR24707122,294,157
SRR24707123,294,138
SRR24707124,294,158
SRR24707125,294,166
SRR24707126,294,170
SRR24707127,293,160
SRR24707128,294,158
SRR24707129,293,125
SRR24707130,294,154
SRR24707131,271,293
SRR24707132,294,168
SRR24707133,293,439
SRR24707134,295,381
SRR24707135,295,373
SRR24707136,294,360
SRR24707137,295,413
SRR24707138,295,380
SRR24707139,295,367
SRR24707140,295,175
SRR24707141,296,197
SRR24707142,297,163
SRR24707143,296,192
SRR24707144,273,234
SRR24707145,296,200
SRR24707146,296,182
SRR24707147,296,167
SRR24707148,296,177
SRR24707149,296,198
SRR24707150,296,169
SRR24707151,296,167
SRR24707152,295,104
SRR24707153,296,142
SRR24707154,296,176
SRR24707155,273,330
SRR24707156,297,185
SRR24707157,296,165
SRR24707158,296,188
SRR24707159,296,189
SRR24707160,296,178
SRR24707161,296,145
SRR24707162,296,159
SRR24707163,295,202
SRR24707164,296,140
SRR24707165,296,184
SRR24707166,270,316
SRR24707167,296,172
SRR24707168,296,219
SRR24707169,293,142
SRR24707170,296,197
SRR24707171,296,207
SRR24707172,296,167
SRR24707173,296,209
SRR24707174,296,185
SRR24707175,296,169
SRR24707176,296,125
SRR24707177,269,347
SRR24707178,296,192
SRR24707179,296,201
SRR24707180,296,212
SRR24707181,296,181
SRR24707182,296,172
SRR24707183,296,174
SRR24707184,296,152
SRR24707185,297,177
SRR24707186,296,188
SRR24707187,296,184
SRR24707188,277,214
SRR24707189,295,178
SRR24707190,297,150
SRR24707191,295,194
SRR24707192,295,197
SRR24707193,296,160
SRR24707194,296,166
SRR24707195,296,177
SRR24707196,296,189
SRR24707197,296,180
SRR24707198,296,192
SRR24707199,296,196
SRR24707200,294,217
SRR24707201,296,259
SRR24707202,296,170
SRR24707203,274,151
SRR24707204,254,467
SRR24707205,273,205
SRR24707206,294,449
SRR24707207,294,395
SRR24707208,294,408
SRR24707209,294,419
SRR24707210,294,367
SRR24707211,295,410
SRR24707212,295,385
SRR24707213,294,367
SRR24707214,295,219
SRR24707215,295,198
SRR24707216,273,249
SRR24707217,296,229
SRR24707218,296,194
SRR24707219,296,201
SRR24707220,296,207
SRR24707221,296,199
SRR24707222,296,203
SRR24707223,296,222
SRR24707224,296,211
SRR24707225,266,302
SRR24707229,273,237
SRR24707230,273,266
SRR24707231,296,159
SRR24707232,296,191
SRR24707233,296,143
SRR24707234,276,243
SRR24707235,296,172
SRR24707236,296,147
SRR24707237,297,151
SRR24707238,296,171
SRR24707239,296,185
SRR24707240,296,185
SRR24707241,296,187
SRR24707242,295,152
SRR24707243,296,174
SRR24707244,296,231
SRR24707245,275,243
SRR24707246,296,197
SRR24707247,296,199
SRR24707248,296,215
SRR24707249,295,232
SRR24707250,296,201
SRR24707251,297,165
SRR24707252,296,164
SRR24707253,296,188
SRR24707254,296,213
SRR24707255,295,188
SRR24707256,269,243
SRR24707257,261,352
SRR24707258,274,177
SRR24890531,369,249
SRR24890532,367,255
SRR24890546,363,92
SRR24928513,296,143
SRR25119385,292,253
SRR25119386,269,793
SRR25119387,287,263
SRR25119388,289,322
SRR25119389,292,355
SRR25119390,262,762
SRR25119391,293,257
SRR25119392,293,302
SRR25119393,294,327
SRR25119394,227,817
SRR25119395,293,250
SRR25119396,294,348
SRR25119397,257,762
SRR25119398,257,796
SRR25119399,291,371
SRR25119400,293,299
SRR25119401,262,953
SRR25119402,293,340
SRR25119403,293,359
SRR25119404,293,292
SRR25119405,287,311
SRR25119406,292,363
SRR25119407,290,370
SRR25119408,247,1059
SRR25119409,293,339
SRR25119410,292,285
SRR25119411,293,200
SRR25119412,259,1232
SRR25119413,292,347
SRR25119414,283,281
SRR25119415,294,353
SRR25119416,293,334
SRR25119417,288,237
SRR25119418,293,280
SRR25119419,246,774
SRR25119420,294,373
SRR25119421,290,205
SRR25119422,261,1158
SRR25258267,295,201
SRR25258268,298,432
SRR25258269,293,305
SRR25320327,297,157
SRR25422520,294,814
SRR25422521,292,598
SRR25422522,294,804
SRR25422523,295,562
SRR25422524,294,661
SRR25422525,293,793
SRR25422526,293,765
SRR25422527,294,714
SRR25422528,292,739
SRR25422529,294,722
SRR25422530,293,768
SRR25422531,294,807
SRR25422532,292,770
SRR25422533,294,770
SRR25422534,293,867
SRR25422535,294,593
SRR25422536,293,776
SRR25422537,295,627
SRR25422538,293,611
SRR25422539,293,697
SRR25422540,293,810
SRR25422541,295,662
SRR25422542,295,720
SRR25422543,293,837
SRR25436259,150,1375
SRR25436260,150,1401
SRR25436261,150,1679
SRR25436262,150,1449
SRR25436263,150,1261
SRR25436264,148,1343
SRR25436265,479,278
SRR25436266,292,481
SRR25436267,449,434
SRR25436268,292,463
SRR25436269,439,339
SRR25436270,440,482
SRR25436271,292,287
SRR25436272,460,283
SRR25436273,462,356
SRR25436274,149,1333
SRR25436275,443,353
SRR25436276,433,273
SRR25436277,240,223
SRR25436278,434,356
SRR25436279,419,219
SRR25436280,280,334
SRR25436281,288,233
SRR25436282,474,293
SRR25436283,283,162
SRR25436284,150,1353
SRR25436285,150,1543
SRR25436286,145,3319
SRR25436287,143,2176
SRR25436288,147,1237
SRR25436289,150,1524
SRR25436290,146,2126
SRR25436291,150,1736
SRR25436292,150,1368
SRR25436293,148,1631
SRR25436294,150,1607
SRR25436295,150,1466
SRR25436296,150,1665
SRR25436297,150,1575
SRR25659188,97,693
SRR25659189,99,695
SRR25659190,99,682
SRR25659191,100,678
SRR25659192,100,778
SRR25659193,100,812
SRR25659194,99,819
SRR25659195,99,773
SRR25659196,99,730
SRR25659197,100,754
SRR25659198,100,742
SRR25659199,100,711
SRR25659200,100,731
SRR25659201,100,787
SRR25659202,100,841
SRR25659203,99,650
SRR25659204,99,636
SRR25659205,99,720
SRR25659206,100,695
SRR25659207,100,693
SRR25659208,100,636
SRR25659209,99,741
SRR25659210,100,685
SRR25659211,99,696
SRR25659212,99,761
SRR25659213,100,684
SRR25659214,99,642
SRR25659215,100,680
SRR25659216,99,708
SRR25659217,99,660
SRR25659218,99,778
SRR25659219,100,623
SRR25659220,99,657
SRR25659221,100,729
SRR25659222,100,668
SRR25659223,99,708
SRR25659224,98,705
SRR25659225,99,735
SRR25659226,100,744
SRR25659227,99,776
SRR25659228,99,674
SRR25659229,99,685
SRR25659230,100,796
SRR25684268,302,505
SRR25684269,302,521
SRR25684270,302,807
SRR25684271,302,598
SRR25756492,290,267
SRR25798612,475,380
SRR25818358,300,371
SRR25818359,300,378
SRR25818360,300,427
SRR25818361,300,788
SRR25818362,300,624
SRR25818363,300,568
SRR25818364,300,512
SRR25818365,300,693
SRR25818366,300,471
SRR25818367,300,391
SRR25818368,300,584
SRR25818369,300,479
SRR25818370,300,803
SRR25818371,300,244
SRR25818372,300,349
SRR25818373,300,468
SRR25818374,300,527
SRR25818375,300,587
SRR25818376,300,659
SRR25818377,300,572
SRR25818378,300,350
SRR25818379,300,492
SRR25818380,300,266
SRR25818381,300,335
SRR25818382,300,311
SRR25818383,300,498
SRR25818384,300,492
SRR25818385,300,636
SRR25818386,300,608
SRR25818387,300,703
SRR25818388,300,698
SRR25818389,300,603
SRR25818390,300,737
SRR25818391,300,379
SRR25818392,300,416
SRR25818393,300,383
SRR25818394,300,376
SRR25818395,300,485
SRR25818396,300,329
SRR26058667,302,2739
SRR26058668,302,2369
SRR26380682,525,228
SRR26380843,517,108
SRR26380848,476,91
SRR26825780,435,189
SRR26825844,558,178
SRR26825861,557,246
SRR26825862,539,213
SRR26826025,558,247
SRR26826050,534,104
SRR26826088,541,82
SRR26826097,550,127
SRR26826108,542,104
SRR26826166,549,98
SRR26826193,575,72
SRR26826265,497,170
SRR26826279,547,108
SRR26826294,542,121
SRR26826316,553,130
SRR26953609,291,239
SRR27140024,497,227
SRR27140025,497,157
SRR27140026,496,178
SRR27140027,496,106
SRR27140028,496,229
SRR27140029,497,224
SRR27140030,496,226
SRR27140031,496,229
SRR27140032,496,226
SRR27140033,496,214
SRR27140034,497,224
SRR27140035,489,102
SRR27140036,484,134
SRR27140037,496,124
SRR27140038,700,1328
SRR27140039,496,219
SRR27140040,496,108
SRR27140041,496,227
SRR27140042,496,226
SRR27140043,496,226
SRR27140044,496,226
SRR27140045,496,226
SRR27140046,496,205
SRR27140047,497,223
SRR27140048,492,142
SRR27140049,376,73
SRR27140050,496,190
SRR27140051,496,222
SRR27140052,495,158
SRR27140053,496,223
SRR27140054,496,230
SRR27140055,496,229
SRR27140056,497,226
SRR27140057,497,227
SRR27140058,496,229
SRR27140059,497,226
SRR27140060,497,226
SRR27140061,497,227
SRR27140062,496,162
SRR27140063,496,228
SRR27140064,497,227
SRR27140065,496,229
SRR27140066,496,228
SRR27140067,496,227
SRR27140068,496,228
SRR27140069,497,228
SRR27140070,497,228
SRR27140071,496,228
SRR27140072,497,226
SRR27140073,496,228
SRR27140074,496,227
SRR27140075,497,190
SRR27140076,497,227
SRR27140077,497,227
SRR27140078,497,229
SRR27140079,497,230
SRR27140080,495,237
SRR27140081,497,230
SRR27140082,497,230
SRR27140083,497,229
SRR27140084,497,229
SRR27140085,496,221
SRR27140086,496,228
SRR27140087,497,228
SRR27140088,496,229
SRR27140089,493,235
SRR27140090,495,230
SRR27140091,495,230
SRR27140092,495,230
SRR27140093,495,230
SRR27140094,495,229
SRR27140095,495,224
SRR27140096,495,233
SRR27140097,495,101
SRR27140098,712,1403
SRR27140099,493,341
SRR27140100,495,54
SRR27140101,496,202
SRR27140102,495,86
SRR27140103,495,241
SRR27140104,494,56
SRR27140105,494,273
SRR27140106,491,341
SRR27140107,495,172
SRR27140108,495,58
SRR27140109,495,239
SRR27140110,496,237
SRR27140111,496,337
SRR27140112,496,211
SRR27140113,495,228
SRR27140114,495,159
SRR27140115,495,82
SRR27140116,495,89
SRR27140117,495,215
SRR27140118,496,110
SRR27140119,437,53
SRR27140120,495,126
SRR27140121,495,50
SRR27140122,495,65
SRR27140123,495,209
SRR27140124,496,200
SRR27140125,494,91
SRR27140126,495,194
SRR27140127,495,150
SRR27140128,496,229
SRR27140129,497,228
SRR27140130,497,228
SRR27140131,497,226
SRR27140132,497,229
SRR27140133,497,228
SRR27140134,497,228
SRR27140135,496,230
SRR27140136,475,778
SRR27140137,496,133
SRR27140138,496,225
SRR27140139,497,89
SRR27140140,387,62
SRR27140141,497,224
SRR27140142,496,229
SRR27140143,495,235
SRR27140144,496,230
SRR27140145,496,231
SRR27140146,496,231
SRR27140147,495,113
SRR27140148,495,167
SRR27140149,496,133
SRR27140150,495,49
SRR27140151,497,226
SRR27140152,496,231
SRR27140153,496,226
SRR27140154,496,227
SRR27140155,496,230
SRR27140156,495,233
SRR27140157,496,229
SRR27140158,495,229
SRR27140159,495,231
SRR27140160,496,225
SRR27140161,495,146
SRR27140162,496,230
SRR27140163,495,227
SRR27140164,495,226
SRR27140165,495,225
SRR27140166,495,233
SRR27140167,495,232
SRR27140168,495,230
SRR27140169,496,228
SRR27140170,496,229
SRR27140171,495,200
SRR27140172,497,226
SRR27140173,497,228
SRR27140174,496,172
SRR27140175,496,226
SRR27140176,496,230
SRR27140177,495,119
SRR27140178,484,804
SRR27140179,496,215
SRR27140180,497,182
SRR27140181,495,322
SRR27140182,496,232
SRR27140183,496,229
SRR27140184,496,228
SRR27140185,497,228
SRR27140186,496,186
SRR27140187,497,230
SRR27140188,497,227
SRR27140189,497,228
SRR27140190,482,91
SRR27140191,496,232
SRR27140192,495,69
SRR27140193,495,197
SRR27140194,495,64
SRR27140195,496,331
SRR27140196,492,324
SRR27140197,495,81
SRR27140198,495,204
SRR27140199,494,278
SRR27140200,492,246
SRR27140201,495,92
SRR27140202,493,48
SRR27140203,494,80
SRR27140204,494,53
SRR27140205,495,156
SRR27140206,495,136
SRR27140207,495,238
SRR27140208,495,124
SRR27140209,496,227
SRR27140210,494,214
SRR27140211,495,114
SRR27140212,493,245
SRR27140213,494,57
SRR27140214,491,232
SRR27140215,495,233
SRR27140216,497,226
SRR27140217,497,226
SRR27140218,493,171
SRR27140219,496,229
SRR27140220,496,225
SRR27140221,496,229
SRR27140222,496,228
SRR27140223,497,229
SRR27140224,496,185
SRR27140225,495,230
SRR27140226,496,228
SRR27140227,495,226
SRR27140228,496,225
SRR27140229,495,228
SRR27140230,495,143
SRR27140231,496,223
SRR27140232,494,51
SRR27140233,495,229
SRR27140234,495,227
SRR27140235,495,200
SRR27140236,495,122
SRR27140237,495,213
SRR27140238,494,179
SRR27140239,496,157
SRR27140240,495,163
SRR27140241,496,108
SRR27140242,495,226
SRR27140243,495,224
SRR27140244,496,222
SRR27140245,495,234
SRR27140246,496,227
SRR27140247,495,235
SRR27140248,495,231
SRR27140249,495,232
SRR27140250,495,232
SRR27140251,495,150
SRR27140252,496,228
SRR27140253,496,228
SRR27140254,496,226
SRR27140255,495,231
SRR27140256,496,231
SRR27140257,496,229
SRR27140258,496,181
SRR27140259,496,228
SRR27140260,494,330
SRR27140261,491,313
SRR27140262,495,211
SRR27140263,495,196
SRR27140264,494,221
SRR27140265,494,201
SRR27140266,494,176
SRR27140267,495,199
SRR27140268,494,64
SRR27140269,495,209
SRR27140270,495,220
SRR27140271,497,222
SRR27140272,494,265
SRR27140273,495,237
SRR27140274,494,228
SRR27140275,495,91
SRR27140276,495,101
SRR27140277,495,110
SRR27140278,494,55
SRR27140279,475,65
SRR27140280,494,236
SRR27140281,495,187
SRR27140282,489,265
SRR27140283,495,107
SRR27140284,495,97
SRR27140285,484,298
SRR27140286,495,72
SRR27140287,495,316
SRR27140288,497,229
SRR27140289,493,229
SRR27140290,496,230
SRR27140291,497,231
SRR27140292,497,230
SRR27140293,496,231
SRR27140294,497,231
SRR27140295,497,230
SRR27140296,497,228
SRR27140297,496,225
SRR27140298,497,231
SRR27140299,497,229
SRR27140300,497,231
SRR27140301,497,230
SRR27140302,497,229
SRR27140303,497,230
SRR27140304,496,228
SRR27140305,496,229
SRR27140306,495,234
SRR27140307,495,234
SRR27140308,497,222
SRR27140309,495,233
SRR27140310,495,233
SRR27140311,494,173
SRR27140312,495,223
SRR27140313,496,226
SRR27140314,493,213
SRR27140315,496,227
SRR27140316,495,225
SRR27140317,497,229
SRR27140318,496,229
SRR27140319,487,124
SRR27140320,496,229
SRR27140321,496,226
SRR27140322,495,173
SRR27140323,496,122
SRR27327774,99,8731
SRR27327775,99,8606
SRR27327776,99,8631
SRR27327777,99,10247
SRR27327778,302,20441
SRR27327779,302,27741
SRR27327780,302,17528
SRR27327781,99,10479
SRR27327782,99,6144
SRR27327783,302,19159
SRR27327784,99,6845
SRR27327785,99,8122
SRR27327786,99,10239
SRR27327787,99,12962
SRR27327788,99,7648
SRR27327789,99,6095
SRR27327790,99,8405
SRR27327791,99,9048
SRR27327792,99,7496
SRR27327793,99,7037
SRR27327794,99,1917
SRR27327795,99,1771
SRR27501746,299,478
SRR27501747,300,386
SRR27501748,300,342
SRR27501749,300,496
SRR27501750,300,247
SRR27501751,300,344
SRR27501752,298,319
SRR27501753,296,323
SRR27501754,299,478
SRR27501755,300,498
SRR27501757,300,459
SRR27501758,300,406
SRR27501759,300,989
SRR27501760,300,650
SRR27501761,300,850
SRR27501843,294,416
SRR27502038,479,392
SRR27502039,465,313
SRR27502040,467,226
SRR27502041,475,241
SRR27502042,469,171
SRR27502043,474,175
SRR27502044,474,295
SRR27502045,467,123
SRR27502046,462,202
SRR27502047,480,303
SRR27502048,479,247
SRR27502049,471,240
SRR27502050,475,248
SRR27502051,477,264
SRR27502052,479,326
SRR27502053,482,321
SRR27502054,469,172
SRR27502055,478,341
SRR27502056,478,314
SRR27502057,481,322
SRR27502058,464,185
SRR27502059,472,252
SRR27502060,490,253
SRR27502061,478,269
SRR27502062,471,247
SRR27502063,469,206
SRR27502064,470,160
SRR27502065,475,365
SRR27502066,470,238
SRR27502067,474,372
SRR27502068,465,144
SRR27502069,473,366
SRR27502070,477,267
SRR27502071,472,120
SRR27608435,8837,26
SRR27608436,448,863
SRR27842621,300,477
SRR27842622,300,468
SRR27842623,300,464
SRR27842624,300,465
SRR27842625,300,476
SRR27842626,300,475
SRR27842627,300,484
SRR27842628,300,482
SRR27842629,300,474
SRR27842630,300,442
SRR27842631,300,521
SRR27842632,300,522
SRR28116525,99,1153
SRR28116526,99,746
SRR28116527,99,893
SRR28116528,99,1122
SRR28116529,99,744
SRR28116530,99,1521
SRR28116531,99,1659
SRR28116532,99,1494
SRR28122460,99,6889
SRR28122461,99,6289
SRR28122462,99,12728
SRR28122463,99,13703
SRR28122464,302,20412
SRR28164024,78,2473
SRR28196902,298,138
SRR28196905,297,145
SRR28248976,302,10793
SRR28248977,302,11137
SRR28248978,70,418
SRR28248979,302,4185
SRR28248980,70,509
SRR28248981,302,3756
SRR28248982,70,586
SRR28248983,302,12824
SRR28248984,302,11473
SRR28248985,302,11748
SRR28248986,302,3538
SRR28248987,302,9604
SRR28248988,302,13281
SRR28248989,302,9596
SRR28248990,302,12520
SRR28248991,302,12711
SRR28248992,302,12856
SRR28248993,302,9916
SRR28248994,302,13279
SRR28248995,302,8510
SRR28248996,302,12497
SRR28248997,70,801
SRR28248998,70,793
SRR28260633,50,412
SRR28260634,49,396
SRR28260635,49,407
SRR28260636,50,427
SRR28260637,302,3697
SRR28260638,302,8365
SRR28260639,302,3577
SRR28260640,302,3624
SRR28260641,49,411
SRR28260642,50,425
SRR28260643,302,4786
SRR28260644,302,2958
SRR28286827,302,13319
SRR28511053,245,1105
SRR28511054,241,1070
SRR28511055,245,1162
SRR28511056,259,706
SRR28511057,262,797
SRR28511058,277,538
SRR28511059,264,886
SRR28511060,278,83
SRR28511061,279,63
SRR28511062,278,136
SRR28511063,274,77
SRR28511064,278,103
SRR28511065,280,78
SRR28511066,273,541
SRR28511067,277,420
SRR28511068,274,492
SRR28511069,275,504
SRR28511070,269,441
SRR28511071,276,463
SRR28511072,277,396
SRR28511073,271,401
SRR28511074,272,338
SRR28511075,271,338
SRR28511076,260,395
SRR28511077,263,448
SRR28511078,260,560
SRR28511079,274,298
SRR28511080,260,958
SRR28511081,267,322
SRR28511082,271,381
SRR28511083,302,799
SRR28511084,302,542
SRR28511085,302,198
SRR28511086,302,481
SRR28511087,302,830
SRR28511088,302,838
SRR28511089,302,812
SRR28511090,302,714
SRR28511091,275,611
SRR28511092,302,770
SRR28511093,302,474
SRR28511094,302,677
SRR28511095,302,537
SRR28511096,278,590
SRR28511097,278,632
SRR28511098,278,629
SRR28511099,280,576
SRR28511100,272,697
SRR28511101,274,689
SRR28511102,283,542
SRR28511103,272,617
SRR28511104,295,556
SRR28511105,295,556
SRR28511106,296,525
SRR28511107,295,526
SRR28511108,274,563
SRR28511109,276,544
SRR28511110,280,410
SRR28511111,260,366
SRR28511112,280,265
SRR28511113,284,230
SRR28511114,276,533
SRR28511115,279,305
SRR28511116,284,262
SRR28511117,268,801
SRR28511118,274,677
SRR28511119,275,667
SRR28511120,283,492
SRR28511121,302,554
SRR28511122,302,437
SRR28511714,302,944
SRR28511715,302,1135
SRR28511716,302,587
SRR28511717,302,1040
SRR28511718,302,545
SRR28511719,302,73
SRR28511720,302,715
SRR28511721,257,1022
SRR28511722,281,448
SRR28511723,273,735
SRR28511724,281,323
SRR28511725,281,433
SRR28511726,262,611
SRR28511727,302,626
SRR28511728,258,719
SRR28511729,256,850
SRR28511730,228,727
SRR28511731,212,815
SRR28511732,216,877
SRR28511733,302,776
SRR28511734,302,859
SRR28511735,302,955
SRR28511736,302,1704
SRR28511737,302,1806
SRR28511738,275,702
SRR28511739,267,877
SRR28511740,279,552
SRR28511741,277,531
SRR28511742,302,482
SRR28511743,276,619
SRR28511744,274,607
SRR28511745,257,487
SRR28511746,260,498
SRR28511747,256,836
SRR28511748,266,713
SRR28511749,260,927
SRR28511750,302,695
SRR28511751,302,740
SRR28511752,302,700
SRR28511753,302,610
SRR28511754,302,502
SRR28511755,302,787
SRR28511756,302,347
SRR28511757,302,384
SRR28511758,302,475
SRR28511759,302,752
SRR28511760,302,776
SRR28511761,302,807
SRR28511762,267,774
SRR28511763,264,842
SRR28511764,265,795
SRR28511765,267,777
SRR28511766,239,824
SRR28511767,258,932
SRR28511768,264,731
SRR28511769,266,679
SRR28511770,259,522
SRR28511771,302,499
SRR28511772,262,725
SRR28511773,302,718
SRR28511774,302,422
SRR28511775,302,357
SRR28511776,302,870
SRR28511777,302,1014
SRR28511778,302,878
SRR28511779,302,513
SRR28511780,302,1231
SRR28511781,298,480
SRR28511782,298,476
SRR28511783,296,559
SRR28511784,295,544
SRR28511785,297,518
SRR28511786,296,558
SRR28511787,295,554
SRR28511788,295,553
SRR28511789,274,565
SRR28511790,276,485
SRR28511791,278,490
SRR28511792,302,656
SRR28511793,302,1710
SRR28511794,302,1286
SRR28511795,302,940
SRR28511796,302,986
SRR28511797,302,371
SRR28511798,302,595
SRR28511799,302,584
SRR28511800,302,1310
SRR28511801,302,769
SRR28511802,302,659
SRR28511803,302,771
SRR28511804,302,849
SRR28511805,302,819
SRR28511806,261,63
SRR28511807,264,66
SRR28511808,279,75
SRR28511809,270,897
SRR28511810,279,566
SRR28511811,265,860
SRR28511812,282,463
SRR28511813,284,406
SRR28511814,302,667
SRR28511815,282,373
SRR28511816,302,553
SRR28511817,302,791
SRR28511818,302,618
SRR28520014,257,139
SRR28520015,257,152
SRR28520016,279,99
SRR28520017,273,627
SRR28520018,273,671
SRR28520019,276,524
SRR28520020,302,1035
SRR28520021,302,1774
SRR28520022,302,774
SRR28520023,254,593
SRR28520024,250,619
SRR28520025,252,536
SRR28520026,258,367
SRR28520027,255,580
SRR28520028,271,667
SRR28520029,270,577
SRR28520030,276,632
SRR28520031,302,921
SRR28520032,274,579
SRR28520033,279,607
SRR28520034,302,589
SRR28520035,302,546
SRR28520036,295,586
SRR28520037,295,563
SRR28520038,295,562
SRR28520039,296,602
SRR28520040,302,337
SRR28520041,296,563
SRR28520042,291,557
SRR28520043,294,576
SRR28520044,295,488
SRR28520045,296,512
SRR28520046,297,615
SRR28520047,296,522
SRR28520048,297,591
SRR28520049,280,100
SRR28520050,278,123
SRR28520051,302,697
SRR28520052,260,100
SRR28520053,279,106
SRR28520054,277,95
SRR28520055,278,113
SRR28520056,280,441
SRR28520057,277,643
SRR28520058,270,888
SRR28520059,302,328
SRR28520060,302,612
SRR28520061,272,416
SRR28520062,269,415
SRR28520063,271,405
SRR28520064,261,384
SRR28520065,262,537
SRR28520066,302,782
SRR28520067,281,430
SRR28520068,278,489
SRR28520069,271,752
SRR28520070,295,601
SRR28520071,295,636
SRR28520072,296,660
SRR28520073,302,1107
SRR28520074,302,966
SRR28520075,302,1066
SRR28520076,302,688
SRR28520077,302,811
SRR28520078,302,732
SRR28520079,302,1138
SRR28520080,302,566
SRR28520081,302,304
SRR28520082,302,417
SRR28520083,279,543
SRR28520084,278,569
SRR28520085,280,499
SRR28520086,302,109
SRR28520087,274,589
SRR28520088,277,591
SRR28520089,275,471
SRR28520090,276,614
SRR28520091,254,916
SRR28520092,261,921
SRR28520093,264,761
SRR28520094,253,1041
SRR28520095,264,1033
SRR28520096,255,1248
SRR28520097,302,132
SRR28520098,302,0
SRR28520099,302,965
SRR28520100,302,671
SRR28520101,302,653
SRR28520102,302,838
SRR28520103,302,558
SRR28520104,302,556
SRR28520105,302,665
SRR28520106,302,1482
SRR28520107,302,957
SRR28520108,302,961
SRR28520109,302,1131
SRR28533045,278,75
SRR28533046,283,79
SRR28533047,259,83
SRR28533048,268,538
SRR28533049,269,470
SRR28533050,268,683
SRR28533051,268,497
SRR28533052,270,444
SRR28533053,295,554
SRR28533054,295,696
SRR28533055,296,586
SRR28533056,296,622
SRR28533057,295,624
SRR28533058,253,660
SRR28533059,262,352
SRR28533060,261,292
SRR28533061,264,393
SRR28533062,278,636
SRR28533063,282,528
SRR28533064,278,620
SRR28533065,285,419
SRR28533066,285,415
SRR28533067,286,382
SRR28533068,271,498
SRR28533069,278,523
SRR28533070,285,388
SRR28533071,266,694
SRR28533072,266,631
SRR28533073,295,587
SRR28533074,296,632
SRR28533075,294,636
SRR28533076,267,454
SRR28533077,277,93
SRR28533078,275,617
SRR28533079,273,546
SRR28533080,291,477
SRR28533081,264,652
SRR28533082,297,631
SRR28533083,297,715
SRR28533084,260,141
SRR28533085,279,95
SRR28533086,274,126
SRR28533087,272,474
SRR28533088,259,1007
SRR28533089,281,412
SRR28533090,267,656
SRR28533091,255,659
SRR28533092,267,668
SRR28533093,227,592
SRR28533094,256,583
SRR28533095,252,674
SRR28533096,251,772
SRR28533097,255,686
SRR28533098,256,487
SRR28533099,280,557
SRR28533100,278,768
SRR28533101,284,455
SRR28533102,276,332
SRR28533103,264,677
SRR28533104,277,504
SRR28862849,302,1075
SRR28862874,302,350
SRR28862875,302,516
SRR28862885,302,531
SRR28862886,302,357
SRR28862922,302,539
SRR28862967,302,2109
SRR28862973,300,222
SRR28863006,302,355
SRR28863079,302,349
SRR28972306,483,495
SRR2939282,266,505
SRR2939505,244,203
SRR29506595,302,304
SRR29506596,302,236
SRR30038038,479,301
SRR30156004,8289,315
SRR30156005,12371,177
SRR30156006,10392,361
SRR30156007,6556,39
SRR30156008,9396,518
SRR30338947,571,117
SRR30338948,566,141
SRR30338949,553,143
SRR30338950,563,155
SRR30338951,561,130
SRR30338952,562,133
SRR30338953,546,168
SRR30338954,565,149
SRR30726147,483,219
SRR30916323,6780,258
SRR30916324,300,620
SRR3121707,252,441
SRR3121710,252,455
SRR3121731,252,456
SRR3121732,252,602
SRR3121733,252,445
SRR3121734,252,561
SRR3121735,252,647
SRR3121736,252,515
SRR3121757,252,544
SRR3121758,252,397
SRR3121759,252,493
SRR3121760,252,578
SRR3121761,252,424
SRR3121762,252,374
SRR3121763,252,539
SRR3121764,252,510
SRR3121765,252,418
SRR3121766,252,587
SRR3121767,252,548
SRR3121768,252,510
SRR3121769,252,469
SRR3121770,252,646
SRR3121771,252,482
SRR3121772,252,351
SRR3121773,252,714
SRR3121774,252,548
SRR3121775,252,447
SRR3121776,252,412
SRR3121777,252,524
SRR3121778,252,496
SRR3121779,252,653
SRR3121780,252,412
SRR3121781,252,468
SRR3121782,252,419
SRR3121783,252,644
SRR3121784,252,508
SRR3121785,252,646
SRR3121786,252,598
SRR3121787,252,662
SRR3121788,252,630
SRR3121789,252,503
SRR3121790,252,546
SRR3121791,252,469
SRR3121792,252,617
SRR3121793,252,643
SRR3121794,252,468
SRR3121795,252,460
SRR3121796,252,523
SRR3121797,252,625
SRR3121798,252,596
SRR3121799,252,535
SRR3121800,252,579
SRR3121801,252,452
SRR3121802,252,534
SRR3121803,252,539
SRR3121804,252,515
SRR3121805,252,586
SRR3121806,252,593
SRR3121807,252,501
SRR3121808,252,563
SRR3121809,252,451
SRR3121810,252,450
SRR3121811,252,409
SRR31254141,293,327
SRR31254142,293,275
SRR31254143,293,333
SRR31254144,292,288
SRR31254145,293,290
SRR31254146,292,276
SRR31254147,293,262
SRR31254148,293,271
SRR31254149,293,259
SRR31254153,293,283
SRR31254154,293,311
SRR31254160,302,435
SRR31254161,302,461
SRR31254162,302,324
SRR31254163,302,310
SRR31254164,302,406
SRR31254165,292,410
SRR31254166,302,181
SRR31254167,302,300
SRR31254169,292,297
SRR31254170,292,301
SRR31254172,292,324
SRR31254175,293,289
SRR31254176,293,292
SRR31254177,293,364
SRR31254178,292,353
SRR31254179,302,222
SRR31254180,302,212
SRR31254181,302,234
SRR31254182,302,119
SRR31254183,302,151
SRR31254184,302,362
SRR31254185,302,218
SRR31254186,302,233
SRR31254187,293,281
SRR31254188,302,132
SRR31254189,302,249
SRR31254190,302,198
SRR31254191,302,312
SRR31254192,302,209
SRR31254193,302,248
SRR31254194,302,178
SRR31254195,292,638
SRR31254196,292,355
SRR31254197,292,303
SRR31254198,293,305
SRR31254199,293,328
SRR31417003,293,580
SRR31417004,296,321
SRR31417005,293,650
SRR31417006,296,309
SRR31417007,296,290
SRR31417008,296,333
SRR31417009,296,331
SRR31417010,296,299
SRR31417011,293,546
SRR31417012,296,292
SRR31417013,296,286
SRR31417014,477,84
SRR31417015,296,324
SRR31417016,296,296
SRR31417017,296,299
SRR31417018,296,259
SRR31417019,294,541
SRR31417020,296,332
SRR31417021,297,248
SRR31417022,294,626
SRR31417023,295,323
SRR31417024,296,324
SRR31417025,483,107
SRR31417026,297,285
SRR31417027,297,287
SRR31417028,193,752
SRR31417029,197,776
SRR31417030,488,89
SRR31417031,491,117
SRR31417032,499,94
SRR31417033,194,1032
SRR31417034,498,100
SRR31417035,495,101
SRR31417036,193,680
SRR31417037,499,112
SRR31417038,494,77
SRR31417039,493,83
SRR31417040,490,91
SRR31417041,498,94
SRR31417042,497,101
SRR31417043,494,107
SRR31417044,499,86
SRR31417045,493,115
SRR31417046,489,94
SRR31417047,482,110
SRR31417048,495,69
SRR31417049,492,98
SRR31417050,494,101
SRR31417051,496,90
SRR31417052,496,87
SRR31417053,489,138
SRR31417054,481,132
SRR31417055,475,116
SRR31417056,482,132
SRR31417057,485,94
SRR31417058,467,104
SRR31417059,489,108
SRR31417060,480,107
SRR31417061,481,108
SRR31417062,293,543
SRR31417063,293,568
SRR31417064,479,112
SRR31417065,293,523
SRR31417066,292,431
SRR31417067,294,593
SRR31417068,296,255
SRR31417069,296,355
SRR31417070,296,364
SRR31417071,296,313
SRR31417072,296,285
SRR31417073,296,309
SRR31417074,296,343
SRR31417075,294,183
SRR31417076,296,297
SRR31417077,484,123
SRR31417078,296,322
SRR31417079,296,228
SRR31417080,296,271
SRR31417081,296,304
SRR31417082,296,335
SRR31417083,296,331
SRR31417084,296,306
SRR31417085,296,325
SRR31417086,297,315
SRR31417087,296,294
SRR31417088,478,101
SRR31417089,296,294
SRR31417090,296,316
SRR31417091,296,338
SRR31417092,297,287
SRR31417093,297,305
SRR31417094,296,311
SRR31417095,296,312
SRR31417096,296,284
SRR31417097,296,313
SRR31417098,296,330
SRR31417099,479,119
SRR31417100,294,647
SRR31417101,296,300
SRR31417102,297,317
SRR31417103,296,305
SRR31417104,296,359
SRR31417105,296,283
SRR31417106,294,600
SRR31417107,196,768
SRR31417108,296,312
SRR31417109,296,333
SRR31417110,297,265
SRR31417111,295,295
SRR31417112,296,312
SRR31417113,297,304
SRR31417114,296,311
SRR31417115,296,334
SRR31417116,296,325
SRR31417117,296,335
SRR31417118,483,128
SRR31417119,296,328
SRR31417120,296,289
SRR31417121,294,755
SRR31417122,296,329
SRR31417123,291,294
SRR31417124,296,355
SRR31417125,290,329
SRR31417126,297,330
SRR31417127,296,327
SRR31417128,297,287
SRR31417129,467,109
SRR31417130,296,310
SRR31417131,296,308
SRR31417132,297,184
SRR31417133,293,706
SRR31417134,297,338
SRR31417135,296,322
SRR31417136,296,315
SRR31417137,294,289
SRR31417138,297,324
SRR31417139,296,294
SRR31417140,486,114
SRR31417141,297,294
SRR31417142,296,304
SRR31417143,296,340
SRR31417144,297,266
SRR31417145,293,595
SRR31417146,296,324
SRR31417147,294,367
SRR31417148,296,278
SRR31417149,295,323
SRR31417150,294,578
SRR31417151,191,818
SRR31417152,296,308
SRR31417153,297,236
SRR31417154,293,418
SRR31417155,296,319
SRR31417156,294,377
SRR31417157,294,458
SRR31417158,294,380
SRR31417159,295,332
SRR31417160,296,333
SRR31417161,294,511
SRR31417162,481,110
SRR31417163,483,111
SRR31417164,482,102
SRR31613299,300,814
SRR31613300,300,452
SRR31613301,300,451
SRR31613304,300,422
SRR31613315,300,411
SRR31613326,300,424
SRR31613337,300,447
SRR31613339,300,443
SRR31613340,300,502
SRR31613341,300,424
SRR31613342,300,441
SRR31613343,300,441
SRR31613344,300,427
SRR31613345,300,440
SRR31613346,300,494
SRR31613347,300,493
SRR31613348,300,429
SRR31613349,300,423
SRR31613350,300,546
SRR31613351,300,478
SRR31613352,300,496
SRR31613353,300,433
SRR31613354,300,424
SRR31613355,300,377
SRR31613356,300,298
SRR31613357,300,417
SRR31613358,300,467
SRR31613359,300,464
SRR31613360,300,500
SRR31904117,300,597
SRR31904118,300,535
SRR31904119,300,619
SRR31904120,300,473
SRR31904121,300,614
SRR31904122,300,514
SRR31904123,300,627
SRR31912438,286,146
SRR32147110,379,100
SRR32147111,453,140
SRR32160448,300,525
SRR32160449,300,635
SRR32160451,300,359
SRR32160463,300,714
SRR32160471,300,367
SRR32160472,300,608
SRR32160474,300,584
SRR32160477,300,431
SRR32160480,300,680
SRR32179600,293,210
SRR32179601,296,182
SRR32179602,296,193
SRR32179616,295,188
SRR32179617,298,122
SRR32179618,297,165
SRR32179630,297,208
SRR32179633,297,163
SRR32179634,297,128
SRR32179635,297,173
SRR32179641,297,126
SRR32179642,297,179
SRR32300557,197,112
SRR32300577,197,127
SRR32458401,101,503
SRR32458402,101,553
SRR32458403,101,542
SRR32458404,101,421
SRR32458405,101,438
SRR32458406,101,361
SRR32970824,82280,1
SRR32970825,73753,1
SRR33368507,151,890
SRR33368508,151,1049
SRR33368509,151,969
SRR33368510,151,796
SRR33368511,151,1111
SRR33368512,151,1015
SRR33388164,202,395
SRR33388173,202,288
SRR33574348,300,356
SRR33574349,300,335
SRR33597898,151,970
SRR33597899,151,1058
SRR33597900,151,1072
SRR33805315,298,246
SRR33848938,1901,3
SRR33848939,1618,40
SRR33848940,1548,0
SRR33848941,1783,27
SRR33848942,295,309
SRR33848943,1302,0
SRR33848944,1934,39
SRR33848945,294,291
SRR33848946,296,329
SRR33848947,1145,0
SRR33848948,3189,5
SRR33848949,297,410
SRR33848950,1019,0
SRR33848951,1659,19
SRR33848952,293,395
SRR33848953,1469,0
SRR33848954,1622,12
SRR33848955,296,424
SRR33848956,1300,0
SRR33848957,968,4
SRR33848958,296,308
SRR33848959,1043,4
SRR33848960,297,328
SRR33848961,1036,6
SRR33848962,297,354
SRR33848963,1095,6
SRR33848964,295,426
SRR33848965,988,3
SRR33848966,297,353
SRR33848967,1273,0
SRR33848968,1567,1
SRR33848969,1380,13
SRR33848970,294,330
SRR33848971,1197,0
SRR33848972,1605,4
SRR33848973,297,347
SRR33848974,1776,0
SRR33848975,1419,0
SRR33848976,1639,21
SRR33848977,295,326
SRR33848978,1659,23
SRR33848979,1630,0
SRR33848980,2156,8
SRR33848981,297,320
SRR33848982,1258,1
SRR33848983,1369,22
SRR33848984,293,356
SRR33848985,1136,0
SRR33848986,1004,0
SRR33848987,1195,14
SRR33848988,291,366
SRR33848989,294,335
SRR33848990,1504,0
SRR33848991,1466,35
SRR33848992,293,361
SRR33848993,1491,1
SRR33848994,1421,24
SRR33848995,295,314
SRR33848996,1065,0
SRR33848997,1276,0
SRR33848998,956,18
SRR33848999,291,370
SRR33849000,1667,3
SRR33849001,1934,2
SRR33849002,1196,58
SRR33849003,293,353
SRR33849004,677,0
SRR33849005,1115,0
SRR33849006,696,11
SRR33849007,288,208
SRR33849008,1694,1
SRR33849009,1808,11
SRR33849010,297,313
SRR33849011,2195,11
SRR33849012,297,337
SRR33903767,11555,2611
SRR33903769,3814,410
SRR33903770,2697,291
SRR33903771,5431,537
SRR33903772,4280,230
SRR33903773,4612,534
SRR33903774,3616,655
SRR33903775,11945,1140
SRR33903776,6288,329
SRR33903777,14446,1689
SRR33903778,11434,547
SRR33903779,8031,220
SRR33903780,14561,1515
SRR33903781,15846,2534
SRR33903782,12277,782
SRR33903783,8772,570
SRR33903784,11563,310
SRR33903785,10347,522
SRR33903786,13755,2481
SRR33903787,12669,6463
SRR33903788,10021,484
SRR33903789,11489,637
SRR33903790,7270,375
SRR33903791,7951,751
SRR33903792,8010,874
SRR33903793,8911,744
SRR33903794,9672,813
SRR33903795,11831,1802
SRR33903796,11774,2967
SRR33903797,7815,340
SRR33903798,10226,1027
SRR33903799,9217,704
SRR33903800,11263,4142
SRR33903801,5299,254
SRR33903802,7966,641
SRR33903809,7859,424
SRR33903820,10060,842
SRR33903831,10540,1102
SRR33903838,14070,1661
SRR33903839,12399,1716
SRR33903840,7772,526
SRR33903841,9538,534
SRR33903842,13008,1316
SRR33903843,9360,660
SRR33903844,5544,233
SRR33903845,11360,1099
SRR33903846,13719,2265
SRR33903847,6847,481
SRR33903848,6434,322
SRR33903849,14498,1745
SRR33903850,9601,1039
SRR33903851,6635,341
SRR33903852,11360,1137
SRR33903853,6052,276
SRR33903854,6051,225
SRR34268842,302,45
SRR34268843,302,237
SRR34268844,302,89
SRR34268845,300,265
SRR34268846,302,56
SRR34268847,6135,1290
SRR34268848,302,92
SRR34268849,302,114
SRR34268850,302,187
SRR34268851,302,73
SRR34268852,302,110
SRR34268853,302,253
SRR34268854,302,66
SRR34268855,302,77
SRR34268856,302,2082
SRR34268857,7716,1006
SRR34268858,302,41
SRR34268859,302,619
SRR34268860,302,981
SRR34268861,302,735
SRR34268862,300,257
SRR34268863,300,285
SRR34268864,302,1009
SRR34268865,302,43
SRR34268866,14736,98
SRR34268867,302,2390
SRR34268868,302,563
SRR34268869,300,309
SRR34268870,300,296
SRR34268871,302,975
SRR34268872,302,87
SRR34268873,302,1572
SRR34268874,14144,944
SRR34268875,302,93
SRR34268876,602,324
SRR34268877,602,875
SRR34268878,602,297
SRR34268879,302,279
SRR34268880,602,513
SRR34268882,302,238
SRR34268883,602,647
SRR34268884,602,228
SRR34268885,602,180
SRR34268886,602,143
SRR34268887,602,618
SRR34268888,602,652
SRR34268889,581,633
SRR34268890,520,607
SRR34268891,302,190
SRR34268893,602,200
SRR34268894,302,142
SRR34268895,602,193
SRR34268896,530,591
SRR34268897,491,1643
SRR34268898,302,99
SRR34268899,302,184
SRR34268900,302,90
SRR34268901,302,241
SRR34268902,302,221
SRR34268903,5504,282
SRR34268904,302,192
SRR34268905,302,74
SRR34268906,302,197
SRR34268907,302,53
SRR34268908,8977,128
SRR34268909,302,68
SRR34268910,302,94
SRR34268911,302,124
SRR34268912,302,97
SRR34268913,302,227
SRR34268914,302,79
SRR34268915,302,126
SRR34268916,302,204
SRR34268917,302,115
SRR34268918,302,54
SRR34268919,10153,265
SRR34268920,300,346
SRR34268921,300,360
SRR34268922,300,301
SRR34268923,300,297
SRR34268924,9490,166
SRR34268925,300,323
SRR34268926,5389,0
SRR34268927,302,60
SRR34268928,300,358
SRR34268929,300,348
SRR34268930,300,316
SRR34268931,300,492
SRR34268932,300,484
SRR34268933,10557,1797
SRR34268934,302,640
SRR34268935,302,780
SRR34268936,302,1171
SRR34268937,302,751
SRR34268938,17405,94
SRR34268939,302,1336
SRR34268940,302,1507
SRR34268941,6673,4690
SRR34268942,302,1768
SRR34268943,302,1446
SRR34268944,302,946
SRR34268945,302,1119
SRR34268946,302,1282
SRR34268947,602,193
SRR34268948,602,1189
SRR34268949,602,143
SRR34268950,602,234
SRR34268951,602,197
SRR34268953,602,192
SRR34268954,300,319
SRR34268955,300,303
SRR34268956,300,242
SRR34268957,300,272
SRR34268958,602,670
SRR34268959,602,603
SRR34268960,300,374
SRR34268961,300,483
SRR34268962,300,325
SRR34268964,300,884
SRR34268965,300,396
SRR34268966,602,704
SRR34268967,602,539
SRR34268968,300,502
SRR34268969,300,558
SRR34268970,300,550
SRR34268971,602,780
SRR34268972,602,368
SRR34268973,300,260
SRR34268975,300,235
SRR34268976,302,72
SRR34268977,302,75
SRR34268978,302,88
SRR34268979,302,183
SRR34268980,302,217
SRR34268981,302,173
SRR34268982,302,160
SRR34268983,302,141
SRR34268984,8750,1774
SRR34268985,302,188
SRR34268986,300,272
SRR34268987,302,167
SRR34268988,302,136
SRR34268989,302,84
SRR34268990,302,82
SRR34268991,302,88
SRR34268992,302,139
SRR34268993,302,106
SRR34268994,302,157
SRR34268995,8099,925
SRR34268996,302,127
SRR34268997,9885,87
SRR34268998,302,86
SRR34268999,302,83
SRR34269000,302,84
SRR34269001,302,96
SRR34269002,302,129
SRR34269003,14154,1572
SRR34269004,302,225
SRR34269005,302,1074
SRR34269006,7999,1692
SRR34269007,300,513
SRR34269008,302,1568
SRR34269009,302,268
SRR34269010,302,468
SRR34269011,16509,605
SRR34269012,302,1144
SRR34269013,302,698
SRR34269014,302,744
SRR34269015,302,1077
SRR34269016,302,948
SRR34269018,302,731
SRR34269019,302,1094
SRR34269020,302,698
SRR34269021,302,400
SRR34269022,302,333
SRR34269023,302,1301
SRR34269024,302,922
SRR34269025,302,1384
SRR34269026,302,694
SRR34269027,302,1564
SRR34269029,302,1470
SRR34269030,302,1903
SRR34269031,302,960
SRR34269032,302,997
SRR34269033,300,344
SRR34269034,300,305
SRR34269035,300,511
SRR34269036,300,259
SRR34269037,8671,1399
SRR34269038,300,265
SRR34269039,300,346
SRR34269040,602,636
SRR34269041,602,271
SRR34269042,300,561
SRR34269044,300,738
SRR34269045,12274,259
SRR34269046,300,550
SRR34269047,300,542
SRR34269048,12232,196
SRR34269049,300,328
SRR34269050,12221,161
SRR34269051,300,378
SRR34269052,300,368
SRR34269053,602,650
SRR34269055,602,251
SRR34269056,602,569
SRR34269057,602,496
SRR34269058,602,415
SRR34269059,602,512
SRR34269060,14281,195
SRR34269062,602,73
SRR34269064,302,888
SRR34269065,300,373
SRR34269066,302,1745
SRR34269067,300,434
SRR34269068,300,416
SRR34269069,300,450
SRR34269070,300,485
SRR34269071,302,366
SRR34269072,302,1994
SRR34269073,302,2270
SRR34269074,7180,242
SRR34269075,300,336
SRR34269076,300,364
SRR34269077,302,2344
SRR34269078,302,1288
SRR34269079,302,2656
SRR34269080,302,1824
SRR34269081,302,3072
SRR34269082,302,95
SRR34269083,300,331
SRR34269084,12278,793
SRR34269085,291,326
SRR34269086,12199,2365
SRR34269087,302,793
SRR34269088,302,1179
SRR34269089,7415,1497
SRR34269090,302,1115
SRR34269091,302,1041
SRR34269092,8194,1274
SRR34269093,8009,2310
SRR34269094,302,1162
SRR34269110,8746,2537
SRR34269111,6736,2288
SRR34269112,302,521
SRR34269113,16374,415
SRR34269114,302,105
SRR34269115,302,270
SRR34269116,302,95
SRR34269117,302,1620
SRR34269118,302,1006
SRR34269119,302,69
SRR34269121,302,516
SRR34269122,302,992
SRR34269123,302,889
SRR34269124,302,2071
SRR34269125,302,1495
SRR34269126,302,1331
SRR34269127,302,419
SRR34269128,302,988
SRR34269129,302,579
SRR34269130,302,778
SRR34269131,302,844
SRR34269132,302,65
SRR34269133,302,111
SRR34269134,302,164
SRR34269135,302,368
SRR34269136,302,91
SRR34269137,302,206
SRR34269138,302,73
SRR34269139,302,731
SRR34269140,302,559
SRR34269141,302,123
SRR34269142,302,128
SRR34269143,302,174
SRR34269144,302,173
SRR34269145,302,130
SRR34269146,302,939
SRR34269147,14633,65
SRR34269148,300,530
SRR34271390,302,1768
SRR34770994,300,2501
SRR34770995,300,2474
SRR34770996,300,972
SRR34770997,300,752
SRR34770998,300,1735
SRR34770999,300,2528
SRR34771000,300,201
SRR34771001,300,397
SRR34771002,300,440
SRR34771003,300,539
SRR34771004,300,268
SRR34771005,300,403
SRR34771006,300,163
SRR34771007,300,999
SRR34771008,300,521
SRR34771009,300,729
SRR34771010,300,483
SRR34771011,300,494
SRR34771012,300,1374
SRR34771013,300,440
SRR34771014,300,1054
SRR34771015,300,618
SRR34771016,300,1549
SRR34771017,300,316
SRR34771018,300,688
SRR34771019,300,2310
SRR34771020,300,4910
SRR34771021,300,1525
SRR34771022,300,2798
SRR34771023,300,924
SRR34771024,300,1816
SRR34771025,300,1969
SRR34771026,300,820
SRR34771027,300,2618
SRR34876308,151,459
SRR34876309,151,472
SRR34876310,151,544
SRR34876311,151,414
SRR34876312,151,530
SRR34876313,151,517
SRR35166706,311,161
SRR35316737,302,1673
SRR35316738,302,1823
SRR35574686,190,646
SRR35574687,190,713
SRR35574688,184,504
SRR35574689,289,1116
SRR35574690,101,215
SRR35574691,101,181
SRR35574693,101,139
SRR35574694,101,160
SRR35833207,300,688
SRR35833208,300,712
SRR35833209,300,694
SRR35833210,300,697
SRR35833211,300,732
SRR35833212,300,702
SRR35900989,8165,109
SRR35945550,50,203
SRR35945551,50,191
SRR35945552,50,225
SRR35945553,151,261
SRR35945554,26,105
SRR35945555,25,108
SRR35957298,300,269
SRR35957369,300,269
SRR35957374,300,244
SRR35977999,186,79
SRR35978000,197,312
SRR36015946,301,1215
SRR36015947,301,2348
SRR36015948,301,1786
SRR36015949,301,1708
SRR36015950,301,1595
SRR36015951,301,1724
SRR36015952,301,1506
SRR36015953,301,2248
SRR36015954,301,1589
SRR36346574,299,342
SRR36346575,299,375
SRR36346576,299,341
SRR36346577,299,361
SRR36346578,299,360
SRR36346579,299,364
SRR36346580,299,325
SRR36346581,299,342
SRR36346582,299,354
SRR36346583,299,339
SRR36346584,299,375
SRR36346585,299,360
SRR36346586,299,304
SRR36366194,302,2820
SRR36366195,302,548
SRR36366196,302,548
SRR36366197,302,509
SRR36366198,302,352
SRR36366199,302,542
SRR36421857,302,570
SRR36421858,302,1148
SRR36421859,302,852
SRR36421860,302,582
SRR36421861,302,887
SRR36421862,302,868
SRR36421863,302,857
SRR36567574,485,293
SRR36760477,302,982
SRR36784750,302,382
SRR36784751,302,470
SRR36784752,299,423
SRR36784753,299,467
SRR36784754,299,421
SRR36784755,299,381
SRR36784756,298,397
SRR36784757,302,433
SRR36784758,299,429
SRR36784759,299,479
SRR36784760,298,394
SRR36784761,299,448
SRR36784762,299,431
SRR36784763,299,465
SRR36784764,299,424
SRR36784765,299,435
SRR36784766,299,460
SRR36784767,298,475
SRR36784768,302,402
SRR36784769,299,468
SRR36784770,299,485
SRR36784771,299,523
SRR36784772,299,465
SRR36784773,298,481
SRR36784774,299,446
SRR36784775,299,517
SRR36784776,299,498
SRR36784777,299,493
SRR36784778,299,478
SRR36784779,302,430
SRR36784780,298,531
SRR36784781,302,858
SRR36784782,302,434
SRR36784783,302,400
SRR36784784,302,461
SRR36784785,302,449
SRR36784786,302,668
SRR36784787,302,590
SRR36784788,302,423
SRR36784789,302,581
SRR36784790,302,548
SRR36784791,302,452
SRR36784792,302,249
SRR36784793,302,351
SRR36784794,302,312
SRR36784795,302,291
SRR36784796,302,385
SRR36784797,302,347
SRR36784798,302,329
SRR36784799,302,401
SRR36784800,302,363
SRR36784801,302,561
SRR36784802,302,385
SRR36784803,302,387
SRR36784804,302,384
SRR36784805,302,374
SRR36784806,302,392
SRR36784807,302,380
SRR36784808,302,351
SRR36784809,302,299
SRR36784810,302,440
SRR36784811,302,445
SRR36784812,302,736
SRR36784813,302,424
SRR36784814,302,446
SRR36784815,302,609
SRR36784816,302,508
SRR36784817,302,533
SRR36784818,302,406
SRR36784819,302,510
SRR36784820,302,416
SRR36784821,302,331
SRR36784822,302,372
SRR36784823,302,390
SRR36784824,302,397
SRR37059562,481,682
SRR37059563,476,690
SRR37069584,302,955
SRR3722275,149,279
SRR3722276,149,277
SRR3722277,149,283
SRR3722278,149,286
SRR3722279,149,238
SRR3722280,149,237
SRR3722281,149,241
SRR3722282,149,244
SRR37288787,6550,4331
SRR37647184,297,304
SRR37869518,282166,1
SRR39049127,35,47
SRR39049128,48,159
SRR39049129,56,252
SRR39049130,42,16
SRR39049131,46,13
SRR39049132,77,1481
SRR39049133,41,37
SRR39049134,40,8
SRR39049135,48,7
SRR39049136,38,20
SRR39049137,36,10
SRR39049138,43,20
SRR39049139,43,11
SRR39049140,42,50
SRR39049141,41,144
SRR39049142,38,15
SRR39049143,78,658
SRR39049144,78,764
SRR39049145,77,1130
SRR39049146,48,90
SRR39049147,36,32
SRR39049148,44,51
SRR39049149,34,8
SRR39049150,33,32
SRR39049151,35,29
SRR39049152,77,1712
SRR39049153,33,25
SRR39049154,39,121
SRR39049155,36,22
SRR39049156,37,36
SRR39049157,34,31
SRR39049158,77,1290
SRR39049159,37,13
SRR39049160,35,24
SRR39049161,37,15
SRR39049162,37,105
SRR39049163,41,34
SRR39049164,36,18
SRR39049165,34,33
SRR39049166,33,100
SRR39049167,59,152
SRR39049168,78,1418
SRR39049169,77,908
SRR39049170,78,860
SRR39049171,78,901
SRR39049172,78,945
SRR39049175,78,833
SRR39049176,78,822
SRR39049177,78,1170
SRR39049178,78,867
SRR39049179,78,1037
SRR39049180,77,1072
SRR39049181,78,806
SRR39049182,78,1158
SRR39049183,78,974
SRR39049184,78,708
SRR39049185,78,792
SRR39049186,78,837
SRR39049187,78,959
SRR39049188,78,886
SRR39049189,78,686
SRR39049190,78,774
SRR39049191,77,1100
SRR3950489,501,0
SRR3950490,501,1
SRR3950491,501,2
SRR3950492,501,0
SRR3950493,501,0
SRR3950494,501,0
SRR3950495,501,0
SRR3950496,501,0
SRR3950497,501,1
SRR3950498,501,0
SRR3950499,501,1
SRR3950500,501,1
SRR3950501,501,0
SRR3950502,501,1
SRR3950503,501,0
SRR3950504,501,1
SRR3950505,501,0
SRR3950506,501,1
SRR3950507,501,1
SRR3950508,501,0
SRR3950509,501,0
SRR3950510,501,0
SRR3950511,501,0
SRR3950512,501,0
SRR3950513,501,1
SRR3950514,501,0
SRR3950515,501,1
SRR3950516,501,2
SRR3950517,501,0
SRR3950518,501,0
SRR3950519,501,2
SRR3950520,500,1
SRR3950521,500,2
SRR3950522,500,1
SRR3950523,501,1
SRR3950524,501,2
SRR3950525,501,1
SRR3950526,501,0
SRR3950527,501,1
SRR3950528,501,0
SRR3950529,501,0
SRR3950530,501,1
SRR3950531,501,0
SRR3950532,501,1
SRR3950533,501,0
SRR3950534,500,0
SRR3950535,501,1
SRR3950536,500,0
SRR3950537,501,1
SRR3950538,501,0
SRR3950539,501,0
SRR3950540,501,0
SRR3950541,501,1
SRR3950542,501,0
SRR3950543,500,0
SRR3950544,501,2
SRR3950545,501,0
SRR3950546,501,1
SRR3950547,501,1
SRR3950548,501,1
SRR3950549,501,1
SRR3950550,501,1
SRR3950551,501,1
SRR3950552,501,0
SRR3950553,501,1
SRR3950554,501,0
SRR3950598,501,1
SRR3950642,501,0
SRR3950643,501,1
SRR3950644,501,0
SRR3950645,501,0
SRR3950646,501,0
SRR3950647,501,0
SRR3950648,501,0
SRR3950649,500,0
SRR3950650,501,1
SRR3950651,501,0
SRR3950652,501,0
SRR3950653,501,1
SRR3950654,501,1
SRR3950655,501,0
SRR3950656,501,1
SRR3950657,501,1
SRR3950658,501,1
SRR3950659,500,1
SRR3950660,500,0
SRR3950661,500,0
SRR3950662,501,0
SRR3950663,501,1
SRR3950664,501,0
SRR3950665,501,2
SRR3950666,501,0
SRR3950667,501,0
SRR3950668,500,0
SRR3950669,501,0
SRR3950670,501,1
SRR3950671,501,0
SRR3950672,501,0
SRR3950673,501,1
SRR3950674,501,0
SRR3950675,501,1
SRR3950676,501,1
SRR3950677,501,2
SRR3950678,501,1
SRR3950679,500,2
SRR3950680,500,1
SRR3950681,500,1
SRR3950689,501,1
SRR3950690,501,1
SRR3950691,501,1
SRR3950692,501,0
SRR3950693,501,0
SRR3950694,501,0
SRR3950697,501,0
SRR3950698,501,1
SRR3950699,501,1
SRR3950700,501,1
SRR3950701,501,1
SRR3950702,501,1
SRR3950703,501,0
SRR3950710,501,2
SRR3950711,501,1
SRR3950712,501,0
SRR3950713,501,1
SRR3950714,501,2
SRR3950715,501,1
SRR3950722,501,1
SRR3950723,501,0
SRR3950724,501,1
SRR3950725,501,1
SRR3950726,501,1
SRR3950727,501,4
SRR3950728,501,2
SRR3950729,501,2
SRR3950730,501,1
SRR3950731,501,1
SRR3950732,501,1
SRR3950733,501,3
SRR3950734,501,0
SRR3950735,501,1
SRR3950736,501,1
SRR3950737,501,0
SRR3950738,501,1
SRR3950739,501,2
SRR3950740,501,1
SRR3950741,501,1
SRR3950742,500,0
SRR3950743,501,3
SRR3950744,500,0
SRR3950745,501,0
SRR3950746,501,2
SRR3950747,501,0
SRR3950748,501,2
SRR3950749,501,5
SRR3950750,501,0
SRR3950751,501,1
SRR3950752,501,2
SRR3950753,501,0
SRR3950754,500,0
SRR3950755,500,1
SRR3950756,500,4
SRR3950757,501,1
SRR3950758,501,1
SRR3950759,501,0
SRR3950760,501,1
SRR3950761,501,1
SRR3950762,501,0
SRR3950763,501,1
SRR3950764,501,1
SRR3950765,501,1
SRR3950766,501,2
SRR3950767,501,2
SRR3950768,501,2
SRR3950769,501,0
SRR3950770,501,1
SRR3950771,501,2
SRR3950772,501,2
SRR3950773,501,1
SRR3950774,501,1
SRR3950775,501,0
SRR3950776,501,4
SRR3950777,501,1
SRR3950778,501,1
SRR3950779,501,1
SRR3950780,501,0
SRR3950781,501,0
SRR3950782,501,0
SRR3950783,501,0
SRR3950784,501,1
SRR3950785,501,0
SRR3950786,501,0
SRR3950787,501,0
SRR3950788,501,1
SRR3950789,501,2
SRR3950790,501,1
SRR3950791,501,1
SRR3950792,501,1
SRR3950793,501,1
SRR3950794,501,1
SRR3950795,501,1
SRR3950796,501,1
SRR3950797,501,1
SRR3950798,501,0
SRR3950799,501,0
SRR3950800,501,0
SRR3950801,501,1
SRR3950802,501,1
SRR3950803,501,2
SRR3950804,501,1
SRR3950805,501,1
SRR3950806,501,0
SRR3950807,501,0
SRR3950808,501,0
SRR3950809,501,0
SRR3950810,501,1
SRR3950811,501,0
SRR3950812,501,1
SRR3950813,501,2
SRR3950814,501,1
SRR3950815,501,1
SRR3950816,501,1
SRR3950817,501,1
SRR3950818,501,0
SRR3950819,501,1
SRR3950820,500,0
SRR3950821,501,0
SRR3950822,501,2
SRR3950823,501,0
SRR3950824,501,0
SRR3950825,501,0
SRR3950826,500,1
SRR3950827,500,1
SRR3950828,501,2
SRR3950829,501,1
SRR3950830,501,2
SRR3950831,500,1
SRR3950832,500,2
SRR3950833,500,1
SRR3950834,501,2
SRR3950835,501,1
SRR3950836,501,3
SRR3950837,501,1
SRR3950838,501,0
SRR3950839,501,1
SRR3950840,501,0
SRR3950841,501,0
SRR3950842,501,1
SRR3950843,501,1
SRR3950844,501,1
SRR3950845,501,1
SRR3950846,501,1
SRR3950847,501,0
SRR3950848,501,1
SRR3950849,501,0
SRR3950850,501,0
SRR3950851,501,1
SRR3950852,501,1
SRR3950853,501,1
SRR3950854,501,1
SRR3950855,501,3
SRR3950856,501,1
SRR3950857,501,0
SRR3950858,501,2
SRR3950859,501,2
SRR3950860,501,1
SRR3950861,501,2
SRR3950862,501,4
SRR3950863,501,1
SRR3950864,501,1
SRR3950865,501,1
SRR3950866,500,2
SRR3950867,501,1
SRR3950868,501,1
SRR3950869,501,2
SRR3950870,501,1
SRR3950871,501,0
SRR3950872,501,0
SRR3950873,501,0
SRR3950874,501,1
SRR3950875,501,1
SRR3950876,501,1
SRR3950877,501,1
SRR3950878,501,1
SRR3950879,501,1
SRR3950880,501,1
SRR3950881,501,0
SRR3950882,501,1
SRR3950883,501,0
SRR3950884,500,3
SRR3950885,500,3
SRR3950886,500,1
SRR3950887,501,3
SRR3950888,501,2
SRR3950889,501,2
SRR3950890,501,0
SRR3950891,501,0
SRR3950892,501,0
SRR3950893,501,0
SRR3950894,501,1
SRR3950895,501,1
SRR3950896,501,1
SRR3950897,500,1
SRR3950898,500,1
SRR3950899,500,0
SRR3950900,501,0
SRR39738004,483,244
SRR39738006,483,242
SRR39738007,482,232
SRR39738009,484,258
SRR39738010,482,250
SRR39738011,482,245
SRR39738014,482,306
SRR39738018,483,323
SRR39756567,300,592
SRR39756568,300,444
SRR39756569,300,486
SRR39756570,300,437
SRR39756571,300,552
SRR39756572,300,517
SRR39756573,300,581
SRR39756574,300,670
SRR39756575,300,489
SRR39756576,300,450
SRR39756577,300,481
SRR39756578,300,542
SRR39756579,300,716
SRR39756580,300,668
SRR39756581,300,513
SRR39756582,300,558
SRR39756583,300,505
SRR39756584,300,517
SRR39756585,300,538
SRR39756586,300,594
SRR39756587,300,473
SRR39756588,300,489
SRR39756589,300,477
SRR39756590,300,455
SRR39756591,300,549
SRR39756592,300,556
SRR39756593,300,489
SRR39756594,300,472
SRR39756595,300,386
SRR39756596,300,472
SRR39756597,300,489
SRR39756598,300,530
SRR39756599,300,395
SRR39756600,300,497
SRR39756601,300,541
SRR39756602,300,484
SRR39756603,300,366
SRR39756604,300,361
SRR39912300,300,928
SRR39912301,300,912
SRR39912302,300,919
SRR39912303,300,947
SRR39912304,300,925
SRR39912305,300,933
SRR39912306,300,919
SRR39912307,300,920
SRR39912308,300,935
SRR39912309,300,921
SRR39912310,300,921
SRR39912311,300,933
SRR39912312,300,915
SRR39912313,300,928
SRR39912314,300,920
SRR39912315,300,913
SRR39912316,300,920
SRR39912317,300,951
SRR39912318,300,939
SRR39912319,300,932
SRR39912320,300,918
SRR39912321,300,918
SRR39912322,300,924
SRR39912323,300,925
SRR39912324,300,924
SRR39912325,300,920
SRR39912326,300,917
SRR39912327,300,917
SRR39912328,300,920
SRR39912329,300,916
SRR39912330,300,915
SRR39912331,300,921
SRR39912332,300,925
SRR39912333,300,923
SRR40198574,284,221
SRR40804519,294,484
SRR40804520,294,260
SRR40804521,294,367
SRR40804522,294,195
SRR40804523,293,176
SRR40804524,292,145
SRR40804525,294,439
SRR40804526,292,440
SRR40804527,293,167
SRR40804528,274,165
SRR40804529,295,323
SRR40804530,294,334
SRR40804531,294,243
SRR40804532,294,246
SRR40804533,294,183
SRR40804534,294,156
SRR40804535,293,255
SRR40804536,293,159
SRR40804537,293,254
SRR40804538,293,248
SRR40804539,294,385
SRR40804540,295,302
SRR40804541,294,280
SRR40804542,293,202
SRR40804543,292,160
SRR40804544,289,297
SRR40804545,294,164
SRR40804546,297,397
SRR40804547,293,137
SRR40804548,292,732
SRR40804549,272,224
SRR40804550,293,296
SRR40804551,276,111
SRR40804552,294,243
SRR40804553,272,205
SRR40804554,294,558
SRR40804555,293,150
SRR40804556,293,195
SRR40804557,294,189
SRR40804558,294,282
SRR40804559,291,333
SRR40804560,294,176
SRR40804561,272,236
SRR40804562,270,287
SRR40804563,275,142
SRR40804564,292,446
SRR40804565,294,248
SRR40804566,294,196
SRR40804567,275,136
SRR40804568,293,245
SRR40804569,294,335
SRR40804570,292,630
SRR40804571,293,429
SRR40804572,274,179
SRR40804573,270,311
SRR40804574,294,230
SRR40804575,294,356
SRR40804576,293,248
SRR40804577,294,182
SRR40804578,294,318
SRR40804579,296,376
SRR40804580,293,351
SRR40804581,292,298
SRR40804582,297,385
SRR519063,102,1462
SRR5240059,101,1565
SRR5263984,602,94
SRR5263986,602,89
SRR5311698,424,232
SRR5311699,471,258
SRR5311700,442,161
SRR5311701,503,239
SRR5311702,517,292
SRR5311703,524,353
SRR5311704,520,339
SRR5311705,535,376
SRR5311706,533,278
SRR5311707,511,243
SRR5311708,506,194
SRR5311709,503,283
SRR5311710,521,348
SRR5311711,525,375
SRR5311712,531,397
SRR5311713,532,275
SRR5311714,481,292
SRR5311715,481,339
SRR5311716,531,189
SRR5311717,443,282
SRR5311718,493,253
SRR5311719,519,185
SRR5311720,514,208
SRR5311721,502,411
SRR5311722,557,212
SRR5311723,499,292
SRR5311724,503,224
SRR5311725,522,203
SRR5311726,503,223
SRR5311727,517,345
SRR5590235,476,682
SRR5590236,442,232
SRR5590237,484,810
SRR5642376,300,372
SRR5663661,150,4007
SRR5663662,150,3639
SRR5663663,150,4696
SRR5663664,150,3648
SRR5663665,150,3956
SRR5663671,148,3460
SRR5663672,150,4201
SRR5663673,150,8509
SRR5663674,150,4422
SRR5724636,202,1856
SRR5724637,202,1512
SRR5724638,202,1632
SRR5724639,202,1758
SRR5724640,202,1638
SRR5724641,202,1610
SRR5724642,202,1459
SRR5724643,202,1677
SRR5724644,202,1423
SRR5724645,202,1521
SRR5724646,202,1484
SRR5724647,202,1633
SRR5786563,212,13387
SRR5786564,252,8913
SRR5786565,212,7373
SRR5786566,212,11733
SRR5786567,212,10621
SRR5786568,252,9150
SRR5786569,252,4040
SRR5786570,252,6206
SRR5786571,252,5497
SRR5786572,252,5463
SRR5786573,252,8179
SRR5786574,212,8537
SRR5786575,252,7447
SRR5786576,252,9091
SRR5786577,232,7573
SRR5786578,252,9649
SRR5786579,252,5205
SRR5786580,252,4392
SRR5786581,252,4489
SRR5786582,252,4247
SRR5786583,212,10830
SRR5786584,252,6613
SRR5786585,252,4820
SRR5786586,252,5488
SRR6164093,286,182
SRR6164094,283,180
SRR6164095,295,173
SRR6164096,273,1124
SRR6164097,294,121
SRR6164098,296,137
SRR6164099,295,259
SRR6164100,289,104
SRR6164101,396,715
SRR6164102,225,1268
SRR6164103,598,180
SRR6164104,597,103
SRR6164105,597,140
SRR6164106,592,98
SRR6164107,595,137
SRR6164108,597,178
SRR6164109,587,152
SRR6164110,596,106
SRR6164111,597,193
SRR6164112,597,195
SRR6164113,596,69
SRR6164114,597,61
SRR6164115,589,40
SRR6164116,597,313
SRR6164117,596,238
SRR6164118,585,14
SRR6164119,597,5
SRR6164120,594,43
SRR6164121,595,69
SRR6164122,598,88
SRR6164123,296,43
SRR6164124,297,101
SRR6164125,599,138
SRR6164126,298,197
SRR6164127,598,125
SRR6164128,299,110
SRR6164129,299,108
SRR6164130,597,91
SRR6164131,296,416
SRR6164132,296,173
SRR6164133,596,313
SRR6164134,598,265
SRR6164135,590,172
SRR6164136,597,771
SRR6164137,597,397
SRR6164138,591,76
SRR6164139,595,180
SRR6164140,597,229
SRR6164141,597,25
SRR6164142,596,126
SRR6164143,597,49
SRR6164144,597,71
SRR6164145,590,65
SRR6164146,596,64
SRR6164147,596,40
SRR6164148,593,31
SRR6164149,595,49
SRR6164150,585,49
SRR6164151,596,54
SRR6164152,596,20
SRR6164153,397,723
SRR6164154,589,678
SRR6164155,299,136
SRR6164156,598,60
SRR6164157,593,219
SRR6164158,598,133
SRR6164159,299,211
SRR6164160,599,96
SRR6164161,588,32
SRR6164162,298,209
SRR6164163,297,41
SRR6164164,299,84
SRR6164165,299,80
SRR6164166,598,118
SRR6164167,297,121
SRR6164168,298,141
SRR6164169,599,148
SRR6164170,297,218
SRR6164171,599,106
SRR6164172,299,188
SRR6164173,599,130
SRR6164174,298,196
SRR6164175,596,77
SRR6164176,597,91
SRR6164177,298,26
SRR6164178,299,45
SRR6164179,588,332
SRR6164180,598,82
SRR6164181,298,250
SRR6164182,599,110
SRR6164183,298,142
SRR6164184,299,161
SRR6164185,599,93
SRR6164186,598,147
SRR6164187,598,79
SRR6164188,598,94
SRR6164189,300,185
SRR6164190,599,105
SRR6164191,266,425
SRR6164192,590,784
SRR6164193,589,1005
SRR6164194,298,229
SRR6164195,598,103
SRR6164196,294,272
SRR6164197,598,93
SRR6164198,299,180
SRR6164199,598,146
SRR6164200,589,352
SRR6164201,593,411
SRR6164203,598,105
SRR6164204,589,337
SRR6164205,295,217
SRR6164206,597,175
SRR6164207,597,166
SRR6164208,590,782
SRR6164209,590,741
SRR6164210,590,809
SRR6164211,599,123
SRR6164212,598,102
SRR6164213,596,161
SRR6483187,98,86
SRR6483188,98,67
SRR6483189,99,81
SRR6483190,99,74
SRR6483191,99,82
SRR6483192,98,88
SRR8049252,180,47
SRR8049253,299,50
SRR8049254,299,95
SRR8049255,102,7
SRR8049256,211,99
SRR8049257,91,5
SRR8049258,108,5
SRR8049259,116,4
SRR8049260,198,69
SRR8049261,300,99
SRR8049262,299,78
SRR8049263,299,55
SRR8049264,299,80
SRR8049265,299,77
SRR8049266,299,86
SRR8049267,298,79
SRR8049268,299,40
SRR8049269,300,103
SRR8049270,298,141
SRR8049271,300,97
SRR8049272,299,90
SRR8049273,299,2
SRR8049274,299,230
SRR8049275,299,380
SRR8049276,299,109
SRR8049277,299,77
SRR8049278,299,41
SRR8049279,298,206
SRR8049280,299,64
SRR8049281,299,1
SRR8049282,299,0
SRR8049283,298,80
SRR8049284,299,114
SRR8049285,298,66
SRR8049286,290,14
SRR8049287,299,81
SRR8049288,139,25
SRR8049289,96,6
SRR8049290,107,9
SRR8049291,151,15
SRR8049292,299,491
SRR8049293,214,72
SRR8049294,116,6
SRR8049295,72,4
SRR8049296,186,77
SRR8049297,182,34
SRR8182768,602,196
SRR8182769,602,274
SRR8182770,602,203
SRR8182771,602,149
SRR8182772,602,199
SRR8182773,602,204
SRR8182774,602,263
SRR8182775,602,255
SRR8182776,602,250
SRR8182777,602,276
SRR8182778,602,253
SRR8182779,602,202
SRR8182780,602,207
SRR8182781,602,255
SRR8182782,602,206
SRR8182783,602,335
SRR8182784,602,183
SRR8182785,602,178
SRR8182786,602,256
SRR8182787,602,222
SRR8182788,602,193
SRR8182789,602,213
SRR8182790,602,258
SRR8182791,602,305
SRR8182792,602,233
SRR8182793,602,210
SRR8182794,602,103
SRR8182795,602,172
SRR8182796,602,259
SRR8182797,602,158
SRR8309551,51,266
SRR8309814,51,278
SRR8309815,51,258
SRR8309816,51,259
SRR8309818,51,152
SRR8309819,51,244
SRR8309820,51,169
SRR8309822,51,211
SRR8309827,51,306
SRR8351319,152,95
SRR8351320,152,109
SRR8351321,152,92
SRR8351322,152,102
SRR8351323,152,110
SRR8351324,152,94
SRR8351325,152,109
SRR8351326,152,115
SRR8351327,152,109
SRR8351329,152,107
SRR8351330,152,105
SRR8351331,152,90
SRR8400045,17773,4229
SRR8400048,14412,4941
SRR8510690,210,281
SRR8586093,8668,616
SRR8586094,300,691
SRR8612770,540,129
SRR8612773,515,114
SRR8612774,544,120
SRR8612786,524,113
SRR8612787,527,120
SRR8612788,532,120
SRR8612789,533,147
SRR8612790,539,129
SRR8612791,530,126
SRR8612792,530,125
SRR8612793,522,113
SRR8612794,527,122
SRR8612795,522,127
SRR8612802,545,165
SRR8612803,515,104
SRR8612804,549,214
SRR8612805,536,173
SRR8612806,544,166
SRR8612807,539,211
SRR8612809,533,153
SRR8612811,534,93
SRR8612812,536,145
SRR8612813,516,135
SRR8612814,534,134
SRR8612815,540,114
SRR8612816,543,105
SRR8612818,530,102
SRR8612822,541,141
SRR8612828,521,113
SRR8612829,539,142
SRR8612831,506,91
SRR8612832,498,99
SRR8612833,519,178
SRR8612834,546,122
SRR8612835,530,107
SRR8612838,544,114
SRR8612853,524,107
SRR8612854,529,131
SRR8612855,530,131
SRR8612856,538,141
SRR8612857,535,137
SRR8612858,538,136
SRR8612859,530,110
SRR8612860,540,139
SRR8612861,538,131
SRR8612862,523,129
SRR8612868,575,189
SRR8612869,562,135
SRR8612870,543,93
SRR8612871,535,118
SRR8612872,554,95
SRR8612873,527,113
SRR8612877,541,91
SRR8612878,551,111
SRR8612892,536,117
SRR8612894,571,149
SRR8612895,535,108
SRR8612896,540,156
SRR8612897,553,131
SRR8612898,545,121
SRR8612913,526,103
SRR8612914,537,109
SRR8612915,544,105
SRR8612916,529,113
SRR8612917,533,91
SRR8612918,529,87
SRR8612919,544,119
SRR8612920,533,93
SRR8737283,479,144
SRR8737372,565,99
SRR8737505,496,355
SRR8737506,471,145
SRR8737507,495,270
SRR8737545,492,363
SRR8737632,492,350
SRR8737633,467,122
SRR8737634,482,169
SRR8775050,300,780
SRR8775051,300,1098
SRR8775052,300,642
SRR8775053,300,750
SRR8775054,300,1037
SRR8775055,300,919
SRR8775056,300,727
SRR8775057,300,883
SRR8775058,300,345
SRR8775059,300,465
SRR8775060,300,727
SRR8775061,300,672
SRR8775062,300,664
SRR8775063,300,1016
SRR8775064,300,1181
SRR8775065,300,589
SRR8775066,300,689
SRR8907310,50,828
SRR8907311,50,120
SRR8907312,50,730
SRR8907313,50,124
SRR8907314,50,1455
SRR8907315,50,186
SRR8907316,50,1350
SRR8907317,50,178
SRR8907318,50,1479
SRR8907319,50,199
SRR8907326,50,554
SRR8907327,50,1034
SRR8907330,50,871
SRR8907331,50,611
SRR8907340,50,337
SRR8907341,50,445
SRR8907342,50,434
SRR8907343,50,482
SRR8907344,50,346
SRR8907345,50,808
SRR8907346,50,436
SRR8907347,50,601
SRR8907348,50,392
SRR8907349,50,581
SRR8907356,60,1078
SRR8907357,60,1147
SRR8907364,50,598
SRR8907365,50,718
SRR8907372,50,113
SRR8907373,50,536
SRR8907386,50,396
SRR8907387,50,523
SRR8907392,50,558
SRR8907393,50,283
SRR8942449,298,177
SRR8942450,298,96
SRR8942451,298,325
SRR8942452,298,303
SRR8942453,298,296
SRR8942454,298,490
SRR8942455,299,209
SRR8942456,299,121
SRR8942457,298,244
SRR8942458,298,72
SRR8942459,298,172
SRR8942460,298,430
SRR8942461,298,233
SRR8942462,298,505
SRR8942463,298,301
SRR8942464,298,732
SRR8942465,298,411
SRR8942466,298,333
SRR8942467,298,200
SRR8942468,298,171
SRR8942469,298,141
SRR8942470,298,328
SRR8942471,298,174
SRR8942472,298,338
SRR8942473,298,258
SRR8942474,298,168
SRR8942475,298,531
SRR8942476,298,319
SRR8942477,298,196
SRR8942478,299,357
SRR8942479,298,178
SRR8942480,298,258
SRR8942481,298,241
SRR8942482,298,73
SRR8942483,298,561
SRR8942484,298,288
SRR8942485,298,253
SRR8942486,298,169
SRR8942487,298,118
SRR8942488,298,395
SRR8942489,298,353
SRR8942490,298,155
SRR8942491,298,113
SRR8942492,298,431
SRR8942493,298,457
SRR8942494,298,53
SRR8942495,298,237
SRR8942496,298,259
SRR8942497,298,42
SRR8942498,298,145
SRR8942499,298,433
SRR8942500,298,179
SRR8942501,298,302
SRR8942502,298,829
SRR8942503,298,658
SRR8942504,298,15
SRR8942505,298,187
SRR8942506,298,260
SRR8942507,298,468
SRR8942508,298,198
SRR8942509,298,132
SRR8942510,298,107
SRR8942511,298,173
SRR8942512,298,180
SRR8942513,298,673
SRR8942514,298,222
SRR8942515,298,561
SRR8942516,298,87
SRR8942517,298,164
SRR8942518,298,551
SRR8942519,298,375
SRR8942520,298,500
SRR8942521,298,353
SRR8942522,298,226
SRR8942523,298,201
SRR8942524,298,92
SRR8942525,298,819
SRR8942526,298,131
SRR8942527,298,144
SRR8942528,298,504
SRR8942529,298,196
SRR8942530,298,110
SRR8942531,298,349
SRR8942532,298,118
SRR8942533,298,147
SRR8942534,298,79
SRR8942535,298,132
SRR8942536,298,126
SRR8942537,298,300
SRR8942538,298,370
SRR8942539,298,406
SRR8942540,298,197
SRR8942541,298,577
SRR8942542,298,318
SRR8942543,298,78
SRR8942544,298,166
SRR8942545,298,188
SRR8942546,298,42
SRR8942547,298,397
SRR8942548,298,352
SRR8942549,298,427
SRR8942550,298,161
SRR8942551,298,50
SRR8942552,298,561
SRR8942553,298,856
SRR8942554,298,192
SRR8942555,298,13
SRR8942556,298,293
SRR8942557,298,199
SRR8942558,298,607
SRR8942559,298,213
SRR8942560,298,236
SRR8942561,298,134
SRR8942562,298,452
SRR8942563,298,658
SRR8942564,298,733
SRR8942565,298,510
SRR8942566,298,87
SRR8942567,298,222
SRR8942568,298,330
SRR8994074,389,44
SRR8994075,385,26
SRR9031852,600,339
SRR9031853,600,347
SRR9031854,600,362
SRR9031855,600,351
SRR9031856,600,353
SRR9031857,600,351
SRR9642598,148,464
SRR9642599,148,534
SRR9642600,148,384
SRR9642601,148,483
SRR9642602,148,523
SRR9642603,148,600
SRR9642604,148,469
SRR9642605,148,558
SRR9642606,148,483
SRR9642607,148,465
SRR9642608,148,559
SRR9642609,148,677
SRR9642610,148,621
SRR9642611,148,354
SRR9670642,252,2016
SRR9670643,252,496
SRR9670644,252,820
SRR9673757,252,608
SRR9673758,252,656
SRR9673759,252,1459
SRR9673761,252,580
SRR9673762,252,1044
SRR9673764,252,836
SRR9673765,252,1188
SRR9677363,51,154
SRR9677364,51,298
SRR9677365,51,189
SRR9677443,51,169
SRR9677444,51,258
SRR9824487,299,207
SRR9824488,299,122
SRR9824489,299,188
SRR9824490,299,308
SRR9824491,299,170
SRR9824492,299,74
SRR9824493,299,99
SRR9824494,299,74
SRR9824495,299,90
SRR9824496,299,264
SRR9824497,299,193
SRR9824498,299,82
SRR9824499,299,262
SRR9824500,299,183
SRR9824501,299,177
SRR9824502,299,207
SRR9824503,299,100
SRR9824504,299,201
SRR9824505,299,107
SRR9824506,299,121
SRR9824507,299,235
SRR9824508,299,682
SRR9824509,299,770
SRR9824510,299,317
SRR9824511,299,187
SRR9824512,299,182
SRR9824513,299,513
SRR9824514,299,456
SRR9824515,299,169
SRR9824516,299,209
SRR9824517,299,256
SRR9824518,299,150
SRR9824519,299,194
SRR9824520,299,298
SRR9824521,299,351
SRR9824522,299,321
SRR9824523,299,173
SRR9824524,299,278
SRR9824525,299,179
SRR9824526,299,638
SRR9824527,299,103
SRR9824528,299,175
SRR9824529,299,259
SRR9824530,299,124
SRR9824531,299,186
SRR9824532,299,214
SRR9824533,299,166
SRR9824534,299,155
SRR9824535,299,1038
SRR9824536,299,344
SRR9824537,299,485
SRR9824538,299,122
SRR9824539,299,94
SRR9824540,299,580
SRR9824541,299,474
SRR9824542,299,141
SRR9824543,299,203
SRR9824544,299,97
SRR9824545,299,217
SRR9824546,299,518
SRR9824547,299,105
SRR9824548,299,268
SRR9824549,299,505
SRR9824550,299,264
SRR9824551,299,124
SRR9824552,299,315
SRR9824553,299,123
SRR9824554,299,206
SRR9824555,299,557
SRR9824556,299,313
SRR9824557,299,567
SRR9824558,299,346
SRR9824559,299,408
SRR9824560,299,349
SRR9824561,299,477
SRR9824562,299,467
SRR9824563,299,434
SRR9824564,299,395
SRR9824565,299,465
SRR9824566,299,606
SRR9824567,299,157
SRR9824568,299,173
SRR9824569,299,228
SRR9824570,299,221
SRR9824571,299,178
SRR9824572,299,309
SRR9824573,299,372
SRR9824574,299,443
SRR9824575,299,606
SRR9824576,299,1623
SRR9824577,299,377
SRR9824578,299,159
SRR9824579,299,154
SRR9824580,299,227
SRR9824581,299,109
SRR9824582,299,117
SRR9824583,299,295
SRR9824584,299,380
SRR9824585,299,315
SRR9824586,299,145
SRR9824587,299,91
SRR9824588,299,321
SRR9824589,299,189
SRR9824590,299,660
SRR9824591,299,104
SRR9824592,299,240
SRR9824593,299,533
SRR9824594,299,509
SRR9824595,299,617
SRR9824596,299,123
SRR9824597,299,189
SRR9824598,299,703
SRR9824599,299,892
SRR9824600,299,434
SRR9824601,299,857
SRR9824602,299,691
SRR9824603,299,405
SRR9824604,299,181
SRR9824605,299,413
SRR9824606,299,182
SRR9824607,299,250
SRR9824608,299,401
SRR9824609,299,198
SRR9824610,299,361
SRR9824611,299,214
SRR9824612,299,249
SRR9824613,299,243
SRR9824614,299,128
SRR9824615,299,529
SRR9824616,299,242
SRR9824617,299,312
SRR9824618,299,485
SRR9824619,299,106
SRR9824620,299,242
SRR9824621,299,283
SRR9824622,299,409
SRR9824623,299,118
SRR9824624,299,222
SRR9824625,299,169
SRR9824626,299,309
SRR9824627,299,494
SRR9824628,299,332
SRR9824629,299,920
SRR9824630,299,141
SRR9824631,299,529
SRR9824632,299,462
SRR9824633,299,254
SRR9824634,299,611
SRR9824635,299,139
SRR9824636,299,162
SRR9824637,299,164
SRR9824638,299,135
SRR9824639,299,84
SRR9824640,299,208
SRR9824641,299,313
SRR9824642,299,300
SRR9824643,299,201
SRR9824644,299,315
SRR9824645,299,235
SRR9824646,299,287
SRR9824647,299,468
SRR9824648,299,136
SRR9824649,299,112
SRR9824650,299,515
SRR9824651,299,494
SRR9824652,299,526
SRR9824653,299,1172
SRR9824654,299,166
SRR9824655,299,661
SRR9824656,299,596
SRR9824657,299,301
SRR9824658,299,464
SRR9824659,299,140
SRR9824660,299,302
SRR9824661,299,491
SRR9824662,299,82
SRR9824663,299,271
SRR9824664,299,457
SRR9824665,299,191
SRR9824666,299,203
SRR9824667,299,278
SRR9824668,299,158
SRR9824669,299,169
SRR9824670,299,474
SRR9824671,299,536
SRR9824672,299,421
SRR9824673,299,341
SRR9824674,299,77
SRR9824675,299,133
SRR9824676,299,169
SRR9824677,299,224
SRR9824678,299,301
SRR9824679,299,272
SRR9824680,299,187
SRR9824681,299,254
SRR9824682,299,256
SRR9824683,299,339
SRR9824684,299,119
SRR9824685,299,135
SRR9824686,299,120
SRR9824687,299,152
SRR9824688,299,183
SRR9824689,299,161
SRR9824690,299,163
SRR9824691,299,108
SRR9824692,299,169
SRR9824693,299,570
SRR9824694,299,612
SRR9824695,299,650
SRR9824696,299,190
SRR9824697,299,530
SRR9824698,299,580
SRR9824699,299,769
SRR9824700,299,346
SRR9824701,299,1227
SRR9824702,299,235
SRR9824703,299,609
SRR9824704,299,169
SRR9824705,299,296
SRR9824706,299,221
SRR9824707,299,223
SRR9824708,299,150
SRR9824709,299,170
SRR9824710,299,169
SRR9824711,299,170
SRR9824712,299,200
SRR9824713,299,167
SRR9824714,299,213
SRR9824715,299,186
SRR9824716,299,156
SRR9824717,299,294
SRR9824718,299,197
SRR9824719,299,164
SRR9824720,299,249
SRR9824721,299,305
SRR9824722,299,178
SRR9824723,299,416
SRR9824724,299,659
SRR9824725,299,698
SRR9824726,299,286
SRR9824727,299,881
SRR9824728,299,521
SRR9824729,299,537
SRR9824730,299,488
SRR9824731,299,127
SRR9824732,299,125
SRR9824733,299,297
SRR9824734,299,1273
SRR9824735,299,635
SRR9824736,299,358
SRR9824737,299,164
SRR9824738,299,196
SRR9824739,299,240
SRR9824740,299,184
SRR9824741,299,103
SRR9824742,299,442
SRR9824743,299,453
SRR9824744,299,74
SRR9824745,299,118
SRR9824746,299,179
SRR9824747,299,161
SRR9824748,299,169
SRR9824749,299,167
SRR9824750,299,370
SRR9824751,299,517
SRR9824752,299,584
SRR9824753,299,547
SRR9824754,299,661
SRR9824755,299,268
SRR9824756,299,254
SRR9824757,299,244
SRR9824758,299,210
SRR9824759,299,228
SRR9824760,299,198
SRR9824761,299,118
SRR9824762,299,243
SRR9824763,299,438
SRR9824764,299,229
SRR9824765,299,201
SRR9824766,299,352
SRR9824767,299,175
SRR9824768,299,247
SRR9824769,299,300
SRR9824770,299,175
SRR9824771,299,260
SRR9824772,299,290
SRR9824773,299,217
SRR9824774,299,250
SRR9824775,299,167
SRR9824776,299,242
SRR9824777,299,212
SRR9824778,299,175
SRR9824779,299,294
SRR9824780,299,359
SRR9824781,299,128
SRR9824782,299,514
SRR9824783,299,276
SRR9824784,299,630
SRR9824785,299,743
SRR9824786,299,1445
SRR9824787,299,164
SRR9824788,299,197
SRR9824789,299,288
SRR9824790,299,176
SRR9824791,299,149
SRR9824792,299,163
SRR9824793,299,171
SRR9824794,299,276
SRR9824795,299,213
SRR9824796,299,202
SRR9824797,299,217
SRR9824798,299,194
SRR9824799,299,161
SRR9824800,299,215
SRR9824801,299,324
SRR9824802,299,324
SRR9824803,299,120
SRR9824804,299,249
SRR9824805,299,520
SRR9824806,299,577
SRR9824807,299,320
SRR9824808,299,121
SRR9824809,299,122
SRR9824810,299,118
SRR9824811,299,991
SRR9824812,299,667
SRR9824813,299,145
SRR9824814,299,743
SRR9824815,299,582
SRR9824816,299,443
SRR9824817,299,661
SRR9824818,299,84
SRR9824819,299,412
SRR9824820,299,832
SRR9824821,299,1101
SRR9824822,299,982
SRR9824823,299,459
SRR9824824,299,817
SRR9824825,299,557
SRR9824826,299,432
SRR9824827,299,287
SRR9824828,299,804
SRR9824829,299,608
SRR9824830,299,316
SRR9824831,299,809
SRR9824832,299,447
SRR9824833,299,89
SRR9824834,299,113
SRR9824835,299,184
SRR9824836,299,348
SRR9824837,299,185
SRR9824838,299,218
SRR9824839,299,150
SRR9824840,299,160
SRR9824841,299,159
SRR9824842,299,115
SRR9824843,299,185
SRR9824844,299,133
SRR9824845,299,355
SRR9824846,299,535
SRR9824847,299,203
SRR9824848,299,219
SRR9824849,299,281
SRR9824850,299,150
SRR9824851,299,208
SRR9824852,299,385
SRR9824853,299,173
SRR9824854,299,272
SRR9824855,299,234
SRR9824856,299,154
SRR9824857,299,157
SRR9824858,299,178
SRR9824859,299,142
SRR9824860,299,195
SRR9824861,299,175
SRR9824862,299,159
SRR9824863,299,266
SRR9824864,299,123
SRR9824865,299,1199
SRR9824866,299,499
SRR9824867,299,240
SRR9824868,299,178
SRR9824869,299,229
SRR9824870,299,294
SRR9824871,299,204
SRR9824872,299,172
SRR9824873,299,333
SRR9824874,299,284
SRR9824875,299,243
SRR9824876,299,190
SRR9824877,299,226
SRR9824878,299,125
SRR9824879,299,203
SRR9824880,299,172
SRR9824881,299,346
SRR9824882,299,118
SRR9824883,299,102
SRR9824884,299,220
SRR9824885,299,162
SRR9824886,299,107
SRR9824887,299,163
SRR9824888,299,118
SRR9824889,299,148
SRR9824890,299,127
SRR9824891,299,124
SRR9824892,299,427
SRR9824893,299,590
SRR9824894,299,537
SRR9824895,299,500
SRR9824896,299,482
SRR9824897,299,831
SRR9824898,299,613
SRR9824899,299,603
SRR9824900,299,593
SRR9824901,299,282
SRR9824902,299,417
SRR9824903,299,530
SRR9824904,299,923
SRR9824905,299,589
SRR9824906,299,595
SRR9824907,299,246
SRR9824908,299,227
SRR9824909,299,190
SRR9824910,299,180
SRR9824911,299,143
SRR9824912,299,234
SRR9824913,299,216
SRR9824914,299,236
SRR9824915,299,211
SRR9824916,299,245
SRR9824917,299,264
SRR9824918,299,177
SRR9824919,299,185
SRR9824920,299,223
SRR9824921,299,173
SRR9841424,288,205
SRR9841425,10169,961
SRR9889983,194,113
SRR9918406,299,258
SRR9918407,299,350
SRR9918408,299,296
SRR9918409,299,231
SRR9918410,299,202
SRR9918411,299,222
SRR9918412,299,248
SRR9918413,299,113
SRR9918414,299,441
SRR9918415,299,196
SRR9918416,299,266
SRR9918417,299,295
SRR9918418,299,257
SRR9918419,299,247
SRR9918420,299,336
SRR9918421,299,296
SRR9918422,299,186
SRR9918423,299,378
SRR9918424,299,163
SRR9918425,299,250
SRR9918426,299,360
SRR9918427,299,142
SRR9918428,299,175
SRR9918429,299,223
SRR9918430,299,259
SRR9918431,299,322
SRR9918432,299,273
SRR9918433,299,323
SRR9918434,299,416
SRR9918435,299,376
SRR9918436,299,407
SRR9918437,299,476
SRR9918438,299,436
SRR9918439,299,349
SRR9918440,299,277
SRR9918441,299,176
SRR9918442,299,419
SRR9918443,299,370
SRR9918444,299,338
SRR9918445,299,159
SRR9918446,299,229
SRR9918447,299,417
SRR9918448,299,1014
SRR9918449,299,460
SRR9918450,299,212
SRR9918451,299,310
SRR9918452,299,219
SRR9918453,299,560
SRR9918454,299,343
SRR9918455,299,306
SRR9918456,299,265
SRR9918457,299,547
SRR9918458,299,264
SRR9918459,299,351
SRR9918460,299,584
SRR9918461,299,549
SRR9918462,299,145
SRR9918463,299,401
SRR9918464,299,580
SRR9918465,299,515
SRR9918466,299,135
SRR9918467,299,334
SRR9918468,299,208
SRR9918469,299,278
SRR9918470,299,330
SRR9918471,299,230
SRR9918472,299,234
SRR9918473,299,371
SRR9918474,299,272
SRR9918475,299,122
SRR9918476,299,214
SRR9918477,299,297
SRR9918478,299,119
SRR9918479,299,148
SRR9918480,299,244
SRR9918481,299,238
SRR9918482,299,331
SRR9918483,299,125
SRR9918484,299,239
SRR9918485,299,197
SRR9918486,299,84
SRR9918487,299,154
SRR9918488,299,352
SRR9918489,299,395
SRR9918490,299,155
SRR9918491,299,415
SRR9918492,299,89
SRR9918493,299,548
SRR9918494,299,222
SRR9918495,299,307
SRR9918496,299,264
SRR9918497,299,244
SRR9918498,299,203
SRR9918499,299,211
SRR9918500,299,186
SRR9918501,299,478
SRR9918502,299,441
SRR9918503,294,307
SRR9918504,296,284
SRR9918505,299,291
SRR9918506,299,106
SRR9918507,299,342
SRR9918508,299,422
SRR9918509,299,205
SRR9918510,299,1073
SRR9918511,299,219
SRR9918512,299,338
SRR9918513,299,347
SRR9918514,299,408
SRR9918515,299,163
SRR9918516,299,311
SRR9918517,299,216
SRR9918518,299,387
SRR9918519,299,402
SRR9918520,299,355
SRR9918521,299,260
SRR9918522,299,328
SRR9918523,299,278
SRR9918524,299,267
SRR9918525,299,166
SRR9918526,299,181
SRR9918527,299,221
SRR9918528,299,168
SRR9918529,299,289
SRR9918530,299,330
SRR9918531,299,353
SRR9918532,299,390
SRR9918533,299,121
SRR9918534,299,147
SRR9918535,299,321
SRR9918536,299,233
SRR9918537,299,267
SRR9918538,299,203
SRR9918539,299,311
SRR9918540,299,137
SRR9918541,299,387
SRR9918542,299,172
SRR9918543,299,254
SRR9918544,299,337
SRR9918545,299,231
SRR9918546,299,217
SRR9918547,299,221
SRR9918548,299,205
SRR9918549,299,178
SRR9918550,299,281
SRR9918551,299,527
SRR9918552,299,324
SRR9918553,299,269
SRR9918554,299,224
SRR9918555,299,224
SRR9918556,299,249
SRR9918557,299,486
SRR9918558,299,296
SRR9918559,299,184
SRR9918560,299,131
SRR9918561,299,89
SRR9918562,299,364
SRR9918563,299,146
SRR9918564,299,123
SRR9918565,299,273
SRR9918566,299,298
SRR9918567,299,415
SRR9918568,299,279
SRR9918569,299,482
SRR9918570,299,322
SRR9918571,299,225
SRR9918572,299,205
SRR9918573,299,170
SRR9918574,299,87
SRR9918575,299,147
SRR9918576,299,156
SRR9918577,299,345
SRR9918578,299,160
SRR9918579,299,108
SRR9918580,299,295
SRR9918581,299,261
SRR9918582,299,184
SRR9918583,299,287
SRR9918584,299,326
SRR9918585,299,244
SRR9918586,299,150
SRR9918587,299,404
SRR9918588,299,176
SRR9918589,299,197
SRR9918590,299,237
SRR9918591,299,358
SRR9918592,299,328
SRR9918593,299,259
SRR9918594,299,153
SRR9918595,299,355
SRR9918596,299,244
SRR9918597,299,368
SRR9918598,299,186
SRR9918599,299,170
SRR9918600,299,300
SRR9918601,299,325
SRR9918602,299,354
SRR9918603,299,272
SRR9918604,299,214
SRR9918605,299,379
SRR9918606,299,329
SRR9918607,299,306
SRR9918608,299,284
SRR9918609,299,297
SRR9918610,299,241
SRR9918611,299,334
SRR9918612,299,254
SRR9918613,299,432
SRR9918614,299,177
SRR9918615,299,182
SRR9918616,299,187
SRR9918617,299,496
SRR9918618,299,519
SRR9918619,299,232
SRR9918620,296,71
SRR9918621,290,136
SRR9918622,299,229
SRR9918623,299,196
SRR9918624,299,230
SRR9918625,299,161
SRR9918626,299,272
SRR9918627,299,217
SRR9918628,299,245
SRR9918629,299,225
SRR9918630,299,208
SRR9918631,299,173
SRR9918632,299,151
SRR9918633,299,315
SRR9918634,299,240
SRR9918635,299,412
SRR9918636,299,337
SRR9918637,299,110
SRR9918638,291,543
SRR9918639,293,109
SRR9918640,295,685
SRR9918641,295,507
SRR9918642,294,269
SRR9918643,295,943
SRR9918644,295,275
SRR9918645,289,228
SRR9918646,299,142
SRR9918647,299,438
SRR9918648,299,440
SRR9918649,299,337
SRR9918650,299,361
SRR9918651,299,161
SRR9918652,299,343
SRR9918653,299,168
SRR9918654,299,178
SRR9918655,299,268
SRR9918656,299,242
SRR9918657,299,686
SRR9918658,299,240
SRR9918659,299,268
SRR9918660,299,224
SRR9918661,299,370
SRR9918662,299,234
SRR9918663,299,189
SRR9918664,299,217
SRR9918665,299,230
SRR9918666,299,214
SRR9918667,299,255
SRR9918668,299,366
SRR9918669,299,88
SRR9918670,299,334
SRR9918671,299,250
SRR9918672,299,417
SRR9918673,299,248
SRR9918674,299,227
SRR9918675,299,235
SRR9918676,299,143
SRR9918677,299,275
SRR9918678,299,212
SRR9918679,299,213
SRR9918680,299,302
SRR9918681,299,272
SRR9918682,299,310
SRR9918683,299,177
SRR9918684,299,154
SRR9918685,299,203
SRR9918686,299,299
SRR9918687,299,296
SRR9918688,299,306
SRR9918689,299,319
SRR9918690,299,303
SRR9918691,299,467
SRR9918692,299,645
SRR9918693,299,133
SRR9918694,299,243
SRR9918695,299,417
SRR9918696,299,115
SRR9918697,299,324
SRR9918698,299,273
SRR9918699,299,252
SRR9918700,296,169
SRR9918701,295,328
SRR9918702,296,76
SRR9918703,295,128
SRR9918704,296,296
SRR9918705,297,89
SRR9918706,287,79
SRR9918707,295,166
SRR9918708,294,156
SRR9918709,293,97
SRR9918710,299,183
SRR9918711,299,217
SRR9918712,299,358
SRR9918713,299,284
SRR9918714,299,295
SRR9918715,299,240
SRR9918716,299,208
SRR9918717,299,273
SRR9918718,299,138
SRR9918719,299,130
SRR9918720,299,285
SRR9918721,299,76
SRR9918722,299,228
SRR9918723,299,183
SRR9918724,299,119
SRR9918725,299,274
SRR9918726,299,207
SRR9918727,299,295
SRR9918728,299,239
SRR9918729,299,195
SRR9918730,299,274
SRR9918731,299,294
SRR9918732,299,327
SRR9918733,299,313
SRR9918734,299,212
SRR9918735,299,251
SRR9918736,299,328
SRR9918737,299,108
SRR9918738,299,146
SRR9918739,299,126
SRR9918740,299,99
SRR9918741,299,437
SRR9918742,299,326
SRR9918743,299,118
SRR9918744,299,207
SRR9918745,299,327
SRR9918746,299,104
SRR9918747,299,154
SRR9918748,299,133
SRR9918749,299,207
SRR9918750,299,554
SRR9918751,299,243
SRR9918752,299,338
SRR9918753,299,319
SRR9918754,299,331
SRR9918755,299,456
SRR9918756,299,197
SRR9918757,299,328
SRR9918758,299,252
SRR9918759,299,206
SRR9918760,299,753
SRR9918761,299,376
SRR9918762,299,343
SRR9918763,299,205
SRR9918764,299,157
SRR9918765,299,218
SRR9918766,299,239
SRR9918767,299,208
SRR9918768,299,123
SRR9918769,299,187
SRR9918770,299,231
SRR9918771,299,323
SRR9918772,299,282
SRR9918773,299,465
SRR9918774,299,232
SRR9918775,299,425
SRR9918776,299,466
SRR9918777,299,388
SRR9918778,299,437
SRR9918779,299,323
SRR9918780,299,276
SRR9918781,299,236
SRR9918782,299,545
SRR9918783,299,348
SRR9918784,299,361
SRR9918785,299,327
SRR9918786,299,451
SRR9918787,299,297
SRR9918788,299,218
SRR9918789,299,85
SRR9918790,299,274
SRR9918791,299,484
SRR9918792,299,246
SRR9918793,299,299
SRR9918794,299,121
SRR9918795,299,217
SRR9918796,299,94
SRR9918797,299,139
SRR9918798,299,237
SRR9918799,299,113
SRR9918800,299,222
SRR9918801,299,393
SRR9918802,299,246
SRR9918803,299,303
SRR9918804,299,106
SRR9918805,299,339
SRR9918806,299,384
SRR9918807,299,190
SRR9918808,299,251
SRR9918809,299,193
SRR9918810,299,297
SRR9918811,299,308
SRR9918812,299,230
SRR9918813,299,192
SRR9918814,299,297
SRR9918815,299,139
SRR9918816,299,153
SRR9918817,299,318
SRR9918818,299,276
SRR9918819,299,793
SRR9918820,299,279
SRR9918821,299,220
SRR9918822,299,301
SRR9918823,299,182
SRR9918824,299,512
SRR9918825,299,169
SRR9918826,299,230
SRR9918827,299,171
SRR9918828,299,361
SRR9918829,299,75
SRR9918830,299,128
SRR9918831,299,468
SRR9918832,299,74
SRR9918833,299,334
SRR9918834,299,165
SRR9918835,299,436
SRR9918836,299,237
SRR9918837,299,259
SRR9918838,299,325
SRR9918839,299,198
SRR9918840,299,211
SRR9918841,299,255
SRR9918842,299,237
SRR9918843,299,221
SRR9918844,299,280
SRR9918845,299,133
SRR9918846,299,315
SRR9918847,299,157
SRR9918848,299,265
SRR9918849,299,215
SRR9918850,299,302
SRR9918851,299,288
SRR9918852,299,239
SRR9918853,299,309
SRR9918854,299,387
SRR9918855,299,363
SRR9918856,299,371
SRR9918857,299,235
SRR9918858,299,318
SRR9918859,299,169
SRR9918860,299,256
SRR9918861,299,257
SRR9918862,299,308
SRR9918863,299,159
SRR9918864,299,161
SRR9918865,299,126
SRR9918866,299,145
SRR9918867,299,288
SRR9918868,299,443
SRR9918869,299,98
SRR9918870,299,657
SRR9918871,299,389
SRR9918872,299,288
SRR9918873,299,236
SRR9918874,299,328
SRR9918875,299,392
SRR9918876,299,295
SRR9918877,299,354
SRR9918878,299,115
SRR9918879,299,258
SRR9918880,299,330
SRR9918881,299,287
SRR9918882,299,247
SRR9918883,299,197
SRR9918884,299,123
SRR9918885,299,267
SRR9918886,299,394
SRR9918887,299,152
SRR9918888,299,169
SRR9918889,299,352
SRR9918890,299,254
SRR9918891,299,293
SRR9918892,299,193
SRR9918893,299,244
SRR9918894,299,227
SRR9918895,299,223
SRR9918896,299,281
SRR9918897,299,245
SRR9918898,299,251
SRR9918899,299,491
SRR9918900,299,348
SRR9918901,299,266
SRR9918902,299,322
SRR9918903,299,296
SRR9918904,299,270
SRR9918905,299,140
SRR9918906,299,357
SRR9918907,299,414
SRR9918908,299,277
SRR9918909,299,436
SRR9918910,299,273
SRR9918911,299,254
SRR9918912,299,485
SRR9918913,299,334
SRR9918914,299,259
SRR9918915,299,306
SRR9918916,299,269
SRR9918917,299,273
SRR9918918,299,419
SRR9918919,299,281
SRR9918920,299,345
SRR9918921,299,124
SRR9918922,299,136
SRR9918923,299,181
SRR9918924,299,92
SRR9918925,299,144
SRR9918926,299,236
SRR9918927,299,78
SRR9918928,299,112
SRR9918929,299,211
SRR9918930,299,183
SRR9918931,299,326
SRR9918932,299,549
SRR9918933,299,480
SRR9918934,299,197
SRR9918935,299,324
SRR9918936,299,249
SRR9918937,299,274
SRR9918938,299,290
SRR9918939,299,281
SRR9918940,299,119
SRR9918941,299,183
SRR9918942,299,214
SRR9918943,299,250
SRR9918944,299,279
SRR9918945,299,406
SRR9918946,299,204
SRR9918947,299,216
SRR9918948,299,318
SRR9918949,299,375
SRR9918950,299,482
SRR9918951,299,281
SRR9918952,299,396
SRR9918953,299,572
SRR9918954,299,271
SRR9918955,299,157
SRR9918956,299,159
SRR9918957,299,278
SRR9918958,299,220
SRR9918959,299,163
SRR9918960,299,279
SRR9918961,299,204
SRR9918962,299,350
SRR9918963,299,142
SRR9918964,299,332
SRR9918965,299,160
SRR9918966,299,117
SRR9918967,299,105
SRR9918968,299,111
SRR9918969,299,410
SRR9918970,299,525
SRR9918971,299,377
SRR9918972,299,439
SRR9918973,299,243
SRR9918974,299,619
SRR9918975,299,480
SRR9918976,299,446
SRR9918977,299,318
SRR9918978,299,238
SRR9918979,299,374
SRR9918980,299,316
SRR9918981,299,348
SRR9918982,299,346
SRR9918983,299,340
SRR9918984,299,143
SRR9918985,299,287
SRR9918986,299,197
SRR9918987,299,425
SRR9918988,299,280
SRR9918989,299,318
SRR9918990,299,248
SRR9918991,299,358
SRR9918992,299,205
SRR9918993,299,283
SRR9918994,299,287
SRR9918995,299,110
SRR9918996,299,186
SRR9918997,299,231
SRR9918998,299,238
SRR9918999,299,250
