run_accession	text_for_prediction	terms_logistic_regression	category_logistic_regression	subcategory_logistic_regression	coverage	coverage_megabyte_ratio	spots_for_taxid	total_spots	avg_read_length	size_megabytes	coverage_taxid_286	study_accession	study_title	experiment_accession	experiment_title	experiment_desc	organism_taxid	organism_name	library_name	library_strategy	library_source	library_selection	library_layout	sample_accession	sample_title	biosample	bioproject	instrument	instrument_model	instrument_model_desc	total_size	run_total_spots	run_total_bases	run_alias	public_filename	public_url	public_size	public_date	public_md5	public_version	public_semantic_name	public_supertype	public_sratoolkit	aws_url	aws_free_egress	aws_access_type	ncbi_url	ncbi_free_egress	ncbi_access_type	gcp_url	gcp_free_egress	gcp_access_type	experiment_alias	sample_name	collected_by	collection_date	geo_loc_name	host	host_disease	isolation_source	lat_lon	strain	biosamplemodel	ena-first-public	ena-last-update	external id	insdc center alias	insdc center name	insdc first public	insdc last update	insdc status	submitter id	collection date	geographic location (country and/or sea)	host health state	host scientific name	isolate	sample name	ebi_url	ebi_free_egress	ebi_access_type	scientific_name	ena_fastq_http	ena_fastq_http_1	ena_fastq_http_2	ena_fastq_ftp	ena_fastq_ftp_1	ena_fastq_ftp_2	ena first public	dose_	broad-scale environmental context	environmental medium	geographic location (latitude)	geographic location (longitude)	local environmental context	project name	ena last update	isolation source	geographic location (region and locality)	sub strain	environmental_sample	broker name	growth condition	serovar	common name	experimental factor: growth condition	experimental factor: time	genotype	time	collected by	host disease status	environment (material)	estimated size	seq meth	alias	description	ena checklist	sra accession	sample name.1	title	experimental factor: compound	experimental factor: dose	organism part	collecting institution	collector name	host common name	host sex	host subject id	sample capture status	experimental factor: stimulus	experimental factor: passage	individual	passage	compound	stimulus	dose	bindingkit	sequencingkit	instctrlver	culture collection	host status	specific host	supplier_name	sample time	sample_environment	pseudomonas_aeruginosa_clone_type	time of isolation	lat lon	experimental factor: strain	replicate	gssr_id	lsid	material_type	product_order	product_part_number	project	research_project	root_sample_id	sample_id	work_request	strain.1	geographic location (country and/or sea, region)	isolation-source	host_disease_outcome	host_sex	host_subject_id	sample_type	condition	biomaterial_provider	host_age	env_biome	env_feature	env_material	run	well	sampleid	barcodesequence	linkerprimersequence	projectid	studyid	datesequenced	runname	sampletype	control	reverseprimersequence	index1name	index1seq	index2name	index2seq	plate	wellposition	sample_identifier	specific_host	body_site	mlst# scheme	analysis_type	data_type	library_type	host_disease_stage	env_broad_scale	env_local_scale	env_medium	intended_consumer	project_name	purpose_of_sampling	sequenced_by	source_type	animal_env	isol_growth_condt	num_replicons	ref_biomaterial	collected_by.1	collection_date.1	geo_loc_name.1	host.1	host_disease.1	isolation_source.1	lat_lon.1	isolate.1	culture medium	population	source_name	growth phase	growth medium	genotype/variation	conditions	cell type	subjectid	visit	host_health_state	virus_infection	quorum sensing status	passage_history	type-material	culture-collection	host_description	specimen	mlst	mlst#	geographic location	host disease	latitude and longitude	replicate.1	isolate_name_alias	culture_collection	host_tissue_sampled	treatment group	sample time (h)	sample number	treatment	timepoint (h)	growth type	collection-date	geo-loc-name	sample-type	sample type	isolation and growth condition	collection_method	breed	age	sex	tissue	birth_location	unique identifier	mlst# and scheme	subsrc_note	pirnay_name	unique_id	source material identifier	tax id	evolution drug	evolutoin medium	evolution days	bioreplicate	temp	component organism	subgroup	phenotype	forward_file	reverse_file	index_1_i7	index_2_i5	percent_reads_assigned_to_this_sample	type of sample	internal_g_dna_number	count_of_amp_cycles_first_round	primary_sample_code	secondary_sample_code	include_in_analysis	subject	seq_smp_in_subject	sample_origin	date of birth	;	date of sample	count_prev_atb_treatments	culture result	pcr for haemophilus influenzae	pcr for moraxella catarrhalis	pcr for streptococcus pneumoniae	pcr for alloiococcus otitidis	pcr for staphylococcus aureus	pcr for pseudomonas aeruginosa	pcr for staphylococcus auricularis	total 16s signal, reads per sample, replicates summed	total signal reads minus contaminants, per sample, replicates summed	proportion non-contaminant signal, replicates summed	characteristics of the signal	cultivar	ecotype	host_genotype1	host_genotype2	host_height	16s_copies	samp_collect_device	samp_mat_process	samp_store_loc	samp_store_temp	samp_vol_we_dna_ext	asthma	allergies	gerd	prior_fess	polyps	polypoid_change	smoker	snot20_total	sample_purulence	culture_pseudomonas_aeruginosa	culture_staphylococcus_aureus	culture_coagulase_neg_staph	culture_achromobacter_xylosoxidans	culture_burkholderia_cepacia	culture_comments	antibiotic_azithromycin	antibiotic_cayston	antibiotic_colistin	antibiotic_tobramycin	antibiotic_doxycycline	antibiotic_gentamicin	antibiotic_levofloxacin	antibiotic_ciprofloxacin	antibiotic_meropenem	antibiotic_zosyn	antibiotic_bactrim	antibiotic_clindamycin	antibiotic_colymycin	antibiotic_other	antibiotic_number	steroid_prednisone	steroid_fluticasone	medi_hypertonic_saline	medi_steroid_irrigation	medi_steroid_inhaled	pft_date	fvc	fvc_percent	fev1	fev1_percent	fev1_fvc	fev1_fe6	fef_max_predicted	fef_max_percent	fef_25_75_predicted	fef_25_75_percent	fif_max_predicted	fif_max	figure letter	fev1_percent_predicted	sinus_culture_3_month_prior	sinus_culture_pseudomonas_aeruginossa	sinus_culture_staphylococcus_aureus	sinus_culture_coagulase_negative_staph	sinus_culture_streptococcus_pneumoniae	sinus_culture_haemophilus_influenzae	sinus_culture_achromobacter_xylosoxidans	sinus_culture_burkholderia_cepacia_complex	sinus_culture_klebsiella	sputum_culture_3_month_prior	sputum_culture_pseudomonas_aeruginossa	sputum_culture_staphylococcus_aureus	sputum_culture_coagulase_negative_staph	sputum_culture_streptococcus_pneumoniae	sputum_culture_haemophilus_influenzae	sputum_culture_achromobacter_xylosoxidans	sputum_culture_burkholderia_cepacia_complex	sputum_culture_klebsiella	other_culture_3_month_prior	other_culture_pseudomonas_aeruginossa	other_culture_staphylococcus_aureus	other_culture_coagulase_negative_staph	other_culture_streptococcus_pneumoniae	other_culture_haemophilus_influenzae	other_culture_achromobacter_xylosoxidans	other_culture_burkholderia_cepacia_complex	other_culture_klebsiella	inoculated with	temperature	incubation time	shaking	medium	library_selection_x	library_layout_x	instrument_model_x	library_selection_y	library_layout_y	platform	instrument_model_y	design_description	filetype	filename	filename2	dev_stage	infection	sex.1	beta_lactamase_family	carbapenemase	edta_inhibitor_tested	pathotype	geographical location	infection side	strain id (patient-day-number)	morphotype	isolate of that morphotype	st (multi locus sequene type - what follows to the right are individual allele calls in the  7 gene typing scheme	acs	aro	gua	mut	nuo	pps	trp	isolate sequenced	location	growth time	co-cultured organism	morphotype number	multiple samples same sterile site  patient	alternate_id
ERR3697153	        Cystic fibrosis lung   -             	Infection: Disease; Cystic fibrosis	['Infection']	['Disease; Cystic fibrosis']	377.1436916932908	3.591844682793245	5023233	2521266	235	105	377.1436916932908	ERP118698	Interspecific interactions infections select against Pseudomonas aeruginosa mutators, analysis of clinical samples	ERX3686757	Illumina HiSeq 2500 paired end sequencing	Illumina HiSeq 2500 paired end sequencing	287	Pseudomonas aeruginosa	TruSeq	WGS	GENOMIC	RANDOM	PAIRED	ERS4061945	-	SAMEA6262333	PRJEB35620	Illumina HiSeq 2500	Illumina HiSeq 2500	ILLUMINA	110381756	2521266	592781720	ena-RUN-LIV-01-12-2019-12:29:15:498-56	ERR3697153.lite	https://sra-downloadb.be-md.ncbi.nlm.nih.gov/sos13/sra-pub-zq-1301/ERR003/3697/ERR3697153/ERR3697153.lite.1	43980279	2022-07-30 15:37:33	c3b932894ae57728758ff95beb541179	1	SRA Lite	Primary ETL	1	s3://sra-pub-zq-1/ERR3697153/ERR3697153.lite.1	s3.us-east-1	aws identity	https://sra-downloadb.be-md.ncbi.nlm.nih.gov/sos13/sra-pub-zq-1301/ERR003/3697/ERR3697153/ERR3697153.lite.1	worldwide	anonymous	gs://sra-pub-zq-104/ERR3697153/ERR3697153.lite.1	gs.us-east1	gcp identity	-									-		2020-02-01T04:03:04Z	2019-12-01T12:29:27Z	SAMEA6262333	-	LIV	2020-02-01T04:03:04Z	2019-12-01T12:29:27Z	public	AL_59	2010	Denmark	diseased	Homo sapiens	4753_1_R	AL_59	-	-	-	Pseudomonas aeruginosa	-	ftp.sra.ebi.ac.uk/vol1/fastq/ERR369/003/ERR3697153/ERR3697153_1.fastq.gz	http://ftp.sra.ebi.ac.uk/vol1/fastq/ERR369/003/ERR3697153/ERR3697153_2.fastq.gz	-	era-fasp@fasp.sra.ebi.ac.uk:vol1/fastq/ERR369/003/ERR3697153/ERR3697153_1.fastq.gz	era-fasp@fasp.sra.ebi.ac.uk:vol1/fastq/ERR369/003/ERR3697153/ERR3697153_2.fastq.gz	-								-	Cystic fibrosis lung	-			-			-							-	-	-	-	-	-	-	-	-																																																																																																																																																																																																																																																																																																																															
SRR8737545	   - ear infection                  -  	Host Body-Site: Organ; Ear	['Host Body-Site']	['Organ; Ear']	556.5309086261981	1.5331429989702428	3540532	1859685	492	363	556.5309086261981	SRP188605	Pseudomonas aeruginosa clinical isolates genome sequencing	SRX5530456	ZG316716	ZG316716	287	Pseudomonas aeruginosa	Library for ZG316716	WGA	GENOMIC	RANDOM	PAIRED	SRS4496743	-	SAMN11110734	PRJNA526797	Illumina HiSeq 2500	Illumina HiSeq 2500	ILLUMINA	380987557	1859685	916729889	ZG316716.bam	SRR8737545.sralite	https://sra-downloadb.be-md.ncbi.nlm.nih.gov/sos12/sra-pub-zq-1216/SRR008/737/SRR8737545.sralite.1	74770119	2020-08-14 04:14:53	76d6e6e1a289358bb34060ada78d0e12	1	SRA Lite	Primary ETL	1	s3://sra-pub-zq-6/SRR8737545/SRR8737545.sralite.1	s3.us-east-1	aws identity	https://sra-downloadb.be-md.ncbi.nlm.nih.gov/sos12/sra-pub-zq-1216/SRR008/737/SRR8737545.sralite.1	worldwide	anonymous	gs://sra-pub-zq-109/SRR8737545/SRR8737545.zq.1	gs.us-east1	gcp identity	-		Goerlitz	missing	Germany: Goerlitz	-	-	ear infection	-	-	Microbe, viral or environmental														clinical isolate ZG316716						-	http://ftp.sra.ebi.ac.uk/vol1/fastq/SRR873/005/SRR8737545/SRR8737545_1.fastq.gz	http://ftp.sra.ebi.ac.uk/vol1/fastq/SRR873/005/SRR8737545/SRR8737545_2.fastq.gz	-	era-fasp@fasp.sra.ebi.ac.uk:vol1/fastq/SRR873/005/SRR8737545/SRR8737545_1.fastq.gz	era-fasp@fasp.sra.ebi.ac.uk:vol1/fastq/SRR873/005/SRR8737545/SRR8737545_2.fastq.gz																																																																															cell culture		-																																																																													-																																																																																																																																																																																																	
ERR431140	young cystic fibrosis patients                        	Infection: Disease; Cystic fibrosis	['Infection']	['Disease; Cystic fibrosis']	213.2176996805112	1.269152974288757	3336857	3372008	200	168	213.2176996805112	ERP004853	Sequencing of Pseudomonas aeruginosa isolates from young cystic fibrosis patients	ERX397415	Illumina HiSeq 2000 paired end sequencing	Illumina HiSeq 2000 paired end sequencing	287	Pseudomonas aeruginosa	unspecified	WGS	GENOMIC	RANDOM	PAIRED	ERS402544	-	SAMEA2357414	PRJEB5438	Illumina HiSeq 2000	Illumina HiSeq 2000	ILLUMINA	177182982	3372008	674401600	ena-RUN-DTU-14-02-2014-15:44:47:330-150	ERR431140.sralite	https://sra-downloadb.be-md.ncbi.nlm.nih.gov/sos12/sra-pub-zq-1211/ERR000/431/ERR431140/ERR431140.sralite.1	177184734	2020-06-21 14:31:33	2d13d03e64c0513265b1bdd006133ea0	1	SRA Lite	Primary ETL	1	s3://sra-pub-zq-5/ERR431140/ERR431140.sralite.1	s3.us-east-1	aws identity	https://sra-downloadb.be-md.ncbi.nlm.nih.gov/sos12/sra-pub-zq-1211/ERR000/431/ERR431140/ERR431140.sralite.1	worldwide	anonymous	gs://sra-pub-zq-106/ERR431140/ERR431140.zq.1	gs.us-east1	gcp identity	ena-EXPERIMENT-DTU-14-02-2014-15:44:47:330-150											2014-10-14T17:01:14Z	2018-03-09T10:40:10Z	SAMEA2357414		DTU	2014-10-14T17:01:14Z	2018-03-09T10:40:10Z	public	220						220	http://ftp.sra.ebi.ac.uk/vol1/run/ERR431/ERR431140/220.L500_SZAIPI027058-100_2.fq.gz	worldwide	anonymous	Pseudomonas aeruginosa	-	http://ftp.sra.ebi.ac.uk/vol1/fastq/ERR431/ERR431140/ERR431140_1.fastq.gz	http://ftp.sra.ebi.ac.uk/vol1/fastq/ERR431/ERR431140/ERR431140_2.fastq.gz	-	era-fasp@fasp.sra.ebi.ac.uk:vol1/fastq/ERR431/ERR431140/ERR431140_1.fastq.gz	era-fasp@fasp.sra.ebi.ac.uk:vol1/fastq/ERR431/ERR431140/ERR431140_2.fastq.gz																																																																																																																																																																																																																																																																																																																																																															
ERR2322198	        cystic fibrosis airways isolate from sputum sample                	Infection: Disease; Cystic fibrosis	['Infection']	['Disease; Cystic fibrosis']	84.39138977635783	1.1721026357827475	7043868	7160311	75	72	84.39138977635783	ERP004703	Pseudomonas aeruginosa microevolution during chronic infection of the CF lung	ERX2373161	NextSeq 550 sequencing	NextSeq 550 sequencing	1454219	Pseudomonas aeruginosa 059A	unspecified	WGS	GENOMIC	PCR	SINGLE	ERS2211987	-	SAMEA104600705	PRJEB5303	NextSeq 550	NextSeq 550	ILLUMINA	75662674	7160311	542861836	ena-RUN-MHH-22-02-2018-10:05:48:858-8	ERR2322198.sralite	https://sra-downloadb.be-md.ncbi.nlm.nih.gov/sos12/sra-pub-zq-1214/ERR002/322/ERR2322198.sralite.1	28215819	2020-08-13 22:57:50	a371ed6971bf279299bcf3d1f48f4a27	1	SRA Lite	Primary ETL	1	s3://sra-pub-zq-3/ERR2322198/ERR2322198.sralite.1	s3.us-east-1	aws identity	https://sra-downloadb.be-md.ncbi.nlm.nih.gov/sos12/sra-pub-zq-1214/ERR002/322/ERR2322198.sralite.1	worldwide	anonymous	gs://sra-pub-zq-104/ERR2322198/ERR2322198.zq.1	gs.us-east1	gcp identity	-											-	-	SAMEA104600705	MHH	Hannover Medical School	2018-02-22T17:05:10Z	2018-02-19T16:49:36Z	public	Pseudomonas aeruginosa serial isolate D36	1995-03	Germany	restricted access	Homo sapiens	isolate D36 from CF long-term collection Hannover	Pseudomonas aeruginosa serial isolate D36	http://ftp.sra.ebi.ac.uk/vol1/run/ERR232/ERR2322198/D36vsPA14reference.bam.bai	worldwide	anonymous	-	http://ftp.sra.ebi.ac.uk/vol1/fastq/ERR232/008/ERR2322198/ERR2322198.fastq.gz	-	-	era-fasp@fasp.sra.ebi.ac.uk:vol1/fastq/ERR232/008/ERR2322198/ERR2322198.fastq.gz	-	-	2018-02-22								2018-02-19	cystic fibrosis airways isolate from sputum sample																																																																																																																																																																																																																																																																																																																																																					
SRR24890546	   - Lubricant Eye Drops                    	Host Body-Site: Organ; Eye	['Host Body-Site']	['Organ; Eye']	81.90207795527157	0.8902399777746909	706208	1003982	363	92	81.90207795527157	SRP395393	FDA medical products genome sequencing and assembly of multi-species isolates	SRX20652825	WGS of Pseudomonas aeruginosa: Lubricant Eye Drops	WGS of Pseudomonas aeruginosa: Lubricant Eye Drops	287	Pseudomonas aeruginosa	FDA1174944-C001-046	WGS	GENOMIC	RANDOM	PAIRED	SRS17950576	-	SAMN35705900	PRJNA874709	Illumina MiSeq	Illumina MiSeq	ILLUMINA	97329361	1003982	364669111	1174944-C001-046_S1_L001_R1_001.fastq.gz	SRR24890546.lite	https://sra-downloadb.be-md.ncbi.nlm.nih.gov/sos13/sra-pub-zq-1303/SRR024/24890/SRR24890546/SRR24890546.lite.1	97331866	2023-06-15 20:35:49	11f9d1e63d4ac0655f313c735dee2f75	1	SRA Lite	Primary ETL	1	s3://sra-pub-zq-6/SRR24890546/SRR24890546.lite.1	s3.us-east-1	aws identity	https://sra-downloadb.be-md.ncbi.nlm.nih.gov/sos13/sra-pub-zq-1303/SRR024/24890/SRR24890546/SRR24890546.lite.1	worldwide	anonymous	gs://sra-pub-zq-102/SRR24890546/SRR24890546.lite.1	gs.us-east1	gcp identity	-		FDA	2023-01-23	India:Tamil Nadu	-	-	Lubricant Eye Drops	missing	FDA1174944-C001 -046	Pathogen.env																				-	http://ftp.sra.ebi.ac.uk/vol1/fastq/SRR248/046/SRR24890546/SRR24890546_1.fastq.gz	http://ftp.sra.ebi.ac.uk/vol1/fastq/SRR248/046/SRR24890546/SRR24890546_2.fastq.gz	-	era-fasp@fasp.sra.ebi.ac.uk:vol1/fastq/SRR248/046/SRR24890546/SRR24890546_1.fastq.gz	era-fasp@fasp.sra.ebi.ac.uk:vol1/fastq/SRR248/046/SRR24890546/SRR24890546_2.fastq.gz																																																														-																																																								FDA Winchester Engineering and Analytical Center	other																																					WEAC1174944-C001 -046			-	-																																																																																																																																																																																															
SRR13435732	   not collected eye            -  -      	Host Body-Site: Organ; Eye	['Host Body-Site']	['Organ; Eye']	298.9320766773163	0.8715220894382398	3118858	4039970	300	343	298.9320766773163	SRP283449	Whole genome sequencing of carbapenem non-susceptible Pseudomonas in a Singapore hospital	SRX9849283	WGS of P. aeruginosa	WGS of P. aeruginosa	287	Pseudomonas aeruginosa	PA0515	WGS	GENOMIC	RANDOM	PAIRED	SRS8030807	-	SAMN17311373	PRJNA656645	Illumina NovaSeq 6000	Illumina NovaSeq 6000	ILLUMINA	360265462	4039970	1211991000	PA0515_1.fastq.gz	SRR13435732.lite	https://sra-downloadb.be-md.ncbi.nlm.nih.gov/sos8/sra-pub-zq-820/SRR013/13435/SRR13435732/SRR13435732.lite.1	302371403	2022-09-19 23:03:18	c7f907d93fa6058a0dbe35308e3676fd	1	SRA Lite	Primary ETL	1	s3://sra-pub-zq-7/SRR13435732/SRR13435732.lite.1	s3.us-east-1	aws identity	https://sra-downloadb.be-md.ncbi.nlm.nih.gov/sos8/sra-pub-zq-820/SRR013/13435/SRR13435732/SRR13435732.lite.1	worldwide	anonymous	gs://sra-pub-zq-109/SRR13435732/SRR13435732.lite.1	gs.us-east1	gcp identity	-		Singapore General Hospital	2016	Singapore	Homo sapiens	not collected	eye	1.32 N 103.76 E	16DM004548	Pathogen.cl														20164548M						-	http://ftp.sra.ebi.ac.uk/vol1/fastq/SRR134/032/SRR13435732/SRR13435732_1.fastq.gz	http://ftp.sra.ebi.ac.uk/vol1/fastq/SRR134/032/SRR13435732/SRR13435732_2.fastq.gz	-	era-fasp@fasp.sra.ebi.ac.uk:vol1/fastq/SRR134/032/SRR13435732/SRR13435732_1.fastq.gz	era-fasp@fasp.sra.ebi.ac.uk:vol1/fastq/SRR134/032/SRR13435732/SRR13435732_2.fastq.gz																																																														-														-	-	-				-																													-																																																																																																																																																																																																																																																
SRR8351329	   Cystic fibrosis Sputum sample             -     -  	Infection: Disease; Cystic fibrosis	['Infection']	['Disease; Cystic fibrosis']	90.80140063897764	0.8486112209250247	1869792	2083261	152	107	90.80140063897764	SRP173848	Pseudomonas aeruginosa Genome sequencing	SRX5162282	WGS of Pseudomonas aeruginosa isolate CW44	WGS of Pseudomonas aeruginosa isolate CW44	287	Pseudomonas aeruginosa	CW44	WGS	GENOMIC	RANDOM	PAIRED	SRS4171495	-	SAMN10605063	PRJNA510693	NextSeq 500	NextSeq 500	ILLUMINA	112912516	2083261	316655672	Cw44-gDNA_S30_R1_001.fastq.gz	SRR8351329.sralite	https://sra-downloadb.be-md.ncbi.nlm.nih.gov/sos9/sra-pub-zq-922/SRR008/351/SRR8351329.sralite.1	79548145	2020-06-14 09:06:52	bbcc93c1a56c48f61138aa3ef05e08a8	1	SRA Lite	Primary ETL	1	s3://sra-pub-zq-1/SRR8351329/SRR8351329.sralite.1	s3.us-east-1	aws identity	https://sra-downloadb.be-md.ncbi.nlm.nih.gov/sos9/sra-pub-zq-922/SRR008/351/SRR8351329.sralite.1	worldwide	anonymous	gs://sra-pub-zq-104/SRR8351329/SRR8351329.zq.1	gs.us-east1	gcp identity	-		Alfred hospital	2013-11-08	Australia: Victoria	Homo sapiens	Cystic fibrosis	Sputum sample	37.84 S 144.98 E	Pseudomonas aeruginosa CW44	Pathogen.cl														-						-	http://ftp.sra.ebi.ac.uk/vol1/fastq/SRR835/009/SRR8351329/SRR8351329_1.fastq.gz	http://ftp.sra.ebi.ac.uk/vol1/fastq/SRR835/009/SRR8351329/SRR8351329_2.fastq.gz	-	era-fasp@fasp.sra.ebi.ac.uk:vol1/fastq/SRR835/009/SRR8351329/SRR8351329_1.fastq.gz	era-fasp@fasp.sra.ebi.ac.uk:vol1/fastq/SRR835/009/SRR8351329/SRR8351329_2.fastq.gz																				mutL mutation																																																											-		-		-	-	-																																				-	-	-											-														-										-										-																																																																																																																																																																-	-	-	Hypermutable Pseudomonas aeruginosa	-	-	-																	
SRR25818364	cystic fibrosis patients cystic fibrosis patients cystic fibrosis patients Cystic Fibrosis respiratory    -       -      -   	Infection: Disease; Cystic fibrosis	['Infection']	['Disease; Cystic fibrosis']	433.6253674121406	0.8469245457268371	4524158	5783742	300	512	433.6253674121406	SRP457621	Whole Genome Sequencing of Pseudomonas aeruginosa isolates from cystic fibrosis patients	SRX21540485	WGS of Pseudomonas aeruginosa from cystic fibrosis patients	WGS of Pseudomonas aeruginosa from cystic fibrosis patients	287	Pseudomonas aeruginosa	CKDN230006204-1A	WGS	GENOMIC	RANDOM PCR	PAIRED	SRS18749899	-	SAMN37201428	PRJNA1010856	Illumina NovaSeq 6000	Illumina NovaSeq 6000	ILLUMINA	537294125	5783742	1735122600	A2162_CKDN230006204-1A_H5HJGDSX7_L1_1.fq.gz	SRR25818364.lite	https://sra-downloadb.be-md.ncbi.nlm.nih.gov/sos9/sra-pub-zq-922/SRR025/25818/SRR25818364/SRR25818364.lite.1	445657824	2023-09-05 03:16:35	f40b1b814b5d35f89845f9691fae36f1	1	SRA Lite	Primary ETL	1	s3://sra-pub-zq-7/SRR25818364/SRR25818364.lite.1	s3.us-east-1	aws identity	https://sra-downloadb.be-md.ncbi.nlm.nih.gov/sos9/sra-pub-zq-922/SRR025/25818/SRR25818364/SRR25818364.lite.1	worldwide	anonymous	gs://sra-pub-zq-104/SRR25818364/SRR25818364.lite.1	gs.us-east1	gcp identity	-		Hospital de Especialidades Pediatricas, Cystic Fibrosis Attention Center	2023-01-09	Mexico: Chiapas	-	Cystic Fibrosis	respiratory	16.75113481 N 93.07806144 W	-	Pathogen.cl										-				-						-	http://ftp.sra.ebi.ac.uk/vol1/fastq/SRR258/064/SRR25818364/SRR25818364_1.fastq.gz	http://ftp.sra.ebi.ac.uk/vol1/fastq/SRR258/064/SRR25818364/SRR25818364_2.fastq.gz	-	era-fasp@fasp.sra.ebi.ac.uk:vol1/fastq/SRR258/064/SRR25818364/SRR25818364_1.fastq.gz	era-fasp@fasp.sra.ebi.ac.uk:vol1/fastq/SRR258/064/SRR25818364/SRR25818364_2.fastq.gz										-												-																																								-											23-2162		-				-																																					-		-	-								Homo sapiens				-																			-		-	-	-	-										-	-	-																																																																																																																																																																																								
SRR31417083	patients with cystic fibrosis   Cystic fibrosis, pseudomonas infection sputum                    	Infection: Disease; Cystic fibrosis	['Infection']	['Disease; Cystic fibrosis']	280.0064485623003	0.8459409322123876	2960879	3538782	296	331	280.0064485623003	SRP546558	Pseudomonas aeruginosa isolates from patients with cystic fibrosis	SRX26786006	WGS of Pseudomonas aeruginosa	WGS of Pseudomonas aeruginosa	287	Pseudomonas aeruginosa	CPA0281	WGS	GENOMIC	RANDOM	PAIRED	SRS23272303	-	SAMN44844185	PRJNA1188603	Illumina NovaSeq X Plus	Illumina NovaSeq X Plus	ILLUMINA	347440885	3538782	1050021330	sFB1465_S178_R1_001.fastq.gz	SRR31417083.lite	https://sra-downloadb.be-md.ncbi.nlm.nih.gov/sos7/sra-pub-zq-41/SRR031/31417/SRR31417083/SRR31417083.lite.1	276473204	2024-11-20 21:53:36	719350fe5fcb3bc6c2c91e5005a0b919	1	SRA Lite	Primary ETL	1	s3://sra-pub-zq-8/SRR31417083/SRR31417083.lite.1	s3.us-east-1	aws identity	https://sra-downloadb.be-md.ncbi.nlm.nih.gov/sos7/sra-pub-zq-41/SRR031/31417/SRR31417083/SRR31417083.lite.1	worldwide	anonymous	gs://sra-pub-zq-100/SRR31417083/SRR31417083.lite.1	gs.us-east1	gcp identity	-		Stanford University	2021-11-10	USA: California	Homo sapiens	Cystic fibrosis, pseudomonas infection	sputum	37.4332 N 122.1756 W	ST5	Pathogen.cl														85						-	http://ftp.sra.ebi.ac.uk/vol1/fastq/SRR314/083/SRR31417083/SRR31417083_1.fastq.gz	http://ftp.sra.ebi.ac.uk/vol1/fastq/SRR314/083/SRR31417083/SRR31417083_2.fastq.gz	-	era-fasp@fasp.sra.ebi.ac.uk:vol1/fastq/SRR314/083/SRR31417083/SRR31417083_1.fastq.gz	era-fasp@fasp.sra.ebi.ac.uk:vol1/fastq/SRR314/083/SRR31417083/SRR31417083_2.fastq.gz																																																																																																																																																																																				-																																																																																																																																																																											
SRR17283908	   Cystic Fibrosis sputum                    	Infection: Disease; Cystic fibrosis	['Infection']	['Disease; Cystic fibrosis']	249.5756549520767	0.8319188498402557	2603906	3533142	300	300	249.5756549520767	SRP351739	Whole genome sequences of clinical isolates of Pseudomonas aeruginosa	SRX13461311	WGS of Pseudomonas aeruginosa:CF13	WGS of Pseudomonas aeruginosa:CF13	287	Pseudomonas aeruginosa	CF13	WGS	GENOMIC	RANDOM	PAIRED	SRS11359143	-	SAMN24255282	PRJNA791013	Illumina MiSeq	Illumina MiSeq	ILLUMINA	315579512	3533142	1059942600	CF13_L3_1001710.R1.fastq.gz	SRR17283908.lite	https://sra-downloadb.be-md.ncbi.nlm.nih.gov/sos1/sra-pub-zq-38/SRR017/17283/SRR17283908/SRR17283908.lite.1	265266968	2022-09-28 10:22:40	1f0fb94ea4d740f1778b1bc53d51ed19	1	SRA Lite	Primary ETL	1	s3://sra-pub-zq-8/SRR17283908/SRR17283908.lite.1	s3.us-east-1	aws identity	https://sra-downloadb.be-md.ncbi.nlm.nih.gov/sos1/sra-pub-zq-38/SRR017/17283/SRR17283908/SRR17283908.lite.1	worldwide	anonymous	gs://sra-pub-zq-102/SRR17283908/SRR17283908.lite.1	gs.us-east1	gcp identity	-		Royal Children's Hospital Brisbane	2007-08-21	New Zealand: Auckland	Homo sapiens	Cystic Fibrosis	sputum	missing	-	Pathogen.cl														CF13						-	http://ftp.sra.ebi.ac.uk/vol1/fastq/SRR172/008/SRR17283908/SRR17283908_1.fastq.gz	http://ftp.sra.ebi.ac.uk/vol1/fastq/SRR172/008/SRR17283908/SRR17283908_2.fastq.gz	-	era-fasp@fasp.sra.ebi.ac.uk:vol1/fastq/SRR172/008/SRR17283908/SRR17283908_1.fastq.gz	era-fasp@fasp.sra.ebi.ac.uk:vol1/fastq/SRR172/008/SRR17283908/SRR17283908_2.fastq.gz																																																																													male					5																																				-	-																																																																																																																																																																																																																																								
SRR27140059	        Expectorated sputum             Cystic fibrosis   	Infection: Disease; Cystic fibrosis	['Infection']	['Disease; Cystic fibrosis']	186.54664760383383	0.8254276442647516	1174831	1354919	497	226	186.54664760383383	SRP476530	Genomic diversity of Pseudomonas aeruginosa populations in cystic fibrosis lungs	SRX22822074	WGS of Pseudomonas aeruginosa: cystic fibrosis	WGS of Pseudomonas aeruginosa: cystic fibrosis	287	Pseudomonas aeruginosa	3-64	WGS	GENOMIC	PCR	PAIRED	SRS19803620	-	SAMN38721811	PRJNA1049984	Illumina NovaSeq 6000	Illumina NovaSeq 6000	ILLUMINA	237643126	1354919	674102927	3-64_R1.fastq.gz	SRR27140059.lite	https://sra-downloadb.be-md.ncbi.nlm.nih.gov/sos1/sra-pub-zq-38/SRR027/27140/SRR27140059/SRR27140059.lite.1	173079467	2023-12-08 03:48:56	a8ad47bbbfaa3a8be2849df1db745b18	1	SRA Lite	Primary ETL	1	s3://sra-pub-zq-7/SRR27140059/SRR27140059.lite.1	s3.us-east-1	aws identity	https://sra-downloadb.be-md.ncbi.nlm.nih.gov/sos1/sra-pub-zq-38/SRR027/27140/SRR27140059/SRR27140059.lite.1	worldwide	anonymous	gs://sra-pub-zq-104/SRR27140059/SRR27140059.lite.1	gs.us-east1	gcp identity	-					Homo sapiens				1197	Pathogen.cl										2018-07-03				3-64						-	http://ftp.sra.ebi.ac.uk/vol1/fastq/SRR271/059/SRR27140059/SRR27140059_1.fastq.gz	http://ftp.sra.ebi.ac.uk/vol1/fastq/SRR271/059/SRR27140059/SRR27140059_2.fastq.gz	-	era-fasp@fasp.sra.ebi.ac.uk:vol1/fastq/SRR271/059/SRR27140059/SRR27140059_1.fastq.gz	era-fasp@fasp.sra.ebi.ac.uk:vol1/fastq/SRR271/059/SRR27140059/SRR27140059_2.fastq.gz										Expectorated sputum												Emory University																																																																																																																																		USA: Georgia	Cystic fibrosis	33.7488 N 84.3877 W																																																																																																																																																																																																					
SRR6483190	   cystic fibrosis Australia    -             -   	Infection: Disease; Cystic fibrosis	['Infection']	['Disease; Cystic fibrosis']	60.592143450479234	0.8188127493308005	3831382	3939512	99	74	60.592143450479234	SRP130183	Pseudomonas aeruginosa PAO1 Transcriptome or Gene expression	SRX3573045	RNA-Seq of Pseudomonas aeruginosa: control	RNA-Seq of Pseudomonas aeruginosa: control	208964	Pseudomonas aeruginosa PAO1	C1_3_S15_L001_R1_001	RNA-Seq	TRANSCRIPTOMIC			SRS2844015	-	SAMN07807133	PRJNA414673	Illumina HiSeq 1500		ILLUMINA	78031462	3939512	390546344	C1_3_S15_L001_R1_001.fastq.gz.bam	SRR6483190.sralite	https://sra-downloadb.be-md.ncbi.nlm.nih.gov/sos12/sra-pub-zq-1214/SRR006/483/SRR6483190.sralite.1	9345688	2020-08-14 04:55:58	1035712a267ceddc050bef40ff58cc1c	1	SRA Lite	Primary ETL	1	s3://sra-pub-zq-6/SRR6483190/SRR6483190.sralite.1	s3.us-east-1	aws identity	https://sra-downloadb.be-md.ncbi.nlm.nih.gov/sos12/sra-pub-zq-1214/SRR006/483/SRR6483190.sralite.1	worldwide	anonymous	gs://sra-pub-zq-104/SRR6483190/SRR6483190.zq.1	gs.us-east1	gcp identity	-		Mohd Hafidz Mahamad Maifiah	2016-05-01	Australia: Melbourne	Homo sapiens	cystic fibrosis	Australia	37.8136 S 144.9631 E	PAO1	Pathogen.cl										-				-						http://ftp.sra.ebi.ac.uk/vol1/fastq/SRR648/000/SRR6483190/SRR6483190.fastq.gz	-	-	era-fasp@fasp.sra.ebi.ac.uk:vol1/fastq/SRR648/000/SRR6483190/SRR6483190.fastq.gz	-	-										-					-							-										-																																															-		-																																																																							-	-	-																																																																																																																																																																unspecified	SINGLE	Illumina HiSeq 1500	-	-	-	-	-	-	-	-																											
SRR36784808	cystic fibrosis patients in Stockholm, Sweden blood steam infection blood steam infection Blood stream infection blood                    	Infection: Disease; Cystic fibrosis	['Infection']	['Disease; Cystic fibrosis']	285.85959552715656	0.814414802071671	2962717	3809905	302	351	285.85959552715656	SRP661425	Molecular epidemiology and genetic determinants of beta-lactam resistance in Pseudomonas aeruginosa isolates from cystic fibrosis patients in Stockholm, Sweden	SRX31773134	WGS of Pseudomonas aeruginosa from blood steam infection	WGS of Pseudomonas aeruginosa from blood steam infection	287	Pseudomonas aeruginosa	PA_BSI_75	WGS	GENOMIC	RANDOM PCR	PAIRED	SRS27736348	-	SAMN54569105	PRJNA1401703	Illumina HiSeq 2500	Illumina HiSeq 2500	ILLUMINA	368381746	3809905	1150591310	BS075_1.fastq.gz	SRR36784808.lite	https://sra-downloadb.be-md.ncbi.nlm.nih.gov/sos10/sra-pub-zq-1002/SRR036/36784/SRR36784808/SRR36784808.lite.1	296781574	2026-01-12 09:47:31	e5f8a38cd0e27a3660f6d4f1ec1de916	1	SRA Lite	Primary ETL	1	s3://sra-pub-zq-8/SRR36784808/SRR36784808.lite.1	s3.us-east-1	aws identity	https://sra-downloadb.be-md.ncbi.nlm.nih.gov/sos10/sra-pub-zq-1002/SRR036/36784/SRR36784808/SRR36784808.lite.1	worldwide	anonymous	gs://sra-pub-zq-107/SRR36784808/SRR36784808.lite.1	gs.us-east1	gcp identity	-		Karolinska University Hospital	2013	Sweden: Stockholm	Homo sapiens	Blood stream infection	blood	59.3483 N 18.0302 E	PA_BSI_75	Pathogen.cl														ST1225						-	http://ftp.sra.ebi.ac.uk/vol1/fastq/SRR367/008/SRR36784808/SRR36784808_1.fastq.gz	http://ftp.sra.ebi.ac.uk/vol1/fastq/SRR367/008/SRR36784808/SRR36784808_2.fastq.gz	-	era-fasp@fasp.sra.ebi.ac.uk:vol1/fastq/SRR367/008/SRR36784808/SRR36784808_1.fastq.gz	era-fasp@fasp.sra.ebi.ac.uk:vol1/fastq/SRR367/008/SRR36784808/SRR36784808_2.fastq.gz																																																																															-																																																							-																-																		-																					-	-																																																																																																																																																																	
ERR10011719	CYSTIC FIBROSIS PATIENTS    human                    	Infection: Disease; Cystic fibrosis	['Infection']	['Disease; Cystic fibrosis']	566.6516696485623	0.8106604716002322	5872913	7331517	302	699	566.6516696485623	ERP139906	ACTIVITY AND RESISTANCE GENOMICS OF CEFIDEROCOL IN SEQUENTIAL CHRONIC PSEUDOMONAS AERUGINOSA ISOLATES FROM CYSTIC FIBROSIS PATIENTS	ERX9552678	Illumina NovaSeq 6000 paired end sequencing; Raw reads: OB2_55	Illumina NovaSeq 6000 paired end sequencing; Raw reads: OB2_55	287	Pseudomonas aeruginosa	-	WGS	GENOMIC	RANDOM	PAIRED	ERS12522932	-	SAMEA110424568	PRJEB55041	Illumina NovaSeq 6000	Illumina NovaSeq 6000	ILLUMINA	733584333	7331517	2214118134	webin-reads-OB2_55	ERR10011719.lite	https://sra-downloadb.be-md.ncbi.nlm.nih.gov/sos8/sra-pub-zq-818/ERR010/10011/ERR10011719/ERR10011719.lite.1	555215692	2022-11-20 02:25:44	600ed75192ae4a82e4c586406a8d692e	1	SRA Lite	Primary ETL	1	s3://sra-pub-zq-1/ERR10011719/ERR10011719.lite.1	s3.us-east-1	aws identity	https://sra-downloadb.be-md.ncbi.nlm.nih.gov/sos8/sra-pub-zq-818/ERR010/10011/ERR10011719/ERR10011719.lite.1	worldwide	anonymous	gs://sra-pub-zq-101/ERR10011719/ERR10011719.lite.1	gs.us-east1	gcp identity	-			-				human				2022-11-15	2022-11-15	SAMEA110424568	Institut d'Investigacio Sanitaria de Palma	Institut d'Investigacio Sanitaria de Palma	2022-11-15T00:19:57Z	2022-11-15T00:19:57Z	public	OB2_55	2021	Spain	diseased	Homo sapiens	Pseudomonas aeruginosa	OB2_55				-	-	http://ftp.sra.ebi.ac.uk/vol1/fastq/ERR100/019/ERR10011719/ERR10011719_1.fastq.gz	http://ftp.sra.ebi.ac.uk/vol1/fastq/ERR100/019/ERR10011719/ERR10011719_2.fastq.gz	-	era-fasp@fasp.sra.ebi.ac.uk:vol1/fastq/ERR100/019/ERR10011719/ERR10011719_1.fastq.gz	era-fasp@fasp.sra.ebi.ac.uk:vol1/fastq/ERR100/019/ERR10011719/ERR10011719_2.fastq.gz																																																																																																																																																																																																																																																																																																																																																															
SRR24928513	Companion Animals to Determine Mechanisms of Antimicrobial Resistance   - canine ear                    	Host Body-Site: Organ; Ear	['Host Body-Site']	['Organ; Ear']	115.08177380191694	0.8047676489644541	1216912	1603346	296	143	115.08177380191694	SRP318731	Clinical Isolates from Companion Animals to Determine Mechanisms of Antimicrobial Resistance	SRX20689896	WGS of P. aeruginosa	WGS of P. aeruginosa	287	Pseudomonas aeruginosa	30793-23	WGS	GENOMIC	RANDOM	PAIRED	SRS17982566	-	SAMN35751022	PRJNA715470	Illumina HiSeq 2500	Illumina HiSeq 2500	ILLUMINA	150423830	1603346	475622025	30793_23_S117_R1_001.fastq.gz	SRR24928513.lite	https://sra-downloadb.be-md.ncbi.nlm.nih.gov/sos13/sra-pub-zq-1307/SRR024/24928/SRR24928513/SRR24928513.lite.1	124431405	2023-06-20 13:28:00	a12a71d05090949f665a41ebc81c2898	1	SRA Lite	Primary ETL	1	s3://sra-pub-zq-6/SRR24928513/SRR24928513.lite.1	s3.us-east-1	aws identity	https://sra-downloadb.be-md.ncbi.nlm.nih.gov/sos13/sra-pub-zq-1307/SRR024/24928/SRR24928513/SRR24928513.lite.1	worldwide	anonymous	gs://sra-pub-zq-106/SRR24928513/SRR24928513.lite.1	gs.us-east1	gcp identity	-		Stephen Cole	2023	USA:NJ	-	-	canine ear	40.30 N 74.10 W	30793-23	Pathogen.env																				-	http://ftp.sra.ebi.ac.uk/vol1/fastq/SRR249/013/SRR24928513/SRR24928513_1.fastq.gz	http://ftp.sra.ebi.ac.uk/vol1/fastq/SRR249/013/SRR24928513/SRR24928513_2.fastq.gz	-	era-fasp@fasp.sra.ebi.ac.uk:vol1/fastq/SRR249/013/SRR24928513/SRR24928513_1.fastq.gz	era-fasp@fasp.sra.ebi.ac.uk:vol1/fastq/SRR249/013/SRR24928513/SRR24928513_2.fastq.gz																																																														-																																																								-	-																																					-			-	-																																																																																																																																																																																															
SRR30916324	   - eye discharge                    	Host Body-Site: Organ; Eye	['Host Body-Site']	['Organ; Eye']	498.4617891373802	0.8039706276409359	5200618	7728918	300	620	498.4617891373802	SRP537237	Pseudomonas aeruginosa isolate:YK1 Genome sequencing	SRX26319578	Illumina sequencing reads of YK01	Illumina sequencing reads of YK01	287	Pseudomonas aeruginosa	YK01_illumina	WGS	GENOMIC	RANDOM	PAIRED	SRS22846744	-	SAMN43049402	PRJNA1145087	NextSeq 500	NextSeq 500	ILLUMINA	650790880	7728918	2318675400	YK01_1.fastq.gz	SRR30916324.lite	https://sra-downloadb.be-md.ncbi.nlm.nih.gov/sos13/sra-pub-zq-1307/SRR030/30916/SRR30916324/SRR30916324.lite.1	560608879	2024-10-09 00:13:38	3b33b374a9e048562e52e118eff705ca	1	SRA Lite	Primary ETL	1	s3://sra-pub-zq-6/SRR30916324/SRR30916324.lite.1	s3.us-east-1	aws identity	https://sra-downloadb.be-md.ncbi.nlm.nih.gov/sos13/sra-pub-zq-1307/SRR030/30916/SRR30916324/SRR30916324.lite.1	worldwide	anonymous	gs://sra-pub-zq-105/SRR30916324/SRR30916324.lite.1	gs.us-east1	gcp identity	-		-	2023	China: Guangzhou	Homo sapiens	-	eye discharge	-	YK1	Microbe, viral or environmental														missing						-	http://ftp.sra.ebi.ac.uk/vol1/fastq/SRR309/024/SRR30916324/SRR30916324_1.fastq.gz	http://ftp.sra.ebi.ac.uk/vol1/fastq/SRR309/024/SRR30916324/SRR30916324_2.fastq.gz	-	era-fasp@fasp.sra.ebi.ac.uk:vol1/fastq/SRR309/024/SRR30916324/SRR30916324_1.fastq.gz	era-fasp@fasp.sra.ebi.ac.uk:vol1/fastq/SRR309/024/SRR30916324/SRR30916324_2.fastq.gz																																																																															cell culture																																																																					-								-																					-	-	-																																																																																																																																																																												
SRR9824840	early cystic fibrosis lung infection    not applicable                    	Infection: Disease; Cystic fibrosis	['Infection']	['Disease; Cystic fibrosis']	128.50953130990416	0.803184570686901	1345267	1434619	299	160	128.50953130990416	SRP216237	Pseudomonas aeruginosa sequenced from early cystic fibrosis lung infection	SRX6581506	WGS of Pseudomonas aeruginosa: cystic fibrosis lung	WGS of Pseudomonas aeruginosa: cystic fibrosis lung	287	Pseudomonas aeruginosa	6	WGS	GENOMIC	RANDOM	PAIRED	SRS5147212	-	SAMN12350493	PRJNA556419	NextSeq 500	NextSeq 500	ILLUMINA	168763866	1434619	430374982	6_R1.fastq.gz	SRR9824840.lite	https://sra-downloadb.be-md.ncbi.nlm.nih.gov/sos12/sra-pub-zq-1216/SRR009/9824/SRR9824840/SRR9824840.lite.1	107294329	2022-06-22 22:29:12	0600180ed18b4d9176741d50b5c0a6ba	1	SRA Lite	Primary ETL	1	s3://sra-pub-zq-3/SRR9824840/SRR9824840.lite.1	s3.us-east-1	aws identity	https://sra-downloadb.be-md.ncbi.nlm.nih.gov/sos12/sra-pub-zq-1216/SRR009/9824/SRR9824840/SRR9824840.lite.1	worldwide	anonymous	gs://sra-pub-zq-108/SRR9824840/SRR9824840.lite.1	gs.us-east1	gcp identity	-			2011-10-18	Canada: Toronto	Homo sapiens		not applicable		not applicable	Microbe, viral or environmental														SK001						-	http://ftp.sra.ebi.ac.uk/vol1/fastq/SRR982/000/SRR9824840/SRR9824840_1.fastq.gz	http://ftp.sra.ebi.ac.uk/vol1/fastq/SRR982/000/SRR9824840/SRR9824840_2.fastq.gz	-	era-fasp@fasp.sra.ebi.ac.uk:vol1/fastq/SRR982/000/SRR9824840/SRR9824840_1.fastq.gz	era-fasp@fasp.sra.ebi.ac.uk:vol1/fastq/SRR982/000/SRR9824840/SRR9824840_2.fastq.gz																				-																																																											sputum culture																																																																																																																																																																																																																																																																m1	i1	3142	17	5	1	63	4	15	2							
SRR39756586	ocular and other clinical infections bacterial keratitis bacterial keratitis bacterial keratitis Corneal scraping                    	Host Body-Site: Organ; Eye	['Host Body-Site']	['Organ; Eye']	472.2790734824281	0.795082615290283	4927445	7209676	300	594	472.2790734824281	SRP720151	Comparative genomics of Pseudomonas aeruginosa strains from ocular and other clinical infections	SRX34438978	WGS of Pseudomonas aeruginosa clinical_91 from bacterial keratitis	WGS of Pseudomonas aeruginosa clinical_91 from bacterial keratitis	287	Pseudomonas aeruginosa	LIB_91	WGS	GENOMIC	RANDOM	PAIRED	SRS30022516	-	SAMN61623565	PRJNA1494466	Illumina NovaSeq 6000	Illumina NovaSeq 6000	ILLUMINA	623077397	7209676	2162902800	91_1.fq.gz	SRR39756586.sralite	https://sra-downloadb.be-md.ncbi.nlm.nih.gov/sos13/sra-pub-zq-1307/SRR039/39756/SRR39756586/SRR39756586.sralite.1	538478352	2026-07-22 00:55:15	414f2132a184de31d1fe29fbd0a8331f	1	SRA Lite	Primary ETL	1	s3://sra-pub-zq-6/SRR39756586/SRR39756586.sralite.1	s3.us-east-1	aws identity	https://sra-downloadb.be-md.ncbi.nlm.nih.gov/sos13/sra-pub-zq-1307/SRR039/39756/SRR39756586/SRR39756586.sralite.1	worldwide	anonymous	gs://sra-pub-zq-102/SRR39756586/SRR39756586.sralite.1	gs.us-east1	gcp identity	-		Eye Hospital of Wenzhou Medical University	2021/2024	China: Zhejiang, Wenzhou	Homo sapiens	bacterial keratitis	Corneal scraping	-	clinical_91	Microbe, viral or environmental														Pae_91						-	-	-	-	-	-																																																																															clinical isolate			64																																	-	-	-	-	-																																																																								-	-	-	-	-	-	-	-	-	-	-	-	-	-	-	-	-	-	-	-	-	-	-	-	-	-	-	-	-	-																																																																																																																																			
SRR19575446	   cystic fibrosis bronchoalveolar lavage fluid                    	Infection: Disease; Cystic fibrosis	['Infection']	['Disease; Cystic fibrosis']	380.6490415335463	0.7736769136860697	2382863	3199717	500	492	380.6490415335463	SRP378973	Pseudomonas aeruginosa strain:CFRL18 Raw sequence reads	SRX15627324	WGS of Pseudomonas aeruginosa: Cystic Fibrosis isolate	WGS of Pseudomonas aeruginosa: Cystic Fibrosis isolate	287	Pseudomonas aeruginosa	CFpl127_E12	WGS	GENOMIC	RANDOM	PAIRED	SRS13327448	-	SAMN28905181	PRJNA742527	Illumina HiSeq 2500	Illumina HiSeq 2500	ILLUMINA	516754475	3199717	1599858500	CFpl127_E12_AAGAGGCA-TTATGCGA_L001_R1_001.fastq.gz	SRR19575446.lite	https://sra-downloadb.be-md.ncbi.nlm.nih.gov/sos8/sra-pub-zq-820/SRR019/19575/SRR19575446/SRR19575446.lite.1	401066164	2022-11-03 19:22:35	243515a8a502b6f4c6c6ca424d623b42	1	SRA Lite	Primary ETL	1	s3://sra-pub-zq-6/SRR19575446/SRR19575446.lite.1	s3.us-east-1	aws identity	https://sra-downloadb.be-md.ncbi.nlm.nih.gov/sos8/sra-pub-zq-820/SRR019/19575/SRR19575446/SRR19575446.lite.1	worldwide	anonymous	gs://sra-pub-zq-103/SRR19575446/SRR19575446.lite.1	gs.us-east1	gcp identity	-		DartCF Translational Research Core	2015/2018	USA:New Hampshire	Homo sapiens	cystic fibrosis	bronchoalveolar lavage fluid	43.6423 N 72.2518 W	CFRL18	Pathogen.cl														CFpl127_E12						-	http://ftp.sra.ebi.ac.uk/vol1/fastq/SRR195/046/SRR19575446/SRR19575446_1.fastq.gz	http://ftp.sra.ebi.ac.uk/vol1/fastq/SRR195/046/SRR19575446/SRR19575446_2.fastq.gz	-	era-fasp@fasp.sra.ebi.ac.uk:vol1/fastq/SRR195/046/SRR19575446/SRR19575446_1.fastq.gz	era-fasp@fasp.sra.ebi.ac.uk:vol1/fastq/SRR195/046/SRR19575446/SRR19575446_2.fastq.gz																																																																													male					18-25																																																												high lung function																																																																																																																																																																																																																	
ERR1538268	patients attending a cystic fibrosis centre in Brisbane.    -    sputum -               	Infection: Disease; Cystic fibrosis	['Infection']	['Disease; Cystic fibrosis']	147.33507987220446	0.7673702076677316	2305794	2351783	200	192	147.33507987220446	ERP016450	Whole genome analysis of an Australian AUST-02 strain sublineage associated with increased multi-drug resistance, isolated from patients attending a cystic fibrosis centre in Brisbane.	ERX1609096	Illumina HiSeq 2500 paired end sequencing	Illumina HiSeq 2500 paired end sequencing	287	Pseudomonas aeruginosa	unspecified	WGS	GENOMIC	unspecified	PAIRED	ERS1249701	-	SAMEA4078591	PRJEB14781	Illumina HiSeq 2500	Illumina HiSeq 2500	ILLUMINA	202144919	2351783	470356600	ena-RUN-UQ-17-07-2016-17:36:18:820-23	ERR1538268.sralite	https://sra-downloadb.be-md.ncbi.nlm.nih.gov/sos12/sra-pub-zq-1214/ERR001/538/ERR1538268.sralite.1	123620679	2020-06-13 14:28:49	b6e1ddf2e5402df3c8750202029a4624	1	SRA Lite	Primary ETL	1	s3://sra-pub-zq-2/ERR1538268/ERR1538268.sralite.1	s3.us-east-1	aws identity	https://sra-downloadb.be-md.ncbi.nlm.nih.gov/sos12/sra-pub-zq-1214/ERR001/538/ERR1538268.sralite.1	worldwide	anonymous	gs://sra-pub-zq-103/ERR1538268/ERR1538268.zq.1	gs.us-east1	gcp identity	-							-		AUST-02				SAMEA4078591	UQ	University of Queensland	2016-07-19T17:03:03Z	2016-07-14T10:45:08Z	public	AUS956	2007	Australia	-	-	AUS956	AUS956	http://ftp.sra.ebi.ac.uk/vol1/run/ERR153/ERR1538268/AUS956_2_sequence.fastq.gz	worldwide	anonymous	-	-	http://ftp.sra.ebi.ac.uk/vol1/fastq/ERR153/008/ERR1538268/ERR1538268_1.fastq.gz	http://ftp.sra.ebi.ac.uk/vol1/fastq/ERR153/008/ERR1538268/ERR1538268_2.fastq.gz	-	era-fasp@fasp.sra.ebi.ac.uk:vol1/fastq/ERR153/008/ERR1538268/ERR1538268_1.fastq.gz	era-fasp@fasp.sra.ebi.ac.uk:vol1/fastq/ERR153/008/ERR1538268/ERR1538268_2.fastq.gz	2016-07-19								2016-07-14	sputum	Brisbane	M3L7	-																																																																																																																																																																																																																																																																																																																																																		
SRR34269087	   Cystic Fibrosis sputum                    	Infection: Disease; Cystic fibrosis	['Infection']	['Disease; Cystic fibrosis']	605.8360249201278	0.7639798548803629	6279029	8889294	302	793	605.8360249201278	SRP595615	Within lung interspecies plasmid transfer causes sudden and extreme antibiotic resistance in human infections	SRX29442710	Plasmid-mediated extreme resistance development within lung	Plasmid-mediated extreme resistance development within lung	287	Pseudomonas aeruginosa	CF-sbj17-Pa1	WGS	GENOMIC	RANDOM	PAIRED	SRS25588684	-	SAMN49516968	PRJNA1280179	NextSeq 550	NextSeq 550	ILLUMINA	831932123	8889294	2684566788	Pa-subject17_1.fastq.gz	SRR34269087.lite	https://sra-downloadb.be-md.ncbi.nlm.nih.gov/sos1/sra-pub-zq-38/SRR034/34269/SRR34269087/SRR34269087.lite.1	676747199	2025-06-27 15:29:41	342105d623a6c3f26cbaeb93bcceecc7	1	SRA Lite	Primary ETL	1	s3://sra-pub-zq-8/SRR34269087/SRR34269087.lite.1	s3.us-east-1	aws identity	https://sra-downloadb.be-md.ncbi.nlm.nih.gov/sos1/sra-pub-zq-38/SRR034/34269/SRR34269087/SRR34269087.lite.1	worldwide	anonymous	gs://sra-pub-zq-103/SRR34269087/SRR34269087.lite.1	gs.us-east1	gcp identity	-		Calgary Adult CF Clinic	2016-11	Canada: Calgary	Homo sapiens	Cystic Fibrosis	sputum	51.04 N 114.07 W	-	Pathogen.cl														CF-sbj17-Pa1						-	http://ftp.sra.ebi.ac.uk/vol1/fastq/SRR342/087/SRR34269087/SRR34269087_1.fastq.gz	http://ftp.sra.ebi.ac.uk/vol1/fastq/SRR342/087/SRR34269087/SRR34269087_2.fastq.gz	-	era-fasp@fasp.sra.ebi.ac.uk:vol1/fastq/SRR342/087/SRR34269087/SRR34269087_1.fastq.gz	era-fasp@fasp.sra.ebi.ac.uk:vol1/fastq/SRR342/087/SRR34269087/SRR34269087_2.fastq.gz																																																																															-																																																																																																												-																																																																																																																																																																				
SRR8586094	   - -             cystic fibrosis patient     -  	Infection: Disease; Cystic fibrosis	['Infection']	['Disease; Cystic fibrosis']	525.266357827476	0.7601539187083589	5480279	5781686	300	691	525.266357827476	SRP186122	Pseudomonas aeruginosa E80 Genome sequencing	SRX5386638	gDNA P aeruginosa E80 wildtype	gDNA P aeruginosa E80 wildtype	287	Pseudomonas aeruginosa	E80WTillum	WGS	GENOMIC	RANDOM	PAIRED	SRS4375122	-	SAMN09407355	PRJNA475978	Illumina HiSeq 1000	Illumina HiSeq 1000	ILLUMINA	724912700	5781686	1734505800	E80WT.1.fq	SRR8586094.sralite	https://sra-downloadb.be-md.ncbi.nlm.nih.gov/sos9/sra-pub-zq-922/SRR008/586/SRR8586094.sralite.1	434645742	2020-06-20 12:38:38	47f11b270c43a9707aaa013cbcadc744	1	SRA Lite	Primary ETL	1	s3://sra-pub-zq-4/SRR8586094/SRR8586094.sralite.1	s3.us-east-1	aws identity	https://sra-downloadb.be-md.ncbi.nlm.nih.gov/sos9/sra-pub-zq-922/SRR008/586/SRR8586094.sralite.1	worldwide	anonymous	gs://sra-pub-zq-104/SRR8586094/SRR8586094.zq.1	gs.us-east1	gcp identity	-		-	missing	missing	Homo sapiens	-	-	missing	E80	MIGS/MIMS/MIMARKS.human-associated														-						-	http://ftp.sra.ebi.ac.uk/vol1/fastq/SRR858/004/SRR8586094/SRR8586094_1.fastq.gz	http://ftp.sra.ebi.ac.uk/vol1/fastq/SRR858/004/SRR8586094/SRR8586094_2.fastq.gz	-	era-fasp@fasp.sra.ebi.ac.uk:vol1/fastq/SRR858/004/SRR8586094/SRR8586094_1.fastq.gz	era-fasp@fasp.sra.ebi.ac.uk:vol1/fastq/SRR858/004/SRR8586094/SRR8586094_2.fastq.gz																				-																																																											-		-		cystic fibrosis patient	cystic fibrosis patient	cystic fibrosis patient																																				PMID 20597081	1	PMID 20597081 and 27703072											-														-										-										-																																																																																																																																																																-	-	-	-	-	-	-																	
SRR21537018	   aural infection ear swabs                    	Host Body-Site: Organ; Ear	['Host Body-Site']	['Organ; Ear']	1098.213162939297	0.7553047888165729	11458024	13044000	300	1454	1098.213162939297	SRP396804	Whole genome sequences of the 199 Pseudomonas aeruginosa ear swab isolates	SRX17539183	Whole genome sequences of the 199 Pseudomonas aeruginosa ear swab isolates	Whole genome sequences of the 199 Pseudomonas aeruginosa ear swab isolates	287	Pseudomonas aeruginosa	HS_53	WGS	GENOMIC	RANDOM	PAIRED	SRS15086581	-	SAMN24547514	PRJNA793523	Illumina NovaSeq 6000	Illumina NovaSeq 6000	ILLUMINA	1525377229	13044000	3913200000	HS_53_R1.fq.gz	SRR21537018.lite	https://sra-downloadb.be-md.ncbi.nlm.nih.gov/sos9/sra-pub-zq-924/SRR021/21537/SRR21537018/SRR21537018.lite.1	1058642043	2022-09-12 23:39:27	5ac01ead1c8a023f04c66ccd32aebb80	1	SRA Lite	Primary ETL	1	s3://sra-pub-zq-2/SRR21537018/SRR21537018.lite.1	s3.us-east-1	aws identity	https://sra-downloadb.be-md.ncbi.nlm.nih.gov/sos9/sra-pub-zq-924/SRR021/21537/SRR21537018/SRR21537018.lite.1	worldwide	anonymous	gs://sra-pub-zq-104/SRR21537018/SRR21537018.lite.1	gs.us-east1	gcp identity	-		Baixing Ding	2020	China: Shanghai	Homo sapiens	aural infection	ear swabs	31.23 N 121.45 E	HS_53	Pathogen.cl																				-	http://ftp.sra.ebi.ac.uk/vol1/fastq/SRR215/018/SRR21537018/SRR21537018_1.fastq.gz	http://ftp.sra.ebi.ac.uk/vol1/fastq/SRR215/018/SRR21537018/SRR21537018_2.fastq.gz	-	era-fasp@fasp.sra.ebi.ac.uk:vol1/fastq/SRR215/018/SRR21537018/SRR21537018_1.fastq.gz	era-fasp@fasp.sra.ebi.ac.uk:vol1/fastq/SRR215/018/SRR21537018/SRR21537018_2.fastq.gz																				-																																																											-			-																																																																		-																																																																																																																																																																																																											
SRR8942500	   Cystic Fibrosis Sputum49                    	Infection: Disease; Cystic fibrosis	['Infection']	['Disease; Cystic fibrosis']	134.87165814696485	0.753472950541703	1416605	1478208	298	179	134.87165814696485	SRP193362	Genomic analysis identifies novel Pseudomonas aeruginosa resistance genes and ampC mutations under selection during inhaled aztreonam therapy in vivo	SRX5722716	WGS of P. aeruginosa CF isolates	WGS of P. aeruginosa CF isolates	287	Pseudomonas aeruginosa	P_1266_R	WGS	GENOMIC	PCR	PAIRED	SRS4660929	-	SAMN11477321	PRJNA534096	NextSeq 500	NextSeq 500	ILLUMINA	188303648	1478208	440505984	N917356-8_S193_L001_R1_001.fastq.gz	SRR8942500.sralite	https://sra-downloadb.be-md.ncbi.nlm.nih.gov/sos12/sra-pub-zq-1216/SRR008/942/SRR8942500.sralite.1	110706679	2020-06-19 20:53:01	d1a75fa7b20a4296caedb6c2d216bbd5	1	SRA Lite	Primary ETL	1	s3://sra-pub-zq-7/SRR8942500/SRR8942500.sralite.1	s3.us-east-1	aws identity	https://sra-downloadb.be-md.ncbi.nlm.nih.gov/sos12/sra-pub-zq-1216/SRR008/942/SRR8942500.sralite.1	worldwide	anonymous	gs://sra-pub-zq-105/SRR8942500/SRR8942500.zq.1	gs.us-east1	gcp identity	-		Gilead	2011/2013	USA	Homo sapiens	Cystic Fibrosis	Sputum49	missing	not collected	Pathogen.cl														49						-	http://ftp.sra.ebi.ac.uk/vol1/fastq/SRR894/000/SRR8942500/SRR8942500_1.fastq.gz	http://ftp.sra.ebi.ac.uk/vol1/fastq/SRR894/000/SRR8942500/SRR8942500_2.fastq.gz	-	era-fasp@fasp.sra.ebi.ac.uk:vol1/fastq/SRR894/000/SRR8942500/SRR8942500_1.fastq.gz	era-fasp@fasp.sra.ebi.ac.uk:vol1/fastq/SRR894/000/SRR8942500/SRR8942500_2.fastq.gz																																																																															-																																																																																																																																																																																																																																																																																
ERR16741959	children with cystic fibrosis    clinical isolate                    	Infection: Disease; Cystic fibrosis	['Infection']	['Disease; Cystic fibrosis']	115.89751725239616	0.7525812808597154	800793	908071	453	154	115.89751725239616	ERP189438	Tracking eco-evolutionary dynamics among lung pathobiome members from children with cystic fibrosis	ERX16133508	Illumina NovaSeq 6000 paired end sequencing	Illumina NovaSeq 6000 paired end sequencing	287	Pseudomonas aeruginosa	-	WGS	GENOMIC	RANDOM	PAIRED	ERS29280699	-	SAMEA121784145	PRJEB108602	Illumina NovaSeq 6000	Illumina NovaSeq 6000	ILLUMINA	162014720	908071	411898677	ena-RUN-TAB-25-02-2026-13:39:17:371-148767	ERR16741959.lite	https://sra-downloadb.be-md.ncbi.nlm.nih.gov/sos10/sra-pub-zq-1002/ERR016/16741/ERR16741959/ERR16741959.lite.1	107679812	2026-03-02 11:47:40	71a29b0f3a97fba327ced0f26a27ee5d	1	SRA Lite	Primary ETL	1	s3://sra-pub-zq-6/ERR16741959/ERR16741959.lite.1	s3.us-east-1	aws identity	https://sra-downloadb.be-md.ncbi.nlm.nih.gov/sos10/sra-pub-zq-1002/ERR016/16741/ERR16741959/ERR16741959.lite.1	worldwide	anonymous	gs://sra-pub-zq-100/ERR16741959/ERR16741959.lite.1	gs.us-east1	gcp identity	-							clinical isolate		-						Leand			public	ID115	not collected	not collected	not collected	Homo sapiens	ID115	ID115				Pseudomonas aeruginosa	-	ftp.sra.ebi.ac.uk/vol1/fastq/ERR167/059/ERR16741959/ERR16741959_1.fastq.gz	http://ftp.sra.ebi.ac.uk/vol1/fastq/ERR167/059/ERR16741959/ERR16741959_2.fastq.gz	-	era-fasp@fasp.sra.ebi.ac.uk:vol1/fastq/ERR167/059/ERR16741959/ERR16741959_1.fastq.gz	era-fasp@fasp.sra.ebi.ac.uk:vol1/fastq/ERR167/059/ERR16741959/ERR16741959_2.fastq.gz	2026-02-25													-	-																																																																																																																																																																																																																																																																																																																																																
SRR31254167	 CF sputum CF sputum Cystic Fibrosis sputum                    	Infection: Disease; Cystic fibrosis	['Infection']	['Disease; Cystic fibrosis']	225.35037380191693	0.7511679126730564	2335585	3609608	302	300	225.35037380191693	SRP543632	CF sputum, metagenomes and isolates	SRX26633586	short read sequencing of Pseudomonas aeruginosa isolate from CF sputum	short read sequencing of Pseudomonas aeruginosa isolate from CF sputum	287	Pseudomonas aeruginosa	isolate39	WGS	GENOMIC	PCR	PAIRED	SRS23128859	-	SAMN44611837	PRJNA1182815	NextSeq 550	NextSeq 550	ILLUMINA	314773410	3609608	1090101616	isolate39_R1.fastq.gz	SRR31254167.lite	https://sra-downloadb.be-md.ncbi.nlm.nih.gov/sos8/sra-pub-zq-820/SRR031/31254/SRR31254167/SRR31254167.lite.1	270737061	2024-11-06 18:14:40	1c27f6025965758e6b067874770ac6c9	1	SRA Lite	Primary ETL	1	s3://sra-pub-zq-3/SRR31254167/SRR31254167.lite.1	s3.us-east-1	aws identity	https://sra-downloadb.be-md.ncbi.nlm.nih.gov/sos8/sra-pub-zq-820/SRR031/31254/SRR31254167/SRR31254167.lite.1	worldwide	anonymous	gs://sra-pub-zq-107/SRR31254167/SRR31254167.lite.1	gs.us-east1	gcp identity	-		Benjamin Chan	missing	USA: Connecticut	Homo sapiens	Cystic Fibrosis	sputum	not collected	missing	Pathogen.cl														CF patient 7						-	http://ftp.sra.ebi.ac.uk/vol1/fastq/SRR312/067/SRR31254167/SRR31254167_1.fastq.gz	http://ftp.sra.ebi.ac.uk/vol1/fastq/SRR312/067/SRR31254167/SRR31254167_2.fastq.gz	-	era-fasp@fasp.sra.ebi.ac.uk:vol1/fastq/SRR312/067/SRR31254167/SRR31254167_1.fastq.gz	era-fasp@fasp.sra.ebi.ac.uk:vol1/fastq/SRR312/067/SRR31254167/SRR31254167_2.fastq.gz																																																																																																																																																																																		-		isolate39																																																																																																																																																																											
SRR31613341	   Cystic fibrosis Cystic fibrosis sputum                    	Infection: Disease; Cystic fibrosis	['Infection']	['Disease; Cystic fibrosis']	317.78415335463256	0.74949092772319	3315548	4771415	300	424	317.78415335463256	SRP549462	Long-term Culturing of Pseudomonas aeruginosa in Static Minimal Nutrient Medium	SRX26977934	WGS of Pseudomonas aeruginosa in a long term culturing in static minimal nutrient medium	WGS of Pseudomonas aeruginosa in a long term culturing in static minimal nutrient medium	287	Pseudomonas aeruginosa	CD10	WGS	GENOMIC	PCR	PAIRED	SRS23445478	-	SAMN45176214	PRJNA1194290	Illumina NovaSeq X	Illumina NovaSeq X	ILLUMINA	445550961	4771415	1431424500	C27_1.fq.gz	SRR31613341.lite	https://sra-downloadb.be-md.ncbi.nlm.nih.gov/sos7/sra-pub-zq-41/SRR031/31613/SRR31613341/SRR31613341.lite.1	368268945	2024-12-05 04:54:11	14bb47dd54da1fb5a12a13f8f0543475	1	SRA Lite	Primary ETL	1	s3://sra-pub-zq-6/SRR31613341/SRR31613341.lite.1	s3.us-east-1	aws identity	https://sra-downloadb.be-md.ncbi.nlm.nih.gov/sos7/sra-pub-zq-41/SRR031/31613/SRR31613341/SRR31613341.lite.1	worldwide	anonymous	gs://sra-pub-zq-107/SRR31613341/SRR31613341.lite.1	gs.us-east1	gcp identity	-		Deborah R. Yoder-Himes	2024-01-18	USA	Homo sapiens	Cystic fibrosis	Cystic fibrosis sputum	38.24 N 85.74 W	PAB0427	Pathogen.cl														-						-	http://ftp.sra.ebi.ac.uk/vol1/fastq/SRR316/041/SRR31613341/SRR31613341_1.fastq.gz	http://ftp.sra.ebi.ac.uk/vol1/fastq/SRR316/041/SRR31613341/SRR31613341_2.fastq.gz	-	era-fasp@fasp.sra.ebi.ac.uk:vol1/fastq/SRR316/041/SRR31613341/SRR31613341_1.fastq.gz	era-fasp@fasp.sra.ebi.ac.uk:vol1/fastq/SRR316/041/SRR31613341/SRR31613341_2.fastq.gz																																																																																																																																																																																					Derived 2_10																																																																																																																																																																										
SRR24707197	   cystic fibrosis missing                    	Infection: Disease; Cystic fibrosis	['Infection']	['Disease; Cystic fibrosis']	134.7866734824281	0.7488148526801562	1425278	1849617	296	180	134.7866734824281	SRP439138	Clinical P. aeruginosa strains	SRX20485779	WGS of Pseudomonas aeruginosa: cystic fibrosis	WGS of Pseudomonas aeruginosa: cystic fibrosis	287	Pseudomonas aeruginosa	CFF68449	WGS	GENOMIC	unspecified	PAIRED	SRS17795704	-	SAMN34576165	PRJNA967106	NextSeq 2000	NextSeq 2000	ILLUMINA	189470074	1849617	548750414	CFF68449_R1.fastq.gz	SRR24707197.lite	https://sra-downloadb.be-md.ncbi.nlm.nih.gov/sos8/sra-pub-zq-818/SRR024/24707/SRR24707197/SRR24707197.lite.1	143974639	2023-05-28 19:35:08	640685b3f1cca4d09fc778df65359921	1	SRA Lite	Primary ETL	1	s3://sra-pub-zq-9/SRR24707197/SRR24707197.lite.1	s3.us-east-1	aws identity	https://sra-downloadb.be-md.ncbi.nlm.nih.gov/sos8/sra-pub-zq-818/SRR024/24707/SRR24707197/SRR24707197.lite.1	worldwide	anonymous	gs://sra-pub-zq-106/SRR24707197/SRR24707197.lite.1	gs.us-east1	gcp identity	-		Cystic Fibrosis Foundation	missing	missing	Homo sapiens	cystic fibrosis	missing	missing	CFF68449	Pathogen.cl																				-	http://ftp.sra.ebi.ac.uk/vol1/fastq/SRR247/097/SRR24707197/SRR24707197_1.fastq.gz	http://ftp.sra.ebi.ac.uk/vol1/fastq/SRR247/097/SRR24707197/SRR24707197_2.fastq.gz	-	era-fasp@fasp.sra.ebi.ac.uk:vol1/fastq/SRR247/097/SRR24707197/SRR24707197_1.fastq.gz	era-fasp@fasp.sra.ebi.ac.uk:vol1/fastq/SRR247/097/SRR24707197/SRR24707197_2.fastq.gz																																																														-																																																								-	-																																					-			-	-																																																																																																																																																																																															
SRR11288287	   Cystic Fibrosis Infant Bronchiectasis missing           -         	Infection: Disease; Cystic fibrosis	['Infection']	['Disease; Cystic fibrosis']	337.40395207667734	0.7399209475365731	3496935	3758729	302	456	337.40395207667734	SRP252386	Pseudomonas aeruginosa Genome sequencing and assembly	SRX7894023	Genome sequencing and assembly of Pseudomonas aeruginosa	Genome sequencing and assembly of Pseudomonas aeruginosa	287	Pseudomonas aeruginosa	CEC55	WGS	GENOMIC	RANDOM	PAIRED	SRS6303131	-	SAMN14160375	PRJNA607994	Illumina HiSeq 4000	Illumina HiSeq 4000	ILLUMINA	479199180	3758729	1135136158	CEC55.R1.fastq	SRR11288287.lite	https://sra-downloadb.be-md.ncbi.nlm.nih.gov/sos9/sra-pub-zq-922/SRR011/11288/SRR11288287/SRR11288287.lite.1	284810326	2022-07-15 21:07:21	d1ab4625a76bf5af47dc6d74424ab9f0	1	SRA Lite	Primary ETL	1	s3://sra-pub-zq-4/SRR11288287/SRR11288287.lite.1	s3.us-east-1	aws identity	https://sra-downloadb.be-md.ncbi.nlm.nih.gov/sos9/sra-pub-zq-922/SRR011/11288/SRR11288287/SRR11288287.lite.1	worldwide	anonymous	gs://sra-pub-zq-103/SRR11288287/SRR11288287.lite.1	gs.us-east1	gcp identity	-		missing	missing	missing	Homo sapiens	Cystic Fibrosis Infant Bronchiectasis	missing	missing	CEC55	Pathogen.cl										-				-						-	http://ftp.sra.ebi.ac.uk/vol1/fastq/SRR112/087/SRR11288287/SRR11288287_1.fastq.gz	http://ftp.sra.ebi.ac.uk/vol1/fastq/SRR112/087/SRR11288287/SRR11288287_2.fastq.gz	-	era-fasp@fasp.sra.ebi.ac.uk:vol1/fastq/SRR112/087/SRR11288287/SRR11288287_1.fastq.gz	era-fasp@fasp.sra.ebi.ac.uk:vol1/fastq/SRR112/087/SRR11288287/SRR11288287_2.fastq.gz																																																						-									-	-	-	-	-	-	-	-	-	-	-	-	-		-		-			-																									-	-	-	-																																																																																																																																																																																																																																																	
SRR1014161	   - -        -   General Eye         	Host Body-Site: Organ; Eye	['Host Body-Site']	['Organ; Eye']	126.6498696485623	0.7363364514451297	1962446	4048773	202	172	126.6498696485623	SRP031676	Pseudomonas	SRX365911	Illumina whole genome shotgun sequencing of genomic DNA paired-end library 'Pond-242674' containing sample 'Pseudomonas_aeruginosa_BL18'	Illumina whole genome shotgun sequencing of genomic DNA paired-end library 'Pond-242674' containing sample 'Pseudomonas_aeruginosa_BL18'	1402559	Pseudomonas aeruginosa BL18	Pond-242674	WGS	GENOMIC	RANDOM	PAIRED	SRS492277	-	SAMN02360731	PRJNA219921	Illumina HiSeq 2000	Illumina HiSeq 2000	ILLUMINA	361331550	2030123	410084846	D251PACXX130605.8.tagged_218.bam	SRR1014161.sralite	https://sra-downloadb.be-md.ncbi.nlm.nih.gov/sos12/sra-pub-zq-1211/SRR001/014/SRR1014161/SRR1014161.sralite.1	35886505	2020-08-13 20:42:11	7bee8e236c53494b3700f671cb469ccf	1	SRA Lite	Primary ETL	1	s3://sra-pub-zq-3/SRR1014161/SRR1014161.sralite.1	s3.us-east-1	aws identity	https://sra-downloadb.be-md.ncbi.nlm.nih.gov/sos12/sra-pub-zq-1211/SRR001/014/SRR1014161/SRR1014161.sralite.1	worldwide	anonymous	gs://sra-pub-zq-101/SRR1014161/SRR1014161.zq.1	gs.us-east1	gcp identity	-		-	-	-	-	-	-	-	-	-	-	-	-	-	-	-	-	-	-	missing				-	-					-	http://ftp.sra.ebi.ac.uk/vol1/fastq/SRR101/001/SRR1014161/SRR1014161_1.fastq.gz	http://ftp.sra.ebi.ac.uk/vol1/fastq/SRR101/001/SRR1014161/SRR1014161_2.fastq.gz	-	era-fasp@fasp.sra.ebi.ac.uk:vol1/fastq/SRR101/001/SRR1014161/SRR1014161_1.fastq.gz	era-fasp@fasp.sra.ebi.ac.uk:vol1/fastq/SRR101/001/SRR1014161/SRR1014161_2.fastq.gz														-	-			-		-															-																			Homo sapiens							-	-	320162.0	broadinstitute.org:bsp.prod.sample:4BBUU	DNA:DNA Genomic	PDO-914	P-MCV-0001	G34843	RP-294	SM-3VG8O	SM-4BBUU	36339	BL18	USA	General Eye																																																																																																																																																																																																																																																																																				
SRR28862967	   missing ear                    	Host Body-Site: Organ; Ear	['Host Body-Site']	['Organ; Ear']	1546.7728900958466	0.7334153106191781	16031123	21623700	302	2109	1546.7728900958466	SRP505157	Machine learning for digital diagnostics of antimicrobial resistance	SRX24422828	Whole genome sequencing of Pseudomonas aeruginosa PA0030	Whole genome sequencing of Pseudomonas aeruginosa PA0030	287	Pseudomonas aeruginosa	PA0030	WGS	GENOMIC	RANDOM	PAIRED	SRS21178203	-	SAMN41150760	PRJNA1106824	NextSeq 2000	NextSeq 2000	ILLUMINA	2212196932	21623700	6530357400	PA0030_R1.fastq.gz	SRR28862967.lite	https://sra-downloadb.be-md.ncbi.nlm.nih.gov/sos11/sra-pub-zq-1140/SRR028/28862/SRR28862967/SRR28862967.lite.1	1670523415	2024-05-01 14:47:52	7d6cd59ab64efa61d8858912ecda39c0	1	SRA Lite	Primary ETL	1	s3://sra-pub-zq-1/SRR28862967/SRR28862967.lite.1	s3.us-east-1	aws identity	https://sra-downloadb.be-md.ncbi.nlm.nih.gov/sos11/sra-pub-zq-1140/SRR028/28862/SRR28862967/SRR28862967.lite.1	worldwide	anonymous	gs://sra-pub-zq-100/SRR28862967/SRR28862967.lite.1	gs.us-east1	gcp identity	-		University Hospital of Bordeaux	2018	France: Bordeaux	Homo sapiens	missing	ear	44.828 N 0.604 W	PA0030	Pathogen.cl														-						-	http://ftp.sra.ebi.ac.uk/vol1/fastq/SRR288/067/SRR28862967/SRR28862967_1.fastq.gz	http://ftp.sra.ebi.ac.uk/vol1/fastq/SRR288/067/SRR28862967/SRR28862967_2.fastq.gz	-	era-fasp@fasp.sra.ebi.ac.uk:vol1/fastq/SRR288/067/SRR28862967/SRR28862967_1.fastq.gz	era-fasp@fasp.sra.ebi.ac.uk:vol1/fastq/SRR288/067/SRR28862967/SRR28862967_2.fastq.gz																																																																															-																																																																					-								6980																					-	-	-																																																																																																																																																																												
SRR1014199	   - -           eye -        	Host Body-Site: Organ; Eye	['Host Body-Site']	['Organ; Eye']	140.02059169329073	0.7330921031062342	2169626	4517651	202	191	140.02059169329073	SRP031683	Pseudomonas	SRX365932	Illumina whole genome shotgun sequencing of genomic DNA paired-end library 'Pond-242751' containing sample 'Pseudomonas_aeruginosa_BL25'	Illumina whole genome shotgun sequencing of genomic DNA paired-end library 'Pond-242751' containing sample 'Pseudomonas_aeruginosa_BL25'	1402566	Pseudomonas aeruginosa BL25	Pond-242751	WGS	GENOMIC	RANDOM	PAIRED	SRS492284	-	SAMN02360738	PRJNA219928	Illumina HiSeq 2000	Illumina HiSeq 2000	ILLUMINA	403916466	2253829	455273458	D251PACXX130605.7.tagged_878.bam	SRR1014199.sralite	https://sra-downloadb.be-md.ncbi.nlm.nih.gov/sos12/sra-pub-zq-1211/SRR001/014/SRR1014199/SRR1014199.sralite.1	40969728	2020-08-13 19:53:34	73eee956ab974ee1bf1e637ecdf15036	1	SRA Lite	Primary ETL	1	s3://sra-pub-zq-3/SRR1014199/SRR1014199.sralite.1	s3.us-east-1	aws identity	https://sra-downloadb.be-md.ncbi.nlm.nih.gov/sos12/sra-pub-zq-1211/SRR001/014/SRR1014199/SRR1014199.sralite.1	worldwide	anonymous	gs://sra-pub-zq-101/SRR1014199/SRR1014199.zq.1	gs.us-east1	gcp identity	-		-	-	-	-	-	-	-	-	-										missing										-	http://ftp.sra.ebi.ac.uk/vol1/fastq/SRR101/009/SRR1014199/SRR1014199_1.fastq.gz	http://ftp.sra.ebi.ac.uk/vol1/fastq/SRR101/009/SRR1014199/SRR1014199_2.fastq.gz	-	era-fasp@fasp.sra.ebi.ac.uk:vol1/fastq/SRR101/009/SRR1014199/SRR1014199_1.fastq.gz	era-fasp@fasp.sra.ebi.ac.uk:vol1/fastq/SRR101/009/SRR1014199/SRR1014199_2.fastq.gz																																																						Homo sapiens								-	320185.0	broadinstitute.org:bsp.prod.sample:4BBVJ	DNA:DNA Genomic	PDO-914	P-MCV-0001	G34850	RP-294	SM-3VG8V	SM-4BBVJ	36339	BL25	USA	eye	-	-	-	-	-	-																																																																																																																																																																																																																																																																														
ERR16138758	cystic fibrosis (CF) and non-CF-patients    laboratory    - -               	Infection: Disease; Cystic fibrosis	['Infection']	['Disease; Cystic fibrosis']	115.82632300319489	0.7330779936911068	1263193	1612127	287	158	115.82632300319489	ERP188029	pH-Dependent Resistance Evolution of Delafloxacin (DLX) and Ciprofloxacin (CIP) inPseudomonas aeruginosa from cystic fibrosis (CF) and non-CF-patients	ERX15528424	NextSeq 1000 paired end sequencing	NextSeq 1000 paired end sequencing	287	Pseudomonas aeruginosa	-	WGS	GENOMIC	RANDOM	PAIRED	ERS28559944	-	SAMEA121016231	PRJEB106985	NextSeq 1000	NextSeq 1000	ILLUMINA	166426631	1612127	464082403	ena-RUN-TAB-22-01-2026-12:32:29:777-520086	ERR16138758.lite	https://sra-downloadb.be-md.ncbi.nlm.nih.gov/sos10/sra-pub-zq-1002/ERR016/16138/ERR16138758/ERR16138758.lite.1	122653253	2026-03-04 03:36:33	717d4ea7911c455f2628b9917448de7c	1	SRA Lite	Primary ETL	1	s3://sra-pub-zq-8/ERR16138758/ERR16138758.lite.1	s3.us-east-1	aws identity	https://sra-downloadb.be-md.ncbi.nlm.nih.gov/sos10/sra-pub-zq-1002/ERR016/16138/ERR16138758/ERR16138758.lite.1	worldwide	anonymous	gs://sra-pub-zq-100/ERR16138758/ERR16138758.lite.1	gs.us-east1	gcp identity	-							laboratory		-				-	-	University of Zurich	-	-	public	3D3_6	2024	Switzerland	-	-	3D3_6	3D3_6	-	-	-	Pseudomonas aeruginosa	-	http://ftp.sra.ebi.ac.uk/vol1/fastq/ERR161/058/ERR16138758/ERR16138758_1.fastq.gz	http://ftp.sra.ebi.ac.uk/vol1/fastq/ERR161/058/ERR16138758/ERR16138758_2.fastq.gz	-	era-fasp@fasp.sra.ebi.ac.uk:vol1/fastq/ERR161/058/ERR16138758/ERR16138758_1.fastq.gz	era-fasp@fasp.sra.ebi.ac.uk:vol1/fastq/ERR161/058/ERR16138758/ERR16138758_2.fastq.gz	2026-02-28								-	-	-	-	-																																																																																																																																																																																																																																																																																																																																																		
SRR35166706	   not collected eye                  -  -	Host Body-Site: Organ; Eye	['Host Body-Site']	['Organ; Eye']	118.02072428115017	0.7330479769015539	1187797	1619250	311	161	118.02072428115017	SRP491895	Carbapenem-resistant Pseudomonas aeruginosa	SRX30271718	WGS of CRPA	WGS of CRPA	287	Pseudomonas aeruginosa	MDRNCR142	WGS	GENOMIC	RANDOM	PAIRED	SRS26321754	-	SAMN50839999	PRJNA1081165	NextSeq 1000	NextSeq 1000	ILLUMINA	169171488	1619250	505101941	MDRNCR142_1.fastq.gz	SRR35166706.lite	https://sra-downloadb.be-md.ncbi.nlm.nih.gov/sos7/sra-pub-zq-41/SRR035/35166/SRR35166706/SRR35166706.lite.1	132845964	2025-08-28 02:12:52	be0e2bbeb5c1d155dfd88b61f4a7abfb	1	SRA Lite	Primary ETL	1	s3://sra-pub-zq-3/SRR35166706/SRR35166706.lite.1	s3.us-east-1	aws identity	https://sra-downloadb.be-md.ncbi.nlm.nih.gov/sos7/sra-pub-zq-41/SRR035/35166/SRR35166706/SRR35166706.lite.1	worldwide	anonymous	gs://sra-pub-zq-101/SRR35166706/SRR35166706.lite.1	gs.us-east1	gcp identity	-		Kyoto University Hospital	2021-08-14	Japan: Kyoto	Homo sapiens	not collected	eye	not collected	CR142	Pathogen.cl														-						-	http://ftp.sra.ebi.ac.uk/vol1/fastq/SRR351/006/SRR35166706/SRR35166706_1.fastq.gz	http://ftp.sra.ebi.ac.uk/vol1/fastq/SRR351/006/SRR35166706/SRR35166706_2.fastq.gz	-	era-fasp@fasp.sra.ebi.ac.uk:vol1/fastq/SRR351/006/SRR35166706/SRR35166706_1.fastq.gz	era-fasp@fasp.sra.ebi.ac.uk:vol1/fastq/SRR351/006/SRR35166706/SRR35166706_2.fastq.gz																																																																															-		-																															-	-	-							-	-	-																						-													-														-	-	-														-																																																																																																																																																																			
SRR27842630	cystic fibrosis patients   Cystic Fibrosis sputum  -          -       - -	Infection: Disease; Cystic fibrosis	['Infection']	['Disease; Cystic fibrosis']	323.3312779552716	0.7315187284055917	3373423	5000000	300	442	323.3312779552716	SRP487673	Genomic DNA sequence of clinical P. aeruginosa isolates from cystic fibrosis patients	SRX23505908	WGS sequencing of PA: OS3	WGS sequencing of PA: OS3	287	Pseudomonas aeruginosa	OS3	WGS	GENOMIC	PCR	PAIRED	SRS20356956	-	SAMN39740655	PRJNA1072279	Illumina NovaSeq 6000	Illumina NovaSeq 6000	ILLUMINA	464249003	5000000	1500000000	OS3_L1_1.fq	SRR27842630.lite	https://sra-downloadb.be-md.ncbi.nlm.nih.gov/sos7/sra-pub-zq-41/SRR027/27842/SRR27842630/SRR27842630.lite.1	364864255	2024-02-02 06:43:06	e255d6eefa247c1054b1ca693a7102f5	1	SRA Lite	Primary ETL	1	s3://sra-pub-zq-6/SRR27842630/SRR27842630.lite.1	s3.us-east-1	aws identity	https://sra-downloadb.be-md.ncbi.nlm.nih.gov/sos7/sra-pub-zq-41/SRR027/27842/SRR27842630/SRR27842630.lite.1	worldwide	anonymous	gs://sra-pub-zq-107/SRR27842630/SRR27842630.lite.1	gs.us-east1	gcp identity	-		Sara van den Bossche	2018	Belgium: Ghent	Homo sapiens	Cystic Fibrosis	sputum	51.0500 N 3.7303 E	OS3	Pathogen.cl														CF patient						-	http://ftp.sra.ebi.ac.uk/vol1/fastq/SRR278/030/SRR27842630/SRR27842630_1.fastq.gz	http://ftp.sra.ebi.ac.uk/vol1/fastq/SRR278/030/SRR27842630/SRR27842630_2.fastq.gz	-	era-fasp@fasp.sra.ebi.ac.uk:vol1/fastq/SRR278/030/SRR27842630/SRR27842630_1.fastq.gz	era-fasp@fasp.sra.ebi.ac.uk:vol1/fastq/SRR278/030/SRR27842630/SRR27842630_2.fastq.gz				-																-																				-																																				-			-																																	-	-	-																																			-																			-	-	-	-	-	-	-	-	-																																																																																																																																																																															
ERR3611294	people with cystic fibrosis        -  Cystic fibrosis              	Infection: Disease; Cystic fibrosis	['Infection']	['Disease; Cystic fibrosis']	145.35610223642172	0.730432674554883	2274823	2441100	200	199	145.35610223642172	ERP118016	Whole genome analysis of the Australian AUST-06 strain associated with cross-infection, isolated from people with cystic fibrosis	ERX3606745	Illumina HiSeq 2500 paired end sequencing	Illumina HiSeq 2500 paired end sequencing	287	Pseudomonas aeruginosa	unspecified	WGS	GENOMIC	unspecified	PAIRED	ERS3908526	-	SAMEA6107850	PRJEB35026	Illumina HiSeq 2500	Illumina HiSeq 2500	ILLUMINA	209453724	2441100	488220000	ena-RUN-UQ-23-10-2019-17:17:19:206-49	ERR3611294.sralite	https://sra-downloadb.be-md.ncbi.nlm.nih.gov/sos12/sra-pub-zq-1216/ERR003/611/ERR3611294.sralite.1	128313395	2020-06-21 06:12:28	261a3e98902b7741e2e1241566257ae4	1	SRA Lite	Primary ETL	1	s3://sra-pub-zq-9/ERR3611294/ERR3611294.sralite.1	s3.us-east-1	aws identity	https://sra-downloadb.be-md.ncbi.nlm.nih.gov/sos12/sra-pub-zq-1216/ERR003/611/ERR3611294.sralite.1	worldwide	anonymous	gs://sra-pub-zq-109/ERR3611294/ERR3611294.zq.1	gs.us-east1	gcp identity	-									-		2019-11-01T17:04:09Z	2019-10-22T16:09:49Z	SAMEA6107850		UQ	2019-11-01T17:04:09Z	2019-10-22T16:09:49Z	public	AUS911	2011-10-06	Australia	-	Homo sapiens	AUS911	AUS911				Pseudomonas aeruginosa	-	http://ftp.sra.ebi.ac.uk/vol1/fastq/ERR361/004/ERR3611294/ERR3611294_1.fastq.gz	http://ftp.sra.ebi.ac.uk/vol1/fastq/ERR361/004/ERR3611294/ERR3611294_2.fastq.gz	-	era-fasp@fasp.sra.ebi.ac.uk:vol1/fastq/ERR361/004/ERR3611294/ERR3611294_1.fastq.gz	era-fasp@fasp.sra.ebi.ac.uk:vol1/fastq/ERR361/004/ERR3611294/ERR3611294_2.fastq.gz										-	Brisbane			-	-		Pseudomonas aeruginosa	-	-	-	-	The Prince Charles Hospital	Cystic fibrosis																																																																																																																																																																																																																																																																																																																																								
SRR8994074	   cystic fibrosis sputum              exacerbation      	Infection: Disease; Cystic fibrosis	['Infection']	['Disease; Cystic fibrosis']	31.990962300319488	0.7270673250072611	257408	273617	389	44	31.990962300319488	SRP194356	Evolution of gallium resistance in Pseudomonas aeruginosa	SRX5773017	WGS of Pseudomonas aeruginosa: Gallium-sensitive strain	WGS of Pseudomonas aeruginosa: Gallium-sensitive strain	287	Pseudomonas aeruginosa	JAP2019-58M	WGS	GENOMIC	PCR	PAIRED	SRS4706480	-	SAMN11547010	PRJNA540579	Illumina MiSeq	Illumina MiSeq	ILLUMINA	46884308	273617	106573287	E-58M_PAO1.1.fastq	SRR8994074.sralite	https://sra-downloadb.be-md.ncbi.nlm.nih.gov/sos12/sra-pub-zq-1214/SRR008/994/SRR8994074.sralite.1	28197080	2020-06-23 04:02:00	31b4b48a61829b3535d9f07a2cef6715	1	SRA Lite	Primary ETL	1	s3://sra-pub-zq-8/SRR8994074/SRR8994074.sralite.1	s3.us-east-1	aws identity	https://sra-downloadb.be-md.ncbi.nlm.nih.gov/sos12/sra-pub-zq-1214/SRR008/994/SRR8994074.sralite.1	worldwide	anonymous	gs://sra-pub-zq-107/SRR8994074/SRR8994074.zq.1	gs.us-east1	gcp identity	-		Dr. Rafael Coria	1999-10-02	Mexico:Mexico City	Homo sapiens	cystic fibrosis	sputum	missing	58M	Pathogen.cl														Gallium-sensitive INP-58M isolate						-	http://ftp.sra.ebi.ac.uk/vol1/fastq/SRR899/004/SRR8994074/SRR8994074_1.fastq.gz	http://ftp.sra.ebi.ac.uk/vol1/fastq/SRR899/004/SRR8994074/SRR8994074_2.fastq.gz	-	era-fasp@fasp.sra.ebi.ac.uk:vol1/fastq/SRR899/004/SRR8994074/SRR8994074_1.fastq.gz	era-fasp@fasp.sra.ebi.ac.uk:vol1/fastq/SRR899/004/SRR8994074/SRR8994074_2.fastq.gz															-					mucoid																																										-															female	RAG	-			2 years																													exacerbation																							-																																																																																																																																																																																																							-		-	-	-	-	-	-	-	-	-	-	-	-	-	-			
SRR1014464	   - -           Cystic fibrosis -        	Infection: Disease; Cystic fibrosis	['Infection']	['Disease; Cystic fibrosis']	160.6149111821086	0.7234905909103991	2488736	5139830	202	222	160.6149111821086	SRP031737	Pseudomonas	SRX366162	Illumina whole genome shotgun sequencing of genomic DNA paired-end library 'Pond-242668' containing sample 'Pseudomonas_aeruginosa_CF27'	Illumina whole genome shotgun sequencing of genomic DNA paired-end library 'Pond-242668' containing sample 'Pseudomonas_aeruginosa_CF27'	1402490	Pseudomonas aeruginosa CF27	Pond-242668	WGS	GENOMIC	RANDOM	PAIRED	SRS492405	-	SAMN02360662	PRJNA219851	Illumina HiSeq 2000	Illumina HiSeq 2000	ILLUMINA	465600827	2577210	520596420	D251PACXX130605.8.tagged_930.bam	SRR1014464.sralite	https://sra-downloadb.be-md.ncbi.nlm.nih.gov/sos12/sra-pub-zq-1211/SRR001/014/SRR1014464/SRR1014464.sralite.1	48401829	2020-08-13 20:18:08	f50a26e7f70432d62647f12fb9749263	1	SRA Lite	Primary ETL	1	s3://sra-pub-zq-3/SRR1014464/SRR1014464.sralite.1	s3.us-east-1	aws identity	https://sra-downloadb.be-md.ncbi.nlm.nih.gov/sos12/sra-pub-zq-1211/SRR001/014/SRR1014464/SRR1014464.sralite.1	worldwide	anonymous	gs://sra-pub-zq-101/SRR1014464/SRR1014464.zq.1	gs.us-east1	gcp identity	-		-	-	-	-	-	-	-	-	-										missing										-	http://ftp.sra.ebi.ac.uk/vol1/fastq/SRR101/004/SRR1014464/SRR1014464_1.fastq.gz	http://ftp.sra.ebi.ac.uk/vol1/fastq/SRR101/004/SRR1014464/SRR1014464_2.fastq.gz	-	era-fasp@fasp.sra.ebi.ac.uk:vol1/fastq/SRR101/004/SRR1014464/SRR1014464_1.fastq.gz	era-fasp@fasp.sra.ebi.ac.uk:vol1/fastq/SRR101/004/SRR1014464/SRR1014464_2.fastq.gz																																																						Homo sapiens								-	320180.0	broadinstitute.org:bsp.prod.sample:4BBVE	DNA:DNA Somatic	PDO-785	P-MCV-0001	G34796	RP-294	SM-3V4KF	SM-4BBVE	36339	CF27	USA	Cystic fibrosis	-	-	-	-	-	-																																																																																																																																																																																																																																																																														
SRR1014477	   - -           Cystic fibrosis -        	Infection: Disease; Cystic fibrosis	['Infection']	['Disease; Cystic fibrosis']	127.19875463258786	0.7227201967760674	1970951	4138669	202	176	127.19875463258786	SRP031738	Pseudomonas	SRX366177	Illumina whole genome shotgun sequencing of genomic DNA paired-end library 'Pond-242733' containing sample 'Pseudomonas_aeruginosa_CF5'	Illumina whole genome shotgun sequencing of genomic DNA paired-end library 'Pond-242733' containing sample 'Pseudomonas_aeruginosa_CF5'	1402491	Pseudomonas aeruginosa CF5	Pond-242733	WGS	GENOMIC	RANDOM	PAIRED	SRS492417	-	SAMN02360663	PRJNA219852	Illumina HiSeq 2000	Illumina HiSeq 2000	ILLUMINA	372098910	2063847	416897094	D251PACXX130605.7.tagged_869.bam	SRR1014477.sralite	https://sra-downloadb.be-md.ncbi.nlm.nih.gov/sos12/sra-pub-zq-1211/SRR001/014/SRR1014477/SRR1014477.sralite.1	38692268	2020-08-13 20:53:50	e037ba79f7897d2f90860f0dbe4e3562	1	SRA Lite	Primary ETL	1	s3://sra-pub-zq-3/SRR1014477/SRR1014477.sralite.1	s3.us-east-1	aws identity	https://sra-downloadb.be-md.ncbi.nlm.nih.gov/sos12/sra-pub-zq-1211/SRR001/014/SRR1014477/SRR1014477.sralite.1	worldwide	anonymous	gs://sra-pub-zq-101/SRR1014477/SRR1014477.zq.1	gs.us-east1	gcp identity	-		-	-	-	-	-	-	-	-	-										missing										-	http://ftp.sra.ebi.ac.uk/vol1/fastq/SRR101/007/SRR1014477/SRR1014477_1.fastq.gz	http://ftp.sra.ebi.ac.uk/vol1/fastq/SRR101/007/SRR1014477/SRR1014477_2.fastq.gz	-	era-fasp@fasp.sra.ebi.ac.uk:vol1/fastq/SRR101/007/SRR1014477/SRR1014477_1.fastq.gz	era-fasp@fasp.sra.ebi.ac.uk:vol1/fastq/SRR101/007/SRR1014477/SRR1014477_2.fastq.gz																																																						Homo sapiens								-	320178.0	broadinstitute.org:bsp.prod.sample:4BBVC	DNA:DNA Somatic	PDO-785	P-MCV-0001	G34794	RP-294	SM-3V4KD	SM-4BBVC	36339	CF5	USA	Cystic fibrosis	-	-	-	-	-	-																																																																																																																																																																																																																																																																														
SRR1014319	   - -           ear -        	Host Body-Site: Organ; Ear	['Host Body-Site']	['Organ; Ear']	108.19049009584664	0.7164933118930241	1676417	3505245	202	151	108.19049009584664	SRP031702	Pseudomonas	SRX366082	Illumina whole genome shotgun sequencing of genomic DNA paired-end library 'Pond-242692' containing sample 'Pseudomonas_aeruginosa_BWH016'	Illumina whole genome shotgun sequencing of genomic DNA paired-end library 'Pond-242692' containing sample 'Pseudomonas_aeruginosa_BWH016'	1402516	Pseudomonas aeruginosa BWHPSA016	Pond-242692	WGS	GENOMIC	RANDOM	PAIRED	SRS492367	-	SAMN02360688	PRJNA219877	Illumina HiSeq 2000	Illumina HiSeq 2000	ILLUMINA	319566175	1748901	353278002	D251PACXX130605.7.tagged_938.bam	SRR1014319.sralite	https://sra-downloadb.be-md.ncbi.nlm.nih.gov/sos12/sra-pub-zq-1211/SRR001/014/SRR1014319/SRR1014319.sralite.1	34105298	2020-08-13 20:02:59	3680da2314730fbe5f2f3a76ba25f260	1	SRA Lite	Primary ETL	1	s3://sra-pub-zq-3/SRR1014319/SRR1014319.sralite.1	s3.us-east-1	aws identity	https://sra-downloadb.be-md.ncbi.nlm.nih.gov/sos12/sra-pub-zq-1211/SRR001/014/SRR1014319/SRR1014319.sralite.1	worldwide	anonymous	gs://sra-pub-zq-101/SRR1014319/SRR1014319.zq.1	gs.us-east1	gcp identity	-		-	-	-	-	-	-	-	-	-										2013-02-01										-	http://ftp.sra.ebi.ac.uk/vol1/fastq/SRR101/009/SRR1014319/SRR1014319_1.fastq.gz	http://ftp.sra.ebi.ac.uk/vol1/fastq/SRR101/009/SRR1014319/SRR1014319_2.fastq.gz	-	era-fasp@fasp.sra.ebi.ac.uk:vol1/fastq/SRR101/009/SRR1014319/SRR1014319_1.fastq.gz	era-fasp@fasp.sra.ebi.ac.uk:vol1/fastq/SRR101/009/SRR1014319/SRR1014319_2.fastq.gz																																																						Homo sapiens								-	320140.0	broadinstitute.org:bsp.prod.sample:4BBU8	DNA:DNA Genomic	PDO-914	P-MCV-0001	G34813	RP-294	SM-3VG7T	SM-4BBU8	36339	BWHPSA016	USA	ear	-	-	-	-	-	-																																																																																																																																																																																																																																																																														
ERR14732654	chronic lung infections    sputum from cystic fibrosis patient - - - -                	Infection: Disease; Cystic fibrosis	['Infection']	['Disease; Cystic fibrosis']	641.5712779552715	0.7152411125476829	6693727	9958862	300	897	641.5712779552715	ERP170296	Genomic analysis of Pseudomonas aeruginosa  strains from chronic lung infections	ERX14134079	Illumina NovaSeq 6000 paired end sequencing	Illumina NovaSeq 6000 paired end sequencing	287	Pseudomonas aeruginosa	PA190A	WGS	GENOMIC	RANDOM	PAIRED	ERS23809798	-	SAMEA117820151	PRJEB86999	Illumina NovaSeq 6000	Illumina NovaSeq 6000	ILLUMINA	941609109	9958862	2988173513	ena-RUN-TAB-13-03-2025-17:39:02:872-743841	ERR14732654.lite	https://sra-downloadb.be-md.ncbi.nlm.nih.gov/sos7/sra-pub-zq-41/ERR014/14732/ERR14732654/ERR14732654.lite.1	779177392	2025-03-20 23:32:53	fa53191dfb8b6cd789a88650b40ed646	1	SRA Lite	Primary ETL	1	s3://sra-pub-zq-1/ERR14732654/ERR14732654.lite.1	s3.us-east-1	aws identity	https://sra-downloadb.be-md.ncbi.nlm.nih.gov/sos7/sra-pub-zq-41/ERR014/14732/ERR14732654/ERR14732654.lite.1	worldwide	anonymous	gs://sra-pub-zq-106/ERR14732654/ERR14732654.lite.1	gs.us-east1	gcp identity	-							sputum from cystic fibrosis patient		PA190A		-	-	-	-	CIRI-Inserm-U1111	-	-	public	PA190A	2017-06-30	France	not collected	Homo sapiens	PA190A	PA190A	-	-	-	Pseudomonas aeruginosa	-	http://ftp.sra.ebi.ac.uk/vol1/fastq/ERR147/054/ERR14732654/ERR14732654_1.fastq.gz	http://ftp.sra.ebi.ac.uk/vol1/fastq/ERR147/054/ERR14732654/ERR14732654_2.fastq.gz	-	era-fasp@fasp.sra.ebi.ac.uk:vol1/fastq/ERR147/054/ERR14732654/ERR14732654_1.fastq.gz	era-fasp@fasp.sra.ebi.ac.uk:vol1/fastq/ERR147/054/ERR14732654/ERR14732654_2.fastq.gz	2025-03-13	-	-	-	-	-	-	-	-	-	-	-																																																																																																																																																																																																																																																																																																																																																			
SRR1014458	   - -           Cystic fibrosis -        	Infection: Disease; Cystic fibrosis	['Infection']	['Disease; Cystic fibrosis']	127.41204856230031	0.7117991539793314	1974256	4167099	202	179	127.41204856230031	SRP031736	Pseudomonas	SRX366161	Illumina whole genome shotgun sequencing of genomic DNA paired-end library 'Pond-242744' containing sample 'Pseudomonas_aeruginosa_CF18'	Illumina whole genome shotgun sequencing of genomic DNA paired-end library 'Pond-242744' containing sample 'Pseudomonas_aeruginosa_CF18'	1402489	Pseudomonas aeruginosa CF18	Pond-242744	WGS	GENOMIC	RANDOM	PAIRED	SRS492404	-	SAMN02360661	PRJNA219850	Illumina HiSeq 2000	Illumina HiSeq 2000	ILLUMINA	378288389	2077555	419666110	D251PACXX130605.7.tagged_960.bam	SRR1014458.sralite	https://sra-downloadb.be-md.ncbi.nlm.nih.gov/sos12/sra-pub-zq-1211/SRR001/014/SRR1014458/SRR1014458.sralite.1	40297306	2020-08-13 20:17:55	9f45f2de6da30db67b6208b8e345d4c5	1	SRA Lite	Primary ETL	1	s3://sra-pub-zq-3/SRR1014458/SRR1014458.sralite.1	s3.us-east-1	aws identity	https://sra-downloadb.be-md.ncbi.nlm.nih.gov/sos12/sra-pub-zq-1211/SRR001/014/SRR1014458/SRR1014458.sralite.1	worldwide	anonymous	gs://sra-pub-zq-101/SRR1014458/SRR1014458.zq.1	gs.us-east1	gcp identity	-		-	-	-	-	-	-	-	-	-										missing										-	http://ftp.sra.ebi.ac.uk/vol1/fastq/SRR101/008/SRR1014458/SRR1014458_1.fastq.gz	http://ftp.sra.ebi.ac.uk/vol1/fastq/SRR101/008/SRR1014458/SRR1014458_2.fastq.gz	-	era-fasp@fasp.sra.ebi.ac.uk:vol1/fastq/SRR101/008/SRR1014458/SRR1014458_1.fastq.gz	era-fasp@fasp.sra.ebi.ac.uk:vol1/fastq/SRR101/008/SRR1014458/SRR1014458_2.fastq.gz																																																						Homo sapiens								-	320179.0	broadinstitute.org:bsp.prod.sample:4BBVD	DNA:DNA Somatic	PDO-785	P-MCV-0001	G34795	RP-294	SM-3V4KE	SM-4BBVD	36339	CF18	USA	Cystic fibrosis	-	-	-	-	-	-																																																																																																																																																																																																																																																																														
SRR1014481	   - -           cystic fibrosis isolate -        	Infection: Disease; Cystic fibrosis	['Infection']	['Disease; Cystic fibrosis']	151.4590837060703	0.7110755103571375	2346866	4926239	202	213	151.4590837060703	SRP031739	Pseudomonas	SRX366180	Illumina whole genome shotgun sequencing of genomic DNA paired-end library 'Pond-242675' containing sample 'Pseudomonas_aeruginosa_CF614'	Illumina whole genome shotgun sequencing of genomic DNA paired-end library 'Pond-242675' containing sample 'Pseudomonas_aeruginosa_CF614'	1402580	Pseudomonas aeruginosa CF614	Pond-242675	WGS	GENOMIC	RANDOM	PAIRED	SRS492418	-	SAMN02360752	PRJNA219942	Illumina HiSeq 2000	Illumina HiSeq 2000	ILLUMINA	450555043	2455566	496024332	D251PACXX130605.7.tagged_3.bam	SRR1014481.sralite	https://sra-downloadb.be-md.ncbi.nlm.nih.gov/sos12/sra-pub-zq-1211/SRR001/014/SRR1014481/SRR1014481.sralite.1	49573554	2020-08-13 20:17:22	ab38e811a530d827d7c34a9adfbad897	1	SRA Lite	Primary ETL	1	s3://sra-pub-zq-3/SRR1014481/SRR1014481.sralite.1	s3.us-east-1	aws identity	https://sra-downloadb.be-md.ncbi.nlm.nih.gov/sos12/sra-pub-zq-1211/SRR001/014/SRR1014481/SRR1014481.sralite.1	worldwide	anonymous	gs://sra-pub-zq-101/SRR1014481/SRR1014481.zq.1	gs.us-east1	gcp identity	-		-	-	-	-	-	-	-	-	-										2005-12-16										-	http://ftp.sra.ebi.ac.uk/vol1/fastq/SRR101/001/SRR1014481/SRR1014481_1.fastq.gz	http://ftp.sra.ebi.ac.uk/vol1/fastq/SRR101/001/SRR1014481/SRR1014481_2.fastq.gz	-	era-fasp@fasp.sra.ebi.ac.uk:vol1/fastq/SRR101/001/SRR1014481/SRR1014481_1.fastq.gz	era-fasp@fasp.sra.ebi.ac.uk:vol1/fastq/SRR101/001/SRR1014481/SRR1014481_2.fastq.gz																																																						Homo sapiens								-	320182.0	broadinstitute.org:bsp.prod.sample:4BBVG	DNA:DNA Genomic	PDO-914	P-MCV-0001	G34851	RP-294	SM-3VG8W	SM-4BBVG	36339	CF614	USA	cystic fibrosis isolate	-	-	-	-	-	-																																																																																																																																																																																																																																																																														
SRR28533055	   cystic fibrosis sinus                    	Infection: Disease; Cystic fibrosis	['Infection']	['Disease; Cystic fibrosis']	414.3395706070288	0.7070641136638716	4381361	6387224	296	586	414.3395706070288	SRP498898	Sinus, throat, and sputum airway microbiology in cystic fibrosis	SRX24133579	Metagenomic sequencing of GES-CF-34_202101_sputum_Rep1	Metagenomic sequencing of GES-CF-34_202101_sputum_Rep1	287	Pseudomonas aeruginosa	GES-CF-34_202101_sputum_Rep1	WGS	METAGENOMIC	RANDOM	PAIRED	SRS20918368	-	SAMN40728761	PRJNA1081394	NextSeq 2000	NextSeq 2000	ILLUMINA	615169799	6387224	1893702973	GES-CF-34_202101_sputum_Rep1_R1.fastq.gz	SRR28533055.lite	https://sra-downloadb.be-md.ncbi.nlm.nih.gov/sos8/sra-pub-zq-818/SRR028/28533/SRR28533055/SRR28533055.lite.1	498371955	2024-04-02 18:49:47	66fece7c115e838bccfcf4254ae26e22	1	SRA Lite	Primary ETL	1	s3://sra-pub-zq-7/SRR28533055/SRR28533055.lite.1	s3.us-east-1	aws identity	https://sra-downloadb.be-md.ncbi.nlm.nih.gov/sos8/sra-pub-zq-818/SRR028/28533/SRR28533055/SRR28533055.lite.1	worldwide	anonymous	gs://sra-pub-zq-104/SRR28533055/SRR28533055.lite.1	gs.us-east1	gcp identity	-		University of Pittsburgh	2021-01	USA: Pittsburgh	Homo sapiens	cystic fibrosis	sinus	missing	not applicable	Pathogen.cl														not applicable						-	http://ftp.sra.ebi.ac.uk/vol1/fastq/SRR285/055/SRR28533055/SRR28533055_1.fastq.gz	http://ftp.sra.ebi.ac.uk/vol1/fastq/SRR285/055/SRR28533055/SRR28533055_2.fastq.gz	-	era-fasp@fasp.sra.ebi.ac.uk:vol1/fastq/SRR285/055/SRR28533055/SRR28533055_1.fastq.gz	era-fasp@fasp.sra.ebi.ac.uk:vol1/fastq/SRR285/055/SRR28533055/SRR28533055_2.fastq.gz																																																																															-																																																																					GES-CF-34_202101_sputum_Rep1								-																					-	-	-																																																																																																																																																																												
SRR31904122	newly-infected individuals with cystic fibrosis   Cystic fibrosis oropharynx, sputum, or bronchoalveolar lavage                    -	Infection: Disease; Cystic fibrosis	['Infection']	['Disease; Cystic fibrosis']	363.1231629392971	0.7064652975472706	3788585	5607667	300	514	363.1231629392971	SRP395276	Whole-genome sequencing of Pseudomonas aeruginosa from newly-infected individuals with cystic fibrosis	SRX27262262	Whole genome sequencing of Pseudomonas aeruginosa	Whole genome sequencing of Pseudomonas aeruginosa	287	Pseudomonas aeruginosa	EPIC-NU113_new	WGS	GENOMIC	RANDOM	PAIRED	SRS14955012	-	SAMN30617902	PRJNA875460	Illumina NovaSeq X	Illumina NovaSeq X	ILLUMINA	539074134	5607667	1682300100	EPIC-NU113_new_1.fastq.gz	SRR31904122.lite	https://sra-downloadb.be-md.ncbi.nlm.nih.gov/sos7/sra-pub-zq-41/SRR031/31904/SRR31904122/SRR31904122.lite.1	430526432	2025-01-06 19:09:12	72edf247e6d344eef2c9d3577e9f555c	1	SRA Lite	Primary ETL	1	s3://sra-pub-zq-2/SRR31904122/SRR31904122.lite.1	s3.us-east-1	aws identity	https://sra-downloadb.be-md.ncbi.nlm.nih.gov/sos7/sra-pub-zq-41/SRR031/31904/SRR31904122/SRR31904122.lite.1	worldwide	anonymous	gs://sra-pub-zq-100/SRR31904122/SRR31904122.lite.1	gs.us-east1	gcp identity	-		missing	2006	USA:OH	Homo sapiens	Cystic fibrosis	oropharynx, sputum, or bronchoalveolar lavage	missing	EPIC-NU113	Pathogen.cl														-						-	http://ftp.sra.ebi.ac.uk/vol1/fastq/SRR319/022/SRR31904122/SRR31904122_1.fastq.gz	http://ftp.sra.ebi.ac.uk/vol1/fastq/SRR319/022/SRR31904122/SRR31904122_2.fastq.gz	-	era-fasp@fasp.sra.ebi.ac.uk:vol1/fastq/SRR319/022/SRR31904122/SRR31904122_1.fastq.gz	era-fasp@fasp.sra.ebi.ac.uk:vol1/fastq/SRR319/022/SRR31904122/SRR31904122_2.fastq.gz																				-																																																											-		-	-																														-	-	-							-	-	-											-					-											-																								-								-	-	-	-	-																																																																																																																																																																					
SRR33388173	   - expectoration, cystic fibrosis                    -	Infection: Disease; Cystic fibrosis	['Infection']	['Disease; Cystic fibrosis']	200.4378881789137	0.6959648895101171	3105795	3433604	202	288	200.4378881789137	SRP582420	Pseudomonas aeruginosa T3SS-negative strains genome sequencing and assembly	SRX28631068	Whole genome sequencing of Pseudomonas aeruginosa strain Zw26	Whole genome sequencing of Pseudomonas aeruginosa strain Zw26	2994495	Pseudomonas paraeruginosa	CB-2W96	WGS	GENOMIC	RANDOM	PAIRED	SRS24902054	-	SAMN48264795	PRJNA1254689	Illumina HiSeq 2500	Illumina HiSeq 2500	ILLUMINA	302396186	3433604	693588008	CB-2W96_CGTACTAG-TATCCTCT_L002_R1_001.fastq.gz	SRR33388173.lite	https://sra-downloadb.be-md.ncbi.nlm.nih.gov/sos1/sra-pub-zq-38/SRR033/33388/SRR33388173/SRR33388173.lite.1	181833468	2025-04-30 19:41:15	4158ed8e4048bc662edc38370c2649f4	1	SRA Lite	Primary ETL	1	s3://sra-pub-zq-8/SRR33388173/SRR33388173.lite.1	s3.us-east-1	aws identity	https://sra-downloadb.be-md.ncbi.nlm.nih.gov/sos1/sra-pub-zq-38/SRR033/33388/SRR33388173/SRR33388173.lite.1	worldwide	anonymous	gs://sra-pub-zq-103/SRR33388173/SRR33388173.lite.1	gs.us-east1	gcp identity	-		J. Klockgether	1996	Germany: Karlsruhe	-	-	expectoration, cystic fibrosis	-	Zw26	Microbe, viral or environmental														-						-	http://ftp.sra.ebi.ac.uk/vol1/fastq/SRR333/073/SRR33388173/SRR33388173_1.fastq.gz	http://ftp.sra.ebi.ac.uk/vol1/fastq/SRR333/073/SRR33388173/SRR33388173_2.fastq.gz	-	era-fasp@fasp.sra.ebi.ac.uk:vol1/fastq/SRR333/073/SRR33388173/SRR33388173_1.fastq.gz	era-fasp@fasp.sra.ebi.ac.uk:vol1/fastq/SRR333/073/SRR33388173/SRR33388173_2.fastq.gz																				-																																																											isolate		-	-																														-	-	-							-	-	-											-					-											-																								-								-	-	-	-	-																																																																																																																																																																					
SRR1014150	   - -        -   eye         	Host Body-Site: Organ; Eye	['Host Body-Site']	['Organ; Eye']	146.08097891373802	0.6956237091130382	2263532	4870703	202	210	146.08097891373802	SRP031675	Pseudomonas	SRX365909	Illumina whole genome shotgun sequencing of genomic DNA paired-end library 'Pond-242750' containing sample 'Pseudomonas_aeruginosa_BL17'	Illumina whole genome shotgun sequencing of genomic DNA paired-end library 'Pond-242750' containing sample 'Pseudomonas_aeruginosa_BL17'	1402558	Pseudomonas aeruginosa BL17	Pond-242750	WGS	GENOMIC	RANDOM	PAIRED	SRS492276	-	SAMN02360730	PRJNA219920	Illumina HiSeq 2000	Illumina HiSeq 2000	ILLUMINA	443641865	2429020	490662040	D251PACXX130605.7.tagged_818.bam	SRR1014150.sralite	https://sra-downloadb.be-md.ncbi.nlm.nih.gov/sos12/sra-pub-zq-1211/SRR001/014/SRR1014150/SRR1014150.sralite.1	47918972	2020-08-13 19:51:33	0aff3daf3209d36dccd9ccb86c36c79f	1	SRA Lite	Primary ETL	1	s3://sra-pub-zq-3/SRR1014150/SRR1014150.sralite.1	s3.us-east-1	aws identity	https://sra-downloadb.be-md.ncbi.nlm.nih.gov/sos12/sra-pub-zq-1211/SRR001/014/SRR1014150/SRR1014150.sralite.1	worldwide	anonymous	gs://sra-pub-zq-101/SRR1014150/SRR1014150.zq.1	gs.us-east1	gcp identity	-		-	-	-	-	-	-	-	-	-	-	-	-	-	-	-	-	-	-	missing				-	-					-	http://ftp.sra.ebi.ac.uk/vol1/fastq/SRR101/000/SRR1014150/SRR1014150_1.fastq.gz	http://ftp.sra.ebi.ac.uk/vol1/fastq/SRR101/000/SRR1014150/SRR1014150_2.fastq.gz	-	era-fasp@fasp.sra.ebi.ac.uk:vol1/fastq/SRR101/000/SRR1014150/SRR1014150_1.fastq.gz	era-fasp@fasp.sra.ebi.ac.uk:vol1/fastq/SRR101/000/SRR1014150/SRR1014150_2.fastq.gz														-	-			-		-															-																			Homo sapiens							-	-	320161.0	broadinstitute.org:bsp.prod.sample:4BBUT	DNA:DNA Genomic	PDO-914	P-MCV-0001	G34842	RP-294	SM-3VG8N	SM-4BBUT	36339	BL17	USA	eye																																																																																																																																																																																																																																																																																				
SRR1014138	   - -        -   General Eye         	Host Body-Site: Organ; Eye	['Host Body-Site']	['Organ; Eye']	138.4053661341853	0.6955043524330919	2144598	4554876	202	199	138.4053661341853	SRP031672	Pseudomonas	SRX365900	Illumina whole genome shotgun sequencing of genomic DNA paired-end library 'Pond-242717' containing sample 'Pseudomonas_aeruginosa_BL14'	Illumina whole genome shotgun sequencing of genomic DNA paired-end library 'Pond-242717' containing sample 'Pseudomonas_aeruginosa_BL14'	1402555	Pseudomonas aeruginosa BL14	Pond-242717	WGS	GENOMIC	RANDOM	PAIRED	SRS492273	-	SAMN02360727	PRJNA219917	Illumina HiSeq 2000	Illumina HiSeq 2000	ILLUMINA	417655653	2282471	461059142	D251PACXX130605.8.tagged_151.bam	SRR1014138.sralite	https://sra-downloadb.be-md.ncbi.nlm.nih.gov/sos12/sra-pub-zq-1211/SRR001/014/SRR1014138/SRR1014138.sralite.1	46585831	2020-08-13 19:45:48	f78e83ce8037a6a3ff6b040a2c7fedbe	1	SRA Lite	Primary ETL	1	s3://sra-pub-zq-3/SRR1014138/SRR1014138.sralite.1	s3.us-east-1	aws identity	https://sra-downloadb.be-md.ncbi.nlm.nih.gov/sos12/sra-pub-zq-1211/SRR001/014/SRR1014138/SRR1014138.sralite.1	worldwide	anonymous	gs://sra-pub-zq-101/SRR1014138/SRR1014138.zq.1	gs.us-east1	gcp identity	-		-	-	-	-	-	-	-	-	-	-	-	-	-	-	-	-	-	-	missing				-	-					-	http://ftp.sra.ebi.ac.uk/vol1/fastq/SRR101/008/SRR1014138/SRR1014138_1.fastq.gz	http://ftp.sra.ebi.ac.uk/vol1/fastq/SRR101/008/SRR1014138/SRR1014138_2.fastq.gz	-	era-fasp@fasp.sra.ebi.ac.uk:vol1/fastq/SRR101/008/SRR1014138/SRR1014138_1.fastq.gz	era-fasp@fasp.sra.ebi.ac.uk:vol1/fastq/SRR101/008/SRR1014138/SRR1014138_2.fastq.gz														-	-			-		-															-																			Homo sapiens							-	-	320158.0	broadinstitute.org:bsp.prod.sample:4BBUQ	DNA:DNA Genomic	PDO-914	P-MCV-0001	G34839	RP-294	SM-3VG8K	SM-4BBUQ	36339	BL14	USA	General Eye																																																																																																																																																																																																																																																																																				
SRR1014097	   - -        -   General Eye         	Host Body-Site: Organ; Eye	['Host Body-Site']	['Organ; Eye']	138.0877162939297	0.6939081220800487	2139676	4575106	202	199	138.0877162939297	SRP031667	Pseudomonas	SRX365883	Illumina whole genome shotgun sequencing of genomic DNA paired-end library 'Pond-242738' containing sample 'Pseudomonas_aeruginosa_BL08'	Illumina whole genome shotgun sequencing of genomic DNA paired-end library 'Pond-242738' containing sample 'Pseudomonas_aeruginosa_BL08'	1402549	Pseudomonas aeruginosa BL08	Pond-242738	WGS	GENOMIC	RANDOM	PAIRED	SRS492267	-	SAMN02360721	PRJNA219911	Illumina HiSeq 2000	Illumina HiSeq 2000	ILLUMINA	419110594	2283438	461254476	D251PACXX130605.7.tagged_581.bam	SRR1014097.sralite	https://sra-downloadb.be-md.ncbi.nlm.nih.gov/sos12/sra-pub-zq-1211/SRR001/014/SRR1014097/SRR1014097.sralite.1	45453094	2020-08-13 19:29:34	0575a5e7093d94cae3124ede480aabe0	1	SRA Lite	Primary ETL	1	s3://sra-pub-zq-3/SRR1014097/SRR1014097.sralite.1	s3.us-east-1	aws identity	https://sra-downloadb.be-md.ncbi.nlm.nih.gov/sos12/sra-pub-zq-1211/SRR001/014/SRR1014097/SRR1014097.sralite.1	worldwide	anonymous	gs://sra-pub-zq-101/SRR1014097/SRR1014097.zq.1	gs.us-east1	gcp identity	-		-	-	-	-	-	-	-	-	-	-	-	-	-	-	-	-	-	-	missing				-	-					-	http://ftp.sra.ebi.ac.uk/vol1/fastq/SRR101/007/SRR1014097/SRR1014097_1.fastq.gz	http://ftp.sra.ebi.ac.uk/vol1/fastq/SRR101/007/SRR1014097/SRR1014097_2.fastq.gz	-	era-fasp@fasp.sra.ebi.ac.uk:vol1/fastq/SRR101/007/SRR1014097/SRR1014097_1.fastq.gz	era-fasp@fasp.sra.ebi.ac.uk:vol1/fastq/SRR101/007/SRR1014097/SRR1014097_2.fastq.gz														-	-			-		-															-																			Homo sapiens							-	-	320153.0	broadinstitute.org:bsp.prod.sample:4BBUL	DNA:DNA Genomic	PDO-914	P-MCV-0001	G34833	RP-294	SM-3VG8E	SM-4BBUL	36339	BL08	USA	General Eye																																																																																																																																																																																																																																																																																				
SRR1014057	   - -        -   eye         	Host Body-Site: Organ; Eye	['Host Body-Site']	['Organ; Eye']	130.16292715654953	0.6923559955135613	2016881	4264203	202	188	130.16292715654953	SRP031665	Pseudomonas	SRX365876	Illumina whole genome shotgun sequencing of genomic DNA paired-end library 'Pond-242716' containing sample 'Pseudomonas_aeruginosa_BL06'	Illumina whole genome shotgun sequencing of genomic DNA paired-end library 'Pond-242716' containing sample 'Pseudomonas_aeruginosa_BL06'	1402547	Pseudomonas aeruginosa BL06	Pond-242716	WGS	GENOMIC	RANDOM	PAIRED	SRS492265	-	SAMN02360719	PRJNA219909	Illumina HiSeq 2000	Illumina HiSeq 2000	ILLUMINA	394203185	2138808	432039216	D251PACXX130605.8.tagged_78.bam	SRR1014057.sralite	https://sra-downloadb.be-md.ncbi.nlm.nih.gov/sos12/sra-pub-zq-1211/SRR001/014/SRR1014057/SRR1014057.sralite.1	44975361	2020-08-13 19:34:32	c72b6a146001046e6de998772d43b836	1	SRA Lite	Primary ETL	1	s3://sra-pub-zq-3/SRR1014057/SRR1014057.sralite.1	s3.us-east-1	aws identity	https://sra-downloadb.be-md.ncbi.nlm.nih.gov/sos12/sra-pub-zq-1211/SRR001/014/SRR1014057/SRR1014057.sralite.1	worldwide	anonymous	gs://sra-pub-zq-101/SRR1014057/SRR1014057.zq.1	gs.us-east1	gcp identity	-		-	-	-	-	-	-	-	-	-	-	-	-	-	-	-	-	-	-	missing				-	-					-	http://ftp.sra.ebi.ac.uk/vol1/fastq/SRR101/007/SRR1014057/SRR1014057_1.fastq.gz	http://ftp.sra.ebi.ac.uk/vol1/fastq/SRR101/007/SRR1014057/SRR1014057_2.fastq.gz	-	era-fasp@fasp.sra.ebi.ac.uk:vol1/fastq/SRR101/007/SRR1014057/SRR1014057_1.fastq.gz	era-fasp@fasp.sra.ebi.ac.uk:vol1/fastq/SRR101/007/SRR1014057/SRR1014057_2.fastq.gz														-	-			-		-															-																			Homo sapiens							-	-	320202.0	broadinstitute.org:bsp.prod.sample:4BBW1	DNA:DNA Genomic	PDO-914	P-MCV-0001	G34831	RP-294	SM-3VG8C	SM-4BBW1	36339	BL06	USA	eye																																																																																																																																																																																																																																																																																				
ERR13863800	people with cystic fibrosis    sputum - - - -                	Infection: Disease; Cystic fibrosis	['Infection']	['Disease; Cystic fibrosis']	445.8445297124601	0.6923051703609628	4620839	6262754	302	644	445.8445297124601	ERP165316	Cefiderocol activity against planktonic and biofilm forms of ß-lactamase-producing Pseudomonas aeruginosa from people with cystic fibrosis	ERX13266559	Illumina MiSeq paired end sequencing	Illumina MiSeq paired end sequencing	287	Pseudomonas aeruginosa	Cefiderocol24_MPA1	WGA	GENOMIC	PCR	PAIRED	ERS21338670	-	SAMEA116293754	PRJEB81483	Illumina MiSeq	Illumina MiSeq	ILLUMINA	676224040	6262754	1891351708	ena-RUN-TAB-21-10-2024-09:55:23:483-194	ERR13863800.lite	https://sra-downloadb.be-md.ncbi.nlm.nih.gov/sos7/sra-pub-zq-41/ERR013/13863/ERR13863800/ERR13863800.lite.1	486917933	2024-12-08 05:43:38	b9245cd648dd111cac6431ee3740ccfc	1	SRA Lite	Primary ETL	1	s3://sra-pub-zq-6/ERR13863800/ERR13863800.lite.1	s3.us-east-1	aws identity	https://sra-downloadb.be-md.ncbi.nlm.nih.gov/sos7/sra-pub-zq-41/ERR013/13863/ERR13863800/ERR13863800.lite.1	worldwide	anonymous	gs://sra-pub-zq-105/ERR13863800/ERR13863800.lite.1	gs.us-east1	gcp identity	-							sputum		-		-	-	-	-	IFO	-	-	public	Cefiderocol24_MPA1	2023	Italy	diseased	Homo sapiens	S1	Cefiderocol24_MPA1	-	-	-	Pseudomonas aeruginosa	-	http://ftp.sra.ebi.ac.uk/vol1/fastq/ERR138/000/ERR13863800/ERR13863800_1.fastq.gz	http://ftp.sra.ebi.ac.uk/vol1/fastq/ERR138/000/ERR13863800/ERR13863800_2.fastq.gz	-	era-fasp@fasp.sra.ebi.ac.uk:vol1/fastq/ERR138/000/ERR13863800/ERR13863800_1.fastq.gz	era-fasp@fasp.sra.ebi.ac.uk:vol1/fastq/ERR138/000/ERR13863800/ERR13863800_2.fastq.gz	2024-11-30	-	-	-	-	-	-	-	-	-	-	-																																																																																																																																																																																																																																																																																																																																																			
SRR1014129	   - -        -   eye         	Host Body-Site: Organ; Eye	['Host Body-Site']	['Organ; Eye']	134.14058466453673	0.6843907380843711	2078515	4515206	202	196	134.14058466453673	SRP031671	Pseudomonas	SRX365894	Illumina whole genome shotgun sequencing of genomic DNA paired-end library 'Pond-242706' containing sample 'Pseudomonas_aeruginosa_BL13'	Illumina whole genome shotgun sequencing of genomic DNA paired-end library 'Pond-242706' containing sample 'Pseudomonas_aeruginosa_BL13'	1402554	Pseudomonas aeruginosa BL13	Pond-242706	WGS	GENOMIC	RANDOM	PAIRED	SRS492271	-	SAMN02360726	PRJNA219916	Illumina HiSeq 2000	Illumina HiSeq 2000	ILLUMINA	415182080	2249662	454431724	D251PACXX130605.7.tagged_778.bam	SRR1014129.sralite	https://sra-downloadb.be-md.ncbi.nlm.nih.gov/sos12/sra-pub-zq-1211/SRR001/014/SRR1014129/SRR1014129.sralite.1	47166570	2020-08-13 19:50:50	6105f99eb48d404670da4b45b79aa358	1	SRA Lite	Primary ETL	1	s3://sra-pub-zq-3/SRR1014129/SRR1014129.sralite.1	s3.us-east-1	aws identity	https://sra-downloadb.be-md.ncbi.nlm.nih.gov/sos12/sra-pub-zq-1211/SRR001/014/SRR1014129/SRR1014129.sralite.1	worldwide	anonymous	gs://sra-pub-zq-101/SRR1014129/SRR1014129.zq.1	gs.us-east1	gcp identity	-		-	-	-	-	-	-	-	-	-	-	-	-	-	-	-	-	-	-	missing				-	-					-	http://ftp.sra.ebi.ac.uk/vol1/fastq/SRR101/009/SRR1014129/SRR1014129_1.fastq.gz	http://ftp.sra.ebi.ac.uk/vol1/fastq/SRR101/009/SRR1014129/SRR1014129_2.fastq.gz	-	era-fasp@fasp.sra.ebi.ac.uk:vol1/fastq/SRR101/009/SRR1014129/SRR1014129_1.fastq.gz	era-fasp@fasp.sra.ebi.ac.uk:vol1/fastq/SRR101/009/SRR1014129/SRR1014129_2.fastq.gz														-	-			-		-															-																			Homo sapiens							-	-	320208.0	broadinstitute.org:bsp.prod.sample:4BBW7	DNA:DNA Genomic	PDO-914	P-MCV-0001	G34838	RP-294	SM-3VG8J	SM-4BBW7	36339	BL13	USA	eye																																																																																																																																																																																																																																																																																				
SRR1014183	   - -        -   eye         	Host Body-Site: Organ; Eye	['Host Body-Site']	['Organ; Eye']	136.1649731629393	0.6842460962961774	2109883	4577209	202	199	136.1649731629393	SRP031680	Pseudomonas	SRX365923	Illumina whole genome shotgun sequencing of genomic DNA paired-end library 'Pond-242718' containing sample 'Pseudomonas_aeruginosa_BL22'	Illumina whole genome shotgun sequencing of genomic DNA paired-end library 'Pond-242718' containing sample 'Pseudomonas_aeruginosa_BL22'	1402563	Pseudomonas aeruginosa BL22	Pond-242718	WGS	GENOMIC	RANDOM	PAIRED	SRS492281	-	SAMN02360735	PRJNA219925	Illumina HiSeq 2000	Illumina HiSeq 2000	ILLUMINA	417870283	2294737	463536874	D251PACXX130605.8.tagged_288.bam	SRR1014183.sralite	https://sra-downloadb.be-md.ncbi.nlm.nih.gov/sos12/sra-pub-zq-1211/SRR001/014/SRR1014183/SRR1014183.sralite.1	45547387	2020-08-13 19:56:52	8b242136902c683312060d91853f3f54	1	SRA Lite	Primary ETL	1	s3://sra-pub-zq-3/SRR1014183/SRR1014183.sralite.1	s3.us-east-1	aws identity	https://sra-downloadb.be-md.ncbi.nlm.nih.gov/sos12/sra-pub-zq-1211/SRR001/014/SRR1014183/SRR1014183.sralite.1	worldwide	anonymous	gs://sra-pub-zq-101/SRR1014183/SRR1014183.zq.1	gs.us-east1	gcp identity	-		-	-	-	-	-	-	-	-	-	-	-	-	-	-	-	-	-	-	missing				-	-					-	http://ftp.sra.ebi.ac.uk/vol1/fastq/SRR101/003/SRR1014183/SRR1014183_1.fastq.gz	http://ftp.sra.ebi.ac.uk/vol1/fastq/SRR101/003/SRR1014183/SRR1014183_2.fastq.gz	-	era-fasp@fasp.sra.ebi.ac.uk:vol1/fastq/SRR101/003/SRR1014183/SRR1014183_1.fastq.gz	era-fasp@fasp.sra.ebi.ac.uk:vol1/fastq/SRR101/003/SRR1014183/SRR1014183_2.fastq.gz														-	-			-		-															-																			Homo sapiens							-	-	320166.0	broadinstitute.org:bsp.prod.sample:4BBUY	DNA:DNA Genomic	PDO-914	P-MCV-0001	G34847	RP-294	SM-3VG8S	SM-4BBUY	36339	BL22	USA	eye																																																																																																																																																																																																																																																																																				
SRR1014488	   - -           cystic fibrosis isolate -        	Infection: Disease; Cystic fibrosis	['Infection']	['Disease; Cystic fibrosis']	132.49986709265175	0.6829890056322255	2053092	4335609	202	194	132.49986709265175	SRP031740	Pseudomonas	SRX366183	Illumina whole genome shotgun sequencing of genomic DNA paired-end library 'Pond-242686' containing sample 'Pseudomonas_aeruginosa_CF77'	Illumina whole genome shotgun sequencing of genomic DNA paired-end library 'Pond-242686' containing sample 'Pseudomonas_aeruginosa_CF77'	1402579	Pseudomonas aeruginosa CF77	Pond-242686	WGS	GENOMIC	RANDOM	PAIRED	SRS492419	-	SAMN02360751	PRJNA219941	Illumina HiSeq 2000	Illumina HiSeq 2000	ILLUMINA	406282446	2173032	438952464	D251PACXX130605.8.tagged_500.bam	SRR1014488.sralite	https://sra-downloadb.be-md.ncbi.nlm.nih.gov/sos12/sra-pub-zq-1211/SRR001/014/SRR1014488/SRR1014488.sralite.1	47542210	2020-08-13 20:54:09	8f69ad9724645cd0565d8c505863c37c	1	SRA Lite	Primary ETL	1	s3://sra-pub-zq-3/SRR1014488/SRR1014488.sralite.1	s3.us-east-1	aws identity	https://sra-downloadb.be-md.ncbi.nlm.nih.gov/sos12/sra-pub-zq-1211/SRR001/014/SRR1014488/SRR1014488.sralite.1	worldwide	anonymous	gs://sra-pub-zq-101/SRR1014488/SRR1014488.zq.1	gs.us-east1	gcp identity	-		-	-	-	-	-	-	-	-	-										2005-12-16										-	http://ftp.sra.ebi.ac.uk/vol1/fastq/SRR101/008/SRR1014488/SRR1014488_1.fastq.gz	http://ftp.sra.ebi.ac.uk/vol1/fastq/SRR101/008/SRR1014488/SRR1014488_2.fastq.gz	-	era-fasp@fasp.sra.ebi.ac.uk:vol1/fastq/SRR101/008/SRR1014488/SRR1014488_1.fastq.gz	era-fasp@fasp.sra.ebi.ac.uk:vol1/fastq/SRR101/008/SRR1014488/SRR1014488_2.fastq.gz																																																						Homo sapiens								-	320183.0	broadinstitute.org:bsp.prod.sample:4BBVH	DNA:DNA Genomic	PDO-914	P-MCV-0001	G34852	RP-294	SM-3VG8X	SM-4BBVH	36339	CF77	USA	cystic fibrosis isolate	-	-	-	-	-	-																																																																																																																																																																																																																																																																														
ERR10818797	Lagos, Nigeria    ear swab                    	Host Body-Site: Organ; Ear	['Host Body-Site']	['Organ; Ear']	75.76754664536742	0.6825905103186254	798493	968539	297	111	75.76754664536742	ERP144085	Clinical Pseudomonas aeruginosa isolates from Lagos, Nigeria	ERX10264318	NextSeq 550 paired end sequencing; Raw reads: 203_19_S27_HQ	NextSeq 550 paired end sequencing; Raw reads: 203_19_S27_HQ	287	Pseudomonas aeruginosa	-	WGA	GENOMIC	RANDOM	PAIRED	ERS14455593	-	SAMEA112344683	PRJEB59020	NextSeq 550	NextSeq 550	ILLUMINA	117202790	968539	288418787	webin-reads-203_19_S27_HQ	ERR10818797.lite	https://sra-downloadb.be-md.ncbi.nlm.nih.gov/sos13/sra-pub-zq-1303/ERR010/10818/ERR10818797/ERR10818797.lite.1	74826452	2023-02-10 04:29:10	28bc789370459cd894990e43f6dffd81	1	SRA Lite	Primary ETL	1	s3://sra-pub-zq-3/ERR10818797/ERR10818797.lite.1	s3.us-east-1	aws identity	https://sra-downloadb.be-md.ncbi.nlm.nih.gov/sos13/sra-pub-zq-1303/ERR010/10818/ERR10818797/ERR10818797.lite.1	worldwide	anonymous	gs://sra-pub-zq-107/ERR10818797/ERR10818797.lite.1	gs.us-east1	gcp identity	-			2019				ear swab				2023-01-30	2023-01-30	SAMEA112344683	NGS Competence Center Tuebingen NCCT	ngs competence center tuebingen ncct	2023-01-30T20:23:07Z	2023-01-30T20:23:07Z	public	203_19_S27	-	Nigeria	diseased	Homo sapiens	-	203_19_S27				-	-	http://ftp.sra.ebi.ac.uk/vol1/fastq/ERR108/097/ERR10818797/ERR10818797_1.fastq.gz	http://ftp.sra.ebi.ac.uk/vol1/fastq/ERR108/097/ERR10818797/ERR10818797_2.fastq.gz	-	era-fasp@fasp.sra.ebi.ac.uk:vol1/fastq/ERR108/097/ERR10818797/ERR10818797_1.fastq.gz	era-fasp@fasp.sra.ebi.ac.uk:vol1/fastq/ERR108/097/ERR10818797/ERR10818797_2.fastq.gz																																																																																																																																																																																																																																																																																																																																																															
SRR1014469	   - -           Cystic fibrosis -        	Infection: Disease; Cystic fibrosis	['Infection']	['Disease; Cystic fibrosis']	125.8872389776358	0.6768131127829882	1950629	4216383	202	186	125.8872389776358	SRP031735	Pseudomonas	SRX366156	Illumina whole genome shotgun sequencing of genomic DNA paired-end library 'Pond-242679' containing sample 'Pseudomonas_aeruginosa_CF127'	Illumina whole genome shotgun sequencing of genomic DNA paired-end library 'Pond-242679' containing sample 'Pseudomonas_aeruginosa_CF127'	1402488	Pseudomonas aeruginosa CF127	Pond-242679	WGS	GENOMIC	RANDOM	PAIRED	SRS492403	-	SAMN02360660	PRJNA219849	Illumina HiSeq 2000	Illumina HiSeq 2000	ILLUMINA	392058003	2105540	425319080	D251PACXX130605.7.tagged_214.bam	SRR1014469.sralite	https://sra-downloadb.be-md.ncbi.nlm.nih.gov/sos12/sra-pub-zq-1211/SRR001/014/SRR1014469/SRR1014469.sralite.1	45738186	2020-08-13 20:29:42	dba6666039fcd2a023de5044671d04e5	1	SRA Lite	Primary ETL	1	s3://sra-pub-zq-3/SRR1014469/SRR1014469.sralite.1	s3.us-east-1	aws identity	https://sra-downloadb.be-md.ncbi.nlm.nih.gov/sos12/sra-pub-zq-1211/SRR001/014/SRR1014469/SRR1014469.sralite.1	worldwide	anonymous	gs://sra-pub-zq-101/SRR1014469/SRR1014469.zq.1	gs.us-east1	gcp identity	-		-	-	-	-	-	-	-	-	-										missing										-	http://ftp.sra.ebi.ac.uk/vol1/fastq/SRR101/009/SRR1014469/SRR1014469_1.fastq.gz	http://ftp.sra.ebi.ac.uk/vol1/fastq/SRR101/009/SRR1014469/SRR1014469_2.fastq.gz	-	era-fasp@fasp.sra.ebi.ac.uk:vol1/fastq/SRR101/009/SRR1014469/SRR1014469_1.fastq.gz	era-fasp@fasp.sra.ebi.ac.uk:vol1/fastq/SRR101/009/SRR1014469/SRR1014469_2.fastq.gz																																																						Homo sapiens								-	320181.0	broadinstitute.org:bsp.prod.sample:4BBVF	DNA:DNA Somatic	PDO-785	P-MCV-0001	G34797	RP-294	SM-3V4KG	SM-4BBVF	36339	CF127	USA	Cystic fibrosis	-	-	-	-	-	-																																																																																																																																																																																																																																																																														
SRR25320327	Cystic Fibrosis airway samples   - -                    	Infection: Disease; Cystic fibrosis	['Infection']	['Disease; Cystic fibrosis']	106.10453099041534	0.6758250381555118	1118206	1639057	297	157	106.10453099041534	SRP449317	Sequencing of clinical isolates from Cystic Fibrosis airway samples	SRX21062558	SMC5451	SMC5451	287	Pseudomonas aeruginosa	SMC5451	WGS	GENOMIC	RANDOM	PAIRED	SRS18332826	-	SAMN36514248	PRJNA994491	NextSeq 2000	NextSeq 2000	ILLUMINA	165470721	1639057	487170135	SMC5451_S76_R1_001.fastq.gz	SRR25320327.lite	https://sra-downloadb.be-md.ncbi.nlm.nih.gov/sos8/sra-pub-zq-820/SRR025/25320/SRR25320327/SRR25320327.lite.1	128521217	2023-07-23 15:34:57	b5538196cc5a41b8008ecbb2384b6f40	1	SRA Lite	Primary ETL	1	s3://sra-pub-zq-4/SRR25320327/SRR25320327.lite.1	s3.us-east-1	aws identity	https://sra-downloadb.be-md.ncbi.nlm.nih.gov/sos8/sra-pub-zq-820/SRR025/25320/SRR25320327/SRR25320327.lite.1	worldwide	anonymous	gs://sra-pub-zq-102/SRR25320327/SRR25320327.lite.1	gs.us-east1	gcp identity	-		-	2011-09-03	USA: New Hampshire	Homo sapiens	-	-	-	SMC5451	Microbe, viral or environmental														-						-	http://ftp.sra.ebi.ac.uk/vol1/fastq/SRR253/027/SRR25320327/SRR25320327_1.fastq.gz	http://ftp.sra.ebi.ac.uk/vol1/fastq/SRR253/027/SRR25320327/SRR25320327_2.fastq.gz	-	era-fasp@fasp.sra.ebi.ac.uk:vol1/fastq/SRR253/027/SRR25320327/SRR25320327_1.fastq.gz	era-fasp@fasp.sra.ebi.ac.uk:vol1/fastq/SRR253/027/SRR25320327/SRR25320327_2.fastq.gz																																																														-																	Cell Culture																																																																												-				-	-	-	-	-	-																																																																																																																																																																																											
SRR1014196	   - -           eye -        	Host Body-Site: Organ; Eye	['Host Body-Site']	['Organ; Eye']	126.67626517571884	0.6738099211474408	1962855	4244219	202	188	126.67626517571884	SRP031682	Pseudomonas	SRX365930	Illumina whole genome shotgun sequencing of genomic DNA paired-end library 'Pond-242740' containing sample 'Pseudomonas_aeruginosa_BL24'	Illumina whole genome shotgun sequencing of genomic DNA paired-end library 'Pond-242740' containing sample 'Pseudomonas_aeruginosa_BL24'	1402565	Pseudomonas aeruginosa BL24	Pond-242740	WGS	GENOMIC	RANDOM	PAIRED	SRS492283	-	SAMN02360737	PRJNA219927	Illumina HiSeq 2000	Illumina HiSeq 2000	ILLUMINA	396799977	2115787	427388974	D251PACXX130605.7.tagged_747.bam	SRR1014196.sralite	https://sra-downloadb.be-md.ncbi.nlm.nih.gov/sos12/sra-pub-zq-1211/SRR001/014/SRR1014196/SRR1014196.sralite.1	45561489	2020-08-13 19:53:23	e250c492d5cdce6099cf79f1dc0afe4e	1	SRA Lite	Primary ETL	1	s3://sra-pub-zq-3/SRR1014196/SRR1014196.sralite.1	s3.us-east-1	aws identity	https://sra-downloadb.be-md.ncbi.nlm.nih.gov/sos12/sra-pub-zq-1211/SRR001/014/SRR1014196/SRR1014196.sralite.1	worldwide	anonymous	gs://sra-pub-zq-101/SRR1014196/SRR1014196.zq.1	gs.us-east1	gcp identity	-		-	-	-	-	-	-	-	-	-										missing										-	http://ftp.sra.ebi.ac.uk/vol1/fastq/SRR101/006/SRR1014196/SRR1014196_1.fastq.gz	http://ftp.sra.ebi.ac.uk/vol1/fastq/SRR101/006/SRR1014196/SRR1014196_2.fastq.gz	-	era-fasp@fasp.sra.ebi.ac.uk:vol1/fastq/SRR101/006/SRR1014196/SRR1014196_1.fastq.gz	era-fasp@fasp.sra.ebi.ac.uk:vol1/fastq/SRR101/006/SRR1014196/SRR1014196_2.fastq.gz																																																						Homo sapiens								-	320168.0	broadinstitute.org:bsp.prod.sample:4BBV1	DNA:DNA Genomic	PDO-914	P-MCV-0001	G34849	RP-294	SM-3VG8U	SM-4BBV1	36339	BL24	USA	eye	-	-	-	-	-	-																																																																																																																																																																																																																																																																														
SRR1014046	   - -        -   General Eye         	Host Body-Site: Organ; Eye	['Host Body-Site']	['Organ; Eye']	130.07806134185304	0.670505470834294	2015566	4344339	202	194	130.07806134185304	SRP031663	Pseudomonas	SRX365870	Illumina whole genome shotgun sequencing of genomic DNA paired-end library 'Pond-242694' containing sample 'Pseudomonas_aeruginosa_BL04'	Illumina whole genome shotgun sequencing of genomic DNA paired-end library 'Pond-242694' containing sample 'Pseudomonas_aeruginosa_BL04'	1402545	Pseudomonas aeruginosa BL04	Pond-242694	WGS	GENOMIC	RANDOM	PAIRED	SRS492262	-	SAMN02360717	PRJNA219907	Illumina HiSeq 2000	Illumina HiSeq 2000	ILLUMINA	406779820	2177590	439873180	D251PACXX130605.8.tagged_542.bam	SRR1014046.sralite	https://sra-downloadb.be-md.ncbi.nlm.nih.gov/sos12/sra-pub-zq-1211/SRR001/014/SRR1014046/SRR1014046.sralite.1	48163715	2020-08-14 22:35:15	e1f42be4dc8bab25b4df721c52c41c26	1	SRA Lite	Primary ETL	1	s3://sra-pub-zq-6/SRR1014046/SRR1014046.sralite.1	s3.us-east-1	aws identity	https://sra-downloadb.be-md.ncbi.nlm.nih.gov/sos12/sra-pub-zq-1211/SRR001/014/SRR1014046/SRR1014046.sralite.1	worldwide	anonymous	gs://sra-pub-zq-101/SRR1014046/SRR1014046.zq.1	gs.us-east1	gcp identity	-		-	-	-	-	-	-	-	-	-	-	-	-	-	-	-	-	-	-	missing				-	-					-	http://ftp.sra.ebi.ac.uk/vol1/fastq/SRR101/006/SRR1014046/SRR1014046_1.fastq.gz	http://ftp.sra.ebi.ac.uk/vol1/fastq/SRR101/006/SRR1014046/SRR1014046_2.fastq.gz	-	era-fasp@fasp.sra.ebi.ac.uk:vol1/fastq/SRR101/006/SRR1014046/SRR1014046_1.fastq.gz	era-fasp@fasp.sra.ebi.ac.uk:vol1/fastq/SRR101/006/SRR1014046/SRR1014046_2.fastq.gz														-	-			-		-															-																			Homo sapiens							-	-	320150.0	broadinstitute.org:bsp.prod.sample:4BBUI	DNA:DNA Genomic	PDO-914	P-MCV-0001	G34829	RP-294	SM-3VG8A	SM-4BBUI	36339	BL04	USA	General Eye																																																																																																																																																																																																																																																																																				
SRR1014190	   - -           General Eye -        	Host Body-Site: Organ; Eye	['Host Body-Site']	['Organ; Eye']	133.8630766773163	0.6693153833865815	2074215	4538985	202	200	133.8630766773163	SRP031681	Pseudomonas	SRX365925	Illumina whole genome shotgun sequencing of genomic DNA paired-end library 'Pond-242729' containing sample 'Pseudomonas_aeruginosa_BL23'	Illumina whole genome shotgun sequencing of genomic DNA paired-end library 'Pond-242729' containing sample 'Pseudomonas_aeruginosa_BL23'	1402564	Pseudomonas aeruginosa BL23	Pond-242729	WGS	GENOMIC	RANDOM	PAIRED	SRS492282	-	SAMN02360736	PRJNA219926	Illumina HiSeq 2000	Illumina HiSeq 2000	ILLUMINA	421335262	2266753	457884106	D251PACXX130605.7.tagged_320.bam	SRR1014190.sralite	https://sra-downloadb.be-md.ncbi.nlm.nih.gov/sos12/sra-pub-zq-1211/SRR001/014/SRR1014190/SRR1014190.sralite.1	48976307	2020-08-13 19:53:10	6c63c8f468441f4551e86fccf1d8b6c9	1	SRA Lite	Primary ETL	1	s3://sra-pub-zq-3/SRR1014190/SRR1014190.sralite.1	s3.us-east-1	aws identity	https://sra-downloadb.be-md.ncbi.nlm.nih.gov/sos12/sra-pub-zq-1211/SRR001/014/SRR1014190/SRR1014190.sralite.1	worldwide	anonymous	gs://sra-pub-zq-101/SRR1014190/SRR1014190.zq.1	gs.us-east1	gcp identity	-		-	-	-	-	-	-	-	-	-										missing										-	http://ftp.sra.ebi.ac.uk/vol1/fastq/SRR101/000/SRR1014190/SRR1014190_1.fastq.gz	http://ftp.sra.ebi.ac.uk/vol1/fastq/SRR101/000/SRR1014190/SRR1014190_2.fastq.gz	-	era-fasp@fasp.sra.ebi.ac.uk:vol1/fastq/SRR101/000/SRR1014190/SRR1014190_1.fastq.gz	era-fasp@fasp.sra.ebi.ac.uk:vol1/fastq/SRR101/000/SRR1014190/SRR1014190_2.fastq.gz																																																						Homo sapiens								-	320167.0	broadinstitute.org:bsp.prod.sample:4BBUZ	DNA:DNA Genomic	PDO-914	P-MCV-0001	G34848	RP-294	SM-3VG8T	SM-4BBUZ	36339	BL23	USA	General Eye	-	-	-	-	-	-																																																																																																																																																																																																																																																																														
SRR25684270	 patients within the same hospital patients within the same hospital Cystic Fibrosis cystic fibrosis    -       -      -   	Infection: Disease; Cystic fibrosis	['Infection']	['Disease; Cystic fibrosis']	537.8489744408946	0.6664795222315918	5574395	8152234	302	807	537.8489744408946	SRP455738	Genome sequences of five clinical ESKAPE bacteria resistant to the last resort antibiotic colistin	SRX21409476	Genome sequences of four colistin-resistant ESKAPE bacterial strains isolated from patients within the same hospital	Genome sequences of four colistin-resistant ESKAPE bacterial strains isolated from patients within the same hospital	287	Pseudomonas aeruginosa	JASERO000000000	WGS	GENOMIC	unspecified	PAIRED	SRS18648283	-	SAMN34566734	PRJNA966919	Illumina NovaSeq 6000	Illumina NovaSeq 6000	ILLUMINA	846271110	8152234	2461974668	NG-31709_PAMNT030_lib645946_8304_4_1.fastq.gz	SRR25684270.lite	https://sra-downloadb.be-md.ncbi.nlm.nih.gov/sos1/sra-pub-zq-38/SRR025/25684/SRR25684270/SRR25684270.lite.1	633663939	2023-08-23 06:09:24	a8929e079a6b6ae3895f923ac918e8fa	1	SRA Lite	Primary ETL	1	s3://sra-pub-zq-2/SRR25684270/SRR25684270.lite.1	s3.us-east-1	aws identity	https://sra-downloadb.be-md.ncbi.nlm.nih.gov/sos1/sra-pub-zq-38/SRR025/25684/SRR25684270/SRR25684270.lite.1	worldwide	anonymous	gs://sra-pub-zq-103/SRR25684270/SRR25684270.lite.1	gs.us-east1	gcp identity	-		Microbiology Department at Universitario Ramn y Cajal Hospital	not provided	Spain: Universitario Ramn y Cajal Hospital	-	Cystic Fibrosis	cystic fibrosis	40.487358 N 3.69385265 W	-	Pathogen.cl										-				-						-	http://ftp.sra.ebi.ac.uk/vol1/fastq/SRR256/070/SRR25684270/SRR25684270_1.fastq.gz	http://ftp.sra.ebi.ac.uk/vol1/fastq/SRR256/070/SRR25684270/SRR25684270_2.fastq.gz	-	era-fasp@fasp.sra.ebi.ac.uk:vol1/fastq/SRR256/070/SRR25684270/SRR25684270_1.fastq.gz	era-fasp@fasp.sra.ebi.ac.uk:vol1/fastq/SRR256/070/SRR25684270/SRR25684270_2.fastq.gz										-												-																																								-											PAMNT027		-				-																																					-		-	-								Homo sapiens				-																			-		-	-	-	-										-	-	-																																																																																																																																																																																								
SRR1014122	   - -        -   eye         	Host Body-Site: Organ; Eye	['Host Body-Site']	['Organ; Eye']	121.96275974440894	0.6664631680022347	1889819	4066846	202	183	121.96275974440894	SRP031670	Pseudomonas	SRX365891	Illumina whole genome shotgun sequencing of genomic DNA paired-end library 'Pond-242695' containing sample 'Pseudomonas_aeruginosa_BL12'	Illumina whole genome shotgun sequencing of genomic DNA paired-end library 'Pond-242695' containing sample 'Pseudomonas_aeruginosa_BL12'	1402553	Pseudomonas aeruginosa BL12	Pond-242695	WGS	GENOMIC	RANDOM	PAIRED	SRS492270	-	SAMN02360725	PRJNA219915	Illumina HiSeq 2000	Illumina HiSeq 2000	ILLUMINA	387084807	2028212	409698824	D251PACXX130605.7.tagged_655.bam	SRR1014122.sralite	https://sra-downloadb.be-md.ncbi.nlm.nih.gov/sos12/sra-pub-zq-1211/SRR001/014/SRR1014122/SRR1014122.sralite.1	46044825	2020-08-13 19:30:21	2e3dcae2541ffe74e60f85efb99b98cc	1	SRA Lite	Primary ETL	1	s3://sra-pub-zq-3/SRR1014122/SRR1014122.sralite.1	s3.us-east-1	aws identity	https://sra-downloadb.be-md.ncbi.nlm.nih.gov/sos12/sra-pub-zq-1211/SRR001/014/SRR1014122/SRR1014122.sralite.1	worldwide	anonymous	gs://sra-pub-zq-101/SRR1014122/SRR1014122.zq.1	gs.us-east1	gcp identity	-		-	-	-	-	-	-	-	-	-	-	-	-	-	-	-	-	-	-	missing				-	-					-	http://ftp.sra.ebi.ac.uk/vol1/fastq/SRR101/002/SRR1014122/SRR1014122_1.fastq.gz	http://ftp.sra.ebi.ac.uk/vol1/fastq/SRR101/002/SRR1014122/SRR1014122_2.fastq.gz	-	era-fasp@fasp.sra.ebi.ac.uk:vol1/fastq/SRR101/002/SRR1014122/SRR1014122_1.fastq.gz	era-fasp@fasp.sra.ebi.ac.uk:vol1/fastq/SRR101/002/SRR1014122/SRR1014122_2.fastq.gz														-	-			-		-															-																			Homo sapiens							-	-	320156.0	broadinstitute.org:bsp.prod.sample:4BBUO	DNA:DNA Genomic	PDO-914	P-MCV-0001	G34837	RP-294	SM-3VG8I	SM-4BBUO	36339	BL12	USA	eye																																																																																																																																																																																																																																																																																				
SRR33848949	   cystic fibrosis airway                    -	Infection: Disease; Cystic fibrosis	['Infection']	['Disease; Cystic fibrosis']	271.55431150159745	0.6623275890282865	2861835	4300093	297	410	271.55431150159745	SRP590207	Structure of the Pseudomonas aeruginosa fibrillar adhesin CdrA as determined by an integrative approach	SRX29069325	Illumina sequencing of Pseudomonas aeruginosa:CF airway	Illumina sequencing of Pseudomonas aeruginosa:CF airway	287	Pseudomonas aeruginosa	554-1-I1	WGS	GENOMIC	RANDOM	PAIRED	SRS25283025	-	SAMN48918324	PRJNA1272622	Illumina HiSeq 2000	Illumina HiSeq 2000	ILLUMINA	430067871	4300093	1277329442	AMT0554_1_S77_R1_001.fastq.gz	SRR33848949.lite	https://sra-downloadb.be-md.ncbi.nlm.nih.gov/sos9/sra-pub-zq-924/SRR033/33848/SRR33848949/SRR33848949.lite.1	335247648	2025-06-05 18:11:24	b884c81d0995a7cefc93e25b3001c10d	1	SRA Lite	Primary ETL	1	s3://sra-pub-zq-3/SRR33848949/SRR33848949.lite.1	s3.us-east-1	aws identity	https://sra-downloadb.be-md.ncbi.nlm.nih.gov/sos9/sra-pub-zq-924/SRR033/33848/SRR33848949/SRR33848949.lite.1	worldwide	anonymous	gs://sra-pub-zq-105/SRR33848949/SRR33848949.lite.1	gs.us-east1	gcp identity	-		Seattle Childrens Hospital	2020	USA: Washington	Homo sapiens	cystic fibrosis	airway	47.66279 N 122.28217 W	AMT0554-1	Pathogen.cl														-						-	http://ftp.sra.ebi.ac.uk/vol1/fastq/SRR338/049/SRR33848949/SRR33848949_1.fastq.gz	http://ftp.sra.ebi.ac.uk/vol1/fastq/SRR338/049/SRR33848949/SRR33848949_2.fastq.gz	-	era-fasp@fasp.sra.ebi.ac.uk:vol1/fastq/SRR338/049/SRR33848949/SRR33848949_1.fastq.gz	era-fasp@fasp.sra.ebi.ac.uk:vol1/fastq/SRR338/049/SRR33848949/SRR33848949_2.fastq.gz																				-																																																											-		-	-																														-	-	-							-	-	-											-					-											-																								-								-	-	-	-	-																																																																																																																																																																					
SRR12695631	   Cystic fibrosis sputum           -         	Infection: Disease; Cystic fibrosis	['Infection']	['Disease; Cystic fibrosis']	591.9780191693291	0.6577533546325879	6176304	7427283	300	900	591.9780191693291	SRP284806	Pseudomonas aeruginosa Genome sequencing and assembly	SRX9175311	P. aeruginosa sequencing	P. aeruginosa sequencing	287	Pseudomonas aeruginosa	FADDI-PA107	WGS	GENOMIC	cDNA	PAIRED	SRS7409018	-	SAMN16236914	PRJNA664899	Illumina HiSeq 2500	Illumina HiSeq 2500	ILLUMINA	944500865	7427283	2228184900	P2-1_L1_1.fq.gz	SRR12695631.lite	https://sra-downloadb.be-md.ncbi.nlm.nih.gov/sos13/sra-pub-zq-1301/SRR012/12695/SRR12695631/SRR12695631.lite.1	566947153	2022-08-09 16:50:57	22d714bc978838eb278f9197694b48fc	1	SRA Lite	Primary ETL	1	s3://sra-pub-zq-1/SRR12695631/SRR12695631.lite.1	s3.us-east-1	aws identity	https://sra-downloadb.be-md.ncbi.nlm.nih.gov/sos13/sra-pub-zq-1301/SRR012/12695/SRR12695631/SRR12695631.lite.1	worldwide	anonymous	gs://sra-pub-zq-106/SRR12695631/SRR12695631.lite.1	gs.us-east1	gcp identity	-		Monash University	2014-01-01	United Kingdom: England	Homo sapiens	Cystic fibrosis	sputum	52.3555 N 1.1743 W	FADDI-PA107	Pathogen.cl										-				-						-	http://ftp.sra.ebi.ac.uk/vol1/fastq/SRR126/031/SRR12695631/SRR12695631_1.fastq.gz	http://ftp.sra.ebi.ac.uk/vol1/fastq/SRR126/031/SRR12695631/SRR12695631_2.fastq.gz	-	era-fasp@fasp.sra.ebi.ac.uk:vol1/fastq/SRR126/031/SRR12695631/SRR12695631_1.fastq.gz	era-fasp@fasp.sra.ebi.ac.uk:vol1/fastq/SRR126/031/SRR12695631/SRR12695631_2.fastq.gz																																																						-									-	-	-	-	-	-	-	-	-	-	-	-	-		-		-			-																									-	-	-	-																																																																																																																																																																																																																																																	
SRR26953609	   - eye    -       -      -   	Host Body-Site: Organ; Eye	['Host Body-Site']	['Organ; Eye']	156.22395431309903	0.6536567126071089	1680347	2104385	291	239	156.22395431309903	SRP074197	CDC HAI-Seq Gram-negative bacteria	SRX22647350	Illumina sequencing of 2023HL-00969	Illumina sequencing of 2023HL-00969	287	Pseudomonas aeruginosa	2023HL-00969	WGS	GENOMIC	RANDOM	PAIRED	SRS19643714	-	SAMN38447458	PRJNA288601	NextSeq 500	NextSeq 500	ILLUMINA	250645780	2104385	612743190	2023HL-00969_R1_001.fastq.gz	SRR26953609.lite	https://sra-downloadb.be-md.ncbi.nlm.nih.gov/sos9/sra-pub-zq-922/SRR026/26953/SRR26953609/SRR26953609.lite.1	162784959	2023-11-27 10:01:28	4e3adda65c74cd1905031b7c4c8173bb	1	SRA Lite	Primary ETL	1	s3://sra-pub-zq-8/SRR26953609/SRR26953609.lite.1	s3.us-east-1	aws identity	https://sra-downloadb.be-md.ncbi.nlm.nih.gov/sos9/sra-pub-zq-922/SRR026/26953/SRR26953609/SRR26953609.lite.1	worldwide	anonymous	gs://sra-pub-zq-104/SRR26953609/SRR26953609.lite.1	gs.us-east1	gcp identity	-		-	2023	USA	-	-	eye	-	-	Microbe, viral or environmental										-				-						-	http://ftp.sra.ebi.ac.uk/vol1/fastq/SRR269/009/SRR26953609/SRR26953609_1.fastq.gz	http://ftp.sra.ebi.ac.uk/vol1/fastq/SRR269/009/SRR26953609/SRR26953609_2.fastq.gz	-	era-fasp@fasp.sra.ebi.ac.uk:vol1/fastq/SRR269/009/SRR26953609/SRR26953609_1.fastq.gz	era-fasp@fasp.sra.ebi.ac.uk:vol1/fastq/SRR269/009/SRR26953609/SRR26953609_2.fastq.gz										-												-																																								-											2023HL-00969		-				whole organism																																					-		-	-								Homo sapiens				IDR2300061416-01-00																			MLST1203 PubMLST		-	-	-	-										-	-	-																																																																																																																																																																																								
SRR10414517	   Cystic Fibrosis Log phase culture in SCFM           - -        	Infection: Disease; Cystic fibrosis	['Infection']	['Disease; Cystic fibrosis']	279.73905750798724	0.6505559476929936	3502333	4802056	250	430	279.73905750798724	SRP229005	CF patient001 isolates sequencing	SRX7112716	RNA-seq of Pseudomonas aeruginosa:S2239-16	RNA-seq of Pseudomonas aeruginosa:S2239-16	287	Pseudomonas aeruginosa	RNA_001-1C_rep1	RNA-Seq	TRANSCRIPTOMIC	RANDOM	PAIRED	SRS5623614	-	SAMN13234663	PRJNA588274	Illumina HiSeq 2000	Illumina HiSeq 2000	ILLUMINA	451771121	4802056	1200514000	C7N92ANXX-1235-01-21-1_L007_R1.fastq.gz	SRR10414517.sralite	https://sra-downloadb.be-md.ncbi.nlm.nih.gov/sos12/sra-pub-zq-1216/SRR010/414/SRR10414517.sralite.1	300561596	2020-06-21 07:06:31	e6eeb46daf93aef8f0bfe47c41f4816f	1	SRA Lite	Primary ETL	1	s3://sra-pub-zq-8/SRR10414517/SRR10414517.sralite.1	s3.us-east-1	aws identity	https://sra-downloadb.be-md.ncbi.nlm.nih.gov/sos12/sra-pub-zq-1216/SRR010/414/SRR10414517.sralite.1	worldwide	anonymous	gs://sra-pub-zq-102/SRR10414517/SRR10414517.zq.1	gs.us-east1	gcp identity	-		University of Otago	not applicable	New Zealand: Dunedin	Homo sapiens	Cystic Fibrosis	Log phase culture in SCFM	missing	E01	Pathogen.cl										-										-	http://ftp.sra.ebi.ac.uk/vol1/fastq/SRR104/017/SRR10414517/SRR10414517_1.fastq.gz	http://ftp.sra.ebi.ac.uk/vol1/fastq/SRR104/017/SRR10414517/SRR10414517_2.fastq.gz	-	era-fasp@fasp.sra.ebi.ac.uk:vol1/fastq/SRR104/017/SRR10414517/SRR10414517_1.fastq.gz	era-fasp@fasp.sra.ebi.ac.uk:vol1/fastq/SRR104/017/SRR10414517/SRR10414517_2.fastq.gz																																																						-								-	-	-	-	-	-	-	-	-	-	-	-	-	-	-	-	Patient001	-	-	-																																																																																																																																																																																																																																																																														
ERR2286130	        CF respiratory sample                	Infection: Disease; Cystic fibrosis	['Infection']	['Disease; Cystic fibrosis']	70.81195974440895	0.6496510068294399	459837	472279	482	109	70.81195974440895	ERP021852	PSEUDOMONAS AERUGINOSA CYSTIC FIBROSIS MUTATIONAL RESISTOME CC274	ERX2337656	Illumina MiSeq paired end sequencing	Illumina MiSeq paired end sequencing	287	Pseudomonas aeruginosa	unspecified	WGS	GENOMIC	RANDOM PCR	PAIRED	ERS1575526	-	SAMEA103058668	PRJEB19788	Illumina MiSeq	Illumina MiSeq	ILLUMINA	114584530	472279	227791772	ena-RUN-Institut d'Investigacio Sanitaria de Palma-07-02-2018-10:58:48:129-5	ERR2286130.sralite	https://sra-downloadb.be-md.ncbi.nlm.nih.gov/sos12/sra-pub-zq-1214/ERR002/286/ERR2286130.sralite.1	58640808	2020-06-22 10:43:58	58ef0cf99d3e8f4b7e7b30c0c8bf8c40	1	SRA Lite	Primary ETL	1	s3://sra-pub-zq-4/ERR2286130/ERR2286130.sralite.1	s3.us-east-1	aws identity	https://sra-downloadb.be-md.ncbi.nlm.nih.gov/sos12/sra-pub-zq-1214/ERR002/286/ERR2286130.sralite.1	worldwide	anonymous	gs://sra-pub-zq-103/ERR2286130/ERR2286130.zq.1	gs.us-east1	gcp identity	-											-	-	SAMEA103058668	Institut d'Investigacio Sanitaria de Palma	Institut d'Investigacio Sanitaria de Palma	2018-02-07T17:02:34Z	2017-03-02T09:33:10Z	public	FQSE240304	2004	Spain	diseased	Homo sapiens	FQSE240304	FQSE240304	http://ftp.sra.ebi.ac.uk/vol1/run/ERR228/ERR2286130/FQSE240304_R2.fastq.gz	worldwide	anonymous	-	-	http://ftp.sra.ebi.ac.uk/vol1/fastq/ERR228/000/ERR2286130/ERR2286130_1.fastq.gz	http://ftp.sra.ebi.ac.uk/vol1/fastq/ERR228/000/ERR2286130/ERR2286130_2.fastq.gz	-	era-fasp@fasp.sra.ebi.ac.uk:vol1/fastq/ERR228/000/ERR2286130/ERR2286130_1.fastq.gz	era-fasp@fasp.sra.ebi.ac.uk:vol1/fastq/ERR228/000/ERR2286130/ERR2286130_2.fastq.gz	2018-02-07								2017-03-02	CF respiratory sample							-																																																																																																																																																																																																																																																																																																																																														
SRR10023748	   Cystic fibrosis sputum        -   -         	Infection: Disease; Cystic fibrosis	['Infection']	['Disease; Cystic fibrosis']	698.2389431309904	0.6417637344953956	8672571	12617102	252	1088	698.2389431309904	SRP219346	Pseudomonas aeruginosa strain : PA2600 RNA-Seq	SRX6760786	RNA-Seq of Pseudomonas aeruginosa: PA2600 (replicate2)	RNA-Seq of Pseudomonas aeruginosa: PA2600 (replicate2)	1280	Staphylococcus aureus	2600-2	RNA-Seq	TRANSCRIPTOMIC	cDNA	PAIRED	SRS5309477	-	SAMN12640916	PRJNA562453	Illumina HiSeq 2500	Illumina HiSeq 2500	ILLUMINA	1141187860	12617102	3179509704	2600-TAKE2_R1_001.fastq.gz	SRR10023748.sralite	https://sra-downloadb.be-md.ncbi.nlm.nih.gov/sos9/sra-pub-zq-922/SRR010/023/SRR10023748.sralite.1	798844789	2020-06-19 20:00:13	7e9b6d89b6f7968ba9317ce2c3da7150	1	SRA Lite	Primary ETL	1	s3://sra-pub-zq-7/SRR10023748/SRR10023748.sralite.1	s3.us-east-1	aws identity	https://sra-downloadb.be-md.ncbi.nlm.nih.gov/sos9/sra-pub-zq-922/SRR010/023/SRR10023748.sralite.1	worldwide	anonymous	gs://sra-pub-zq-109/SRR10023748/SRR10023748.zq.1	gs.us-east1	gcp identity	-		CNR	2015-03	France: Lyon	Homo sapiens	Cystic fibrosis	sputum	45.75 N 4.85 E	PA2600	Pathogen.cl	-	-	-	-	-	-	-	-	-	-				2600	-					-	http://ftp.sra.ebi.ac.uk/vol1/fastq/SRR100/048/SRR10023748/SRR10023748_1.fastq.gz	http://ftp.sra.ebi.ac.uk/vol1/fastq/SRR100/048/SRR10023748/SRR10023748_2.fastq.gz	-	era-fasp@fasp.sra.ebi.ac.uk:vol1/fastq/SRR100/048/SRR10023748/SRR10023748_1.fastq.gz	era-fasp@fasp.sra.ebi.ac.uk:vol1/fastq/SRR100/048/SRR10023748/SRR10023748_2.fastq.gz														-	-			-		-															-																			-							-	REP2	-	-	-	-	-	-	-	-	-	-	-	-	-																																																																																																																																																																																																																																																																																				
SRR3121784	   Cystic Fibrosis sputum                    	Infection: Disease; Cystic fibrosis	['Infection']	['Disease; Cystic fibrosis']	325.7128178913738	0.6411669643530981	4045560	4203711	252	508	325.7128178913738	SRP068878	Pseudomonas aeruginosa Genome sequencing and assembly	SRX1545613	HiSeq2500 of Pseudomonas aeruginosa serial isolates: AU13210, Pat. 10	HiSeq2500 of Pseudomonas aeruginosa serial isolates: AU13210, Pat. 10	287	Pseudomonas aeruginosa	45020	WGS	GENOMIC	RANDOM	PAIRED	SRS1262595	-	SAMN04436500	PRJNA309533	Illumina HiSeq 2500	Illumina HiSeq 2500	ILLUMINA	533129118	4203711	1059335172	45020_CTTCATG_L006_R1_002.fastq	SRR3121784.sralite	https://sra-downloadb.be-md.ncbi.nlm.nih.gov/sos12/sra-pub-zq-1214/SRR003/121/SRR3121784.sralite.1	266151519	2021-06-16 02:58:23	559d1d3f2a8394da79ff75cbc011f73f	1	SRA Lite	Primary ETL	1	s3://sra-pub-zq-8/SRR3121784/SRR3121784.sralite.1	s3.us-east-1	aws identity	https://sra-downloadb.be-md.ncbi.nlm.nih.gov/sos12/sra-pub-zq-1214/SRR003/121/SRR3121784.sralite.1	worldwide	anonymous	gs://sra-pub-zq-104/SRR3121784/SRR3121784.noqual.1	gs.us-east1	gcp identity	-		Dr. John J. LiPuma, University of Michigan	2007	USA	Homo sapiens	Cystic Fibrosis	sputum	not applicable	AU13210	Pathogen.cl														-						-	http://ftp.sra.ebi.ac.uk/vol1/fastq/SRR312/004/SRR3121784/SRR3121784_1.fastq.gz	http://ftp.sra.ebi.ac.uk/vol1/fastq/SRR312/004/SRR3121784/SRR3121784_2.fastq.gz	-	era-fasp@fasp.sra.ebi.ac.uk:vol1/fastq/SRR312/004/SRR3121784/SRR3121784_1.fastq.gz	era-fasp@fasp.sra.ebi.ac.uk:vol1/fastq/SRR312/004/SRR3121784/SRR3121784_2.fastq.gz																																																																																																																																																																																		Patient 10		-																																																																																																																																																																											
SRR9642603	CF sputum and knee infection.   cystic fibrosis sputum              -      	Infection: Disease; Cystic fibrosis	['Infection']	['Disease; Cystic fibrosis']	365.7808178913738	0.6096346964856231	7735770	9519598	148	600	365.7808178913738	SRP212949	Pseudomonas aeruginosa from CF sputum and knee infection.	SRX6404435	WGS of Pseudomonas aeruginosa: CF sputum isolate	WGS of Pseudomonas aeruginosa: CF sputum isolate	287	Pseudomonas aeruginosa	S1	WGS	GENOMIC	RANDOM	PAIRED	SRS5062432	-	SAMN12213734	PRJNA552602	NextSeq 500	NextSeq 500	ILLUMINA	629741690	9519598	1414895303	A1_S1_R1_001.fastq.gz	SRR9642603.lite	https://sra-downloadb.be-md.ncbi.nlm.nih.gov/sos12/sra-pub-zq-1216/SRR009/9642/SRR9642603/SRR9642603.lite.1	373760841	2022-06-22 06:10:14	10e85f76afe92a6716a5db9087f4a289	1	SRA Lite	Primary ETL	1	s3://sra-pub-zq-3/SRR9642603/SRR9642603.lite.1	s3.us-east-1	aws identity	https://sra-downloadb.be-md.ncbi.nlm.nih.gov/sos12/sra-pub-zq-1216/SRR009/9642/SRR9642603/SRR9642603.lite.1	worldwide	anonymous	gs://sra-pub-zq-108/SRR9642603/SRR9642603.lite.1	gs.us-east1	gcp identity	-		Alex Gifford	2017	USA: NH	Homo sapiens	cystic fibrosis	sputum	43.6753679 N 72.2751812 W	-	Pathogen.cl														cystic fibrosis patient						-	http://ftp.sra.ebi.ac.uk/vol1/fastq/SRR964/003/SRR9642603/SRR9642603_1.fastq.gz	http://ftp.sra.ebi.ac.uk/vol1/fastq/SRR964/003/SRR9642603/SRR9642603_2.fastq.gz	-	era-fasp@fasp.sra.ebi.ac.uk:vol1/fastq/SRR964/003/SRR9642603/SRR9642603_1.fastq.gz	era-fasp@fasp.sra.ebi.ac.uk:vol1/fastq/SRR964/003/SRR9642603/SRR9642603_2.fastq.gz															-					-																																										-															-	-	-			-																													-																							-																																																																																																																																																																																																							-		-	-	-	-	-	-	-	-	-	-	sputum isolate 1	-	-	-			
SRR10230517	   Cystic fibrosis Sputum sample           - -        	Infection: Disease; Cystic fibrosis	['Infection']	['Disease; Cystic fibrosis']	117.87296869009585	0.6075926221138961	767032	808799	481	194	117.87296869009585	SRP224315	Draft genome sequences of four Pseudomonas aeruginosa clinical strains with various biofilm phenotypes	SRX6949964	WGS of Pseudomonas aeruginosa MUC-N1	WGS of Pseudomonas aeruginosa MUC-N1	287	Pseudomonas aeruginosa	MUC-N1	WGS	GENOMIC	RANDOM	PAIRED	SRS5477732	-	SAMN12911398	PRJNA575806	Illumina MiSeq	Illumina MiSeq	ILLUMINA	204156959	808799	389171583	MUC-N1_S15_L001_R1_001.fastq.gz	SRR10230517.sralite	https://sra-downloadb.be-md.ncbi.nlm.nih.gov/sos9/sra-pub-zq-922/SRR010/230/SRR10230517.sralite.1	100416926	2020-06-21 01:15:40	630ae084bf80392f47340a642098b44d	1	SRA Lite	Primary ETL	1	s3://sra-pub-zq-5/SRR10230517/SRR10230517.sralite.1	s3.us-east-1	aws identity	https://sra-downloadb.be-md.ncbi.nlm.nih.gov/sos9/sra-pub-zq-922/SRR010/230/SRR10230517.sralite.1	worldwide	anonymous	gs://sra-pub-zq-102/SRR10230517/SRR10230517.zq.1	gs.us-east1	gcp identity	-		J. Caillon, Universit de Nantes, Facult de Mdecine, EA3826 Thrapeutiques Cliniques et Exprimentales des Infections, Nantes, France	2010-10	France	Homo sapiens	Cystic fibrosis	Sputum sample	47.21 N 1.55 W	MUC-N1	Pathogen.cl										-										-	http://ftp.sra.ebi.ac.uk/vol1/fastq/SRR102/017/SRR10230517/SRR10230517_1.fastq.gz	http://ftp.sra.ebi.ac.uk/vol1/fastq/SRR102/017/SRR10230517/SRR10230517_2.fastq.gz	-	era-fasp@fasp.sra.ebi.ac.uk:vol1/fastq/SRR102/017/SRR10230517/SRR10230517_1.fastq.gz	era-fasp@fasp.sra.ebi.ac.uk:vol1/fastq/SRR102/017/SRR10230517/SRR10230517_2.fastq.gz																																																						-								-	-	-	-	-	-	-	-	-	-	-	-	-	-	-	-	-	-	-	-																																																																																																																																																																																																																																																																														
SRR22024279	 CF patients CF patients Cystic fibrosis sputum                    	Infection: Disease; Cystic fibrosis	['Infection']	['Disease; Cystic fibrosis']	140.09190926517573	0.5936097850219311	1582988	2302399	277	236	140.09190926517573	SRP404218	Predictive modeling of antibiotic eradication therapy success for new-onset Pseudomonas aeruginosa pulmonary  infections in children with cystic fibrosis	SRX18006086	WGS of P. aeruginosa from CF patients	WGS of P. aeruginosa from CF patients	287	Pseudomonas aeruginosa	Erad340_Nextseq	WGS	GENOMIC	RANDOM	PAIRED	SRS15514951	-	SAMN31427724	PRJNA893599	NextSeq 500	NextSeq 500	ILLUMINA	248335491	2302399	638361261	340_R1.fastq.gz	SRR22024279.lite	https://sra-downloadb.be-md.ncbi.nlm.nih.gov/sos8/sra-pub-zq-820/SRR022/22024/SRR22024279/SRR22024279.lite.1	161563677	2022-10-27 05:24:11	6bb99fd9b72d97d31648e74335f293f9	1	SRA Lite	Primary ETL	1	s3://sra-pub-zq-5/SRR22024279/SRR22024279.lite.1	s3.us-east-1	aws identity	https://sra-downloadb.be-md.ncbi.nlm.nih.gov/sos8/sra-pub-zq-820/SRR022/22024/SRR22024279/SRR22024279.lite.1	worldwide	anonymous	gs://sra-pub-zq-103/SRR22024279/SRR22024279.lite.1	gs.us-east1	gcp identity	-		The Hospital for Sick Children	2011-06-03	Canada: Toronto	Homo sapiens	Cystic fibrosis	sputum	43.53060602 N 79.18545400 W	-	Pathogen.cl														PA340						-	http://ftp.sra.ebi.ac.uk/vol1/fastq/SRR220/079/SRR22024279/SRR22024279_1.fastq.gz	http://ftp.sra.ebi.ac.uk/vol1/fastq/SRR220/079/SRR22024279/SRR22024279_2.fastq.gz	-	era-fasp@fasp.sra.ebi.ac.uk:vol1/fastq/SRR220/079/SRR22024279/SRR22024279_1.fastq.gz	era-fasp@fasp.sra.ebi.ac.uk:vol1/fastq/SRR220/079/SRR22024279/SRR22024279_2.fastq.gz																																																																																																																																																																																																																																																																																																																																																															
SRR37059562	a single cystic fibrosis airway sample   Cystic fibrosis Respiratory sputum                    	Infection: Disease; Cystic fibrosis	['Infection']	['Disease; Cystic fibrosis']	404.5394408945687	0.5931663356225347	2632450	4491430	481	682	404.5394408945687	SRP672521	Genome analysis of a LasR+ and LasR- pair of strain from a single cystic fibrosis airway sample	SRX32005939	Whole genome sequences of Pseudomonas aeruginosa clinical isolates pair	Whole genome sequences of Pseudomonas aeruginosa clinical isolates pair	287	Pseudomonas aeruginosa	DH2417_illumina	WGS	GENOMIC	RANDOM	PAIRED	SRS27947397	-	SAMN54987770	PRJNA1417008	NextSeq 2000	NextSeq 2000	ILLUMINA	715269048	4491430	2162695652	DH2417_TAGGCATG-GCGTAAGA_L002_R1_trimmed.fastq.gz	SRR37059562.lite	https://sra-downloadb.be-md.ncbi.nlm.nih.gov/sos10/sra-pub-zq-1002/SRR037/37059/SRR37059562/SRR37059562.lite.1	557463239	2026-01-30 22:49:44	2c2b5b72d0402afec58842763ffd5aab	1	SRA Lite	Primary ETL	1	s3://sra-pub-zq-3/SRR37059562/SRR37059562.lite.1	s3.us-east-1	aws identity	https://sra-downloadb.be-md.ncbi.nlm.nih.gov/sos10/sra-pub-zq-1002/SRR037/37059/SRR37059562/SRR37059562.lite.1	worldwide	anonymous	gs://sra-pub-zq-107/SRR37059562/SRR37059562.lite.1	gs.us-east1	gcp identity	-		University of Washington	1990/2006	USA: Seattle, WA	Homo sapiens	Cystic fibrosis	Respiratory sputum	47.6061 N 122.3328 W	DH2417	Pathogen.cl														-						-	http://ftp.sra.ebi.ac.uk/vol1/fastq/SRR370/062/SRR37059562/SRR37059562_1.fastq.gz	http://ftp.sra.ebi.ac.uk/vol1/fastq/SRR370/062/SRR37059562/SRR37059562_2.fastq.gz	-	era-fasp@fasp.sra.ebi.ac.uk:vol1/fastq/SRR370/062/SRR37059562/SRR37059562_1.fastq.gz	era-fasp@fasp.sra.ebi.ac.uk:vol1/fastq/SRR370/062/SRR37059562/SRR37059562_2.fastq.gz																																																																															-																																																							-																-																		-																					-	-																																																																																																																																																																	
SRR22319601	initial detection in Cystic Fibrosis patients: 7-year longitudinal genetic diversity study   Cystic fibrosis sputum                    	Infection: Disease; Cystic fibrosis	['Infection']	['Disease; Cystic fibrosis']	223.39341086261985	0.5894285247034824	2427852	3180822	288	379	223.39341086261985	SRP408399	Highly diverse dynamics of Pseudomonas aeruginosa colonization from initial detection in Cystic Fibrosis patients: 7-year longitudinal genetic diversity study	SRX18292855	Pseudomonas aeruginosa II 28	Pseudomonas aeruginosa II 28	287	Pseudomonas aeruginosa	II 28	WGS	GENOMIC	RANDOM	PAIRED	SRS15784268	-	SAMN31765412	PRJNA902658	NextSeq 500	NextSeq 500	ILLUMINA	398304894	3180822	917636800	II28_VC_S128.1.fastq	SRR22319601.lite	https://sra-downloadb.be-md.ncbi.nlm.nih.gov/sos8/sra-pub-zq-820/SRR022/22319/SRR22319601/SRR22319601.lite.1	241147713	2022-11-17 10:42:45	04a8b15b977c47f29b22f49a2dd147d6	1	SRA Lite	Primary ETL	1	s3://sra-pub-zq-1/SRR22319601/SRR22319601.lite.1	s3.us-east-1	aws identity	https://sra-downloadb.be-md.ncbi.nlm.nih.gov/sos8/sra-pub-zq-820/SRR022/22319/SRR22319601/SRR22319601.lite.1	worldwide	anonymous	gs://sra-pub-zq-101/SRR22319601/SRR22319601.lite.1	gs.us-east1	gcp identity	-		University Hospital of Montpellier	2012-06-14	France: Montpellier	Homo sapiens	Cystic fibrosis	sputum	43.6352018 N 3.8486604 E	II 28	Pathogen.cl														-						-	http://ftp.sra.ebi.ac.uk/vol1/fastq/SRR223/001/SRR22319601/SRR22319601_1.fastq.gz	http://ftp.sra.ebi.ac.uk/vol1/fastq/SRR223/001/SRR22319601/SRR22319601_2.fastq.gz	-	era-fasp@fasp.sra.ebi.ac.uk:vol1/fastq/SRR223/001/SRR22319601/SRR22319601_1.fastq.gz	era-fasp@fasp.sra.ebi.ac.uk:vol1/fastq/SRR223/001/SRR22319601/SRR22319601_2.fastq.gz																																																																																																																																																																																																																																																																																																																																																															
SRR33574348	   cystic fibrosis bronchial wash                    -	Infection: Disease; Cystic fibrosis	['Infection']	['Disease; Cystic fibrosis']	209.54798722044728	0.5886179416304699	2186284	3894656	300	356	209.54798722044728	SRP585373	Colistin-Resistant Clinical isolate Cystic Fibrosis Pseudomonas aeruginosa strains TRPA161 and TRPA162 Genome sequencing	SRX28804325	WGS of TRPA162: cystic fibrosis clinical isolate	WGS of TRPA162: cystic fibrosis clinical isolate	287	Pseudomonas aeruginosa	TRPA162	WGS	GENOMIC	PCR	PAIRED	SRS25041501	-	SAMN45190844	PRJNA1194588	Illumina MiSeq	Illumina MiSeq	ILLUMINA	374130745	3894656	1168396800	TRPA162_R1_001.fastq.gz	SRR33574348.lite	https://sra-downloadb.be-md.ncbi.nlm.nih.gov/sos8/sra-pub-zq-818/SRR033/33574/SRR33574348/SRR33574348.lite.1	289839810	2025-05-15 00:14:01	bbb23c09517b007eec4500e027190f1a	1	SRA Lite	Primary ETL	1	s3://sra-pub-zq-2/SRR33574348/SRR33574348.lite.1	s3.us-east-1	aws identity	https://sra-downloadb.be-md.ncbi.nlm.nih.gov/sos8/sra-pub-zq-818/SRR033/33574/SRR33574348/SRR33574348.lite.1	worldwide	anonymous	gs://sra-pub-zq-103/SRR33574348/SRR33574348.lite.1	gs.us-east1	gcp identity	-		University of Pittsburgh Medical Center	2011	USA: Pittsburgh	Homo sapiens	cystic fibrosis	bronchial wash	not provided	TRPA162	Pathogen.cl														-						-	http://ftp.sra.ebi.ac.uk/vol1/fastq/SRR335/048/SRR33574348/SRR33574348_1.fastq.gz	http://ftp.sra.ebi.ac.uk/vol1/fastq/SRR335/048/SRR33574348/SRR33574348_2.fastq.gz	-	era-fasp@fasp.sra.ebi.ac.uk:vol1/fastq/SRR335/048/SRR33574348/SRR33574348_1.fastq.gz	era-fasp@fasp.sra.ebi.ac.uk:vol1/fastq/SRR335/048/SRR33574348/SRR33574348_2.fastq.gz																				-																																																											-		-	-																														-	-	-							-	-	-											-					-											-																								-								-	-	-	-	-																																																																																																																																																																					
SRR8775058	a Cystic Fibrosis patient   Cystic Fibrosis sputum                  -  	Infection: Disease; Cystic fibrosis	['Infection']	['Disease; Cystic fibrosis']	200.7219488817892	0.5818027503819975	2094199	2306236	300	345	200.7219488817892	SRP189252	Genome sequencing and assembly of 17 Pseudomonas aeruginosa isolates from a Cystic Fibrosis patient	SRX5565157	WGS of P. aeruginosa: Cystic Fibrosis patient	WGS of P. aeruginosa: Cystic Fibrosis patient	287	Pseudomonas aeruginosa	Pa339	WGS	GENOMIC	RANDOM	PAIRED	SRS4528485	-	SAMN11241335	PRJNA528628	Illumina HiSeq 2500	Illumina HiSeq 2500	ILLUMINA	361994477	2306236	691870800	Pa339_R1.fastq.gz	SRR8775058.sralite	https://sra-downloadb.be-md.ncbi.nlm.nih.gov/sos9/sra-pub-zq-922/SRR008/775/SRR8775058.sralite.1	173795827	2020-06-19 18:46:08	76a13f4ae432721bd56926762a73f9c1	1	SRA Lite	Primary ETL	1	s3://sra-pub-zq-7/SRR8775058/SRR8775058.sralite.1	s3.us-east-1	aws identity	https://sra-downloadb.be-md.ncbi.nlm.nih.gov/sos9/sra-pub-zq-922/SRR008/775/SRR8775058.sralite.1	worldwide	anonymous	gs://sra-pub-zq-102/SRR8775058/SRR8775058.zq.1	gs.us-east1	gcp identity	-		Jose M. Azcona-Gutierrez, Yolanda Saenz	2013-09-18	Spain	Homo sapiens	Cystic Fibrosis	sputum	42.47 N 2.45 W	Pa339	Pathogen.cl														-						-	http://ftp.sra.ebi.ac.uk/vol1/fastq/SRR877/008/SRR8775058/SRR8775058_1.fastq.gz	http://ftp.sra.ebi.ac.uk/vol1/fastq/SRR877/008/SRR8775058/SRR8775058_2.fastq.gz	-	era-fasp@fasp.sra.ebi.ac.uk:vol1/fastq/SRR877/008/SRR8775058/SRR8775058_1.fastq.gz	era-fasp@fasp.sra.ebi.ac.uk:vol1/fastq/SRR877/008/SRR8775058/SRR8775058_2.fastq.gz																																																																															-		-																																																																													-																																																																																																																																																																																																	
SRR15793189	Queensland, Australia   - -               Cystic fibrosis not collected    	Infection: Disease; Cystic fibrosis	['Infection']	['Disease; Cystic fibrosis']	126.59045303514375	0.5806901515373567	1385413	2056148	286	218	126.59045303514375	SRP336084	Multi-drug resistant P. aeruginosa from Queensland, Australia	SRX12085670	whole-genome of P. aeruginosa: cystic fibrosis	whole-genome of P. aeruginosa: cystic fibrosis	287	Pseudomonas aeruginosa	SCHI0027.S.3	WGS	GENOMIC	unspecified	PAIRED	SRS10064758	-	SAMN21352643	PRJNA761496	Illumina HiSeq 2000	Illumina HiSeq 2000	ILLUMINA	229571858	2056148	589440273	SCHI0027.S.3_1_sequence.fastq.gz	SRR15793189.lite	https://sra-downloadb.be-md.ncbi.nlm.nih.gov/sos9/sra-pub-zq-924/SRR015/15793/SRR15793189/SRR15793189.lite.1	154082587	2022-08-26 14:07:32	cd506f2516f3a26978b9d7a8ba0fa3b9	1	SRA Lite	Primary ETL	1	s3://sra-pub-zq-4/SRR15793189/SRR15793189.lite.1	s3.us-east-1	aws identity	https://sra-downloadb.be-md.ncbi.nlm.nih.gov/sos9/sra-pub-zq-924/SRR015/15793/SRR15793189/SRR15793189.lite.1	worldwide	anonymous	gs://sra-pub-zq-103/SRR15793189/SRR15793189.lite.1	gs.us-east1	gcp identity	-		-	-	-	-	-	-	-	-	Pathogen.cl														not applicable						-	http://ftp.sra.ebi.ac.uk/vol1/fastq/SRR157/089/SRR15793189/SRR15793189_1.fastq.gz	http://ftp.sra.ebi.ac.uk/vol1/fastq/SRR157/089/SRR15793189/SRR15793189_2.fastq.gz	-	era-fasp@fasp.sra.ebi.ac.uk:vol1/fastq/SRR157/089/SRR15793189/SRR15793189_1.fastq.gz	era-fasp@fasp.sra.ebi.ac.uk:vol1/fastq/SRR157/089/SRR15793189/SRR15793189_2.fastq.gz																				-																																																					SCHI0027.S.3						-																																	-	-	-							-	-	-	Pathogen-Omics Laboratory, Univesity of the Sunshine Coast	2020	Australia: Brisbane	Homo sapiens	Cystic fibrosis	not collected	not collected	-	-																																																																																																																																																																																																																											
SRR36346580	   - eye                  Corneal scraping  -	Host Body-Site: Organ; Eye	['Host Body-Site']	['Organ; Eye']	187.7778271565496	0.5777779297124601	1965701	3735554	299	325	187.7778271565496	SRP652849	Effects on phenotypic and genotypic changes in ocular Pseudomonas aeruginosa isolate on repeated exposure to subinhibitory concentration of ciprofloxacin	SRX31376801	Pseudomonas aeruginosa PA123 Passage 9 of ciprofloxacin-exposed ocular isolate	Pseudomonas aeruginosa PA123 Passage 9 of ciprofloxacin-exposed ocular isolate	287	Pseudomonas aeruginosa	PA123_P9	WGS	GENOMIC	RANDOM	PAIRED	SRS27350453	-	SAMN53738292	PRJNA1376985	Illumina NovaSeq X	Illumina NovaSeq X	ILLUMINA	341737974	3735554	1119437106	PA123_P9_R1.fastq.gz	SRR36346580.lite	https://sra-downloadb.be-md.ncbi.nlm.nih.gov/sos10/sra-pub-zq-1002/SRR036/36346/SRR36346580/SRR36346580.lite.1	277660664	2025-12-07 00:32:41	c52b37c507c93be1701880c4fbbbe650	1	SRA Lite	Primary ETL	1	s3://sra-pub-zq-3/SRR36346580/SRR36346580.lite.1	s3.us-east-1	aws identity	https://sra-downloadb.be-md.ncbi.nlm.nih.gov/sos10/sra-pub-zq-1002/SRR036/36346/SRR36346580/SRR36346580.lite.1	worldwide	anonymous	gs://sra-pub-zq-101/SRR36346580/SRR36346580.lite.1	gs.us-east1	gcp identity	-		University of New South Wales, UNSW Sydney	2005	Australia	Homo sapiens	-	eye	-	PA123	Microbe, viral or environmental														P9						-	http://ftp.sra.ebi.ac.uk/vol1/fastq/SRR363/080/SRR36346580/SRR36346580_1.fastq.gz	http://ftp.sra.ebi.ac.uk/vol1/fastq/SRR363/080/SRR36346580/SRR36346580_2.fastq.gz	-	era-fasp@fasp.sra.ebi.ac.uk:vol1/fastq/SRR363/080/SRR36346580/SRR36346580_1.fastq.gz	era-fasp@fasp.sra.ebi.ac.uk:vol1/fastq/SRR363/080/SRR36346580/SRR36346580_2.fastq.gz																																																																															Whole organism		-																															-	-	-							-	-	-																						Passage 9 (ninth passage under sub-inhibitory ciprofloxacin exposure)													Corneal scraping														-	-	-														-																																																																																																																																																																			
SRR10023729	   Cystic fibrosis sputum        -   -         	Infection: Disease; Cystic fibrosis	['Infection']	['Disease; Cystic fibrosis']	163.44744153354634	0.5734997948545486	2030121	3301845	252	285	163.44744153354634	SRP219343	Pseudomonas aeruginosa strain : PA2596 RNA-Seq	SRX6760768	RNA-Seq of Pseudomonas aeruginosa: PA2596 (replicate2)	RNA-Seq of Pseudomonas aeruginosa: PA2596 (replicate2)	287	Pseudomonas aeruginosa	2596-2	RNA-Seq	TRANSCRIPTOMIC	cDNA	PAIRED	SRS5309459	-	SAMN12640886	PRJNA562449	Illumina HiSeq 2500	Illumina HiSeq 2500	ILLUMINA	299451458	3301845	832064940	2596-TAKE2_R1_001.fastq.gz	SRR10023729.sralite	https://sra-downloadb.be-md.ncbi.nlm.nih.gov/sos12/sra-pub-zq-1216/SRR010/023/SRR10023729.sralite.1	209303175	2020-06-20 00:47:15	5999c78edb91fd4f896f1467b84def98	1	SRA Lite	Primary ETL	1	s3://sra-pub-zq-4/SRR10023729/SRR10023729.sralite.1	s3.us-east-1	aws identity	https://sra-downloadb.be-md.ncbi.nlm.nih.gov/sos12/sra-pub-zq-1216/SRR010/023/SRR10023729.sralite.1	worldwide	anonymous	gs://sra-pub-zq-109/SRR10023729/SRR10023729.zq.1	gs.us-east1	gcp identity	-		CNR	2015-03	France: Lyon	Homo sapiens	Cystic fibrosis	sputum	45.75 N 4.85 E	PA2596	Pathogen.cl	-	-	-	-	-	-	-	-	-	-				2596	-					-	http://ftp.sra.ebi.ac.uk/vol1/fastq/SRR100/029/SRR10023729/SRR10023729_1.fastq.gz	http://ftp.sra.ebi.ac.uk/vol1/fastq/SRR100/029/SRR10023729/SRR10023729_2.fastq.gz	-	era-fasp@fasp.sra.ebi.ac.uk:vol1/fastq/SRR100/029/SRR10023729/SRR10023729_1.fastq.gz	era-fasp@fasp.sra.ebi.ac.uk:vol1/fastq/SRR100/029/SRR10023729/SRR10023729_2.fastq.gz														-	-			-		-															-																			-							-	REP2	-	-	-	-	-	-	-	-	-	-	-	-	-																																																																																																																																																																																																																																																																																				
SRR8612873	   cystic fibrosis throat                  throat  	Infection: Disease; Cystic fibrosis	['Infection']	['Disease; Cystic fibrosis']	63.97056006389776	0.5661111510079448	379939	398464	527	113	63.97056006389776	SRP186652	International Pseudomonas aeruginosa Consortium (IPC) genome sequencing project	SRX5412011	WGS of P. aeruginosa ipcd1360	WGS of P. aeruginosa ipcd1360	287	Pseudomonas aeruginosa	IPC1360	WGS	GENOMIC	RANDOM	PAIRED	SRS4393954	-	SAMN10478518	PRJNA325248	Illumina MiSeq	Illumina MiSeq	ILLUMINA	119214519	398464	210201347	IPC1360_Run36E6_S54_L001_R1_001.fastq.gz	SRR8612873.sralite	https://sra-downloadb.be-md.ncbi.nlm.nih.gov/sos12/sra-pub-zq-1214/SRR008/612/SRR8612873.sralite.1	54551221	2020-06-23 12:36:17	fb1349cc26e51a586eb3253f3ae00b64	1	SRA Lite	Primary ETL	1	s3://sra-pub-zq-1/SRR8612873/SRR8612873.sralite.1	s3.us-east-1	aws identity	https://sra-downloadb.be-md.ncbi.nlm.nih.gov/sos12/sra-pub-zq-1214/SRR008/612/SRR8612873.sralite.1	worldwide	anonymous	gs://sra-pub-zq-102/SRR8612873/SRR8612873.zq.1	gs.us-east1	gcp identity	-		-	2007-02-07	Israel	Homo sapiens	cystic fibrosis	throat	-	MCF430	Microbe, viral or environmental														-						-	http://ftp.sra.ebi.ac.uk/vol1/fastq/SRR861/003/SRR8612873/SRR8612873_1.fastq.gz	http://ftp.sra.ebi.ac.uk/vol1/fastq/SRR861/003/SRR8612873/SRR8612873_2.fastq.gz	-	era-fasp@fasp.sra.ebi.ac.uk:vol1/fastq/SRR861/003/SRR8612873/SRR8612873_1.fastq.gz	era-fasp@fasp.sra.ebi.ac.uk:vol1/fastq/SRR861/003/SRR8612873/SRR8612873_2.fastq.gz																																																																															bacterial culture		Burkhard TÃ¼mmler																																																																													throat																																																																																																																																																																																																	
SRR9031856	   Cystic Fibrosis sputum              -      	Infection: Disease; Cystic fibrosis	['Infection']	['Disease; Cystic fibrosis']	199.65507987220448	0.5655951271167265	1041534	1062815	600	353	199.65507987220448	SRP197215	Laboratory evolution of P.aeruginosa	SRX5809156	WGS of Pseudomonas aeruginosa:BEHO_003A1	WGS of Pseudomonas aeruginosa:BEHO_003A1	287	Pseudomonas aeruginosa	BEHO_003A1	WGS	GENOMIC	RANDOM	PAIRED	SRS4738460	-	SAMN11606757	PRJNA542028	Illumina MiSeq	Illumina MiSeq	ILLUMINA	370371201	1062815	637689000	BWJT2-3971-02-5-1_S2_L001_R1_001.fastq.gz	SRR9031856.sralite	https://sra-downloadb.be-md.ncbi.nlm.nih.gov/sos12/sra-pub-zq-1216/SRR009/031/SRR9031856.sralite.1	159898361	2020-06-20 19:28:22	6512973945dfe153645d8f47068b8966	1	SRA Lite	Primary ETL	1	s3://sra-pub-zq-9/SRR9031856/SRR9031856.sralite.1	s3.us-east-1	aws identity	https://sra-downloadb.be-md.ncbi.nlm.nih.gov/sos12/sra-pub-zq-1216/SRR009/031/SRR9031856.sralite.1	worldwide	anonymous	gs://sra-pub-zq-105/SRR9031856/SRR9031856.zq.1	gs.us-east1	gcp identity	-		not applicable	not collected	not applicable	Homo sapiens	Cystic Fibrosis	sputum	not applicable	ausbeho003A1	Pathogen.cl														Clinical isolate of Pseudomonas aeruginosa from cystic fibrosis patient ausbeho003A1						-	http://ftp.sra.ebi.ac.uk/vol1/fastq/SRR903/006/SRR9031856/SRR9031856_1.fastq.gz	http://ftp.sra.ebi.ac.uk/vol1/fastq/SRR903/006/SRR9031856/SRR9031856_2.fastq.gz	-	era-fasp@fasp.sra.ebi.ac.uk:vol1/fastq/SRR903/006/SRR9031856/SRR9031856_1.fastq.gz	era-fasp@fasp.sra.ebi.ac.uk:vol1/fastq/SRR903/006/SRR9031856/SRR9031856_2.fastq.gz															-					-																																										-															-	-	-			-																													-																							-																																																																																																																																																																																																							-		-	-	-	-	-	-	-	-	-	-	-	-	-	-			
SRR9889983	   Cystic Fibrosis sputum                    	Infection: Disease; Cystic fibrosis	['Infection']	['Disease; Cystic fibrosis']	63.8590357827476	0.565124210466793	1030303	1215116	194	113	63.8590357827476	SRP217152	Pseudomonas aeruginosa adapts to octenidine via a combination of efflux and membrane remodelling	SRX6642394	WGS of Pseudomonas aeruginosa GH12	WGS of Pseudomonas aeruginosa GH12	287	Pseudomonas aeruginosa	PAGH12	WGS	GENOMIC	RANDOM	PAIRED	SRS5199430	-	SAMN12435704	PRJNA558315	Illumina HiSeq 2500	Illumina HiSeq 2500	ILLUMINA	119460350	1215116	236202242	191771_GH12_wt-2.bacterial-fastq-only.1-0-0.processed.R1.fastq.gz	SRR9889983.lite	https://sra-downloadb.be-md.ncbi.nlm.nih.gov/sos12/sra-pub-zq-1214/SRR009/9889/SRR9889983/SRR9889983.lite.1	62312926	2022-07-09 01:18:37	f8b0d7b4745025a675ee888d8a1eb9d0	1	SRA Lite	Primary ETL	1	s3://sra-pub-zq-7/SRR9889983/SRR9889983.lite.1	s3.us-east-1	aws identity	https://sra-downloadb.be-md.ncbi.nlm.nih.gov/sos12/sra-pub-zq-1214/SRR009/9889/SRR9889983/SRR9889983.lite.1	worldwide	anonymous	gs://sra-pub-zq-104/SRR9889983/SRR9889983.lite.1	gs.us-east1	gcp identity	-		Public Health England	2000	not applicable	Homo sapiens	Cystic Fibrosis	sputum	not applicable	-	Pathogen.cl														GH12						-	http://ftp.sra.ebi.ac.uk/vol1/fastq/SRR988/003/SRR9889983/SRR9889983_1.fastq.gz	http://ftp.sra.ebi.ac.uk/vol1/fastq/SRR988/003/SRR9889983/SRR9889983_2.fastq.gz	-	era-fasp@fasp.sra.ebi.ac.uk:vol1/fastq/SRR988/003/SRR9889983/SRR9889983_1.fastq.gz	era-fasp@fasp.sra.ebi.ac.uk:vol1/fastq/SRR988/003/SRR9889983/SRR9889983_2.fastq.gz																				-																																																											-																																																																																																															-																																																																																																																																																	-	-	-	-	-	-	-	-	-	-					-	-	-
SRR18924763	cystic fibrosis patients   Cystic fibrosis sputum lung                    	Infection: Disease; Cystic fibrosis	['Infection']	['Disease; Cystic fibrosis']	157.05488817891373	0.5589141928075222	1638606	2211257	300	281	157.05488817891373	SRP372328	Study of bacterial interactions from cystic fibrosis patients	SRX15002528	Pseudomonas aeruginosa strain Pa II.17	Pseudomonas aeruginosa strain Pa II.17	287	Pseudomonas aeruginosa	Pa II.17	WGS	GENOMIC	RANDOM	PAIRED	SRS12751432	-	SAMN27380025	PRJNA824006	NextSeq 500	NextSeq 500	ILLUMINA	294756023	2211257	664464674	Pa-II-17_S48_R1.flt.fastq	SRR18924763.lite	https://sra-downloadb.be-md.ncbi.nlm.nih.gov/sos8/sra-pub-zq-820/SRR018/18924/SRR18924763/SRR18924763.lite.1	172524362	2022-08-06 22:51:26	7b359d9d32e3c37ebbc8834a1c1ad9d5	1	SRA Lite	Primary ETL	1	s3://sra-pub-zq-3/SRR18924763/SRR18924763.lite.1	s3.us-east-1	aws identity	https://sra-downloadb.be-md.ncbi.nlm.nih.gov/sos8/sra-pub-zq-820/SRR018/18924/SRR18924763/SRR18924763.lite.1	worldwide	anonymous	gs://sra-pub-zq-109/SRR18924763/SRR18924763.lite.1	gs.us-east1	gcp identity	-		University Hospital of Montpellier	2012-04-04	France: Montpellier	Homo sapiens	Cystic fibrosis	sputum lung	43.6352018 N 3.8486604 E	Pa II.17	Pathogen.cl														-						-	http://ftp.sra.ebi.ac.uk/vol1/fastq/SRR189/063/SRR18924763/SRR18924763_1.fastq.gz	http://ftp.sra.ebi.ac.uk/vol1/fastq/SRR189/063/SRR18924763/SRR18924763_2.fastq.gz	-	era-fasp@fasp.sra.ebi.ac.uk:vol1/fastq/SRR189/063/SRR18924763/SRR18924763_1.fastq.gz	era-fasp@fasp.sra.ebi.ac.uk:vol1/fastq/SRR189/063/SRR18924763/SRR18924763_2.fastq.gz																																																																													-		-			-																														-	-	-																		-								-	-	-																																																																																																																																																																																																																	
SRR2043986	   - Outer Ear Infection                    	Host Body-Site: Organ; Ear	['Host Body-Site']	['Organ; Ear']	811.9242412140575	0.5512045086314036	5585325	5791916	455	1473	811.9242412140575	SRP051306	Pseudomonas aeruginosa strain:ATCC 9027 Genome sequencing and assembly	SRX1041316	Unassembled MiSeq reads of Pseudomonas aeruginosa ATCC 9027: Cells were treated with cool plasma for 2 minutes prior to resuspension in nutrient broth.	Unassembled MiSeq reads of Pseudomonas aeruginosa ATCC 9027: Cells were treated with cool plasma for 2 minutes prior to resuspension in nutrient broth.	2994495	Pseudomonas paraeruginosa	-	WGS	GENOMIC	RANDOM	PAIRED	SRS947748	-	SAMN03738263	PRJNA269551	Illumina MiSeq	Illumina MiSeq	ILLUMINA	1545067045	5791916	2635763409	ATCC9027_2P	SRR2043986.sralite	https://sra-downloadb.be-md.ncbi.nlm.nih.gov/sos12/sra-pub-zq-1211/SRR002/043/SRR2043986/SRR2043986.sralite.1	682925571	2020-06-23 16:37:52	811bdfd76f34abe68d20f750ada196fd	1	SRA Lite	Primary ETL	1	s3://sra-pub-zq-1/SRR2043986/SRR2043986.sralite.1	s3.us-east-1	aws identity	https://sra-downloadb.be-md.ncbi.nlm.nih.gov/sos12/sra-pub-zq-1211/SRR002/043/SRR2043986/SRR2043986.sralite.1	worldwide	anonymous	gs://sra-pub-zq-104/SRR2043986/SRR2043986.zq.1	gs.us-east1	gcp identity	-		-	2013-12-10	Australia: Sydney	-	-	Outer Ear Infection	-	ATCC 9027	Microbe, viral or environmental														-						-	http://ftp.sra.ebi.ac.uk/vol1/fastq/SRR204/006/SRR2043986/SRR2043986_1.fastq.gz	http://ftp.sra.ebi.ac.uk/vol1/fastq/SRR204/006/SRR2043986/SRR2043986_2.fastq.gz	-	era-fasp@fasp.sra.ebi.ac.uk:vol1/fastq/SRR204/006/SRR2043986/SRR2043986_1.fastq.gz	era-fasp@fasp.sra.ebi.ac.uk:vol1/fastq/SRR204/006/SRR2043986/SRR2043986_2.fastq.gz																																																														-															-		Pure Culture			-																																																				-			-					-	-	-	Cells were exposed to argon plasma for 2 minutes prior to regrowth in nutrient broth	type strain of Pseudomonas paraeruginosa	-																																																																																																																																																																																																												
SRR10093385	 a Pediatric Patient with Cystic Fibrosis in Mexico a Pediatric Patient with Cystic Fibrosis in Mexico bacteremia blood        -   -         	Infection: Disease; Cystic fibrosis	['Infection']	['Disease; Cystic fibrosis']	144.86974153354632	0.5446230884719786	931093	976160	487	266	144.86974153354632	SRP221237	Pseudomonas aeruginosa strain:CF16053 Genome sequencing and assembly	SRX6825972	WGS-Seq of a Pseudomonas aeruginosa recovered from a Pediatric Patient with Cystic Fibrosis in Mexico	WGS-Seq of a Pseudomonas aeruginosa recovered from a Pediatric Patient with Cystic Fibrosis in Mexico	287	Pseudomonas aeruginosa	CF16053	WGS	GENOMIC	PCR	PAIRED	SRS5368421	-	SAMN12635929	PRJNA562177	Illumina MiSeq	Illumina MiSeq	ILLUMINA	279061127	976160	475521032	SQ39_S15_L001_R1_001.fastq.gz	SRR10093385.sralite	https://sra-downloadb.be-md.ncbi.nlm.nih.gov/sos9/sra-pub-zq-922/SRR010/093/SRR10093385.sralite.1	122411079	2020-06-20 20:21:44	daf92e206233e56a11ae55a5b975f037	1	SRA Lite	Primary ETL	1	s3://sra-pub-zq-8/SRR10093385/SRR10093385.sralite.1	s3.us-east-1	aws identity	https://sra-downloadb.be-md.ncbi.nlm.nih.gov/sos9/sra-pub-zq-922/SRR010/093/SRR10093385.sralite.1	worldwide	anonymous	gs://sra-pub-zq-108/SRR10093385/SRR10093385.zq.1	gs.us-east1	gcp identity	-		Jose Luis Lezana-Fernandez	2016	Mexico	Homo sapiens	bacteremia	blood	19.24532 N 99.09037 W	CF16053	Pathogen.cl	-	-	-	-	-	-	-	-	-	-				-	-					-	http://ftp.sra.ebi.ac.uk/vol1/fastq/SRR100/085/SRR10093385/SRR10093385_1.fastq.gz	http://ftp.sra.ebi.ac.uk/vol1/fastq/SRR100/085/SRR10093385/SRR10093385_2.fastq.gz	-	era-fasp@fasp.sra.ebi.ac.uk:vol1/fastq/SRR100/085/SRR10093385/SRR10093385_1.fastq.gz	era-fasp@fasp.sra.ebi.ac.uk:vol1/fastq/SRR100/085/SRR10093385/SRR10093385_2.fastq.gz														-	-			-		-															-																			-							-	-	-	-	-	-	-	-	-	-	-	-	-	-	-																																																																																																																																																																																																																																																																																				
SRR26058668	   Cystic Fibrosis sputum    -       -      -   	Infection: Disease; Cystic fibrosis	['Infection']	['Disease; Cystic fibrosis']	1273.6008645367413	0.537611171184779	13199903	19245539	302	2369	1273.6008645367413	SRP219068	Nosocomial infection.	SRX21774796	WGS of Pseudomonas aeruginosa	WGS of Pseudomonas aeruginosa	287	Pseudomonas aeruginosa	33P25S	WGS	GENOMIC	RANDOM	PAIRED	SRS18880284	-	SAMN37389458	PRJNA561493	NextSeq 550	NextSeq 550	ILLUMINA	2484483366	19245539	5812152778	33P25S_S15_L001_R1_001.fastq.gz	SRR26058668.lite	https://sra-downloadb.be-md.ncbi.nlm.nih.gov/sos13/sra-pub-zq-1305/SRR026/26058/SRR26058668/SRR26058668.lite.1	1491962683	2023-09-19 04:48:31	db7a6d9656cb8faf4910abdc9561fb65	1	SRA Lite	Primary ETL	1	s3://sra-pub-zq-6/SRR26058668/SRR26058668.lite.1	s3.us-east-1	aws identity	https://sra-downloadb.be-md.ncbi.nlm.nih.gov/sos13/sra-pub-zq-1305/SRR026/26058/SRR26058668/SRR26058668.lite.1	worldwide	anonymous	gs://sra-pub-zq-102/SRR26058668/SRR26058668.lite.1	gs.us-east1	gcp identity	-		Burmistrov E.M.	2023-07-28	Russia:Moscow	-	Cystic Fibrosis	sputum	55.74 N 37.62 E	-	Pathogen.cl										-				-						-	http://ftp.sra.ebi.ac.uk/vol1/fastq/SRR260/068/SRR26058668/SRR26058668_1.fastq.gz	http://ftp.sra.ebi.ac.uk/vol1/fastq/SRR260/068/SRR26058668/SRR26058668_2.fastq.gz	-	era-fasp@fasp.sra.ebi.ac.uk:vol1/fastq/SRR260/068/SRR26058668/SRR26058668_1.fastq.gz	era-fasp@fasp.sra.ebi.ac.uk:vol1/fastq/SRR260/068/SRR26058668/SRR26058668_2.fastq.gz										-												-																																								-											GIMC5045:PA33P25		-				-																																					-		-	-								Homo sapiens				-																			-		-	-	-	-										-	-	-																																																																																																																																																																																								
SRR8182773	   cystic fibrosis induced morning sputum             -     -  	Infection: Disease; Cystic fibrosis	['Infection']	['Disease; Cystic fibrosis']	109.08163067092651	0.5347138758378751	567152	626975	602	204	109.08163067092651	SRP168445	Airway bacteria and P. aeruginosa pathogens under antibiotic therapy	SRX5002759	whole genome sequencing of Pseudomonas aeruginosa	whole genome sequencing of Pseudomonas aeruginosa	287	Pseudomonas aeruginosa	cfpa_1516_5-5-01	WGS	GENOMIC	RANDOM	PAIRED	SRS4037171	-	SAMN10408696	PRJNA504944	Illumina MiSeq	Illumina MiSeq	ILLUMINA	214340825	626975	377438950	cfpa_1516_5-5-01_R1.fastq.gz	SRR8182773.sralite	https://sra-downloadb.be-md.ncbi.nlm.nih.gov/sos12/sra-pub-zq-1211/SRR008/182/SRR8182773/SRR8182773.sralite.1	94677754	2020-06-21 04:22:23	9fd1b45daeb9f555953e04a1083cf5a1	1	SRA Lite	Primary ETL	1	s3://sra-pub-zq-8/SRR8182773/SRR8182773.sralite.1	s3.us-east-1	aws identity	https://sra-downloadb.be-md.ncbi.nlm.nih.gov/sos12/sra-pub-zq-1211/SRR008/182/SRR8182773/SRR8182773.sralite.1	worldwide	anonymous	gs://sra-pub-zq-101/SRR8182773/SRR8182773.zq.1	gs.us-east1	gcp identity	-		Institute of Infection Medicine, University Medical Center Schleswig-Holstein	2015-11-14	Germany: Kiel	Homo sapiens	cystic fibrosis	induced morning sputum	54.19 N 10.08 E	-	Pathogen.cl														patient 5, day 5						-	http://ftp.sra.ebi.ac.uk/vol1/fastq/SRR818/003/SRR8182773/SRR8182773_1.fastq.gz	http://ftp.sra.ebi.ac.uk/vol1/fastq/SRR818/003/SRR8182773/SRR8182773_2.fastq.gz	-	era-fasp@fasp.sra.ebi.ac.uk:vol1/fastq/SRR818/003/SRR8182773/SRR8182773_1.fastq.gz	era-fasp@fasp.sra.ebi.ac.uk:vol1/fastq/SRR818/003/SRR8182773/SRR8182773_2.fastq.gz																				-																																																											-		-		-	-	-																																				-	-	-											-														-										-										-																																																																																																																																																																-	-	-	-	-	-	5-5-01																	
SRR9673762	   Cystic fibrosis sputum              -      	Infection: Disease; Cystic fibrosis	['Infection']	['Disease; Cystic fibrosis']	549.8112651757189	0.5266391428886196	6829005	12165091	252	1044	549.8112651757189	SRP214415	Pseudomonas aeruginosa PA2596 and Staphylococcus aureus SA2599 co-cultured RNA-Seq	SRX6434213	RNA-Seq of Pseudomonas aeruginosa: PA2596 and Staphylococcus aureus: SA2599 co-cultured (replicate3)	RNA-Seq of Pseudomonas aeruginosa: PA2596 and Staphylococcus aureus: SA2599 co-cultured (replicate3)	1280	Staphylococcus aureus	PA2596+SA2599-3	RNA-Seq	TRANSCRIPTOMIC	cDNA	PAIRED	SRS5088807	-	SAMN12259744	PRJNA554233	Illumina HiSeq 2500	Illumina HiSeq 2500	ILLUMINA	1094934985	12165091	3065602932	2596+2599-TAKE3_R1_001.fastq.gz	SRR9673762.sralite	https://sra-downloadb.be-md.ncbi.nlm.nih.gov/sos9/sra-pub-zq-922/SRR009/673/SRR9673762.sralite.1	770958032	2020-06-21 07:49:43	bc93ade6671633ed900b27e478559cba	1	SRA Lite	Primary ETL	1	s3://sra-pub-zq-6/SRR9673762/SRR9673762.sralite.1	s3.us-east-1	aws identity	https://sra-downloadb.be-md.ncbi.nlm.nih.gov/sos9/sra-pub-zq-922/SRR009/673/SRR9673762.sralite.1	worldwide	anonymous	gs://sra-pub-zq-106/SRR9673762/SRR9673762.zq.1	gs.us-east1	gcp identity	-		CNR	2015-03	France: Lyon	Homo sapiens	Cystic fibrosis	sputum	45.75 N 4.85 E	SA2599	Pathogen.cl														2599						-	http://ftp.sra.ebi.ac.uk/vol1/fastq/SRR967/002/SRR9673762/SRR9673762_1.fastq.gz	http://ftp.sra.ebi.ac.uk/vol1/fastq/SRR967/002/SRR9673762/SRR9673762_2.fastq.gz	-	era-fasp@fasp.sra.ebi.ac.uk:vol1/fastq/SRR967/002/SRR9673762/SRR9673762_1.fastq.gz	era-fasp@fasp.sra.ebi.ac.uk:vol1/fastq/SRR967/002/SRR9673762/SRR9673762_2.fastq.gz															-					-																																										REP3															-	-	-			-																													-																							-																																																																																																																																																																																																							-		-	-	-	-	-	-	-	-	-	-	-	-	-	Pseudomonas aeruginosa PA2596			
SRR27501761	 a single patient CF a single patient CF cystic fibrosis (CF) sputum cytobacteriological examinations of a same CF patient  -          chronic disease       - -	Infection: Disease; Cystic fibrosis	['Infection']	['Disease; Cystic fibrosis']	447.10322683706073	0.5260037962788949	4664777	6856265	300	850	447.10322683706073	SRP483327	Evolution of Pseudomonas aeruginosa ST299 in hospital water systems	SRX23172692	WGS isolates of PA ST299 collected from a single patient CF	WGS isolates of PA ST299 collected from a single patient CF	287	Pseudomonas aeruginosa	III-69	WGS	GENOMIC	RANDOM	PAIRED	SRS20122011	-	SAMN39414506	PRJNA1064007	NextSeq 500	NextSeq 500	ILLUMINA	891677839	6856265	2058856790	III-69_S82_R1.fastq	SRR27501761.lite	https://sra-downloadb.be-md.ncbi.nlm.nih.gov/sos9/sra-pub-zq-922/SRR027/27501/SRR27501761/SRR27501761.lite.1	539943884	2024-01-12 09:10:42	c23cbdd00389ca75a9c699d311de3211	1	SRA Lite	Primary ETL	1	s3://sra-pub-zq-7/SRR27501761/SRR27501761.lite.1	s3.us-east-1	aws identity	https://sra-downloadb.be-md.ncbi.nlm.nih.gov/sos9/sra-pub-zq-922/SRR027/27501/SRR27501761/SRR27501761.lite.1	worldwide	anonymous	gs://sra-pub-zq-104/SRR27501761/SRR27501761.lite.1	gs.us-east1	gcp identity	-		Chloe Dupont (HydroScience Montpellier)	2015-05-26	France: Montpellier	Homo sapiens	cystic fibrosis (CF)	sputum cytobacteriological examinations of a same CF patient	not collected	III-69	Pathogen.cl														-						-	http://ftp.sra.ebi.ac.uk/vol1/fastq/SRR275/061/SRR27501761/SRR27501761_1.fastq.gz	http://ftp.sra.ebi.ac.uk/vol1/fastq/SRR275/061/SRR27501761/SRR27501761_2.fastq.gz	-	era-fasp@fasp.sra.ebi.ac.uk:vol1/fastq/SRR275/061/SRR27501761/SRR27501761_1.fastq.gz	era-fasp@fasp.sra.ebi.ac.uk:vol1/fastq/SRR275/061/SRR27501761/SRR27501761_2.fastq.gz				-																ST299																				Patient CF																																				chronic disease			-																																	-	-	-																																			-																			-	-	-	-	-	-	-	-	-																																																																																																																																																																															
SRR13767060	   Cystic fibrosis not applicable                    	Infection: Disease; Cystic fibrosis	['Infection']	['Disease; Cystic fibrosis']	187.08523961661345	0.5240482902426147	2005400	3108392	292	357	187.08523961661345	SRP307627	Sequencing genome of carP::Tn5 mutant in Pseudomonas aeruginosa PAO1	SRX10153210	WGS of P. aeruginosa carP::Tn5 mutant	WGS of P. aeruginosa carP::Tn5 mutant	208964	Pseudomonas aeruginosa PAO1	carP::Tn5	WGS	GENOMIC	PCR	PAIRED	SRS8305490	-	SAMN18034685	PRJNA704188	NextSeq 550	NextSeq 550	ILLUMINA	374693649	3108392	910659990	Carp_Tn5_S32_I1_001.fastq.gz	SRR13767060.lite	https://sra-downloadb.be-md.ncbi.nlm.nih.gov/sos9/sra-pub-zq-922/SRR013/13767/SRR13767060/SRR13767060.lite.1	243301032	2022-07-15 20:45:39	f9b7cb6907bc9bbf69bb91151cd6c99f	1	SRA Lite	Primary ETL	1	s3://sra-pub-zq-4/SRR13767060/SRR13767060.lite.1	s3.us-east-1	aws identity	https://sra-downloadb.be-md.ncbi.nlm.nih.gov/sos9/sra-pub-zq-922/SRR013/13767/SRR13767060/SRR13767060.lite.1	worldwide	anonymous	gs://sra-pub-zq-103/SRR13767060/SRR13767060.lite.1	gs.us-east1	gcp identity	-		University Washington transposon library	not applicable	not applicable	Homo sapiens	Cystic fibrosis	not applicable	not applicable	PAO1	Pathogen.cl														carP::Tn5						-	http://ftp.sra.ebi.ac.uk/vol1/fastq/SRR137/060/SRR13767060/SRR13767060_1.fastq.gz	http://ftp.sra.ebi.ac.uk/vol1/fastq/SRR137/060/SRR13767060/SRR13767060_2.fastq.gz	-	era-fasp@fasp.sra.ebi.ac.uk:vol1/fastq/SRR137/060/SRR13767060/SRR13767060_1.fastq.gz	era-fasp@fasp.sra.ebi.ac.uk:vol1/fastq/SRR137/060/SRR13767060/SRR13767060_2.fastq.gz																																																																															-																																	-	-	-	-	-	-	-	-	-																																																																																																																																																																																																																																							
SRR2939282	   - ear                    	Host Body-Site: Organ; Ear	['Host Body-Site']	['Organ; Ear']	264.200463258786	0.5231692341758137	3108825	3223582	266	505	264.200463258786	SRP066369	Pseudomonas aeruginosa Genome sequencing and assembly	SRX1437088	DNA-seq of Pseudomonas aeruginosa: Sample WH-SGI-V-07182	DNA-seq of Pseudomonas aeruginosa: Sample WH-SGI-V-07182	287	Pseudomonas aeruginosa	WH-SGI-V-07182	WGS	GENOMIC	RANDOM	PAIRED	SRS1168049	-	SAMN04128521	PRJNA297679	Illumina HiSeq 2500	Illumina HiSeq 2500	ILLUMINA	530466197	3223582	859429039	WH-SGI-V-07182_files	SRR2939282.sralite	https://sra-downloadb.be-md.ncbi.nlm.nih.gov/sos12/sra-pub-zq-1211/SRR002/939/SRR2939282/SRR2939282.sralite.1	226402375	2020-06-13 09:25:41	84ce6b318f93a8e023f68d3784cc4a3a	1	SRA Lite	Primary ETL	1	s3://sra-pub-zq-1/SRR2939282/SRR2939282.sralite.1	s3.us-east-1	aws identity	https://sra-downloadb.be-md.ncbi.nlm.nih.gov/sos12/sra-pub-zq-1211/SRR002/939/SRR2939282/SRR2939282.sralite.1	worldwide	anonymous	gs://sra-pub-zq-103/SRR2939282/SRR2939282.zq.1	gs.us-east1	gcp identity	-		-	1991	France	-	-	ear	-	WH-SGI-V-07182	Microbe, viral or environmental														-						-	http://ftp.sra.ebi.ac.uk/vol1/fastq/SRR293/002/SRR2939282/SRR2939282_1.fastq.gz	http://ftp.sra.ebi.ac.uk/vol1/fastq/SRR293/002/SRR2939282/SRR2939282_2.fastq.gz	-	era-fasp@fasp.sra.ebi.ac.uk:vol1/fastq/SRR293/002/SRR2939282/SRR2939282_1.fastq.gz	era-fasp@fasp.sra.ebi.ac.uk:vol1/fastq/SRR293/002/SRR2939282/SRR2939282_2.fastq.gz																																																																															missing																																																																					-								-																					-	-	-																																																																																																																																																																												
SRR11213088	   conjunctiva infection eye            - -       	Host Body-Site: Organ; Eye	['Host Body-Site']	['Organ; Eye']	222.3551233226837	0.5159051585213079	1633736	1822506	426	431	222.3551233226837	SRP251215	Pseudomonas aeruginosa isolate NMI_1334/14 genome sequencing and assembly	SRX7825915	Illumina-seq. of P. aeruginosa NMI1334_14	Illumina-seq. of P. aeruginosa NMI1334_14	287	Pseudomonas aeruginosa	1334_14_lib	WGS	GENOMIC	unspecified	PAIRED	SRS6237073	-	SAMN10880118	PRJNA521107	Illumina MiSeq	Illumina MiSeq	ILLUMINA	452286705	1822506	777359367	P-aeruginosa_S27_L001_R1_001.fastq.gz	SRR11213088.sralite	https://sra-downloadb.be-md.ncbi.nlm.nih.gov/sos9/sra-pub-zq-922/SRR011/213/SRR11213088.sralite.1	203347690	2020-06-21 06:01:41	a587b0f45bc8352747add6da04e84b8b	1	SRA Lite	Primary ETL	1	s3://sra-pub-zq-9/SRR11213088/SRR11213088.sralite.1	s3.us-east-1	aws identity	https://sra-downloadb.be-md.ncbi.nlm.nih.gov/sos9/sra-pub-zq-922/SRR011/213/SRR11213088.sralite.1	worldwide	anonymous	gs://sra-pub-zq-108/SRR11213088/SRR11213088.zq.1	gs.us-east1	gcp identity	-		National Medicines Institute	2014-03-10	Poland	Homo sapiens	conjunctiva infection	eye	50.3038 N 19.1231 E	1334/14	Pathogen.cl														-						-	http://ftp.sra.ebi.ac.uk/vol1/fastq/SRR112/088/SRR11213088/SRR11213088_1.fastq.gz	http://ftp.sra.ebi.ac.uk/vol1/fastq/SRR112/088/SRR11213088/SRR11213088_2.fastq.gz	-	era-fasp@fasp.sra.ebi.ac.uk:vol1/fastq/SRR112/088/SRR11213088/SRR11213088_1.fastq.gz	era-fasp@fasp.sra.ebi.ac.uk:vol1/fastq/SRR112/088/SRR11213088/SRR11213088_2.fastq.gz																				ST234																																																								-	-	-				82	-	-	-	-	-	-	-	-	-	-	-	-	-	-	-	-	-	-	-	-	-	-	-	-																																																																																																																																																																																																																																																					
SRR25422541	   Cystic fibrosis sputum                    	Infection: Disease; Cystic fibrosis	['Infection']	['Disease; Cystic fibrosis']	340.1574313099041	0.5138329778095229	3609128	5298331	295	662	340.1574313099041	SRP451412	Aztreonam and tobramycin in monotherapy and combination against pseudomonas aeruginosa clinical cystic fibrosis isolate CW13	SRX21157355	SNP analysis of P. aeruginosa CW13 after drug treatment	SNP analysis of P. aeruginosa CW13 after drug treatment	287	Pseudomonas aeruginosa	11-72h-TobQ12	WGS	GENOMIC	RANDOM	PAIRED	SRS18419631	-	SAMN36706492	PRJNA998576	NextSeq 500	NextSeq 500	ILLUMINA	694770605	5298331	1563748196	11-72h-TobQ12_S24_L001_R1_001.fastq.gz	SRR25422541.lite	https://sra-downloadb.be-md.ncbi.nlm.nih.gov/sos8/sra-pub-zq-818/SRR025/25422/SRR25422541/SRR25422541.lite.1	411179862	2023-07-31 03:43:23	db788c364dae1ad6ee620d15644b529a	1	SRA Lite	Primary ETL	1	s3://sra-pub-zq-7/SRR25422541/SRR25422541.lite.1	s3.us-east-1	aws identity	https://sra-downloadb.be-md.ncbi.nlm.nih.gov/sos8/sra-pub-zq-818/SRR025/25422/SRR25422541/SRR25422541.lite.1	worldwide	anonymous	gs://sra-pub-zq-104/SRR25422541/SRR25422541.lite.1	gs.us-east1	gcp identity	-		Alfred Hospital	2013-10-15	Australia: Melbourne	Homo sapiens	Cystic fibrosis	sputum	37.84 S 144.98 E	CW13	Pathogen.cl														Patients with cystic fibrosis						-	http://ftp.sra.ebi.ac.uk/vol1/fastq/SRR254/041/SRR25422541/SRR25422541_1.fastq.gz	http://ftp.sra.ebi.ac.uk/vol1/fastq/SRR254/041/SRR25422541/SRR25422541_2.fastq.gz	-	era-fasp@fasp.sra.ebi.ac.uk:vol1/fastq/SRR254/041/SRR25422541/SRR25422541_1.fastq.gz	era-fasp@fasp.sra.ebi.ac.uk:vol1/fastq/SRR254/041/SRR25422541/SRR25422541_2.fastq.gz																																																														-																	-																																																																												-				-	-	11	Tobramycin	72	Planktonic																																																																																																																																																																																											
ERR6004007	        cystic fibrosis airways sample from Munich, Germany    -            	Infection: Disease; Cystic fibrosis	['Infection']	['Disease; Cystic fibrosis']	104.48870607028752	0.5097010052209148	947970	1226079	345	205	104.48870607028752	ERP124146	Genome sequencing and comparison of representatives of Pseudomonas aeruginosa clone ST235 strains	ERX5644567	Illumina MiSeq paired end sequencing	Illumina MiSeq paired end sequencing	1421530	Pseudomonas aeruginosa F469	unspecified	WGS	GENOMIC	RANDOM	PAIRED	ERS5094809	-	SAMEA7336296	PRJEB40495	Illumina MiSeq	Illumina MiSeq	ILLUMINA	215981911	1226079	423383019	ena-RUN-MHH-04-06-2021-14:34:20:659-8	ERR6004007.lite	https://sra-downloadb.be-md.ncbi.nlm.nih.gov/sos9/sra-pub-zq-922/ERR006/6004/ERR6004007/ERR6004007.lite.1	109110737	2023-11-17 03:46:23	628d4cc2826faf6b6398a3ff2377b410	1	SRA Lite	Primary ETL	1	s3://sra-pub-zq-1/ERR6004007/ERR6004007.lite.1	s3.us-east-1	aws identity	https://sra-downloadb.be-md.ncbi.nlm.nih.gov/sos9/sra-pub-zq-922/ERR006/6004/ERR6004007/ERR6004007.lite.1	worldwide	anonymous	gs://sra-pub-zq-107/ERR6004007/ERR6004007.lite.1	gs.us-east1	gcp identity	-									-		-	-	SAMEA7336296	MHH	Hannover Medical School	2021-06-21T00:29:17Z	2021-06-21T00:29:17Z	public	MCF33	2006-09-07	Germany	not provided	Homo sapiens	MCF33, clone ST235 isolate	MCF33	-	-	-	-	-	ftp.sra.ebi.ac.uk/vol1/fastq/ERR600/007/ERR6004007/ERR6004007_1.fastq.gz	http://ftp.sra.ebi.ac.uk/vol1/fastq/ERR600/007/ERR6004007/ERR6004007_2.fastq.gz	-	era-fasp@fasp.sra.ebi.ac.uk:vol1/fastq/ERR600/007/ERR6004007/ERR6004007_1.fastq.gz	era-fasp@fasp.sra.ebi.ac.uk:vol1/fastq/ERR600/007/ERR6004007/ERR6004007_2.fastq.gz	2021-06-21								2021-06-21	cystic fibrosis airways sample from Munich, Germany	-			-	-	-	-			-													-	-	-	-	-	-	-	-	-	-	-	-	-	-	-	-	-	-	-	-	-	-	-																																																																																																																																																																																																																																																																																																								
ERR246336	a Danish and an Argentinian cystic fibrosis patient        -                	Infection: Disease; Cystic fibrosis	['Infection']	['Disease; Cystic fibrosis']	423.03093162939297	0.5096758212402325	7196124	7316609	184	830	423.03093162939297	ERP002379	Sequencing of Pseudomonas aeruginosa strains sampled from a Danish and an Argentinian cystic fibrosis patient	ERX220870	-	Whole Genome Sequencing of Pseudomonas aeruginosa	287	Pseudomonas aeruginosa	unspecified	WGS	GENOMIC	RANDOM	PAIRED	ERS224925	-	SAMEA2055589	PRJEB1677	Illumina HiSeq 2000	Illumina HiSeq 2000	ILLUMINA	870670213	7316609	1346256056	ena-RUN-DTU-20-03-2013-19:54:17:855-3	ERR246336.sralite	https://sra-downloadb.be-md.ncbi.nlm.nih.gov/sos12/sra-pub-zq-1211/ERR000/246/ERR246336/ERR246336.sralite.1	372017976	2020-06-21 12:48:51	9e51553c486c21ac0102136ae30a7f87	1	SRA Lite	Primary ETL	1	s3://sra-pub-zq-5/ERR246336/ERR246336.sralite.1	s3.us-east-1	aws identity	https://sra-downloadb.be-md.ncbi.nlm.nih.gov/sos12/sra-pub-zq-1211/ERR000/246/ERR246336/ERR246336.sralite.1	worldwide	anonymous	gs://sra-pub-zq-105/ERR246336/ERR246336.zq.1	gs.us-east1	gcp identity	ena-EXPERIMENT-DTU-20-03-2013-19:54:17:855-3									-		2014-09-05T17:00:58Z	2018-03-09T10:10:12Z	SAMEA2055589		DTU	2014-09-05T17:00:58Z	2018-03-09T10:10:12Z	public	PE5	-					PE5	http://ftp.sra.ebi.ac.uk/vol1/run/ERR246/ERR246336/PE5_clean_barcodetrimmed.2.fq.gz	worldwide	anonymous	Pseudomonas aeruginosa	-	http://ftp.sra.ebi.ac.uk/vol1/fastq/ERR246/ERR246336/ERR246336_1.fastq.gz	http://ftp.sra.ebi.ac.uk/vol1/fastq/ERR246/ERR246336/ERR246336_2.fastq.gz	-	era-fasp@fasp.sra.ebi.ac.uk:vol1/fastq/ERR246/ERR246336/ERR246336_1.fastq.gz	era-fasp@fasp.sra.ebi.ac.uk:vol1/fastq/ERR246/ERR246336/ERR246336_2.fastq.gz										-				-	-		-	-	-	-	-																																																																																																																																																																																																																																																																																																																																										
SRR36760477	health care workers and from patients in Diyala hospitals-Iraq health care workers and from patients in Diyala hospitals-Iraq. health care workers and from patients in Diyala hospitals-Iraq. Otitis externa Ear swab                  -  -	Host Body-Site: Organ; Ear	['Host Body-Site']	['Organ; Ear']	499.21728881789136	0.5083679112198486	5174007	9839463	302	982	499.21728881789136	SRP661113	A Comparative molecular study of multiple drug resistant Pseudomonas aeruginosa isolated from health care workers and from patients in Diyala hospitals-Iraq	SRX31755469	A Comparative molecular study of multiple drug resistant Pseudomonas aeruginosa isolated from health care workers and from patients in Diyala hospitals-Iraq.	A Comparative molecular study of multiple drug resistant Pseudomonas aeruginosa isolated from health care workers and from patients in Diyala hospitals-Iraq.	287	Pseudomonas aeruginosa	H21_lib	WGS	GENOMIC	RT-PCR	PAIRED	SRS27722322	-	SAMN54553325	PRJNA1400620	Illumina NovaSeq X Plus	Illumina NovaSeq X Plus	ILLUMINA	1030409170	9839463	2971517826	21_S57_R1_001.fastq.gz	SRR36760477.lite	https://sra-downloadb.be-md.ncbi.nlm.nih.gov/sos7/sra-pub-zq-41/SRR036/36760/SRR36760477/SRR36760477.lite.1	762426244	2026-01-09 16:30:33	ca11d223634383d86a462d194b8dca25	1	SRA Lite	Primary ETL	1	s3://sra-pub-zq-8/SRR36760477/SRR36760477.lite.1	s3.us-east-1	aws identity	https://sra-downloadb.be-md.ncbi.nlm.nih.gov/sos7/sra-pub-zq-41/SRR036/36760/SRR36760477/SRR36760477.lite.1	worldwide	anonymous	gs://sra-pub-zq-101/SRR36760477/SRR36760477.lite.1	gs.us-east1	gcp identity	-		Hadi Ali Hammoudi	2023-11-17	Iraq: Baghdad	Homo sapiens	Otitis externa	Ear swab	35.47 N 44.39 E	P21	Pathogen.cl														-						-	http://ftp.sra.ebi.ac.uk/vol1/fastq/SRR367/077/SRR36760477/SRR36760477_1.fastq.gz	http://ftp.sra.ebi.ac.uk/vol1/fastq/SRR367/077/SRR36760477/SRR36760477_2.fastq.gz	-	era-fasp@fasp.sra.ebi.ac.uk:vol1/fastq/SRR367/077/SRR36760477/SRR36760477_1.fastq.gz	era-fasp@fasp.sra.ebi.ac.uk:vol1/fastq/SRR367/077/SRR36760477/SRR36760477_2.fastq.gz																																																																															-		-																															-	-	-							-	-	-																						-													-														-	-	-														-																																																																																																																																																																			
SRR37069584	   Cystic Fibrosis urine                  -  -	Infection: Disease; Cystic fibrosis	['Infection']	['Disease; Cystic fibrosis']	478.81221980830674	0.501374052155295	4962524	9651187	302	955	478.81221980830674	SRP637713	Pseudomonas aeruginosa strain:8277 Genome sequencing	SRX32015960	Pseudomonas aeruginosa strain:8277 Genome sequencing	Pseudomonas aeruginosa strain:8277 Genome sequencing	287	Pseudomonas aeruginosa	8277_1	WGS	GENOMIC	RANDOM	PAIRED	SRS26945636	-	SAMN43818467	PRJNA1162667	Illumina NovaSeq 6000	Illumina NovaSeq 6000	ILLUMINA	1001711417	9651187	2914658474	8277_1_1.fastq.gz	SRR37069584.lite	https://sra-downloadb.be-md.ncbi.nlm.nih.gov/sos10/sra-pub-zq-1002/SRR037/37069/SRR37069584/SRR37069584.lite.1	748265666	2026-02-02 04:09:12	d6a054d83f58795c130dabdc982904ae	1	SRA Lite	Primary ETL	1	s3://sra-pub-zq-2/SRR37069584/SRR37069584.lite.1	s3.us-east-1	aws identity	https://sra-downloadb.be-md.ncbi.nlm.nih.gov/sos10/sra-pub-zq-1002/SRR037/37069/SRR37069584/SRR37069584.lite.1	worldwide	anonymous	gs://sra-pub-zq-108/SRR37069584/SRR37069584.lite.1	gs.us-east1	gcp identity	-		Central Public Health Laboratory	1993-04	United Kingdom: Durham	Homo sapiens	Cystic Fibrosis	urine	54.78 N 1.59 W	8277	Pathogen.cl														-						-	http://ftp.sra.ebi.ac.uk/vol1/fastq/SRR370/084/SRR37069584/SRR37069584_1.fastq.gz	http://ftp.sra.ebi.ac.uk/vol1/fastq/SRR370/084/SRR37069584/SRR37069584_2.fastq.gz	-	era-fasp@fasp.sra.ebi.ac.uk:vol1/fastq/SRR370/084/SRR37069584/SRR37069584_1.fastq.gz	era-fasp@fasp.sra.ebi.ac.uk:vol1/fastq/SRR370/084/SRR37069584/SRR37069584_2.fastq.gz																																																																															-		-																															-	-	-							-	-	-																						-													-														-	-	-														-																																																																																																																																																																			
SRR25436271	chronic airway infections   cystic fibrosis sputum                    	Infection: Disease; Cystic fibrosis	['Infection']	['Disease; Cystic fibrosis']	143.62089968051117	0.5004212532421992	1539498	2242156	292	287	143.62089968051117	SRP451729	Adaptive evolution of P. aeruginosa from chronic airway infections	SRX21170248	WGS of individual pseudomonas colony grown in LB plate	WGS of individual pseudomonas colony grown in LB plate	287	Pseudomonas aeruginosa	34b	WGS	GENOMIC	PCR	PAIRED	SRS18431696	-	SAMN36291691	PRJNA991306	NextSeq 500	NextSeq 500	ILLUMINA	301257049	2242156	655070659	P07E_WGS_R1.fastq.gz	SRR25436271.lite	https://sra-downloadb.be-md.ncbi.nlm.nih.gov/sos12/sra-pub-zq-1211/SRR025/25436/SRR25436271/SRR25436271.lite.1	173335403	2023-08-01 10:43:22	85a13881c1562e57ebc4160682b92feb	1	SRA Lite	Primary ETL	1	s3://sra-pub-zq-9/SRR25436271/SRR25436271.lite.1	s3.us-east-1	aws identity	https://sra-downloadb.be-md.ncbi.nlm.nih.gov/sos12/sra-pub-zq-1211/SRR025/25436/SRR25436271/SRR25436271.lite.1	worldwide	anonymous	gs://sra-pub-zq-106/SRR25436271/SRR25436271.lite.1	gs.us-east1	gcp identity	-		Rigshospitalet	2006-04-05	Denmark	Homo sapiens	cystic fibrosis	sputum	55.676098 N 12.568337 E	P07E_DK19	Pathogen.cl														P07						-	http://ftp.sra.ebi.ac.uk/vol1/fastq/SRR254/071/SRR25436271/SRR25436271_1.fastq.gz	http://ftp.sra.ebi.ac.uk/vol1/fastq/SRR254/071/SRR25436271/SRR25436271_2.fastq.gz	-	era-fasp@fasp.sra.ebi.ac.uk:vol1/fastq/SRR254/071/SRR25436271/SRR25436271_1.fastq.gz	era-fasp@fasp.sra.ebi.ac.uk:vol1/fastq/SRR254/071/SRR25436271/SRR25436271_2.fastq.gz																																																														-																	-																																																																												-				-	-	-	-	-	-																																																																																																																																																																																											
SRR17017347	   Cystic Fibrosis sputum                    	Infection: Disease; Cystic fibrosis	['Infection']	['Disease; Cystic fibrosis']	139.3611089456869	0.4995021826010283	1765993	2725625	247	279	139.3611089456869	SRP347433	Assembled Genomes of Pseudomonas aeruginosa isolated between 2011-2017 in the USA.	SRX13207412	Genome Sequence of Pseudomonas aeruginosa Cystic Fibrosis Isolates	Genome Sequence of Pseudomonas aeruginosa Cystic Fibrosis Isolates	287	Pseudomonas aeruginosa	CFBR_Pa15	WGS	GENOMIC	RANDOM	PAIRED	SRS11133507	-	SAMN22892656	PRJNA776003	Illumina MiSeq	Illumina MiSeq	ILLUMINA	292949805	2725625	674016286	CFBR170_Pae_20120201_S_Pa15_R1.fastq	SRR17017347.lite	https://sra-downloadb.be-md.ncbi.nlm.nih.gov/sos1/sra-pub-zq-38/SRR017/17017/SRR17017347/SRR17017347.lite.1	176700456	2022-10-02 01:55:25	753cb40026551051d72c977736df7dfc	1	SRA Lite	Primary ETL	1	s3://sra-pub-zq-3/SRR17017347/SRR17017347.lite.1	s3.us-east-1	aws identity	https://sra-downloadb.be-md.ncbi.nlm.nih.gov/sos1/sra-pub-zq-38/SRR017/17017/SRR17017347/SRR17017347.lite.1	worldwide	anonymous	gs://sra-pub-zq-102/SRR17017347/SRR17017347.lite.1	gs.us-east1	gcp identity	-		Emory Cystic Fibrosis Biospecimen Repository (CFBR)	2012-02-01	USA: Atlanta, GA	Homo sapiens	Cystic Fibrosis	sputum	33.748783 N 84.388168 W	CFBR_Pa15	Pathogen.cl														-						-	http://ftp.sra.ebi.ac.uk/vol1/fastq/SRR170/047/SRR17017347/SRR17017347_1.fastq.gz	http://ftp.sra.ebi.ac.uk/vol1/fastq/SRR170/047/SRR17017347/SRR17017347_2.fastq.gz	-	era-fasp@fasp.sra.ebi.ac.uk:vol1/fastq/SRR170/047/SRR17017347/SRR17017347_1.fastq.gz	era-fasp@fasp.sra.ebi.ac.uk:vol1/fastq/SRR170/047/SRR17017347/SRR17017347_2.fastq.gz																																																																													female					56																																				-	-																																																																																																																																																																																																																																								
DRR514233	   missing ear discharge                    	Host Body-Site: Organ; Ear	['Host Body-Site']	['Organ; Ear']	131.32667795527158	0.4993409808185231	1361101	1888711	302	263	131.32667795527158	DRP010837	Nationwide surveillance of carbapenem-resistant Pseudomonas aeruginosa in Japan	DRX498119	HiSeq X Five paired end sequencing of SAMD00658400	HiSeq X Five paired end sequencing of SAMD00658400	287	Pseudomonas aeruginosa	Illumina library of SAMD00658400	WGS	GENOMIC	RANDOM	PAIRED	DRS344033	-	SAMD00658400	PRJDB16993	HiSeq X Five	HiSeq X Five	ILLUMINA	276290336	1888711	570390722	DRR514233	DRR514233.lite	https://sra-downloadb.be-md.ncbi.nlm.nih.gov/sos9/sra-pub-zq-922/DRR000/514/DRR514233/DRR514233.lite.1	179524031	2023-12-04 14:02:02	e9e9b140dc1da1e1c8be2982b801f413	1	SRA Lite	Primary ETL	1	s3://sra-pub-zq-5/DRR514233/DRR514233.lite.1	s3.us-east-1	aws identity	https://sra-downloadb.be-md.ncbi.nlm.nih.gov/sos9/sra-pub-zq-922/DRR000/514/DRR514233/DRR514233.lite.1	worldwide	anonymous	gs://sra-pub-zq-103/DRR514233/DRR514233.lite.1	gs.us-east1	gcp identity	DRX498119	JBBEADE-19-0260	AMRRC, NIID	2020-08-11	Japan:Kanagawa	Homo sapiens	missing	ear discharge	35.447693 N 139.642579 E	JBBEADE-19-0260	Pathogen.cl	-	-	-	-	-	-	-	-	-	-	-	-	-	-	-	-	-	-	-	-	http://ftp.sra.ebi.ac.uk/vol1/fastq/DRR514/DRR514233/DRR514233_1.fastq.gz	http://ftp.sra.ebi.ac.uk/vol1/fastq/DRR514/DRR514233/DRR514233_2.fastq.gz	-	era-fasp@fasp.sra.ebi.ac.uk:vol1/fastq/DRR514/DRR514233/DRR514233_1.fastq.gz	era-fasp@fasp.sra.ebi.ac.uk:vol1/fastq/DRR514/DRR514233/DRR514233_2.fastq.gz																																																																																																																																																																																																																																																																																																																																																															
SRR17036807	   Cystic Fibrosis not applicable                    	Infection: Disease; Cystic fibrosis	['Infection']	['Disease; Cystic fibrosis']	186.06608306709265	0.4858122273292236	967420	1182970	602	383	186.06608306709265	SRP347844	Molecular adaptation of Pseudomonas aeruginosa to protozoan predation	SRX13226690	Day 42 adapted isolate 7	Day 42 adapted isolate 7	287	Pseudomonas aeruginosa	A2426	WGS	GENOMIC	RANDOM	PAIRED	SRS11151682	-	SAMN23435325	PRJNA753158	Illumina MiSeq	Illumina MiSeq	ILLUMINA	402437724	1182970	712147940	A2426_CAGATC_L001_R1_001.fastq.gz	SRR17036807.lite	https://sra-downloadb.be-md.ncbi.nlm.nih.gov/sos9/sra-pub-zq-924/SRR017/17036/SRR17036807/SRR17036807.lite.1	179040927	2022-08-07 17:14:07	262a3a1ada04ab79f6e644cd513ba9a2	1	SRA Lite	Primary ETL	1	s3://sra-pub-zq-9/SRR17036807/SRR17036807.lite.1	s3.us-east-1	aws identity	https://sra-downloadb.be-md.ncbi.nlm.nih.gov/sos9/sra-pub-zq-924/SRR017/17036/SRR17036807/SRR17036807.lite.1	worldwide	anonymous	gs://sra-pub-zq-104/SRR17036807/SRR17036807.lite.1	gs.us-east1	gcp identity	-		not applicable	not applicable	not applicable	not applicable	Cystic Fibrosis	not applicable	not applicable	DK1	Pathogen.cl														Day 42 adapted isolate 7						-	http://ftp.sra.ebi.ac.uk/vol1/fastq/SRR170/007/SRR17036807/SRR17036807_1.fastq.gz	http://ftp.sra.ebi.ac.uk/vol1/fastq/SRR170/007/SRR17036807/SRR17036807_2.fastq.gz	-	era-fasp@fasp.sra.ebi.ac.uk:vol1/fastq/SRR170/007/SRR17036807/SRR17036807_1.fastq.gz	era-fasp@fasp.sra.ebi.ac.uk:vol1/fastq/SRR170/007/SRR17036807/SRR17036807_2.fastq.gz																																																																													-					-																																				-	-																																																																																																																																																																																																																																								
SRR34771002	patients with urinary tract and ear infections patients with ear infection Sampple 5 patients with ear infection Sampple 5 - -                    	Host Body-Site: Organ; Ear	['Host Body-Site']	['Organ; Ear']	212.74869009584663	0.4835197502178333	2219678	4692468	300	440	212.74869009584663	SRP604472	RNA-seq and DNA-seq of Escherichia coli and Pseudomonas aeruginosa isolated from patients with urinary tract and ear infections	SRX29904452	DNA-seq of Pseudomonas aeruginosa isolated from patients with ear infection Sampple 5	DNA-seq of Pseudomonas aeruginosa isolated from patients with ear infection Sampple 5	287	Pseudomonas aeruginosa	Pa8 DNA-seq	WGS	GENOMIC	RANDOM	PAIRED	SRS26003884	-	SAMN50277610	PRJNA1298508	Illumina NovaSeq X	Illumina NovaSeq X	ILLUMINA	461473959	4692468	1407740400	D-DBY32_R1_001.fastq.gz	SRR34771002.lite	https://sra-downloadb.be-md.ncbi.nlm.nih.gov/sos10/sra-pub-zq-1002/SRR034/34771/SRR34771002/SRR34771002.lite.1	359770383	2025-07-30 04:59:00	1b04fddfa31c468ac061976ee1b5a860	1	SRA Lite	Primary ETL	1	s3://sra-pub-zq-6/SRR34771002/SRR34771002.lite.1	s3.us-east-1	aws identity	https://sra-downloadb.be-md.ncbi.nlm.nih.gov/sos10/sra-pub-zq-1002/SRR034/34771/SRR34771002/SRR34771002.lite.1	worldwide	anonymous	gs://sra-pub-zq-101/SRR34771002/SRR34771002.lite.1	gs.us-east1	gcp identity	-		Danielle Keidar-Friedman	2022-12-08	Israel: Assuta Ashdod University Hospital	Homo sapiens	-	-	-	-	Microbe, viral or environmental														Female 3 left outer ear						-	http://ftp.sra.ebi.ac.uk/vol1/fastq/SRR347/002/SRR34771002/SRR34771002_1.fastq.gz	http://ftp.sra.ebi.ac.uk/vol1/fastq/SRR347/002/SRR34771002/SRR34771002_2.fastq.gz	-	era-fasp@fasp.sra.ebi.ac.uk:vol1/fastq/SRR347/002/SRR34771002/SRR34771002_1.fastq.gz	era-fasp@fasp.sra.ebi.ac.uk:vol1/fastq/SRR347/002/SRR34771002/SRR34771002_2.fastq.gz																																																																															Bacterial culture																																																																																																												37 C																																																																																																																																																																				
SRR22801516	cystic fibrosis patients   Cystic Fibrosis sputum    -             -   	Infection: Disease; Cystic fibrosis	['Infection']	['Disease; Cystic fibrosis']	130.02071693290736	0.4833483900851574	2055378	3053340	198	269	130.02071693290736	SRP413623	Pseudomonas aeruginosa clusters from cystic fibrosis patients	SRX18761289	Illumina sequence of ST235_02.20	Illumina sequence of ST235_02.20	287	Pseudomonas aeruginosa	1587460	WGS	GENOMIC	RANDOM	PAIRED	SRS16196224	-	SAMN32301018	PRJNA913572	Illumina HiSeq 2500	Illumina HiSeq 2500	ILLUMINA	282732487	3053340	607130365	1587398.R1.fastq.gz	SRR22801516.lite	https://sra-downloadb.be-md.ncbi.nlm.nih.gov/sos9/sra-pub-zq-922/SRR022/22801/SRR22801516/SRR22801516.lite.1	159851043	2022-12-18 12:42:20	50b0520660a4f1b1f5f2949d7cd7d5b2	1	SRA Lite	Primary ETL	1	s3://sra-pub-zq-9/SRR22801516/SRR22801516.lite.1	s3.us-east-1	aws identity	https://sra-downloadb.be-md.ncbi.nlm.nih.gov/sos9/sra-pub-zq-922/SRR022/22801/SRR22801516/SRR22801516.lite.1	worldwide	anonymous	gs://sra-pub-zq-105/SRR22801516/SRR22801516.lite.1	gs.us-east1	gcp identity	-		CF clinic, UK hospital	2020-02	United Kingdom	Homo sapiens	Cystic Fibrosis	sputum	not applicable	ST235	Pathogen.cl										-				cystic fibrosis patient 36						-	http://ftp.sra.ebi.ac.uk/vol1/fastq/SRR228/016/SRR22801516/SRR22801516_1.fastq.gz	http://ftp.sra.ebi.ac.uk/vol1/fastq/SRR228/016/SRR22801516/SRR22801516_2.fastq.gz	-	era-fasp@fasp.sra.ebi.ac.uk:vol1/fastq/SRR228/016/SRR22801516/SRR22801516_1.fastq.gz	era-fasp@fasp.sra.ebi.ac.uk:vol1/fastq/SRR228/016/SRR22801516/SRR22801516_2.fastq.gz										-										-		-																																								-											-						-																																	-	-	-							-	-	-																										-	-	-	-	-	-	-																																																																																																																																																																																																				
ERR705903	cystic fibrosis patients             - 8/16/2006          	Infection: Disease; Cystic fibrosis	['Infection']	['Disease; Cystic fibrosis']	249.20753993610225	0.4801686703971141	3900098	3964415	200	519	249.20753993610225	ERP009056	47 whole-genome sequences of Pseudomonas aeruginosa isolates sampled from cystic fibrosis patients	ERX650161	Illumina HiSeq 2000 paired end sequencing	Illumina HiSeq 2000 paired end sequencing	287	Pseudomonas aeruginosa	unspecified	WGS	GENOMIC	RANDOM	PAIRED	ERS629735	-	SAMEA3176803	PRJEB8025	Illumina HiSeq 2000	Illumina HiSeq 2000	ILLUMINA	545237534	3964415	792883000	ena-RUN-DTU-17-12-2014-11:59:54:142-19	ERR705903.sralite	https://sra-downloadb.be-md.ncbi.nlm.nih.gov/sos12/sra-pub-zq-1211/ERR000/705/ERR705903/ERR705903.sralite.1	208257166	2021-06-15 20:05:59	559ae7d7bf0ada902c3ec6bb684d4491	1	SRA Lite	Primary ETL	1	s3://sra-pub-zq-8/ERR705903/ERR705903.sralite.1	s3.us-east-1	aws identity	https://sra-downloadb.be-md.ncbi.nlm.nih.gov/sos12/sra-pub-zq-1211/ERR000/705/ERR705903/ERR705903.sralite.1	worldwide	anonymous	gs://sra-pub-zq-101/ERR705903/ERR705903.noqual.1	gs.us-east1	gcp identity	ena-EXPERIMENT-DTU-17-12-2014-11:59:54:142-19									-		2015-12-01T17:02:03Z	2018-03-09T12:27:45Z	SAMEA3176803	-	DTU	2015-12-01T17:02:03Z	2018-03-09T12:27:45Z	public	LRJ28						LRJ28	http://ftp.sra.ebi.ac.uk/vol1/run/ERR705/ERR705903/LRJ28.L500_SZAIPI032055-129_2.fq.gz	worldwide	anonymous	Pseudomonas aeruginosa	-	http://ftp.sra.ebi.ac.uk/vol1/fastq/ERR705/ERR705903/ERR705903_1.fastq.gz	http://ftp.sra.ebi.ac.uk/vol1/fastq/ERR705/ERR705903/ERR705903_2.fastq.gz	-	era-fasp@fasp.sra.ebi.ac.uk:vol1/fastq/ERR705/ERR705903/ERR705903_1.fastq.gz	era-fasp@fasp.sra.ebi.ac.uk:vol1/fastq/ERR705/ERR705903/ERR705903_2.fastq.gz	-								-																																															-	-	DK55	8/16/2006																																																																																																																																																																																																																																																																																																				
SRR9841424	 sputum specimens sputum specimens Cystic fibrosis sputum                    	Infection: Disease; Cystic fibrosis	['Infection']	['Disease; Cystic fibrosis']	97.93665431309904	0.4777397771370685	1064381	1158342	288	205	97.93665431309904	SRP216454	P. aeruginosa Houston-1 genome	SRX6596145	WGS of  P. aeruginosa: clinical isolate from sputum specimens	WGS of  P. aeruginosa: clinical isolate from sputum specimens	287	Pseudomonas aeruginosa	HOU1_short	WGS	GENOMIC	RANDOM PCR	PAIRED	SRS5161476	-	SAMN12368444	PRJNA556762	Illumina MiSeq	Illumina MiSeq	ILLUMINA	215417188	1158342	333671475	MS8253126-ID-wgs96-001-0519-MRPA-HOU1-01-1.16SPrimerRemoved_HostRemoved_PhixRemoved.1.fq.gz	SRR9841424.sralite	https://sra-downloadb.be-md.ncbi.nlm.nih.gov/sos12/sra-pub-zq-1216/SRR009/841/SRR9841424.sralite.1	87785610	2020-06-21 10:15:30	9f069eb999be2f2d31445e20b2ab7866	1	SRA Lite	Primary ETL	1	s3://sra-pub-zq-9/SRR9841424/SRR9841424.sralite.1	s3.us-east-1	aws identity	https://sra-downloadb.be-md.ncbi.nlm.nih.gov/sos12/sra-pub-zq-1216/SRR009/841/SRR9841424.sralite.1	worldwide	anonymous	gs://sra-pub-zq-102/SRR9841424/SRR9841424.zq.1	gs.us-east1	gcp identity	-		Texas Children's Hospital	2012-03-01	USA: Houston, TX	Homo sapiens	Cystic fibrosis	sputum	29.7604269 N 95.3698031 W	HOU1	Pathogen.cl														-						-	http://ftp.sra.ebi.ac.uk/vol1/fastq/SRR984/004/SRR9841424/SRR9841424_1.fastq.gz	http://ftp.sra.ebi.ac.uk/vol1/fastq/SRR984/004/SRR9841424/SRR9841424_2.fastq.gz	-	era-fasp@fasp.sra.ebi.ac.uk:vol1/fastq/SRR984/004/SRR9841424/SRR9841424_1.fastq.gz	era-fasp@fasp.sra.ebi.ac.uk:vol1/fastq/SRR984/004/SRR9841424/SRR9841424_2.fastq.gz																				-																																																											-																																																																																																															-																																																																																																																																																	-	-	-	-	-	-	-	-	-	-					-	-	Houston-1
ERR705716	four Italian cystic fibrosis patients             - -          	Infection: Disease; Cystic fibrosis	['Infection']	['Disease; Cystic fibrosis']	186.28645367412145	0.4740113325041257	2915383	2960903	200	393	186.28645367412145	ERP009051	26 Pseudomonas aeruginosa isolates from four Italian cystic fibrosis patients	ERX649974	Illumina HiSeq 2000 paired end sequencing	Illumina HiSeq 2000 paired end sequencing	287	Pseudomonas aeruginosa	unspecified	WGS	GENOMIC	RANDOM	PAIRED	ERS629476	-	SAMEA3176530	PRJEB8020	Illumina HiSeq 2000	Illumina HiSeq 2000	ILLUMINA	412457824	2960903	592180600	ena-RUN-DTU-16-12-2014-19:16:27:790-17	ERR705716.sralite	https://sra-downloadb.be-md.ncbi.nlm.nih.gov/sos12/sra-pub-zq-1211/ERR000/705/ERR705716/ERR705716.sralite.1	155633164	2020-06-13 07:37:48	0e506091b24b9f9576ed19a18960f00e	1	SRA Lite	Primary ETL	1	s3://sra-pub-zq-5/ERR705716/ERR705716.sralite.1	s3.us-east-1	aws identity	https://sra-downloadb.be-md.ncbi.nlm.nih.gov/sos12/sra-pub-zq-1211/ERR000/705/ERR705716/ERR705716.sralite.1	worldwide	anonymous	gs://sra-pub-zq-106/ERR705716/ERR705716.zq.1	gs.us-east1	gcp identity	ena-EXPERIMENT-DTU-16-12-2014-19:16:27:790-17									-		2015-08-01T17:04:25Z	2018-03-09T12:28:27Z	SAMEA3176530	-	DTU	2015-08-01T17:04:25Z	2018-03-09T12:28:27Z	public	H1						H1	http://ftp.sra.ebi.ac.uk/vol1/run/ERR705/ERR705716/H1.L500_SZAIPI027263-52_2.fq.gz	worldwide	anonymous	Pseudomonas aeruginosa	-	http://ftp.sra.ebi.ac.uk/vol1/fastq/ERR705/ERR705716/ERR705716_1.fastq.gz	http://ftp.sra.ebi.ac.uk/vol1/fastq/ERR705/ERR705716/ERR705716_2.fastq.gz	-	era-fasp@fasp.sra.ebi.ac.uk:vol1/fastq/ERR705/ERR705716/ERR705716_1.fastq.gz	era-fasp@fasp.sra.ebi.ac.uk:vol1/fastq/ERR705/ERR705716/ERR705716_2.fastq.gz	-								-																																															-	-	-	-																																																																																																																																																																																																																																																																																																				
SRR35957298	   missing ear                  -  -	Host Body-Site: Organ; Ear	['Host Body-Site']	['Organ; Ear']	127.32814696485624	0.4733388363005807	1328457	2324840	300	269	127.32814696485624	SRP199219	Genome sequencing and assembly of Pseudomonas aeruginosa clinical isolates	SRX31006669	WGS of Pseudomonas aeruginosa	WGS of Pseudomonas aeruginosa	287	Pseudomonas aeruginosa	BWH069	WGS	GENOMIC	RANDOM	PAIRED	SRS26998207	-	SAMN12162685	PRJNA533806	Illumina HiSeq 4000	Illumina HiSeq 4000	ILLUMINA	282881975	2324840	697452000	PABWH069_1.fastq.gz	SRR35957298.lite	https://sra-downloadb.be-md.ncbi.nlm.nih.gov/sos9/sra-pub-zq-924/SRR035/35957/SRR35957298/SRR35957298.lite.1	177424724	2025-11-06 19:25:19	3e1016620590325184e4c71cef80acfc	1	SRA Lite	Primary ETL	1	s3://sra-pub-zq-5/SRR35957298/SRR35957298.lite.1	s3.us-east-1	aws identity	https://sra-downloadb.be-md.ncbi.nlm.nih.gov/sos9/sra-pub-zq-924/SRR035/35957/SRR35957298/SRR35957298.lite.1	worldwide	anonymous	gs://sra-pub-zq-102/SRR35957298/SRR35957298.lite.1	gs.us-east1	gcp identity	-		missing	2016-01	USA: Boston, Massachusetts	Homo sapiens	missing	ear	42.34 N 71.11 W	BWH069	Pathogen.cl														-						-	http://ftp.sra.ebi.ac.uk/vol1/fastq/SRR359/098/SRR35957298/SRR35957298_1.fastq.gz	http://ftp.sra.ebi.ac.uk/vol1/fastq/SRR359/098/SRR35957298/SRR35957298_2.fastq.gz	-	era-fasp@fasp.sra.ebi.ac.uk:vol1/fastq/SRR359/098/SRR35957298/SRR35957298_1.fastq.gz	era-fasp@fasp.sra.ebi.ac.uk:vol1/fastq/SRR359/098/SRR35957298/SRR35957298_2.fastq.gz																																																																															-		-																															-	-	-							-	-	-																						-													-														-	-	-														-																																																																																																																																																																			
SRR1825713	 a Cystic fibrosis patient a Cystic fibrosis patient Cystic fibrosis sputum                    	Infection: Disease; Cystic fibrosis	['Infection']	['Disease; Cystic fibrosis']	277.63723322683705	0.4721721653517637	4827803	5000001	180	588	277.63723322683705	SRP054987	Pseudomonas aeruginosa strain:FRD1 Genome sequencing and assembly	SRX876361	Genome sequence of Pseudomonas aeruginosa mucoid strain FRD1, an isolate from a Cystic fibrosis patient	Genome sequence of Pseudomonas aeruginosa mucoid strain FRD1, an isolate from a Cystic fibrosis patient	287	Pseudomonas aeruginosa	-	WGS	GENOMIC	unspecified	PAIRED	SRS845080	-	SAMN03342417	PRJNA275365	Illumina Genome Analyzer II	Illumina Genome Analyzer II	ILLUMINA	617152640	5000001	900000180	Pseudomonas aeruginosa mucoid strain FRD1	SRR1825713.sralite	https://sra-downloadb.be-md.ncbi.nlm.nih.gov/sos12/sra-pub-zq-1211/SRR001/825/SRR1825713/SRR1825713.sralite.1	225900091	2020-06-22 00:31:35	431ae6675fe2077df2b80a1c373c5d48	1	SRA Lite	Primary ETL	1	s3://sra-pub-zq-3/SRR1825713/SRR1825713.sralite.1	s3.us-east-1	aws identity	https://sra-downloadb.be-md.ncbi.nlm.nih.gov/sos12/sra-pub-zq-1211/SRR001/825/SRR1825713/SRR1825713.sralite.1	worldwide	anonymous	gs://sra-pub-zq-103/SRR1825713/SRR1825713.zq.1	gs.us-east1	gcp identity	-		Dennis E Ohman	1981	USA	Homo sapiens	Cystic fibrosis	sputum	missing	FRD1	Pathogen.cl														-						-	http://ftp.sra.ebi.ac.uk/vol1/fastq/SRR182/003/SRR1825713/SRR1825713_1.fastq.gz	http://ftp.sra.ebi.ac.uk/vol1/fastq/SRR182/003/SRR1825713/SRR1825713_2.fastq.gz	-	era-fasp@fasp.sra.ebi.ac.uk:vol1/fastq/SRR182/003/SRR1825713/SRR1825713_1.fastq.gz	era-fasp@fasp.sra.ebi.ac.uk:vol1/fastq/SRR182/003/SRR1825713/SRR1825713_2.fastq.gz																				-																																																											-																																																						-	-	-	-	-	-	-																																																																																																																																																																																																																				
SRR15405717	the sinuses of adults with cystic fibrosis   Cystic fibrosis Paranasal sinus                    	Infection: Disease; Cystic fibrosis	['Infection']	['Disease; Cystic fibrosis']	105.277296485623	0.4637766365005418	1091119	1709602	302	227	105.277296485623	SRP331921	Pseudomonas aeruginosa isolates from the sinuses of adults with cystic fibrosis	SRX11707887	WGS of Pseudomonas aeruginosa: adult CF paranasal sinuses	WGS of Pseudomonas aeruginosa: adult CF paranasal sinuses	287	Pseudomonas aeruginosa	Additional reads for Patient 33, Isolate #71	WGS	GENOMIC	RANDOM	PAIRED	SRS9738695	-	SAMN20695888	PRJNA750353	NextSeq 500	NextSeq 500	ILLUMINA	238283102	1709602	516299804	P33_71_S7_R1_001.fastq.gz	SRR15405717.lite	https://sra-downloadb.be-md.ncbi.nlm.nih.gov/sos13/sra-pub-zq-1301/SRR015/15405/SRR15405717/SRR15405717.lite.1	129771126	2022-08-28 19:23:12	6c677eea15378e0e55a8ae98478fb643	1	SRA Lite	Primary ETL	1	s3://sra-pub-zq-5/SRR15405717/SRR15405717.lite.1	s3.us-east-1	aws identity	https://sra-downloadb.be-md.ncbi.nlm.nih.gov/sos13/sra-pub-zq-1301/SRR015/15405/SRR15405717/SRR15405717.lite.1	worldwide	anonymous	gs://sra-pub-zq-103/SRR15405717/SRR15405717.lite.1	gs.us-east1	gcp identity	-		Bomberger Lab	2016-04-29	USA: Pittsburgh	Homo sapiens	Cystic fibrosis	Paranasal sinus	not applicable	P33	Pathogen.cl														71-extra						-	http://ftp.sra.ebi.ac.uk/vol1/fastq/SRR154/017/SRR15405717/SRR15405717_1.fastq.gz	http://ftp.sra.ebi.ac.uk/vol1/fastq/SRR154/017/SRR15405717/SRR15405717_2.fastq.gz	-	era-fasp@fasp.sra.ebi.ac.uk:vol1/fastq/SRR154/017/SRR15405717/SRR15405717_1.fastq.gz	era-fasp@fasp.sra.ebi.ac.uk:vol1/fastq/SRR154/017/SRR15405717/SRR15405717_2.fastq.gz																																																																															-																																	-	-	-	-	-	-	-	-	-																																																																																																																																																																																																																																							
SRR25119420	   Cystic fibrosis Sputum Sample                    	Infection: Disease; Cystic fibrosis	['Infection']	['Disease; Cystic fibrosis']	171.20831693290734	0.4590035306512261	1822728	2861672	294	373	171.20831693290734	SRP447232	Ceftolozane/tazobactam antibiotic treatment of Pseudomonas aeruginosa cystic fibrosis isolate CW41	SRX20871234	SNP analysis of P. aeruginosa CW41 after drug treatment	SNP analysis of P. aeruginosa CW41 after drug treatment	287	Pseudomonas aeruginosa	WRI10316A5	WGS	GENOMIC	RANDOM	PAIRED	SRS18151172	-	SAMN36277630	PRJNA990946	NextSeq 500	NextSeq 500	ILLUMINA	392111417	2861672	841578659	WRI10316A5_S1_L001_R1_001.fastq.gz	SRR25119420.lite	https://sra-downloadb.be-md.ncbi.nlm.nih.gov/sos9/sra-pub-zq-922/SRR025/25119/SRR25119420/SRR25119420.lite.1	221835523	2023-07-09 05:11:05	3dd426c27d5379237c7b0f9cc59ef868	1	SRA Lite	Primary ETL	1	s3://sra-pub-zq-6/SRR25119420/SRR25119420.lite.1	s3.us-east-1	aws identity	https://sra-downloadb.be-md.ncbi.nlm.nih.gov/sos9/sra-pub-zq-922/SRR025/25119/SRR25119420/SRR25119420.lite.1	worldwide	anonymous	gs://sra-pub-zq-103/SRR25119420/SRR25119420.lite.1	gs.us-east1	gcp identity	-		Landersdorfer, Monash University Pharmacy	2021	Australia: Victoria	Homo sapiens	Cystic fibrosis	Sputum Sample	37.84 S 144.98 E	CW41	Pathogen.cl														-						-	http://ftp.sra.ebi.ac.uk/vol1/fastq/SRR251/020/SRR25119420/SRR25119420_1.fastq.gz	http://ftp.sra.ebi.ac.uk/vol1/fastq/SRR251/020/SRR25119420/SRR25119420_2.fastq.gz	-	era-fasp@fasp.sra.ebi.ac.uk:vol1/fastq/SRR251/020/SRR25119420/SRR25119420_1.fastq.gz	era-fasp@fasp.sra.ebi.ac.uk:vol1/fastq/SRR251/020/SRR25119420/SRR25119420_2.fastq.gz																																																														-																	-																																																																												3				Low ceftolozane/tazobactam HFIM 3	52	-	-	-	-																																																																																																																																																																																											
ERR15968496	companion animals in Germany    Dog,ear    - No               	Host Body-Site: Organ; Ear	['Host Body-Site']	['Organ; Ear']	106.76138146964855	0.4543037509346748	608676	721506	549	235	106.76138146964855	ERP185669	Study of the genomic characteristics and antimicrobial resistance of Pseudomonas aeruginosa isolates from companion animals in Germany	ERX15363240	Illumina MiSeq paired end sequencing	Illumina MiSeq paired end sequencing	287	Pseudomonas aeruginosa	-	WGS	GENOMIC	RANDOM	PAIRED	ERS28035344	-	SAMEA120617080	PRJEB104375	Illumina MiSeq	Illumina MiSeq	ILLUMINA	246704189	721506	396322601	ena-RUN-TAB-28-11-2025-05:32:13:967-285927	ERR15968496.lite	https://sra-downloadb.be-md.ncbi.nlm.nih.gov/sos13/sra-pub-zq-1307/ERR015/15968/ERR15968496/ERR15968496.lite.1	102740805	2025-12-04 12:44:44	b6b9d430107c1a03ba681b7f2c584a8e	1	SRA Lite	Primary ETL	1	s3://sra-pub-zq-1/ERR15968496/ERR15968496.lite.1	s3.us-east-1	aws identity	https://sra-downloadb.be-md.ncbi.nlm.nih.gov/sos13/sra-pub-zq-1307/ERR015/15968/ERR15968496/ERR15968496.lite.1	worldwide	anonymous	gs://sra-pub-zq-100/ERR15968496/ERR15968496.lite.1	gs.us-east1	gcp identity	-							Dog,ear		23Y0143				-	-	FLI	-	-	public	23Y0143	2023-06-13	Germany	diseased	Canis lupus familiaris	23Y0143	23Y0143	-	-	-	Pseudomonas aeruginosa	-	http://ftp.sra.ebi.ac.uk/vol1/fastq/ERR159/096/ERR15968496/ERR15968496_1.fastq.gz	http://ftp.sra.ebi.ac.uk/vol1/fastq/ERR159/096/ERR15968496/ERR15968496_2.fastq.gz	-	era-fasp@fasp.sra.ebi.ac.uk:vol1/fastq/ERR159/096/ERR15968496/ERR15968496_1.fastq.gz	era-fasp@fasp.sra.ebi.ac.uk:vol1/fastq/ERR159/096/ERR15968496/ERR15968496_2.fastq.gz	2025-11-30								-	-	Lower Saxony	-	No																																																																																																																																																																																																																																																																																																																																																		
SRR9670643	   Cystic fibrosis sputum              -      	Infection: Disease; Cystic fibrosis	['Infection']	['Disease; Cystic fibrosis']	218.8582159744409	0.441246403174276	2718358	5629557	252	496	218.8582159744409	SRP214234	Pseudomonas aeruginosa PA2600 and Staphylococcus aureus SA2599 co-cultured RNA-Seq	SRX6431109	RNA-Seq of Pseudomonas aeruginosa: PA2600 and Staphylococcus aureus: SA2599 co-cultured (replicate2)	RNA-Seq of Pseudomonas aeruginosa: PA2600 and Staphylococcus aureus: SA2599 co-cultured (replicate2)	1280	Staphylococcus aureus	2600+2599-2	RNA-Seq	TRANSCRIPTOMIC	cDNA	PAIRED	SRS5086015	-	SAMN12255122	PRJNA554085	Illumina HiSeq 2500	Illumina HiSeq 2500	ILLUMINA	520451504	5629557	1418648364	2600+2599-TAKE2_R1_001.fastq.gz	SRR9670643.sralite	https://sra-downloadb.be-md.ncbi.nlm.nih.gov/sos12/sra-pub-zq-1214/SRR009/670/SRR9670643.sralite.1	356876590	2020-06-22 09:47:56	2b378a97ef130f1f993da86248f1403b	1	SRA Lite	Primary ETL	1	s3://sra-pub-zq-2/SRR9670643/SRR9670643.sralite.1	s3.us-east-1	aws identity	https://sra-downloadb.be-md.ncbi.nlm.nih.gov/sos12/sra-pub-zq-1214/SRR009/670/SRR9670643.sralite.1	worldwide	anonymous	gs://sra-pub-zq-107/SRR9670643/SRR9670643.zq.1	gs.us-east1	gcp identity	-		CNR	2015-03	France: Lyon	Homo sapiens	Cystic fibrosis	sputum	45.75 N 4.85 E	SA2599	Pathogen.cl														2599						-	http://ftp.sra.ebi.ac.uk/vol1/fastq/SRR967/003/SRR9670643/SRR9670643_1.fastq.gz	http://ftp.sra.ebi.ac.uk/vol1/fastq/SRR967/003/SRR9670643/SRR9670643_2.fastq.gz	-	era-fasp@fasp.sra.ebi.ac.uk:vol1/fastq/SRR967/003/SRR9670643/SRR9670643_1.fastq.gz	era-fasp@fasp.sra.ebi.ac.uk:vol1/fastq/SRR967/003/SRR9670643/SRR9670643_2.fastq.gz															-					-																																										REP2															-	-	-			-																													-																							-																																																																																																																																																																																																							-		-	-	-	-	-	-	-	-	-	-	-	-	-	Pseudomonas aeruginosa PA2600			
ERR233209	cystic fibrosis patients        -                	Infection: Disease; Cystic fibrosis	['Infection']	['Disease; Cystic fibrosis']	126.44809201277955	0.4243224564187233	2150992	2262099	184	298	126.44809201277955	ERP002277	Sequencing of Pseudomonas aeruginosa DK2 isolates sampled from cystic fibrosis patients	ERX207757	-	Whole Genome Sequencing of Pseudomonas aeruginosa	287	Pseudomonas aeruginosa	unspecified	WGS	GENOMIC	RANDOM	PAIRED	ERS217077	-	SAMEA2052962	PRJEB1508	Illumina HiSeq 2000	Illumina HiSeq 2000	ILLUMINA	312993321	2262099	416226216	ena-RUN-DTU-25-02-2013-20:03:31:611-5	ERR233209.sralite	https://sra-downloadb.be-md.ncbi.nlm.nih.gov/sos12/sra-pub-zq-1211/ERR000/233/ERR233209/ERR233209.sralite.1	109842540	2020-06-12 21:28:05	9a0d50c69fb4bb297f1bc78569650314	1	SRA Lite	Primary ETL	1	s3://sra-pub-zq-1/ERR233209/ERR233209.sralite.1	s3.us-east-1	aws identity	https://sra-downloadb.be-md.ncbi.nlm.nih.gov/sos12/sra-pub-zq-1211/ERR000/233/ERR233209/ERR233209.sralite.1	worldwide	anonymous	gs://sra-pub-zq-103/ERR233209/ERR233209.zq.1	gs.us-east1	gcp identity	ena-EXPERIMENT-DTU-25-02-2013-20:03:31:611-5									-		2013-09-10T17:00:40Z	2018-03-09T10:09:09Z	SAMEA2052962		DTU	2013-09-10T17:00:40Z	2018-03-09T10:09:09Z	public	r7p19t26	-					r7p19t26	http://ftp.sra.ebi.ac.uk/vol1/run/ERR233/ERR233209/MS_Pa-plex_19_tagPE26_barcodetrimmed_2.illfastq.gz	worldwide	anonymous	Pseudomonas aeruginosa	-	http://ftp.sra.ebi.ac.uk/vol1/fastq/ERR233/ERR233209/ERR233209_1.fastq.gz	http://ftp.sra.ebi.ac.uk/vol1/fastq/ERR233/ERR233209/ERR233209_2.fastq.gz	-	era-fasp@fasp.sra.ebi.ac.uk:vol1/fastq/ERR233/ERR233209/ERR233209_1.fastq.gz	era-fasp@fasp.sra.ebi.ac.uk:vol1/fastq/ERR233/ERR233209/ERR233209_2.fastq.gz										-				-	-		-	-	-	-	-																																																																																																																																																																																																																																																																																																																																										
SRR30338947	CF patients Pseudomonas aeruginosa WGS Pseudomonas aeruginosa WGS Cystic fibrosis sputum                    	Infection: Disease; Cystic fibrosis	['Infection']	['Disease; Cystic fibrosis']	48.594106709265176	0.4153342453783348	266374	327496	571	117	48.594106709265176	SRP528070	Susceptibility to ivacaftor in colistin-susceptible/colistin-resistant bacterial strains from CF patients	SRX25799048	Raw reads from Pseudomonas aeruginosa WGS	Raw reads from Pseudomonas aeruginosa WGS	287	Pseudomonas aeruginosa	HRYC_PA2713	WGS	GENOMIC	size fractionation	PAIRED	SRS22430621	-	SAMN43299407	PRJNA1150980	Illumina MiSeq	Illumina MiSeq	ILLUMINA	123173754	327496	187268224	18_R1.fastq.gz	SRR30338947.lite	https://sra-downloadb.be-md.ncbi.nlm.nih.gov/sos11/sra-pub-zq-1140/SRR030/30338/SRR30338947/SRR30338947.lite.1	48521009	2024-08-22 14:26:08	ae4d38cd4802a605bc05ff0b7a93434a	1	SRA Lite	Primary ETL	1	s3://sra-pub-zq-9/SRR30338947/SRR30338947.lite.1	s3.us-east-1	aws identity	https://sra-downloadb.be-md.ncbi.nlm.nih.gov/sos11/sra-pub-zq-1140/SRR030/30338/SRR30338947/SRR30338947.lite.1	worldwide	anonymous	gs://sra-pub-zq-109/SRR30338947/SRR30338947.lite.1	gs.us-east1	gcp identity	-		Servicio de Microbiologia, Hospital Universitario Ramon y Cajal, Madrid, Spain.	2018-02-16	Spain:Madrid	Homo sapiens	Cystic fibrosis	sputum	40.48 N 3.69 W	PA2713_RYC	Pathogen.cl														isolate from patient 8						-	http://ftp.sra.ebi.ac.uk/vol1/fastq/SRR303/047/SRR30338947/SRR30338947_1.fastq.gz	http://ftp.sra.ebi.ac.uk/vol1/fastq/SRR303/047/SRR30338947/SRR30338947_2.fastq.gz	-	era-fasp@fasp.sra.ebi.ac.uk:vol1/fastq/SRR303/047/SRR30338947/SRR30338947_1.fastq.gz	era-fasp@fasp.sra.ebi.ac.uk:vol1/fastq/SRR303/047/SRR30338947/SRR30338947_2.fastq.gz																																																																															-																																																																					-								-																					-	-	-																																																																																																																																																																												
SRR35833210	   Cystic Fibrosis LB medium                  -  -	Infection: Disease; Cystic fibrosis	['Infection']	['Disease; Cystic fibrosis']	276.4000638977636	0.3965567631244814	2883774	7280211	300	697	276.4000638977636	SRP636572	RNA-seq of glnK mutant in P.aeruginosa PA14 background	SRX30882499	RNA-seq of P.aeruginosa: WT	RNA-seq of P.aeruginosa: WT	287	Pseudomonas aeruginosa	Lib_3	RNA-Seq	GENOMIC	cDNA	PAIRED	SRS26885114	-	SAMN52854843	PRJNA1347373	Illumina NovaSeq 6000	Illumina NovaSeq 6000	ILLUMINA	730989122	7280211	2184063300	OD-1PA14-3_L1_1.fq.gz	SRR35833210.lite	https://sra-downloadb.be-md.ncbi.nlm.nih.gov/sos1/sra-pub-zq-38/SRR035/35833/SRR35833210/SRR35833210.lite.1	590475330	2025-10-21 09:22:55	801f588db9b878c9939bb3845c28098c	1	SRA Lite	Primary ETL	1	s3://sra-pub-zq-6/SRR35833210/SRR35833210.lite.1	s3.us-east-1	aws identity	https://sra-downloadb.be-md.ncbi.nlm.nih.gov/sos1/sra-pub-zq-38/SRR035/35833/SRR35833210/SRR35833210.lite.1	worldwide	anonymous	gs://sra-pub-zq-101/SRR35833210/SRR35833210.lite.1	gs.us-east1	gcp identity	-		Sun Xiaomeng	2024-08-05	China: Tianjin	Homo sapiens	Cystic Fibrosis	LB medium	39.100 N 117.190 E	WT PA14-3	Pathogen.cl														PA14						-	http://ftp.sra.ebi.ac.uk/vol1/fastq/SRR358/010/SRR35833210/SRR35833210_1.fastq.gz	http://ftp.sra.ebi.ac.uk/vol1/fastq/SRR358/010/SRR35833210/SRR35833210_2.fastq.gz	-	era-fasp@fasp.sra.ebi.ac.uk:vol1/fastq/SRR358/010/SRR35833210/SRR35833210_1.fastq.gz	era-fasp@fasp.sra.ebi.ac.uk:vol1/fastq/SRR358/010/SRR35833210/SRR35833210_2.fastq.gz																																																																															-		-																															-	-	-							-	-	-																						-													-														-	-	-														-																																																																																																																																																																			
SRR28260643	   not applicable not applicable  synthetic cystic fibrosis sputum medium (SCFM2)                 RNA-seq of Pseudomonas aeruginosa PAO1 grown in SCFM2, 6 hour static in 4-well chamber slides, replicate group 4, sample 1 	Infection: Disease; Cystic fibrosis	['Infection']	['Disease; Cystic fibrosis']	1860.652007028754	0.3887697465584526	19284241	51471540	302	4786	1860.652007028754	SRP492560	A case study in RNA-seq reproducibility of Pseudomonas aeruginosa in laboratory models of cystic fibrosis	SRX23870929	RNA-seq of Pseudomonas aeruginosa PAO1 grown in SCFM2, replicate group 4, sample 1	RNA-seq of Pseudomonas aeruginosa PAO1 grown in SCFM2, replicate group 4, sample 1	208964	Pseudomonas aeruginosa PAO1	RPDRNA007	RNA-Seq	TRANSCRIPTOMIC	RANDOM	PAIRED	SRS20690116	-	SAMN40300438	PRJNA1082245	Illumina NovaSeq 6000	Illumina NovaSeq 6000	ILLUMINA	5018634342	51471540	15544405080	RPDRNA007DT_R1.fastq.gz	SRR28260643.lite	https://sra-downloadb.be-md.ncbi.nlm.nih.gov/sos11/sra-pub-zq-1140/SRR028/28260/SRR28260643/SRR28260643.lite.1	3970580216	2024-03-07 17:05:28	ef3d652e2ca9e3f1ac78f749af50527f	1	SRA Lite	Primary ETL	1	s3://sra-pub-zq-8/SRR28260643/SRR28260643.lite.1	s3.us-east-1	aws identity	https://sra-downloadb.be-md.ncbi.nlm.nih.gov/sos11/sra-pub-zq-1140/SRR028/28260/SRR28260643/SRR28260643.lite.1	worldwide	anonymous	gs://sra-pub-zq-102/SRR28260643/SRR28260643.lite.1	gs.us-east1	gcp identity	-		not applicable	not applicable	not applicable	Homo sapiens	not applicable	not applicable	not applicable	PAO1	Pathogen.cl														-						-	http://ftp.sra.ebi.ac.uk/vol1/fastq/SRR282/043/SRR28260643/SRR28260643_1.fastq.gz	http://ftp.sra.ebi.ac.uk/vol1/fastq/SRR282/043/SRR28260643/SRR28260643_2.fastq.gz	-	era-fasp@fasp.sra.ebi.ac.uk:vol1/fastq/SRR282/043/SRR28260643/SRR28260643_1.fastq.gz	era-fasp@fasp.sra.ebi.ac.uk:vol1/fastq/SRR282/043/SRR28260643/SRR28260643_2.fastq.gz				synthetic cystic fibrosis sputum medium (SCFM2)																																																																											-																																	-	-	-							-																											-	-																			in vitro culture	RNA-seq of Pseudomonas aeruginosa PAO1 grown in SCFM2, 6 hour static in 4-well chamber slides, replicate group 4, sample 1																																																																																																																																																																																						
SRR17220693	   - Ear (Canis lupus familiaris)                    	Host Body-Site: Organ; Ear	['Host Body-Site']	['Organ; Ear']	130.7437715654952	0.3845405046043976	714185	930709	573	340	130.7437715654952	SRP095363	Vet-LIRN Archived Isolate Sequencing Project	SRX13400282	NexteraXT library:Veterinary Pathogens	NexteraXT library:Veterinary Pathogens	287	Pseudomonas aeruginosa	CRP-21-VL-LA-KS-0019	WGS	GENOMIC	RANDOM	PAIRED	SRS11303404	-	SAMN24007703	PRJNA325243	Illumina MiSeq	Illumina MiSeq	ILLUMINA	356828929	930709	533417930	CRP-21-VL-LA-KS-0019_S32_L001_R1_001.fastq.gz	SRR17220693.lite	https://sra-downloadb.be-md.ncbi.nlm.nih.gov/sos8/sra-pub-zq-820/SRR017/17220/SRR17220693/SRR17220693.lite.1	137695705	2022-07-29 07:52:19	179b03bfa0022bbc4619fcc82871c6e5	1	SRA Lite	Primary ETL	1	s3://sra-pub-zq-5/SRR17220693/SRR17220693.lite.1	s3.us-east-1	aws identity	https://sra-downloadb.be-md.ncbi.nlm.nih.gov/sos8/sra-pub-zq-820/SRR017/17220/SRR17220693/SRR17220693.lite.1	worldwide	anonymous	gs://sra-pub-zq-104/SRR17220693/SRR17220693.lite.1	gs.us-east1	gcp identity	-		Kansas State University Veterinary Analytical Laboratory	2021-08-13	USA:KS	-	-	Ear (Canis lupus familiaris)	not collected	CRP-21-VL-LA-KS-0019	Pathogen.env														-						-	http://ftp.sra.ebi.ac.uk/vol1/fastq/SRR172/093/SRR17220693/SRR17220693_1.fastq.gz	http://ftp.sra.ebi.ac.uk/vol1/fastq/SRR172/093/SRR17220693/SRR17220693_2.fastq.gz	-	era-fasp@fasp.sra.ebi.ac.uk:vol1/fastq/SRR172/093/SRR17220693/SRR17220693_1.fastq.gz	era-fasp@fasp.sra.ebi.ac.uk:vol1/fastq/SRR172/093/SRR17220693/SRR17220693_2.fastq.gz																																																																													-					-																																				Louisiana State University|School of Veterinary Medicine|Louisiana Animal Disease Diagnostic Laboratory	animal																																																																																																																																																																																																																																								
SRR15523648	   Infection Ear Swab               - -    	Host Body-Site: Organ; Ear	['Host Body-Site']	['Organ; Ear']	140.32542555910544	0.3844532207098779	808874	1004586	543	365	140.32542555910544	SRP333219	Pseudomonas aeruginosa Genome sequencing and assembly	SRX11822358	Illumina paired-end sequencing of Pseudomonas aeruginosa strain JPAO31	Illumina paired-end sequencing of Pseudomonas aeruginosa strain JPAO31	287	Pseudomonas aeruginosa	JPAO31-short_reads	WGS	GENOMIC	RANDOM	PAIRED	SRS9836780	-	SAMN20514454	PRJNA751257	Illumina MiSeq	Illumina MiSeq	ILLUMINA	382924528	1004586	546315441	JPAO31_R1.fastq.gz	SRR15523648.lite	https://sra-downloadb.be-md.ncbi.nlm.nih.gov/sos1/sra-pub-zq-38/SRR015/15523/SRR15523648/SRR15523648.lite.1	141825117	2022-10-04 15:05:07	76d21ebc926889362c31c4fdd6b2fee5	1	SRA Lite	Primary ETL	1	s3://sra-pub-zq-9/SRR15523648/SRR15523648.lite.1	s3.us-east-1	aws identity	https://sra-downloadb.be-md.ncbi.nlm.nih.gov/sos1/sra-pub-zq-38/SRR015/15523/SRR15523648/SRR15523648.lite.1	worldwide	anonymous	gs://sra-pub-zq-106/SRR15523648/SRR15523648.lite.1	gs.us-east1	gcp identity	-		KAIMRC AMR WGS_Based Surveillance Program	2019-01-02	Saudi Arabia:Jeddah	Homo sapiens	Infection	Ear Swab	21.4858 N 39.1925 E	JPAO31	Pathogen.cl														-						-	http://ftp.sra.ebi.ac.uk/vol1/fastq/SRR155/048/SRR15523648/SRR15523648_1.fastq.gz	http://ftp.sra.ebi.ac.uk/vol1/fastq/SRR155/048/SRR15523648/SRR15523648_2.fastq.gz	-	era-fasp@fasp.sra.ebi.ac.uk:vol1/fastq/SRR155/048/SRR15523648/SRR15523648_1.fastq.gz	era-fasp@fasp.sra.ebi.ac.uk:vol1/fastq/SRR155/048/SRR15523648/SRR15523648_2.fastq.gz																				ST 1020																																																					-						-																																	-	-	-							-	-	-	-	-	-	-	-	-	-	-	-																																																																																																																																																																																																																											
SRR32300557	   diseased Cystic fibrosis cough swab                    -	Infection: Disease; Cystic fibrosis	['Infection']	['Disease; Cystic fibrosis']	42.31824345047923	0.3778414593792788	672366	1213294	197	112	42.31824345047923	SRP563016	Transmission of Pseudomonas aeruginosa in a large teaching hospital in England	SRX27636454	Illumina whole-genome sequencing of Pseudomonas aeruginosa isolate O3	Illumina whole-genome sequencing of Pseudomonas aeruginosa isolate O3	287	Pseudomonas aeruginosa	O3	WGS	GENOMIC	RANDOM	PAIRED	SRS24043236	-	SAMN46746830	PRJNA1221585	Illumina HiSeq 2500	Illumina HiSeq 2500	ILLUMINA	117744098	1213294	239388010	O3_1.fastq.gz	SRR32300557.lite	https://sra-downloadb.be-md.ncbi.nlm.nih.gov/sos10/sra-pub-zq-1002/SRR032/32300/SRR32300557/SRR32300557.lite.1	66057926	2025-02-10 19:21:13	aa7927facd53f27a1d905ebef97fa6a4	1	SRA Lite	Primary ETL	1	s3://sra-pub-zq-2/SRR32300557/SRR32300557.lite.1	s3.us-east-1	aws identity	https://sra-downloadb.be-md.ncbi.nlm.nih.gov/sos10/sra-pub-zq-1002/SRR032/32300/SRR32300557/SRR32300557.lite.1	worldwide	anonymous	gs://sra-pub-zq-105/SRR32300557/SRR32300557.lite.1	gs.us-east1	gcp identity	-		missing	2021	United Kingdom: England	Homo sapiens	diseased	Cystic fibrosis cough swab	not collected	-	Pathogen.cl														O3						-	http://ftp.sra.ebi.ac.uk/vol1/fastq/SRR323/057/SRR32300557/SRR32300557_1.fastq.gz	http://ftp.sra.ebi.ac.uk/vol1/fastq/SRR323/057/SRR32300557/SRR32300557_2.fastq.gz	-	era-fasp@fasp.sra.ebi.ac.uk:vol1/fastq/SRR323/057/SRR32300557/SRR32300557_1.fastq.gz	era-fasp@fasp.sra.ebi.ac.uk:vol1/fastq/SRR323/057/SRR32300557/SRR32300557_2.fastq.gz																				ST175																																																											-		-	not collected																														-	-	-							-	-	-											-					-											-																								-								-	-	-	-	-																																																																																																																																																																					
SRR11218711	cystic fibrosis patients   cystic fibrosis, lung infection sputum sample            - -       	Infection: Disease; Cystic fibrosis	['Infection']	['Disease; Cystic fibrosis']	258.89065495207666	0.3677424076023816	5402185	5957592	300	704	258.89065495207666	SRP251377	Whole-genome sequencing of three Pseudomonas aeruginosa isolates from cystic fibrosis patients	SRX7830903	WGS of P. aeruginosa cystic fibrosis isolate	WGS of P. aeruginosa cystic fibrosis isolate	287	Pseudomonas aeruginosa	C123Dfastq	WGS	GENOMIC	unspecified	SINGLE	SRS6241501	-	SAMN14267520	PRJNA609958	Illumina MiSeq	Illumina MiSeq	ILLUMINA	738481228	5957592	1787277600	C123D_TGACCA_S3_L001_R1_001.fastq.gz	SRR11218711.sralite	https://sra-downloadb.be-md.ncbi.nlm.nih.gov/sos9/sra-pub-zq-922/SRR011/218/SRR11218711.sralite.1	447281407	2020-06-21 06:12:31	4ceef6da921aa056ff2f9e9431f92710	1	SRA Lite	Primary ETL	1	s3://sra-pub-zq-5/SRR11218711/SRR11218711.sralite.1	s3.us-east-1	aws identity	https://sra-downloadb.be-md.ncbi.nlm.nih.gov/sos9/sra-pub-zq-922/SRR011/218/SRR11218711.sralite.1	worldwide	anonymous	gs://sra-pub-zq-104/SRR11218711/SRR11218711.zq.1	gs.us-east1	gcp identity	-		UNC Medical Center	2012-09-10	USA: North Carolina	Homo sapiens	cystic fibrosis, lung infection	sputum sample	35.54 N 79.03 W	C123DV1/S1	Pathogen.cl														lung infection of cystic fibrosis patient						http://ftp.sra.ebi.ac.uk/vol1/fastq/SRR112/011/SRR11218711/SRR11218711.fastq.gz	-	-	era-fasp@fasp.sra.ebi.ac.uk:vol1/fastq/SRR112/011/SRR11218711/SRR11218711.fastq.gz	-	-																				-																																																								-	-	-				-	-	-	-	-	-	-	-	-	-	-	-	-	-	-	-	-	-	-	-	-	-	-	-	-																																																																																																																																																																																																																																																					
ERR12131212	the study of Kos et al 2017.    cystic fibrosis                    	Infection: Disease; Cystic fibrosis	['Infection']	['Disease; Cystic fibrosis']	180.184985942492	0.3669755314511039	1892547	2841876	298	491	180.184985942492	ERP151229	Short-read sequencing data from the study of Kos et al 2017.	ERX11507130	Illumina MiSeq paired end sequencing	Illumina MiSeq paired end sequencing	287	Pseudomonas aeruginosa	AZPAE12136	WGS	GENOMIC	RANDOM	PAIRED	ERS16378761	-	SAMEA114389695	PRJEB66158	Illumina MiSeq	Illumina MiSeq	ILLUMINA	515478202	2841876	847853240	ena-RUN-TAB-17-10-2023-17:33:58:389-4625	ERR12131212.lite	https://sra-downloadb.be-md.ncbi.nlm.nih.gov/sos1/sra-pub-zq-38/ERR012/12131/ERR12131212/ERR12131212.lite.1	222133694	2023-12-02 22:31:04	c00559955f870b8b83d26bfd5cb90c36	1	SRA Lite	Primary ETL	1	s3://sra-pub-zq-3/ERR12131212/ERR12131212.lite.1	s3.us-east-1	aws identity	https://sra-downloadb.be-md.ncbi.nlm.nih.gov/sos1/sra-pub-zq-38/ERR012/12131/ERR12131212/ERR12131212.lite.1	worldwide	anonymous	gs://sra-pub-zq-104/ERR12131212/ERR12131212.lite.1	gs.us-east1	gcp identity	-			-				cystic fibrosis				2023-12-01T12:33:44Z	2023-12-01T12:33:44Z	SAMEA114389695	-	Floto Lab University of Cambridge	2023-12-01T12:33:44Z	2023-12-01T12:33:44Z	public	AZPAE12136	2005-07-02	USA	diseased	Homo sapiens	AZPAE12136	AZPAE12136				Pseudomonas aeruginosa	-	http://ftp.sra.ebi.ac.uk/vol1/fastq/ERR121/012/ERR12131212/ERR12131212_1.fastq.gz	http://ftp.sra.ebi.ac.uk/vol1/fastq/ERR121/012/ERR12131212/ERR12131212_2.fastq.gz	-	era-fasp@fasp.sra.ebi.ac.uk:vol1/fastq/ERR121/012/ERR12131212/ERR12131212_1.fastq.gz	era-fasp@fasp.sra.ebi.ac.uk:vol1/fastq/ERR121/012/ERR12131212/ERR12131212_2.fastq.gz																																																																																																																																																																																																																																																																																																																																																															
SRR40198574	   Cystic Fibrosis lung             -       -	Infection: Disease; Cystic fibrosis	['Infection']	['Disease; Cystic fibrosis']	81.09225303514377	0.3669332716522342	893728	2067663	284	221	81.09225303514377	SRP727576	Experimental evolution of colistin resistance in Pseudomonas aeruginosa	SRX34823572	Whole-genome sequencing of experimental colistin evolution populations	Whole-genome sequencing of experimental colistin evolution populations	287	Pseudomonas aeruginosa	Pseudomonas_aeruginosa_SCHI0021.S.7	WGS	GENOMIC	RANDOM	PAIRED	SRS30370816	-	SAMN62463540	PRJNA1513741	Illumina NovaSeq 6000	Illumina NovaSeq 6000	ILLUMINA	232014736	2067663	588642964	SCHI0021.S.7_1.fastq.gz	SRR40198574.lite	https://sra-downloadb.be-md.ncbi.nlm.nih.gov/sos13/sra-pub-zq-1307/SRR040/40198/SRR40198574/SRR40198574.lite.1	156830622	2026-08-17 00:33:09	d93f2039f6ff980807a2ecdd35578b65	1	SRA Lite	Primary ETL	1	s3://sra-pub-zq-4/SRR40198574/SRR40198574.lite.1	s3.us-east-1	aws identity	https://sra-downloadb.be-md.ncbi.nlm.nih.gov/sos13/sra-pub-zq-1307/SRR040/40198/SRR40198574/SRR40198574.lite.1	worldwide	anonymous	gs://sra-pub-zq-106/SRR40198574/SRR40198574.lite.1	gs.us-east1	gcp identity	-		Prof Scott Bell	2019	Australia	Homo sapiens	Cystic Fibrosis	lung	not applicable	Pseudomonas_aeruginosa_SCHI0021.S.7	Pathogen.cl														-						-	-	-	-	-	-																																																																													-	-	-			-	-	-	-																																				-													-																																	-							-																																															-	-	-	-	-	-	-	-	-	-	-	-	-	-	-	-	-	-	-	-	-	-	-	-	-	-	-	-	-	-	-	-	-	-	-	-	-	-	-	-	-	-	-	-	-	-	-	-	-	-	-	-	-	-	-	-	-	-	-	-	-	-	-	-	-	-	-	-	-	-	-	-	-	-	-	-	-	-	-	-	-	-	-	-	-	-	-	-	-	-	-	-	-																																						
SRR25798612	   - ear swab    -       -      -   	Host Body-Site: Organ; Ear	['Host Body-Site']	['Organ; Ear']	135.6323801916933	0.3569273162939297	893746	1325675	475	380	135.6323801916933	SRP411087	GenomeTrakr Project: West Virginia Department of Agriculture	SRX21520753	WGS of Pseudomonas aeruginosa	WGS of Pseudomonas aeruginosa	287	Pseudomonas aeruginosa	G2304450_b	WGS	GENOMIC	RANDOM PCR	PAIRED	SRS18744014	-	SAMN37198774	PRJNA825843	Illumina MiSeq	Illumina MiSeq	ILLUMINA	398772364	1325675	630222756	G2304450-B_S4_L001_R1_001.fastq.gz	SRR25798612.lite	https://sra-downloadb.be-md.ncbi.nlm.nih.gov/sos13/sra-pub-zq-1305/SRR025/25798/SRR25798612/SRR25798612.lite.1	163832017	2023-09-04 15:57:47	9a52a6523a74fc8700a47dfdd6ebce9f	1	SRA Lite	Primary ETL	1	s3://sra-pub-zq-2/SRR25798612/SRR25798612.lite.1	s3.us-east-1	aws identity	https://sra-downloadb.be-md.ncbi.nlm.nih.gov/sos13/sra-pub-zq-1305/SRR025/25798/SRR25798612/SRR25798612.lite.1	worldwide	anonymous	gs://sra-pub-zq-105/SRR25798612/SRR25798612.lite.1	gs.us-east1	gcp identity	-		West Virginia Department of Agriculture	2023-07-18	USA:WV	-	-	ear swab	not collected	-	Pathogen.env										-				-						-	http://ftp.sra.ebi.ac.uk/vol1/fastq/SRR257/012/SRR25798612/SRR25798612_1.fastq.gz	http://ftp.sra.ebi.ac.uk/vol1/fastq/SRR257/012/SRR25798612/SRR25798612_2.fastq.gz	-	era-fasp@fasp.sra.ebi.ac.uk:vol1/fastq/SRR257/012/SRR25798612/SRR25798612_1.fastq.gz	era-fasp@fasp.sra.ebi.ac.uk:vol1/fastq/SRR257/012/SRR25798612/SRR25798612_2.fastq.gz										-												-																																								-											G2304450_b		-				-																																					GenomeTrakr; LFFM-FY4		West Virginia Department of Agriculture	animal								canine				-																			-		-	-	-	-										-	-	-																																																																																																																																																																																								
ERR431534	a 2.5 year long persistent infection in an Australian pediatric Cystic Fibrosis patient.                        	Infection: Disease; Cystic fibrosis	['Infection']	['Disease; Cystic fibrosis']	411.223642172524	0.3508734148229727	6435650	9243975	200	1172	411.223642172524	ERP004880	Pseudomonas aeruginosa isolates from a 2.5 year long persistent infection in an Australian pediatric Cystic Fibrosis patient.	ERX397809	Illumina HiSeq 2000 paired end sequencing	Illumina HiSeq 2000 paired end sequencing	287	Pseudomonas aeruginosa	Short PE library	WGS	GENOMIC	size fractionation	PAIRED	ERS403344	-	SAMEA2358318	PRJEB5465	Illumina HiSeq 2000	Illumina HiSeq 2000	ILLUMINA	1229455987	9243975	1848795000	RUN-BRAEMBL-pBris34-BB13-BAXA-13_D1386ACXX_GTGGCC_L002_R1	ERR431534.lite	https://sra-downloadb.be-md.ncbi.nlm.nih.gov/sos8/sra-pub-zq-818/ERR000/431/ERR431534/ERR431534.lite.2	466057386	2022-07-27 20:32:19	3214b92e984691cc4e292efbd2b7b62c	2	SRA Lite	Primary ETL	1	s3://sra-pub-zq-5/ERR431534/ERR431534.lite.2	s3.us-east-1	aws identity	https://sra-downloadb.be-md.ncbi.nlm.nih.gov/sos8/sra-pub-zq-818/ERR000/431/ERR431534/ERR431534.lite.2	worldwide	anonymous	gs://sra-pub-zq-102/ERR431534/ERR431534.lite.2	gs.us-east1	gcp identity	EXPERIMENT-BRAEMBL-pBris34-BB13									ACFB14		2016-02-14T17:04:25Z	2018-03-09T10:39:35Z	SAMEA2358318		BRAEMBL	2016-02-14T17:04:25Z	2018-03-09T10:39:35Z	public	BRAEMBL-pBris34-BB13						BRAEMBL-pBris34-BB13	http://ftp.sra.ebi.ac.uk/vol1/run/ERR431/ERR431534/BAXA-13_D1386ACXX_GTGGCC_L002_R2.fastq.gz	worldwide	anonymous	Pseudomonas aeruginosa	-	http://ftp.sra.ebi.ac.uk/vol1/fastq/ERR431/ERR431534/ERR431534_1.fastq.gz	http://ftp.sra.ebi.ac.uk/vol1/fastq/ERR431/ERR431534/ERR431534_2.fastq.gz	-	era-fasp@fasp.sra.ebi.ac.uk:vol1/fastq/ERR431/ERR431534/ERR431534_1.fastq.gz	era-fasp@fasp.sra.ebi.ac.uk:vol1/fastq/ERR431/ERR431534/ERR431534_2.fastq.gz														BRAEMBL																																																																																																																																																																																																																																																																																																																																																	
SRR5642376	   not collected eye drainage    -             -   -	Host Body-Site: Organ; Eye	['Host Body-Site']	['Organ; Eye']	129.77688498402557	0.3488625940430795	2708011	2880803	300	372	129.77688498402557	SRP094858	Pseudomonas aeruginosa Genome sequencing, assembly and annotation	SRX2880561	-	Other Sequencing of Pseudomonas aeruginosa	287	Pseudomonas aeruginosa	2330	WGS	GENOMIC			SRS2248427	-	SAMN07185686	PRJNA342804	NextSeq 500		ILLUMINA	391031398	2880803	864509452	2330_SRA	SRR5642376.sralite	https://sra-downloadb.be-md.ncbi.nlm.nih.gov/sos12/sra-pub-zq-1214/SRR005/642/SRR5642376.sralite.1	223168751	2020-06-21 11:36:54	ce93f029fa1f22310c7c8f3d7f98efe2	1	SRA Lite	Primary ETL	1	s3://sra-pub-zq-6/SRR5642376/SRR5642376.sralite.1	s3.us-east-1	aws identity	https://sra-downloadb.be-md.ncbi.nlm.nih.gov/sos12/sra-pub-zq-1214/SRR005/642/SRR5642376.sralite.1	worldwide	anonymous	gs://sra-pub-zq-107/SRR5642376/SRR5642376.zq.1	gs.us-east1	gcp identity	-		not collected	2008	USA	Homo sapiens	not collected	eye drainage	missing	2330	Pathogen.cl										-				-						-	http://ftp.sra.ebi.ac.uk/vol1/fastq/SRR564/006/SRR5642376/SRR5642376_1.fastq.gz	http://ftp.sra.ebi.ac.uk/vol1/fastq/SRR564/006/SRR5642376/SRR5642376_2.fastq.gz	-	era-fasp@fasp.sra.ebi.ac.uk:vol1/fastq/SRR564/006/SRR5642376/SRR5642376_1.fastq.gz	era-fasp@fasp.sra.ebi.ac.uk:vol1/fastq/SRR564/006/SRR5642376/SRR5642376_2.fastq.gz										-					-					-		-										-																														-																	-		-																																																					-																		-	-	-								-											-	-																																																																																																																																												RANDOM	PAIRED	NextSeq 500	-	-	-	-	-	-	-	-	-	-	-																								
SRR15305005	a patient with cystic fibrosis Pseudomonas aeruginosa from a cystic fibrosis patient Pseudomonas aeruginosa from a cystic fibrosis patient Cystic Fibrosis Bronchalveolar Lavage                    	Infection: Disease; Cystic fibrosis	['Infection']	['Disease; Cystic fibrosis']	34.038428115015975	0.3304701758739415	380501	931905	280	103	34.038428115015975	SRP330526	MDR Pseudomonas aeruginosa isolated from a patient with cystic fibrosis	SRX11609720	RNAseq from Pseudomonas aeruginosa from a cystic fibrosis patient	RNAseq from Pseudomonas aeruginosa from a cystic fibrosis patient	287	Pseudomonas aeruginosa	Pae_AZ11	RNA-Seq	TRANSCRIPTOMIC	RANDOM	PAIRED	SRS9645629	-	SAMN14145406	PRJNA607744	Illumina MiSeq	Illumina MiSeq	ILLUMINA	108292137	931905	261660818	Pae_AZ11_R1.fastq	SRR15305005.lite	https://sra-downloadb.be-md.ncbi.nlm.nih.gov/sos1/sra-pub-zq-38/SRR015/15305/SRR15305005/SRR15305005.lite.1	70050900	2022-09-30 00:36:59	b2c34663e6d421de238b2713d953d046	1	SRA Lite	Primary ETL	1	s3://sra-pub-zq-3/SRR15305005/SRR15305005.lite.1	s3.us-east-1	aws identity	https://sra-downloadb.be-md.ncbi.nlm.nih.gov/sos1/sra-pub-zq-38/SRR015/15305/SRR15305005/SRR15305005.lite.1	worldwide	anonymous	gs://sra-pub-zq-102/SRR15305005/SRR15305005.lite.1	gs.us-east1	gcp identity	-		Jackson Memorial Hospital	2017-08-24	USA	Homo sapiens	Cystic Fibrosis	Bronchalveolar Lavage	25.7617 N 80.1918 W	Pae_AZ11	Pathogen.cl														-						-	http://ftp.sra.ebi.ac.uk/vol1/fastq/SRR153/005/SRR15305005/SRR15305005_1.fastq.gz	http://ftp.sra.ebi.ac.uk/vol1/fastq/SRR153/005/SRR15305005/SRR15305005_2.fastq.gz	-	era-fasp@fasp.sra.ebi.ac.uk:vol1/fastq/SRR153/005/SRR15305005/SRR15305005_1.fastq.gz	era-fasp@fasp.sra.ebi.ac.uk:vol1/fastq/SRR153/005/SRR15305005/SRR15305005_2.fastq.gz																																																																															-																																	-	-	-	-	-	-	-	-	-																																																																																																																																																																																																																																							
SRR6164153	 sputum sputum - -    sutum             cystic fibrosis   	Infection: Disease; Cystic fibrosis	['Infection']	['Disease; Cystic fibrosis']	232.57281038338647	0.3216774694099399	3667269	3916553	397	723	232.57281038338647	SRP119846	Drug-driven phenotypic convergence supports rational treatment strategies of chronic infections	SRX3275488	t3,  P.aeruginosa population from sputum	t3,  P.aeruginosa population from sputum	287	Pseudomonas aeruginosa	lib121	WGS	GENOMIC			SRS2586764	-	SAMN07777036	PRJNA414086	Illumina MiSeq		ILLUMINA	758891978	3916553	1556321442	124-14_S4_L001_R2_001.fastq.gz	SRR6164153.sralite	https://sra-downloadb.be-md.ncbi.nlm.nih.gov/sos12/sra-pub-zq-1214/SRR006/164/SRR6164153.sralite.1	409518184	2020-06-21 09:39:50	ef9081b6b104a2749101bc71a12a5def	1	SRA Lite	Primary ETL	1	s3://sra-pub-zq-6/SRR6164153/SRR6164153.sralite.1	s3.us-east-1	aws identity	https://sra-downloadb.be-md.ncbi.nlm.nih.gov/sos12/sra-pub-zq-1214/SRR006/164/SRR6164153.sralite.1	worldwide	anonymous	gs://sra-pub-zq-104/SRR6164153/SRR6164153.zq.1	gs.us-east1	gcp identity	-		-	-	-	cf patient	-	-	-	undetermined	Pathogen.cl										2016				P.aeruginosa						-	http://ftp.sra.ebi.ac.uk/vol1/fastq/SRR616/003/SRR6164153/SRR6164153_1.fastq.gz	http://ftp.sra.ebi.ac.uk/vol1/fastq/SRR616/003/SRR6164153/SRR6164153_2.fastq.gz	-	era-fasp@fasp.sra.ebi.ac.uk:vol1/fastq/SRR616/003/SRR6164153/SRR6164153_1.fastq.gz	era-fasp@fasp.sra.ebi.ac.uk:vol1/fastq/SRR616/003/SRR6164153/SRR6164153_2.fastq.gz										sutum					P.aeruginosa popluation from sputum							Lejla Imamovic										t3, P.aeruginosa population from sputum																																															-		-																																																																							Denmark: Copenhagen	cystic fibrosis	missing																																																																																																																																																																RANDOM	PAIRED	Illumina MiSeq	RANDOM	paired	ILLUMINA	Illumina MiSeq	DNA was extracted with the Quiagen Blood and Tissue DNA Kit. Genomic libraries were prepared using the TruSeq DNA Nano (550 bp) kit from Illumina	fastq	124-14_S4_L001_R1_001.fastq	124-14_S4_L001_R2_001.fastq																											
ERR445120	Australian pediatric Cystic Fibrosis patients.                        	Infection: Disease; Cystic fibrosis	['Infection']	['Disease; Cystic fibrosis']	383.07712460063897	0.3208351127308534	5995157	9502735	200	1194	383.07712460063897	ERP005157	Pseudomonas aeruginosa isolates from Australian pediatric Cystic Fibrosis patients.	ERX411884	Illumina HiSeq 2000 paired end sequencing	Illumina HiSeq 2000 paired end sequencing	287	Pseudomonas aeruginosa	Short PE library	WGS	GENOMIC	size fractionation	PAIRED	ERS416120	-	SAMEA2391900	PRJEB5733	Illumina HiSeq 2000	Illumina HiSeq 2000	ILLUMINA	1252819269	9502735	1900547000	RUN-BRAEMBL-ACFBAL-ACFB18-COZO01-3_D1386ACXX_GTTTCG_L002_R2	ERR445120.lite	https://sra-downloadb.be-md.ncbi.nlm.nih.gov/sos8/sra-pub-zq-818/ERR000/445/ERR445120/ERR445120.lite.2	478986171	2022-07-27 20:36:14	f3f9bff91f4ae508b308ae09e9185fe1	2	SRA Lite	Primary ETL	1	s3://sra-pub-zq-5/ERR445120/ERR445120.lite.2	s3.us-east-1	aws identity	https://sra-downloadb.be-md.ncbi.nlm.nih.gov/sos8/sra-pub-zq-818/ERR000/445/ERR445120/ERR445120.lite.2	worldwide	anonymous	gs://sra-pub-zq-102/ERR445120/ERR445120.lite.2	gs.us-east1	gcp identity	EXPERIMENT-BRAEMBL-ACFBAL-ACFB18									ACFB18		2016-03-02T17:01:28Z	2018-03-09T10:44:31Z	SAMEA2391900		BRAEMBL	2016-03-02T17:01:28Z	2018-03-09T10:44:31Z	public	BRAEMBL-ACFBAL-ACFB18						BRAEMBL-ACFBAL-ACFB18	http://ftp.sra.ebi.ac.uk/vol1/run/ERR445/ERR445120/COZO01-3_D1386ACXX_GTTTCG_L002_R2.fastq.gz	worldwide	anonymous	Pseudomonas aeruginosa	-	http://ftp.sra.ebi.ac.uk/vol1/fastq/ERR445/ERR445120/ERR445120_1.fastq.gz	http://ftp.sra.ebi.ac.uk/vol1/fastq/ERR445/ERR445120/ERR445120_2.fastq.gz	-	era-fasp@fasp.sra.ebi.ac.uk:vol1/fastq/ERR445/ERR445120/ERR445120_1.fastq.gz	era-fasp@fasp.sra.ebi.ac.uk:vol1/fastq/ERR445/ERR445120/ERR445120_2.fastq.gz														BRAEMBL																																																																																																																																																																																																																																																																																																																																																	
SRR11564069	   - cystic fibrosis sputum           -         	Infection: Disease; Cystic fibrosis	['Infection']	['Disease; Cystic fibrosis']	71.1797015974441	0.3191914869840542	1102933	1700019	202	223	71.1797015974441	SRP256972	Comparative genomics to enable identification of genes linked to the Pseudomonas aeruginosa rugose colony phenotype	SRX8133223	Comparative genomics of Pseudomonas aeruginosa rugose small colony variants	Comparative genomics of Pseudomonas aeruginosa rugose small colony variants	287	Pseudomonas aeruginosa	8	WGS	GENOMIC	RANDOM	PAIRED	SRS6496722	-	SAMN14614623	PRJNA625996	Illumina HiSeq 2000	Illumina HiSeq 2000	ILLUMINA	234197552	1700019	343403838	C0VNEACXX_8_1.fq.AMT0113-8S.fq.gz	SRR11564069.sralite	https://sra-downloadb.be-md.ncbi.nlm.nih.gov/sos9/sra-pub-zq-922/SRR011/564/SRR11564069.sralite.1	86108897	2020-06-24 01:45:17	204012e86f0c0e4865fa73e160d0d68f	1	SRA Lite	Primary ETL	1	s3://sra-pub-zq-8/SRR11564069/SRR11564069.sralite.1	s3.us-east-1	aws identity	https://sra-downloadb.be-md.ncbi.nlm.nih.gov/sos9/sra-pub-zq-922/SRR011/564/SRR11564069.sralite.1	worldwide	anonymous	gs://sra-pub-zq-109/SRR11564069/SRR11564069.zq.1	gs.us-east1	gcp identity	-		Seattle Children's Hospital	missing	USA: Seattle	Homo sapiens	-	cystic fibrosis sputum	-	AMT0113-8S	Microbe, viral or environmental										-				-						-	http://ftp.sra.ebi.ac.uk/vol1/fastq/SRR115/069/SRR11564069/SRR11564069_1.fastq.gz	http://ftp.sra.ebi.ac.uk/vol1/fastq/SRR115/069/SRR11564069/SRR11564069_2.fastq.gz	-	era-fasp@fasp.sra.ebi.ac.uk:vol1/fastq/SRR115/069/SRR11564069/SRR11564069_1.fastq.gz	era-fasp@fasp.sra.ebi.ac.uk:vol1/fastq/SRR115/069/SRR11564069/SRR11564069_2.fastq.gz																																																						-									-	-	-	-	-	-	-	-	-	-	-	-	-		-		whole organism			-																									-	-	-	-																																																																																																																																																																																																																																																	
SRR36421863	Patient 9 cystic fibrosis child cystic fibrosis child Cystic fibrosis sputum                  -  -	Infection: Disease; Cystic fibrosis	['Infection']	['Disease; Cystic fibrosis']	269.4240415335463	0.3143804451966701	2792375	9948374	302	857	269.4240415335463	SRP654733	Pseudomonas aeruginosa strain PAH, isolate from Patient 9	SRX31448543	RNAseq of PAH strain isolated from cystic fibrosis child	RNAseq of PAH strain isolated from cystic fibrosis child	287	Pseudomonas aeruginosa	PAH1	RNA-Seq	TRANSCRIPTOMIC	RANDOM	PAIRED	SRS27431775	-	SAMN48739815	PRJNA1268010	Illumina HiSeq 2000	Illumina HiSeq 2000	ILLUMINA	899467561	9948374	3004408948	PAH1_S174_L008_R1_001.fastq	SRR36421863.lite	https://sra-downloadb.be-md.ncbi.nlm.nih.gov/sos9/sra-pub-zq-924/SRR036/36421/SRR36421863/SRR36421863.lite.1	760949317	2025-12-12 08:41:03	77d20f00ff6c8dd41a6ad146dc65f11e	1	SRA Lite	Primary ETL	1	s3://sra-pub-zq-8/SRR36421863/SRR36421863.lite.1	s3.us-east-1	aws identity	https://sra-downloadb.be-md.ncbi.nlm.nih.gov/sos9/sra-pub-zq-924/SRR036/36421/SRR36421863/SRR36421863.lite.1	worldwide	anonymous	gs://sra-pub-zq-101/SRR36421863/SRR36421863.lite.1	gs.us-east1	gcp identity	-		Rosana Pereda (Hospital Pedro de Elizalde, Buenos Aires, Argentina)	2022-08-22	Argentina: Buenos Aires	Homo sapiens	Cystic fibrosis	sputum	34.620000 S 58.430000 W	PAH	Pathogen.cl														-						-	http://ftp.sra.ebi.ac.uk/vol1/fastq/SRR364/063/SRR36421863/SRR36421863_1.fastq.gz	http://ftp.sra.ebi.ac.uk/vol1/fastq/SRR364/063/SRR36421863/SRR36421863_2.fastq.gz	-	era-fasp@fasp.sra.ebi.ac.uk:vol1/fastq/SRR364/063/SRR36421863/SRR36421863_1.fastq.gz	era-fasp@fasp.sra.ebi.ac.uk:vol1/fastq/SRR364/063/SRR36421863/SRR36421863_2.fastq.gz																																																																															-		-																															-	-	-							-	-	-																						-													-														-	-	-														-																																																																																																																																																																			
SRR5590236	   - cystic fibrosis patients    -             -   -	Infection: Disease; Cystic fibrosis	['Infection']	['Disease; Cystic fibrosis']	69.60469137380191	0.3000202214388013	985804	1010246	442	232	69.60469137380191	SRP107892	Pseudomonas aeruginosa experimental evolution_biofilm	SRX2847342	dipA*	dipA*	652611	Pseudomonas aeruginosa PA14	DFR1-4-14	WGS	GENOMIC			SRS2220318	-	SAMN07159719	PRJNA387621	Illumina MiSeq		ILLUMINA	244295710	1010246	447012468	DFRI-4-14_S1_L001_R2_001.fastq	SRR5590236.sralite	https://sra-downloadb.be-md.ncbi.nlm.nih.gov/sos12/sra-pub-zq-1214/SRR005/590/SRR5590236.sralite.1	116182738	2020-06-21 10:25:15	263556c706828cb27660815abd7240ab	1	SRA Lite	Primary ETL	1	s3://sra-pub-zq-6/SRR5590236/SRR5590236.sralite.1	s3.us-east-1	aws identity	https://sra-downloadb.be-md.ncbi.nlm.nih.gov/sos12/sra-pub-zq-1214/SRR005/590/SRR5590236.sralite.1	worldwide	anonymous	gs://sra-pub-zq-107/SRR5590236/SRR5590236.zq.1	gs.us-east1	gcp identity	-		-	2014	USA: New York	opportunistic pathogen	-	cystic fibrosis patients	-	PA14	Microbe, viral or environmental										-				dipA*						-	http://ftp.sra.ebi.ac.uk/vol1/fastq/SRR559/006/SRR5590236/SRR5590236_1.fastq.gz	http://ftp.sra.ebi.ac.uk/vol1/fastq/SRR559/006/SRR5590236/SRR5590236_2.fastq.gz	-	era-fasp@fasp.sra.ebi.ac.uk:vol1/fastq/SRR559/006/SRR5590236/SRR5590236_1.fastq.gz	era-fasp@fasp.sra.ebi.ac.uk:vol1/fastq/SRR559/006/SRR5590236/SRR5590236_2.fastq.gz										-					-					-		-										-																														-																	monoculture		-																																																					-																		-	-	-								-											-	-																																																																																																																																												unspecified	PAIRED	Illumina MiSeq	-	-	-	-	-	-	-	-	-	-	-																								
SRR35316738	   cystic fibrosis label                  -  -	Infection: Disease; Cystic fibrosis	['Infection']	['Disease; Cystic fibrosis']	537.3454159744409	0.2947588677863088	5569176	17044088	302	1823	537.3454159744409	SRP618611	PaoP5_163	SRX30418583	RNA-Seq of Pseudomonas aeruginosa	RNA-Seq of Pseudomonas aeruginosa	208964	Pseudomonas aeruginosa PAO1	PE1	RNA-Seq	TRANSCRIPTOMIC	cDNA	PAIRED	SRS26454907	-	SAMN51237308	PRJNA1322126	DNBSEQ-T7	DNBSEQ-T7	DNBSEQ	1912589112	17044088	5147314576	L1EGH020552--PAO1_1.R1.raw.fastq.gz	SRR35316738.lite	https://sra-downloadb.be-md.ncbi.nlm.nih.gov/sos8/sra-pub-zq-820/SRR035/35316/SRR35316738/SRR35316738.lite.1	1611216882	2025-09-12 03:50:35	f7234ff3ace30dab1169358f7bd6893d	1	SRA Lite	Primary ETL	1	s3://sra-pub-zq-1/SRR35316738/SRR35316738.lite.1	s3.us-east-1	aws identity	https://sra-downloadb.be-md.ncbi.nlm.nih.gov/sos8/sra-pub-zq-820/SRR035/35316/SRR35316738/SRR35316738.lite.1	worldwide	anonymous	gs://sra-pub-zq-105/SRR35316738/SRR35316738.lite.1	gs.us-east1	gcp identity	-		YANWENBO	2023-06-23	China:Xian	Homo sapiens	cystic fibrosis	label	33.42 N 107.40 E	PAO1	Pathogen.cl														1						-	http://ftp.sra.ebi.ac.uk/vol1/fastq/SRR353/038/SRR35316738/SRR35316738_1.fastq.gz	http://ftp.sra.ebi.ac.uk/vol1/fastq/SRR353/038/SRR35316738/SRR35316738_2.fastq.gz	-	era-fasp@fasp.sra.ebi.ac.uk:vol1/fastq/SRR353/038/SRR35316738/SRR35316738_1.fastq.gz	era-fasp@fasp.sra.ebi.ac.uk:vol1/fastq/SRR353/038/SRR35316738/SRR35316738_2.fastq.gz																																																																															-		-																															-	-	-							-	-	-																						-													-														-	-	-														-																																																																																																																																																																			
SRR13104352	   cystic fibrosis expectorated sputum            -  -      	Infection: Disease; Cystic fibrosis	['Infection']	['Disease; Cystic fibrosis']	66.93178913738019	0.2872608975853227	418993	772480	500	233	66.93178913738019	SRP293641	Heterogenous response to R-pyocin killing in populations of Pseudomonas aeruginosa clinical samples	SRX9549847	WGS of Pseudomonas aeruginosa CF isolate	WGS of Pseudomonas aeruginosa CF isolate	287	Pseudomonas aeruginosa	CFBR213_1	WGS	GENOMIC	cDNA	PAIRED	SRS7754521	-	SAMN16865080	PRJNA679963	Illumina MiSeq	Illumina MiSeq	ILLUMINA	244750785	772480	387002118	SD02-213-1_S2_L001_R1_001.fastq.gz	SRR13104352.lite	https://sra-downloadb.be-md.ncbi.nlm.nih.gov/sos9/sra-pub-zq-922/SRR013/13104/SRR13104352/SRR13104352.lite.1	98887315	2022-07-15 12:46:18	e8ce3be995eed6ad3e87733b52963c3f	1	SRA Lite	Primary ETL	1	s3://sra-pub-zq-4/SRR13104352/SRR13104352.lite.1	s3.us-east-1	aws identity	https://sra-downloadb.be-md.ncbi.nlm.nih.gov/sos9/sra-pub-zq-922/SRR013/13104/SRR13104352/SRR13104352.lite.1	worldwide	anonymous	gs://sra-pub-zq-103/SRR13104352/SRR13104352.lite.1	gs.us-east1	gcp identity	-		M. Mei	2018	USA	Homo sapiens	cystic fibrosis	expectorated sputum	33.753746 N 84.386330 W	CFBR213	Pathogen.cl														213-1						-	http://ftp.sra.ebi.ac.uk/vol1/fastq/SRR131/052/SRR13104352/SRR13104352_1.fastq.gz	http://ftp.sra.ebi.ac.uk/vol1/fastq/SRR131/052/SRR13104352/SRR13104352_2.fastq.gz	-	era-fasp@fasp.sra.ebi.ac.uk:vol1/fastq/SRR131/052/SRR13104352/SRR13104352_1.fastq.gz	era-fasp@fasp.sra.ebi.ac.uk:vol1/fastq/SRR131/052/SRR13104352/SRR13104352_2.fastq.gz																																																														-														-	-	-				-																													-																																																																																																																																																																																																																																																
SRR12830011	   cystic fibrosis sputum            -  -      	Infection: Disease; Cystic fibrosis	['Infection']	['Disease; Cystic fibrosis']	404.4841846645368	0.2676930408104148	2103049	4281782	602	1511	404.4841846645368	SRP287440	Cystic Fibrosis Lung Function Decline after Within-Host Evolution Increases Virulence of Infecting Pseudomonas aeruginosa	SRX9297597	WGS of P. aeruginosa population: adult male sputum	WGS of P. aeruginosa population: adult male sputum	388272	Pseudomonas aeruginosa PACS2	P1_20.4Ya	WGS	METAGENOMIC	RANDOM	PAIRED	SRS7521595	-	SAMN16445477	PRJNA669532	Illumina MiSeq	Illumina MiSeq	ILLUMINA	1584624451	4281782	2577632764	P1_20.4Ya_R1_001.fastq.gz	SRR12830011.lite	https://sra-downloadb.be-md.ncbi.nlm.nih.gov/sos9/sra-pub-zq-922/SRR012/12830/SRR12830011/SRR12830011.lite.1	646575578	2022-07-16 22:16:05	5afdce96ab27f5a4fd498755b0d039d7	1	SRA Lite	Primary ETL	1	s3://sra-pub-zq-4/SRR12830011/SRR12830011.lite.1	s3.us-east-1	aws identity	https://sra-downloadb.be-md.ncbi.nlm.nih.gov/sos9/sra-pub-zq-922/SRR012/12830/SRR12830011/SRR12830011.lite.1	worldwide	anonymous	gs://sra-pub-zq-107/SRR12830011/SRR12830011.lite.1	gs.us-east1	gcp identity	-		UW	2014-06	USA: Washington	Homo sapiens	cystic fibrosis	sputum	47.65 N 122.31 W	PACS2	Pathogen.cl														20.4Y Sample A						-	http://ftp.sra.ebi.ac.uk/vol1/fastq/SRR128/011/SRR12830011/SRR12830011_1.fastq.gz	http://ftp.sra.ebi.ac.uk/vol1/fastq/SRR128/011/SRR12830011/SRR12830011_2.fastq.gz	-	era-fasp@fasp.sra.ebi.ac.uk:vol1/fastq/SRR128/011/SRR12830011/SRR12830011_1.fastq.gz	era-fasp@fasp.sra.ebi.ac.uk:vol1/fastq/SRR128/011/SRR12830011/SRR12830011_2.fastq.gz																																																														-														-	male	-				20.4 y																													-																																																																																																																																																																																																																																																
SRR36366199	   - Human eye                  -  -	Host Body-Site: Organ; Eye	['Host Body-Site']	['Organ; Eye']	142.0635980830671	0.2621099595628544	1472381	5796708	302	542	142.0635980830671	SRP653492	Bacterial-bacterial interactions in simulated polymicrobial infections and effect on antimicrobial resistance	SRX31394836	RNASeq of methicillin-resistance strains of Staphylococcus aureus and the drug-susceptible strain of Pseudomonas aeruginosa.	RNASeq of methicillin-resistance strains of Staphylococcus aureus and the drug-susceptible strain of Pseudomonas aeruginosa.	2746493	prokaryote coculture	S496	RNA-Seq	METATRANSCRIPTOMIC	PCR	PAIRED	SRS27379682	-	SAMN53717237	PRJNA1376269	Illumina NovaSeq X Plus	Illumina NovaSeq X Plus	ILLUMINA	568364234	5796708	1750605816	MRSA-SPA-1_S496_L006_R1.fq.gz	SRR36366199.lite	https://sra-downloadb.be-md.ncbi.nlm.nih.gov/sos10/sra-pub-zq-1002/SRR036/36366/SRR36366199/SRR36366199.lite.1	450401615	2025-12-08 16:42:18	c4b210e208396e983af94e87bb241744	1	SRA Lite	Primary ETL	1	s3://sra-pub-zq-2/SRR36366199/SRR36366199.lite.1	s3.us-east-1	aws identity	https://sra-downloadb.be-md.ncbi.nlm.nih.gov/sos10/sra-pub-zq-1002/SRR036/36366/SRR36366199/SRR36366199.lite.1	worldwide	anonymous	gs://sra-pub-zq-105/SRR36366199/SRR36366199.lite.1	gs.us-east1	gcp identity	-		-	2023-11	India: Hyderabad	Homo sapiens	-	Human eye	-	-	Microbe, viral or environmental														isolate_R1						-	http://ftp.sra.ebi.ac.uk/vol1/fastq/SRR363/099/SRR36366199/SRR36366199_1.fastq.gz	http://ftp.sra.ebi.ac.uk/vol1/fastq/SRR363/099/SRR36366199/SRR36366199_2.fastq.gz	-	era-fasp@fasp.sra.ebi.ac.uk:vol1/fastq/SRR363/099/SRR36366199/SRR36366199_1.fastq.gz	era-fasp@fasp.sra.ebi.ac.uk:vol1/fastq/SRR363/099/SRR36366199/SRR36366199_2.fastq.gz																																																																															mixed culture		-																															-	-	-							-	-	-																						-													-														-	-	-														Pseudomonas aeruginosa																																																																																																																																																																			
SRR15458637	   Chronic suppurative otitis media ear canal               - -    	Host Body-Site: Organ; Ear	['Host Body-Site']	['Organ; Ear']	32.60752428115016	0.2489123990927493	382253	776122	267	131	32.60752428115016	SRP254003	Whole genome sequencing of bacteria resistant to antibacterial agents in paediatric population in Qatar Raw sequence reads	SRX11758029	Whole Genome Sequencing of Pseudomonas aeruginosa in pediatric patients in Qatar	Whole Genome Sequencing of Pseudomonas aeruginosa in pediatric patients in Qatar	287	Pseudomonas aeruginosa	C48_50902	WGS	GENOMIC	RANDOM	PAIRED	SRS9777032	-	SAMN20720544	PRJNA577539	Illumina MiSeq	Illumina MiSeq	ILLUMINA	137873088	776122	207657822	C48_50902_L001_R1_001.fastq.gz	SRR15458637.lite	https://sra-downloadb.be-md.ncbi.nlm.nih.gov/sos1/sra-pub-zq-38/SRR015/15458/SRR15458637/SRR15458637.lite.1	55775698	2022-09-07 09:48:08	550390f66c2522be78b1430ab19e81d3	1	SRA Lite	Primary ETL	1	s3://sra-pub-zq-2/SRR15458637/SRR15458637.lite.1	s3.us-east-1	aws identity	https://sra-downloadb.be-md.ncbi.nlm.nih.gov/sos1/sra-pub-zq-38/SRR015/15458/SRR15458637/SRR15458637.lite.1	worldwide	anonymous	gs://sra-pub-zq-107/SRR15458637/SRR15458637.lite.1	gs.us-east1	gcp identity	-		Sidra Medicine	2020-12-06	Qatar:Doha	Homo sapiens	Chronic suppurative otitis media	ear canal	25.28 N 51.53 E	C48	Pathogen.cl														-						-	http://ftp.sra.ebi.ac.uk/vol1/fastq/SRR154/037/SRR15458637/SRR15458637_1.fastq.gz	http://ftp.sra.ebi.ac.uk/vol1/fastq/SRR154/037/SRR15458637/SRR15458637_2.fastq.gz	-	era-fasp@fasp.sra.ebi.ac.uk:vol1/fastq/SRR154/037/SRR15458637/SRR15458637_1.fastq.gz	era-fasp@fasp.sra.ebi.ac.uk:vol1/fastq/SRR154/037/SRR15458637/SRR15458637_2.fastq.gz																				-																																																					-						-																																	-	-	-							-	-	-	-	-	-	-	-	-	-	01MB200050902	-																																																																																																																																																																																																																											
SRR9673758	   Cystic fibrosis sputum              -      	Infection: Disease; Cystic fibrosis	['Infection']	['Disease; Cystic fibrosis']	149.59782747603833	0.228045468713473	1858100	7291139	252	656	149.59782747603833	SRP214413	Pseudomonas aeruginosa PA2596 and Staphylococcus aureus SA2597 co-cultured RNA-Seq	SRX6434210	RNA-Seq of Pseudomonas aeruginosa: PA2596 and Staphylococcus aureus: SA2597 co-cultured (replicate2)	RNA-Seq of Pseudomonas aeruginosa: PA2596 and Staphylococcus aureus: SA2597 co-cultured (replicate2)	1427524	mixed sample	2596+2597-2	RNA-Seq	TRANSCRIPTOMIC	cDNA	PAIRED	SRS5088804	-	SAMN12217610	PRJNA552786	Illumina HiSeq 2500	Illumina HiSeq 2500	ILLUMINA	688609730	7291139	1837367028	2596+2597-TAKE2_R1_001.fastq.gz	SRR9673758.sralite	https://sra-downloadb.be-md.ncbi.nlm.nih.gov/sos9/sra-pub-zq-922/SRR009/673/SRR9673758.sralite.1	462009235	2020-06-19 19:13:26	3290507c45b1a54c40a94d459824124f	1	SRA Lite	Primary ETL	1	s3://sra-pub-zq-7/SRR9673758/SRR9673758.sralite.1	s3.us-east-1	aws identity	https://sra-downloadb.be-md.ncbi.nlm.nih.gov/sos9/sra-pub-zq-922/SRR009/673/SRR9673758.sralite.1	worldwide	anonymous	gs://sra-pub-zq-106/SRR9673758/SRR9673758.zq.1	gs.us-east1	gcp identity	-		CNR	2015-03	France: Lyon	Homo sapiens	Cystic fibrosis	sputum	45.75 N 4.85 E	Pseudomonas aeruginosa PA2596 and Staphylococcus aureus SA2597 co-cultured	Microbe, viral or environmental														-						-	http://ftp.sra.ebi.ac.uk/vol1/fastq/SRR967/008/SRR9673758/SRR9673758_1.fastq.gz	http://ftp.sra.ebi.ac.uk/vol1/fastq/SRR967/008/SRR9673758/SRR9673758_2.fastq.gz	-	era-fasp@fasp.sra.ebi.ac.uk:vol1/fastq/SRR967/008/SRR9673758/SRR9673758_1.fastq.gz	era-fasp@fasp.sra.ebi.ac.uk:vol1/fastq/SRR967/008/SRR9673758/SRR9673758_2.fastq.gz															-					-																																										REP2															-	-	missing			-																													-																							-																																																																																																																																																																																																							-		-	-	-	-	-	-	-	-	-	-	-	-	-	-			
SRR13015522	   Cystic Fibrosis sputum            -  -      	Infection: Disease; Cystic fibrosis	['Infection']	['Disease; Cystic fibrosis']	67.11041022364218	0.2164851942698134	533136	1175243	394	310	67.11041022364218	SRP291901	Pseudomonas aerguinosa CF PA80	SRX9466532	Shor read sequence of Pseudomonas aeruginosa CF PA80	Shor read sequence of Pseudomonas aeruginosa CF PA80	287	Pseudomonas aeruginosa	PA80	WGS	GENOMIC	PCR	PAIRED	SRS7678717	-	SAMN16703398	PRJNA675745	Illumina HiSeq 2500	Illumina HiSeq 2500	ILLUMINA	325239119	1175243	464094155	11612_PA80_1_trimmed.fastq.gz	SRR13015522.lite	https://sra-downloadb.be-md.ncbi.nlm.nih.gov/sos9/sra-pub-zq-924/SRR013/13015/SRR13015522/SRR13015522.lite.1	122316314	2022-08-06 19:00:36	fae5c486d5d3ef3662056476a3d1660d	1	SRA Lite	Primary ETL	1	s3://sra-pub-zq-3/SRR13015522/SRR13015522.lite.1	s3.us-east-1	aws identity	https://sra-downloadb.be-md.ncbi.nlm.nih.gov/sos9/sra-pub-zq-924/SRR013/13015/SRR13015522/SRR13015522.lite.1	worldwide	anonymous	gs://sra-pub-zq-109/SRR13015522/SRR13015522.lite.1	gs.us-east1	gcp identity	-		Andrienne Shaw	2003	United Kingdom: Belfast	Homo sapiens	Cystic Fibrosis	sputum	54.587500 N 5.940830 W	-	Pathogen.cl														PA80						-	ftp.sra.ebi.ac.uk/vol1/fastq/SRR130/022/SRR13015522/SRR13015522_1.fastq.gz	http://ftp.sra.ebi.ac.uk/vol1/fastq/SRR130/022/SRR13015522/SRR13015522_2.fastq.gz	-	era-fasp@fasp.sra.ebi.ac.uk:vol1/fastq/SRR130/022/SRR13015522/SRR13015522_1.fastq.gz	era-fasp@fasp.sra.ebi.ac.uk:vol1/fastq/SRR130/022/SRR13015522/SRR13015522_2.fastq.gz																																																														-														-	-	-				-																													-																																																																																																																																																																																																																																																
SRR1173050	   - -           right ear         	Host Body-Site: Organ; Ear	['Host Body-Site']	['Organ; Ear']	185.8937591054313	0.2016201291815957	2880433	17580004	202	922	185.8937591054313	SRP038377	Pseudomonas aeruginosa	SRX473342	Illumina whole genome shotgun sequencing of genomic DNA paired-end library 'Pond-321982' containing sample 'Pseudomonas_aeruginosa_BWH035'	Illumina whole genome shotgun sequencing of genomic DNA paired-end library 'Pond-321982' containing sample 'Pseudomonas_aeruginosa_BWH035'	1447543	Pseudomonas aeruginosa BWH035	Pond-321982	WGS	GENOMIC	RANDOM	PAIRED	SRS559671	-	SAMN02584701	PRJNA234699	Illumina HiSeq 2000	Illumina HiSeq 2000	ILLUMINA	1935690311	8794569	1776502938	C3UMYACXX140212.1.Illumina_P5-Polez_P7-Bezic.bam	SRR1173050.sralite	https://sra-downloadb.be-md.ncbi.nlm.nih.gov/sos12/sra-pub-zq-1211/SRR001/173/SRR1173050/SRR1173050.sralite.1	235775961	2020-08-13 18:04:02	480596ca2cab39534aee53e1d5e8a955	1	SRA Lite	Primary ETL	1	s3://sra-pub-zq-3/SRR1173050/SRR1173050.sralite.1	s3.us-east-1	aws identity	https://sra-downloadb.be-md.ncbi.nlm.nih.gov/sos12/sra-pub-zq-1211/SRR001/173/SRR1173050/SRR1173050.sralite.1	worldwide	anonymous	gs://sra-pub-zq-101/SRR1173050/SRR1173050.zq.1	gs.us-east1	gcp identity	-		-	-	-	-	-	-	-	-	-										2013-03-01				-						-	http://ftp.sra.ebi.ac.uk/vol1/fastq/SRR117/000/SRR1173050/SRR1173050_1.fastq.gz	http://ftp.sra.ebi.ac.uk/vol1/fastq/SRR117/000/SRR1173050/SRR1173050_2.fastq.gz	-	era-fasp@fasp.sra.ebi.ac.uk:vol1/fastq/SRR117/000/SRR1173050/SRR1173050_1.fastq.gz	era-fasp@fasp.sra.ebi.ac.uk:vol1/fastq/SRR117/000/SRR1173050/SRR1173050_2.fastq.gz																																																						Homo sapiens									482751.0	broadinstitute.org:bsp.prod.sample:5FQ29	DNA:DNA Somatic	PDO-2836	P-WG-0004	G58583	RP-294	SM-55AS1	SM-5FQ29	39977	BWH035	USA: Brigham and Women's Hospital	right ear		-		-			-																									-	AssemblyWithReference	WGS	WholeGenomeShotgun																																																																																																																																																																																																																																																	
SRR8400048	   Cystic fibrosis lungs             -     -  	Infection: Disease; Cystic fibrosis	['Infection']	['Disease; Cystic fibrosis']	922.586712460064	0.1867206461161837	400735	443118	14412	4941	922.586712460064	SRP175583	Pseudomonas aeruginosa strain:PAAK088 Genome sequencing and assembly	SRX5209346	Genome of PAAK088	Genome of PAAK088	287	Pseudomonas aeruginosa	PAAK088	WGS	GENOMIC	size fractionation	SINGLE	SRS4213836	-	SAMN10697223	PRJNA513141	MinION	MinION	OXFORD_NANOPORE	5181328545	443118	6386247636	PAAK088_unpair_all.fastq	SRR8400048.lite	https://sra-downloadb.be-md.ncbi.nlm.nih.gov/sos12/sra-pub-zq-1211/SRR008/400/SRR8400048/SRR8400048.lite.1	1601120474	2022-06-08 23:23:11	840a925bb74c7afc9458f41e83e0725c	1	SRA Lite	Primary ETL	1	s3://sra-pub-zq-2/SRR8400048/SRR8400048.lite.1	s3.us-east-1	aws identity	https://sra-downloadb.be-md.ncbi.nlm.nih.gov/sos12/sra-pub-zq-1211/SRR008/400/SRR8400048/SRR8400048.lite.1	worldwide	anonymous	gs://sra-pub-zq-109/SRR8400048/SRR8400048.lite.1	gs.us-east1	gcp identity	-		Kumar lab	2015	Canada:Toronto	Homo sapiens	Cystic fibrosis	lungs	43.6573104 N 79.3896208 W	PAAK088	Pathogen.cl														-						http://ftp.sra.ebi.ac.uk/vol1/fastq/SRR840/008/SRR8400048/SRR8400048_1.fastq.gz	-	-	era-fasp@fasp.sra.ebi.ac.uk:vol1/fastq/SRR840/008/SRR8400048/SRR8400048_1.fastq.gz	-	-																				-																																																											-		-		-	-	-																																				-	-	-											-														-										-										-																																																																																																																																																																-	-	-	-	-	-	-																	
SRR8400045	   Cystic fibrosis lungs             -     -  	Infection: Disease; Cystic fibrosis	['Infection']	['Disease; Cystic fibrosis']	775.1781963258786	0.1833005902875097	273033	307929	17773	4229	775.1781963258786	SRP175581	Pseudomonas aeruginosa strain:PAAK095 Genome sequencing and assembly	SRX5209343	Genome of PAAK095	Genome of PAAK095	287	Pseudomonas aeruginosa	PAAK095	WGS	GENOMIC	size fractionation	SINGLE	SRS4213834	-	SAMN10697224	PRJNA513142	MinION	MinION	OXFORD_NANOPORE	4435210283	307929	5472953944	PAAK095_unpair_all.fastq	SRR8400045.lite	https://sra-downloadb.be-md.ncbi.nlm.nih.gov/sos12/sra-pub-zq-1211/SRR008/400/SRR8400045/SRR8400045.lite.1	1371851518	2022-06-08 23:23:21	a99e2f9ae4e594f3693db24050f1dc1f	1	SRA Lite	Primary ETL	1	s3://sra-pub-zq-2/SRR8400045/SRR8400045.lite.1	s3.us-east-1	aws identity	https://sra-downloadb.be-md.ncbi.nlm.nih.gov/sos12/sra-pub-zq-1211/SRR008/400/SRR8400045/SRR8400045.lite.1	worldwide	anonymous	gs://sra-pub-zq-109/SRR8400045/SRR8400045.lite.1	gs.us-east1	gcp identity	-		Kumar lab	2015	Canada:Toronto	Homo sapiens	Cystic fibrosis	lungs	43.6573104 N 79.3896208 W	PAAK095	Pathogen.cl														-						http://ftp.sra.ebi.ac.uk/vol1/fastq/SRR840/005/SRR8400045/SRR8400045_1.fastq.gz	-	-	era-fasp@fasp.sra.ebi.ac.uk:vol1/fastq/SRR840/005/SRR8400045/SRR8400045_1.fastq.gz	-	-																				-																																																											-		-		-	-	-																																				-	-	-											-														-										-										-																																																																																																																																																																-	-	-	-	-	-	-																	
SRR35978000	   - Infected ear                  -  -	Host Body-Site: Organ; Ear	['Host Body-Site']	['Organ; Ear']	56.81952044728435	0.1821138475874498	902767	3445543	197	312	56.81952044728435	SRP642991	Draft Genome Sequences of Pesudomonas species causing Otitis externa infection	SRX31027290	Whole-genome sequencing of Pseudomonas aeruginosa isolate BIS	Whole-genome sequencing of Pseudomonas aeruginosa isolate BIS	2806611	Pseudomonas sp. BIS	BIS_Lib	WGS	GENOMIC	RANDOM	PAIRED	SRS27017857	-	SAMN17601191	PRJNA695104	Illumina MiSeq	Illumina MiSeq	ILLUMINA	327974827	3445543	682038232	KM_BIS_S31_L001_R1_001.fastq.gz	SRR35978000.lite	https://sra-downloadb.be-md.ncbi.nlm.nih.gov/sos8/sra-pub-zq-820/SRR035/35978/SRR35978000/SRR35978000.lite.1	192386722	2025-11-10 04:20:56	1de546c6c41e3ed787c5fe7ad512f8b7	1	SRA Lite	Primary ETL	1	s3://sra-pub-zq-1/SRR35978000/SRR35978000.lite.1	s3.us-east-1	aws identity	https://sra-downloadb.be-md.ncbi.nlm.nih.gov/sos8/sra-pub-zq-820/SRR035/35978/SRR35978000/SRR35978000.lite.1	worldwide	anonymous	gs://sra-pub-zq-106/SRR35978000/SRR35978000.lite.1	gs.us-east1	gcp identity	-		Kevin MaClean	2019-02-12	South Africa: Sodwana bay	Homo sapiens	-	Infected ear	-	BIS	Microbe, viral or environmental														-						-	http://ftp.sra.ebi.ac.uk/vol1/fastq/SRR359/000/SRR35978000/SRR35978000_1.fastq.gz	http://ftp.sra.ebi.ac.uk/vol1/fastq/SRR359/000/SRR35978000/SRR35978000_2.fastq.gz	-	era-fasp@fasp.sra.ebi.ac.uk:vol1/fastq/SRR359/000/SRR35978000/SRR35978000_1.fastq.gz	era-fasp@fasp.sra.ebi.ac.uk:vol1/fastq/SRR359/000/SRR35978000/SRR35978000_2.fastq.gz																																																																															tissue sample		-																															-	-	-							-	-	-																						-													-														-	-	-														-																																																																																																																																																																			
SRR34876309	   cystic fibrosis 33.42 N 107.40 E                  -  -	Infection: Disease; Cystic fibrosis	['Infection']	['Disease; Cystic fibrosis']	84.71618610223642	0.1794834451318568	3512075	12044955	151	472	84.71618610223642	SRP606807	47 52	SRX30007215	RNA-Seq of Pseudomonas aeruginosa	RNA-Seq of Pseudomonas aeruginosa	208964	Pseudomonas aeruginosa PAO1	PE14	RNA-Seq	TRANSCRIPTOMIC	cDNA	SINGLE	SRS26082526	-	SAMN50461260	PRJNA1302108	DNBSEQ-T7	DNBSEQ-T7	DNBSEQ	495115750	12044955	1818788205	L1EJC1702445-A47_2.R1.raw.fastq.gz	SRR34876309.lite	https://sra-downloadb.be-md.ncbi.nlm.nih.gov/sos7/sra-pub-zq-41/SRR034/34876/SRR34876309/SRR34876309.lite.1	405957092	2025-08-06 05:08:49	c2e84d7a2c0dcde7a22634d56c05ab01	1	SRA Lite	Primary ETL	1	s3://sra-pub-zq-1/SRR34876309/SRR34876309.lite.1	s3.us-east-1	aws identity	https://sra-downloadb.be-md.ncbi.nlm.nih.gov/sos7/sra-pub-zq-41/SRR034/34876/SRR34876309/SRR34876309.lite.1	worldwide	anonymous	gs://sra-pub-zq-107/SRR34876309/SRR34876309.lite.1	gs.us-east1	gcp identity	-		YANWENBO	2024-06-29	China:Xian	Homo sapiens	cystic fibrosis	33.42 N 107.40 E	-	-	Microbe, viral or environmental														label						http://ftp.sra.ebi.ac.uk/vol1/fastq/SRR348/009/SRR34876309/SRR34876309.fastq.gz	-	-	era-fasp@fasp.sra.ebi.ac.uk:vol1/fastq/SRR348/009/SRR34876309/SRR34876309.fastq.gz	-	-																																																																															Homo sapiens		-																															-	-	-							-	-	-																						-													-														-	-	-														-																																																																																																																																																																			
SRR14585691	   Cystic fibrosis sputum                    	Infection: Disease; Cystic fibrosis	['Infection']	['Disease; Cystic fibrosis']	172.08027539936103	0.1775854235287523	1783481	10646253	302	969	172.08027539936103	SRP186219	Pseudomonas aeruginosa Raw sequence reads	SRX10932982	WGS Pseudomonas aeruginosa AmpC F147L, G248S	WGS Pseudomonas aeruginosa AmpC F147L, G248S	287	Pseudomonas aeruginosa	Library-1	WGS	GENOMIC	RANDOM	PAIRED	SRS9015772	-	SAMN19267100	PRJNA523008	Illumina NovaSeq 6000	Illumina NovaSeq 6000	ILLUMINA	1016710627	10646253	3215168406	AmpC27_1.fastq.gz	SRR14585691.lite	https://sra-downloadb.be-md.ncbi.nlm.nih.gov/sos8/sra-pub-zq-818/SRR014/14585/SRR14585691/SRR14585691.lite.1	804519073	2022-08-11 20:44:43	c2ab05673cc45683bad1626a5278a92e	1	SRA Lite	Primary ETL	1	s3://sra-pub-zq-1/SRR14585691/SRR14585691.lite.1	s3.us-east-1	aws identity	https://sra-downloadb.be-md.ncbi.nlm.nih.gov/sos8/sra-pub-zq-818/SRR014/14585/SRR14585691/SRR14585691.lite.1	worldwide	anonymous	gs://sra-pub-zq-105/SRR14585691/SRR14585691.lite.1	gs.us-east1	gcp identity	-		Alba Ruedas-Lopez, Jorge Arca-Suarez	2020-01-01	Spain: A Coruna	Homo sapiens	Cystic fibrosis	sputum	43.35 N 8.39 W	P. aeruginosa AmpC-27-52031190	Pathogen.cl														P. aeruginosa AmpC-27 Clinical isolate						-	http://ftp.sra.ebi.ac.uk/vol1/fastq/SRR145/091/SRR14585691/SRR14585691_1.fastq.gz	http://ftp.sra.ebi.ac.uk/vol1/fastq/SRR145/091/SRR14585691/SRR14585691_2.fastq.gz	-	era-fasp@fasp.sra.ebi.ac.uk:vol1/fastq/SRR145/091/SRR14585691/SRR14585691_1.fastq.gz	era-fasp@fasp.sra.ebi.ac.uk:vol1/fastq/SRR145/091/SRR14585691/SRR14585691_2.fastq.gz																																																																															-																																	-	-	-	-	-	-	-	-	-																																																																																																																																																																																																																																							
SRR15098259	human samples, Victoria, Australia   missing ear                    	Host Body-Site: Organ; Ear	['Host Body-Site']	['Organ; Ear']	51.29284888178914	0.1727031948881789	540561	2342494	297	297	51.29284888178914	SRP216508	Carbapenemase-producing Enterobacterales from human samples, Victoria, Australia	SRX11408174	WGS of Pseudomonas aeruginosa	WGS of Pseudomonas aeruginosa	287	Pseudomonas aeruginosa	AUSMDU00024151	WGS	GENOMIC	RANDOM	PAIRED	SRS9451868	-	SAMN20032841	PRJNA529744	NextSeq 550	NextSeq 550	ILLUMINA	312351675	2342494	697579381	AUSMDU00024151_R1.fastq.gz	SRR15098259.lite	https://sra-downloadb.be-md.ncbi.nlm.nih.gov/sos9/sra-pub-zq-924/SRR015/15098/SRR15098259/SRR15098259.lite.1	180725794	2022-09-10 22:49:28	74c77200bca3fe7bafbb14b990e5b371	1	SRA Lite	Primary ETL	1	s3://sra-pub-zq-2/SRR15098259/SRR15098259.lite.1	s3.us-east-1	aws identity	https://sra-downloadb.be-md.ncbi.nlm.nih.gov/sos9/sra-pub-zq-924/SRR015/15098/SRR15098259/SRR15098259.lite.1	worldwide	anonymous	gs://sra-pub-zq-107/SRR15098259/SRR15098259.lite.1	gs.us-east1	gcp identity	-		missing	2018	Australia	Homo sapiens	missing	ear	missing	AUSMDU00024151	Pathogen.cl														-						-	http://ftp.sra.ebi.ac.uk/vol1/fastq/SRR150/059/SRR15098259/SRR15098259_1.fastq.gz	http://ftp.sra.ebi.ac.uk/vol1/fastq/SRR150/059/SRR15098259/SRR15098259_2.fastq.gz	-	era-fasp@fasp.sra.ebi.ac.uk:vol1/fastq/SRR150/059/SRR15098259/SRR15098259_1.fastq.gz	era-fasp@fasp.sra.ebi.ac.uk:vol1/fastq/SRR150/059/SRR15098259/SRR15098259_2.fastq.gz																																																																															-																																	-	-	-	-	-	-	-	-	-																																																																																																																																																																																																																																							
ERR10814912	    eye liquid sample from keratitis patient, Bristol, UK                    	Host Body-Site: Organ; Eye	['Host Body-Site']	['Organ; Eye']	68.9378266773163	0.1710616046583531	36335	39582	11877	403	68.9378266773163	ERP142188	Genomic inversions in two major Pseudomonas aeruginosa clonal lineages detected by long-read sequencing	ERX10261471	MinION sequencing	MinION sequencing	1421529	Pseudomonas aeruginosa D421	ONTlibrary	WGS	GENOMIC	RANDOM	SINGLE	ERS14463611	-	SAMEA112352714	PRJEB57216	MinION	MinION	OXFORD_NANOPORE	423398625	39582	470135682	ena-RUN-TAB-29-01-2023-23:51:57:784-18361	ERR10814912	https://sra-downloadb.be-md.ncbi.nlm.nih.gov/sos13/sra-pub-run-1330/ERR010/10814/ERR10814912/ERR10814912.1	423399852	2023-02-05 02:41:51	db9018142be5ea6043085bdf379e94db	1	SRA Normalized	Primary ETL	1	https://sra-pub-run-odp.s3.amazonaws.com/sra/ERR10814912/ERR10814912	worldwide	anonymous	https://sra-downloadb.be-md.ncbi.nlm.nih.gov/sos13/sra-pub-run-1330/ERR010/10814/ERR10814912/ERR10814912.1	worldwide	anonymous	gs://sra-pub-run-103/ERR10814912/ERR10814912.1	gs.us-east1	gcp identity	-			-				eye liquid sample from keratitis patient, Bristol, UK				2023-01-31	2023-01-31	SAMEA112352714	MHH	Hannover Medical School	2023-01-31T00:26:39Z	2023-01-31T00:26:39Z	public	P. aeruginosa clonePA14-K4	2003	United Kingdom	not provided	Homo sapiens	keratitis isolate K4	P. aeruginosa clonePA14-K4				-	-	-	-	-	-	-																																																																																																																																																																																																																																																																																																																																																															
SRR30156008	   Cystic fibrosis Airway                    	Infection: Disease; Cystic fibrosis	['Infection']	['Disease; Cystic fibrosis']	88.46949392971246	0.1707905288218387	58942	64038	9396	518	88.46949392971246	SRP524619	Whole genome assembly of Pseudomonas aeruginosa clinical isolates	SRX25623622	Long-Read DNA-seq of Pseudomonas aeruginosa: Ullevl clinical isolate 1	Long-Read DNA-seq of Pseudomonas aeruginosa: Ullevl clinical isolate 1	287	Pseudomonas aeruginosa	PAU1	WGS	GENOMIC	size fractionation	SINGLE	SRS22268672	-	SAMN42722807	PRJNA1138512	MinION	MinION	OXFORD_NANOPORE	543242973	64038	601750947	PAU1.fastq.gz	SRR30156008	https://sra-downloadb.be-md.ncbi.nlm.nih.gov/sos9/sra-pub-run-936/SRR030/30156/SRR30156008/SRR30156008.1	543245207	2024-08-07 05:38:50	6149c05a26aa41aed3c3ec5637d18e91	1	SRA Normalized	Primary ETL	1	https://sra-pub-run-odp.s3.amazonaws.com/sra/SRR30156008/SRR30156008	worldwide	anonymous	https://sra-downloadb.be-md.ncbi.nlm.nih.gov/sos9/sra-pub-run-936/SRR030/30156/SRR30156008/SRR30156008.1	worldwide	anonymous	gs://sra-pub-run-110/SRR30156008/SRR30156008.1	gs.us-east1	gcp identity	-		Ullevl University Hospital	2020	Norway: Oslo	Homo sapiens	Cystic fibrosis	Airway	59.93704449 N 10.73691144 E	PAU1	Pathogen.cl														-						http://ftp.sra.ebi.ac.uk/vol1/fastq/SRR301/008/SRR30156008/SRR30156008_1.fastq.gz	-	-	era-fasp@fasp.sra.ebi.ac.uk:vol1/fastq/SRR301/008/SRR30156008/SRR30156008_1.fastq.gz	-	-																																																																															-																																																																					-								-																					-	-	-																																																																																																																																																																												
SRR14469093	CF sputum CF Sputum CF Sputum Cystic Fibrosis sputum                    	Infection: Disease; Cystic fibrosis	['Infection']	['Disease; Cystic fibrosis']	44.941035143769966	0.1605036969420356	476832	2940115	295	280	44.941035143769966	SRP318941	Sequences of 5 P. aeruginosa samples isolated from CF sputum	SRX10817891	Sequence of P. aeruginosa isolated from CF Sputum	Sequence of P. aeruginosa isolated from CF Sputum	287	Pseudomonas aeruginosa	PA764_illumina	WGS	GENOMIC	RANDOM	PAIRED	SRS8902824	-	SAMN19070751	PRJNA728129	NextSeq 550	NextSeq 550	ILLUMINA	294045123	2940115	867553378	Pa764_R1_001.fastq.gz	SRR14469093.lite	https://sra-downloadb.be-md.ncbi.nlm.nih.gov/sos9/sra-pub-zq-924/SRR014/14469/SRR14469093/SRR14469093.lite.1	226169903	2022-09-02 01:40:15	1c3cc1fb7e9c90f17692479569edb6f0	1	SRA Lite	Primary ETL	1	s3://sra-pub-zq-5/SRR14469093/SRR14469093.lite.1	s3.us-east-1	aws identity	https://sra-downloadb.be-md.ncbi.nlm.nih.gov/sos9/sra-pub-zq-924/SRR014/14469/SRR14469093/SRR14469093.lite.1	worldwide	anonymous	gs://sra-pub-zq-102/SRR14469093/SRR14469093.lite.1	gs.us-east1	gcp identity	-		UC San Diego Center for Advanced Laboratory Medicine	2021-01	USA: San Diego	Homo sapiens	Cystic Fibrosis	sputum	32.893221 N 117.224476 W	PA764	Pathogen.cl														-						-	http://ftp.sra.ebi.ac.uk/vol1/fastq/SRR144/093/SRR14469093/SRR14469093_1.fastq.gz	http://ftp.sra.ebi.ac.uk/vol1/fastq/SRR144/093/SRR14469093/SRR14469093_2.fastq.gz	-	era-fasp@fasp.sra.ebi.ac.uk:vol1/fastq/SRR144/093/SRR14469093/SRR14469093_1.fastq.gz	era-fasp@fasp.sra.ebi.ac.uk:vol1/fastq/SRR144/093/SRR14469093/SRR14469093_2.fastq.gz																																																																															-																																	-	-	-	-	-	-	-	-	-																																																																																																																																																																																																																																							
ERR706016	cystic fibrosis patients             - 1973          	Infection: Disease; Cystic fibrosis	['Infection']	['Disease; Cystic fibrosis']	66.67301357827476	0.1546937670029576	6048885	8125881	69	431	66.67301357827476	ERP009060	18 whole-genome sequences of Pseudomonas aeruginosa isolates sampled from cystic fibrosis patients	ERX650274	Illumina Genome Analyzer IIx sequencing	Illumina Genome Analyzer IIx sequencing	287	Pseudomonas aeruginosa	unspecified	WGS	GENOMIC	RANDOM	SINGLE	ERS629893	-	SAMEA3176961	PRJEB8028	Illumina Genome Analyzer IIx	Illumina Genome Analyzer IIx	ILLUMINA	452174533	8125881	560685789	ena-RUN-DTU-17-12-2014-14:30:18:813-1	ERR706016.sralite	https://sra-downloadb.be-md.ncbi.nlm.nih.gov/sos12/sra-pub-zq-1211/ERR000/706/ERR706016/ERR706016.sralite.1	285567165	2020-06-13 09:11:27	1be16bea8e44208887cfe792a8170a82	1	SRA Lite	Primary ETL	1	s3://sra-pub-zq-5/ERR706016/ERR706016.sralite.1	s3.us-east-1	aws identity	https://sra-downloadb.be-md.ncbi.nlm.nih.gov/sos12/sra-pub-zq-1211/ERR000/706/ERR706016/ERR706016.sralite.1	worldwide	anonymous	gs://sra-pub-zq-106/ERR706016/ERR706016.zq.1	gs.us-east1	gcp identity	ena-EXPERIMENT-DTU-17-12-2014-14:30:18:812-1									-		2015-11-02T17:01:14Z	2018-03-09T12:23:38Z	SAMEA3176961	-	DTU	2015-11-02T17:01:14Z	2018-03-09T12:23:38Z	public	r3p8t1						r3p8t1	http://ftp.sra.ebi.ac.uk/vol1/run/ERR706/ERR706016/r3p8t1.fq.gz	worldwide	anonymous	Pseudomonas aeruginosa	http://ftp.sra.ebi.ac.uk/vol1/fastq/ERR706/ERR706016/ERR706016.fastq.gz	-	-	era-fasp@fasp.sra.ebi.ac.uk:vol1/fastq/ERR706/ERR706016/ERR706016.fastq.gz	-	-	-								-																																															-	-	DK01	1973																																																																																																																																																																																																																																																																																																				
ERR3988583	        -   Pseudomonas aeruginosa, clinical ear swab Norwich             	Host Body-Site: Organ; Ear	['Host Body-Site']	['Organ; Ear']	38.88189137380191	0.1359506691391675	434644	2317848	280	286	38.88189137380191	ERP110744	Whole-genome sequencing of Pseudomonas aeruginosa mutants and revertants	ERX3990448	NextSeq 500 paired end sequencing; Raw reads: KS1a-010518_S8	NextSeq 500 paired end sequencing; Raw reads: KS1a-010518_S8	287	Pseudomonas aeruginosa	-	WGS	GENOMIC	RANDOM	PAIRED	ERS4382089	-	SAMEA6618357	PRJEB28534	NextSeq 500	NextSeq 500	ILLUMINA	300249956	2317848	650437029	webin-reads-KS1a-010518_S8	ERR3988583.lite	https://sra-downloadb.be-md.ncbi.nlm.nih.gov/sos13/sra-pub-zq-1301/ERR003/3988/ERR3988583/ERR3988583.lite.1	172070209	2022-08-06 13:59:20	404582c7ae75d1521f5ee2c6a351ee39	1	SRA Lite	Primary ETL	1	s3://sra-pub-zq-3/ERR3988583/ERR3988583.lite.1	s3.us-east-1	aws identity	https://sra-downloadb.be-md.ncbi.nlm.nih.gov/sos13/sra-pub-zq-1301/ERR003/3988/ERR3988583/ERR3988583.lite.1	worldwide	anonymous	gs://sra-pub-zq-109/ERR3988583/ERR3988583.lite.1	gs.us-east1	gcp identity	-									-		2020-09-06T04:13:09Z	2020-03-10T14:56:31Z	SAMEA6618357	-	UEA	2020-09-06T04:13:09Z	2020-03-10T14:56:31Z	public	18TB0242	-	United Kingdom	-	-	-	18TB0242	-	-	-	Pseudomonas aeruginosa	-	http://ftp.sra.ebi.ac.uk/vol1/fastq/ERR398/003/ERR3988583/ERR3988583_1.fastq.gz	http://ftp.sra.ebi.ac.uk/vol1/fastq/ERR398/003/ERR3988583/ERR3988583_2.fastq.gz	-	era-fasp@fasp.sra.ebi.ac.uk:vol1/fastq/ERR398/003/ERR3988583/ERR3988583_1.fastq.gz	era-fasp@fasp.sra.ebi.ac.uk:vol1/fastq/ERR398/003/ERR3988583/ERR3988583_2.fastq.gz	-								-	-	Norwich, Norfolk			SequenceAnalysis.co.uk			-							Pseudomonas aeruginosa, clinical ear swab Norwich	6.8 Mb	NextSeq 500	-	-	-	-	-	-																																																																																																																																																																																																																																																																																																																															
SRR21839729	   cystic fibrosis missing                    	Infection: Disease; Cystic fibrosis	['Infection']	['Disease; Cystic fibrosis']	33.47739984025559	0.1333760949810979	54391	95299	3853	251	33.47739984025559	SRP401544	Comparative genomics of the PA7 clade of Pseudomonas aeruginosa	SRX17828513	WGS of Pseudomonas aeruginosa Zw26	WGS of Pseudomonas aeruginosa Zw26	287	Pseudomonas aeruginosa	Zw26	WGS	GENOMIC	RANDOM	SINGLE	SRS15351855	-	SAMN31018892	PRJNA884324	PacBio RS II	PacBio RS II	PACBIO_SMRT	263827717	95299	367246044	ZW26_Run073_410.C01_1.filtered_subreads.longest.fastq	SRR21839729	https://sra-downloadb.be-md.ncbi.nlm.nih.gov/sos13/sra-pub-run-1330/SRR021/21839/SRR21839729/SRR21839729.1	263828945	2022-10-07 16:15:29	1a3d5418c87042b1d5e1bc78daee2663	1	SRA Normalized	Primary ETL	1	https://sra-pub-run-odp.s3.amazonaws.com/sra/SRR21839729/SRR21839729	worldwide	anonymous	https://sra-downloadb.be-md.ncbi.nlm.nih.gov/sos13/sra-pub-run-1330/SRR021/21839/SRR21839729/SRR21839729.1	worldwide	anonymous	gs://sra-pub-run-105/SRR21839729/SRR21839729.1	gs.us-east1	gcp identity	-		Jens Klockgether	1996	Germany: Karlsruhe	Homo sapiens	cystic fibrosis	missing	49.01 N 8.37 E	Zw26	Pathogen.cl														-						http://ftp.sra.ebi.ac.uk/vol1/fastq/SRR218/029/SRR21839729/SRR21839729_subreads.fastq.gz	-	-	era-fasp@fasp.sra.ebi.ac.uk:vol1/fastq/SRR218/029/SRR21839729/SRR21839729_subreads.fastq.gz	-	-																																																																																																																																																																																																																																																																																																																																																															
SRR20966461	   Cystic Fibrosis sputum                    	Infection: Disease; Cystic fibrosis	['Infection']	['Disease; Cystic fibrosis']	46.109514376996806	0.1170292243070984	477890	3114293	302	394	46.109514376996806	SRP390528	Pseudomonas aeruginosa aggregation and Psl expression in sputum is associated with antibiotic eradication failure in children with cystic fibrosis	SRX16984212	WGS of Pseudomonas aeruginosa	WGS of Pseudomonas aeruginosa	287	Pseudomonas aeruginosa	PA5A	WGS	GENOMIC	RANDOM	PAIRED	SRS14569976	-	SAMN30197080	PRJNA867399	NextSeq 500	NextSeq 500	ILLUMINA	413592494	3114293	940516486	PAE005A_220527_NextSeq_R1.fastq	SRR20966461.lite	https://sra-downloadb.be-md.ncbi.nlm.nih.gov/sos9/sra-pub-zq-924/SRR020/20966/SRR20966461/SRR20966461.lite.1	235568377	2022-08-25 13:26:32	fc8627abc443245e2ab515ae39814664	1	SRA Lite	Primary ETL	1	s3://sra-pub-zq-4/SRR20966461/SRR20966461.lite.1	s3.us-east-1	aws identity	https://sra-downloadb.be-md.ncbi.nlm.nih.gov/sos9/sra-pub-zq-924/SRR020/20966/SRR20966461/SRR20966461.lite.1	worldwide	anonymous	gs://sra-pub-zq-103/SRR20966461/SRR20966461.lite.1	gs.us-east1	gcp identity	-		Valerie Waters	2020/2022	Canada:Toronto	Homo sapiens	Cystic Fibrosis	sputum	43.65748947 N 79.38694551 W	PAE005A	Pathogen.cl																				-	http://ftp.sra.ebi.ac.uk/vol1/fastq/SRR209/061/SRR20966461/SRR20966461_1.fastq.gz	http://ftp.sra.ebi.ac.uk/vol1/fastq/SRR209/061/SRR20966461/SRR20966461_2.fastq.gz	-	era-fasp@fasp.sra.ebi.ac.uk:vol1/fastq/SRR209/061/SRR20966461/SRR20966461_1.fastq.gz	era-fasp@fasp.sra.ebi.ac.uk:vol1/fastq/SRR209/061/SRR20966461/SRR20966461_2.fastq.gz																																																														-																																																																																	-																																																																																																																																																																																																																
SRR33597899	   cystic fibrosis label                    -	Infection: Disease; Cystic fibrosis	['Infection']	['Disease; Cystic fibrosis']	122.1450337060703	0.1154489921607469	5063761	16850433	151	1058	122.1450337060703	SRP585838	PAO1-11-160	SRX28827449	RNA-Seq of Pseudomonas aeruginosa	RNA-Seq of Pseudomonas aeruginosa	208964	Pseudomonas aeruginosa PAO1	PE8	RNA-Seq	TRANSCRIPTOMIC	cDNA	SINGLE	SRS25059946	-	SAMN48536202	PRJNA1263686	DNBSEQ-T7	DNBSEQ-T7	DNBSEQ	1109952425	16850433	2544415383	L1EGH020554--PA_011_1.R1.raw.fastq.gz	SRR33597899.lite	https://sra-downloadb.be-md.ncbi.nlm.nih.gov/sos8/sra-pub-zq-818/SRR033/33597/SRR33597899/SRR33597899.lite.1	957649184	2025-05-16 14:08:46	7a2abfa3da7b4bf6edbe8b8ee902144d	1	SRA Lite	Primary ETL	1	s3://sra-pub-zq-1/SRR33597899/SRR33597899.lite.1	s3.us-east-1	aws identity	https://sra-downloadb.be-md.ncbi.nlm.nih.gov/sos8/sra-pub-zq-818/SRR033/33597/SRR33597899/SRR33597899.lite.1	worldwide	anonymous	gs://sra-pub-zq-107/SRR33597899/SRR33597899.lite.1	gs.us-east1	gcp identity	-		YANGYIMING	2023-08-15	China:Xian	Homo sapiens	cystic fibrosis	label	33.42 N 107.40 E	PAO1	Pathogen.cl														2						http://ftp.sra.ebi.ac.uk/vol1/fastq/SRR335/099/SRR33597899/SRR33597899.fastq.gz	-	-	era-fasp@fasp.sra.ebi.ac.uk:vol1/fastq/SRR335/099/SRR33597899/SRR33597899.fastq.gz	-	-																				-																																																											-		-	-																														-	-	-							-	-	-											-					-											-																								-								-	-	-	-	-																																																																																																																																																																					
SRR13755579	   Cystic Fibrosis patient                    	Infection: Disease; Cystic fibrosis	['Infection']	['Disease; Cystic fibrosis']	66.54218051118211	0.1089070057466155	5554054	21059039	75	611	66.54218051118211	SRP307257	Pseudomonas aeruginosa PAO1 Transcriptome or Gene expression	SRX10142351	RNA-seq of PAO1 with 5 mM Ca, biological replicate 1	RNA-seq of PAO1 with 5 mM Ca, biological replicate 1	208964	Pseudomonas aeruginosa PAO1	with Ca #1	RNA-Seq	TRANSCRIPTOMIC	PCR	SINGLE	SRS8295642	-	SAMN18011303	PRJNA703087	NextSeq 500	NextSeq 500	ILLUMINA	641725933	21059039	1579427925	PAO1_5mM_ML_1_Cap.fastq.gz	SRR13755579.lite	https://sra-downloadb.be-md.ncbi.nlm.nih.gov/sos9/sra-pub-zq-924/SRR013/13755/SRR13755579/SRR13755579.lite.1	397609132	2022-07-27 21:42:52	d5761b376a97bd5be9f160e4cd1ca96f	1	SRA Lite	Primary ETL	1	s3://sra-pub-zq-5/SRR13755579/SRR13755579.lite.1	s3.us-east-1	aws identity	https://sra-downloadb.be-md.ncbi.nlm.nih.gov/sos9/sra-pub-zq-924/SRR013/13755/SRR13755579/SRR13755579.lite.1	worldwide	anonymous	gs://sra-pub-zq-102/SRR13755579/SRR13755579.lite.1	gs.us-east1	gcp identity	-		MAP Lab	not applicable	not applicable	Homo sapiens	Cystic Fibrosis	patient	not applicable	PAO1	Pathogen.cl														wild type						http://ftp.sra.ebi.ac.uk/vol1/fastq/SRR137/079/SRR13755579/SRR13755579.fastq.gz	-	-	era-fasp@fasp.sra.ebi.ac.uk:vol1/fastq/SRR137/079/SRR13755579/SRR13755579.fastq.gz	-	-																																																																															-																																	-	-	-	-	-	-	-	-	-																																																																																																																																																																																																																																							
SRR33368507	   cystic fibrosis label                    -	Infection: Disease; Cystic fibrosis	['Infection']	['Disease; Cystic fibrosis']	94.3164091054313	0.1059734933768891	3910071	14692481	151	890	94.3164091054313	SRP582125	ped1	SRX28612350	RNA-Seq of Pseudomonas aeruginosa	RNA-Seq of Pseudomonas aeruginosa	208964	Pseudomonas aeruginosa PAO1	PE6	RNA-Seq	TRANSCRIPTOMIC	cDNA	SINGLE	SRS24884324	-	SAMN48198382	PRJNA1256806	DNBSEQ-T7	DNBSEQ-T7	DNBSEQ	933955873	14692481	2218564631	PAO1_157-3.fastq.gz	SRR33368507.lite	https://sra-downloadb.be-md.ncbi.nlm.nih.gov/sos1/sra-pub-zq-38/SRR033/33368/SRR33368507/SRR33368507.lite.1	823643754	2025-04-29 12:09:33	a4e1b1b0193ae64d9d35974ac02f084d	1	SRA Lite	Primary ETL	1	s3://sra-pub-zq-1/SRR33368507/SRR33368507.lite.1	s3.us-east-1	aws identity	https://sra-downloadb.be-md.ncbi.nlm.nih.gov/sos1/sra-pub-zq-38/SRR033/33368/SRR33368507/SRR33368507.lite.1	worldwide	anonymous	gs://sra-pub-zq-107/SRR33368507/SRR33368507.lite.1	gs.us-east1	gcp identity	-		YANWENBO	2023-06-23	China:Xian	Homo sapiens	cystic fibrosis	label	33.42 N 107.40 E	PAO1	Pathogen.cl														6						http://ftp.sra.ebi.ac.uk/vol1/fastq/SRR333/007/SRR33368507/SRR33368507.fastq.gz	-	-	era-fasp@fasp.sra.ebi.ac.uk:vol1/fastq/SRR333/007/SRR33368507/SRR33368507.fastq.gz	-	-																				-																																																											-		-	-																														-	-	-							-	-	-											-					-											-																								-								-	-	-	-	-																																																																																																																																																																					
SRR9673765	   Cystic fibrosis sputum              -      	Infection: Disease; Cystic fibrosis	['Infection']	['Disease; Cystic fibrosis']	111.84363833865817	0.0941444767160422	1389169	14431717	252	1188	111.84363833865817	SRP214416	Pseudomonas aeruginosa PA2600 and Staphylococcus aureus SA2597 co-cultured RNA-Seq	SRX6434216	RNA-Seq of Pseudomonas aeruginosa: PA2600 and Staphylococcus aureus: SA2597 co-cultured (replicate3)	RNA-Seq of Pseudomonas aeruginosa: PA2600 and Staphylococcus aureus: SA2597 co-cultured (replicate3)	1280	Staphylococcus aureus	2600+2597-3	RNA-Seq	TRANSCRIPTOMIC	cDNA	PAIRED	SRS5088810	-	SAMN12259747	PRJNA554237	Illumina HiSeq 2500	Illumina HiSeq 2500	ILLUMINA	1245943487	14431717	3636792684	2600+2597-TAKE3_R1_001.fastq.gz	SRR9673765.sralite	https://sra-downloadb.be-md.ncbi.nlm.nih.gov/sos12/sra-pub-zq-1216/SRR009/673/SRR9673765.sralite.1	913909690	2020-06-19 18:55:49	5e7c2f1fd6f7018888b536bfad5aaebc	1	SRA Lite	Primary ETL	1	s3://sra-pub-zq-7/SRR9673765/SRR9673765.sralite.1	s3.us-east-1	aws identity	https://sra-downloadb.be-md.ncbi.nlm.nih.gov/sos12/sra-pub-zq-1216/SRR009/673/SRR9673765.sralite.1	worldwide	anonymous	gs://sra-pub-zq-106/SRR9673765/SRR9673765.zq.1	gs.us-east1	gcp identity	-		CNR	2015-03	France: Lyon	Homo sapiens	Cystic fibrosis	sputum	45.75 N 4.85 E	SA2597	Pathogen.cl														2597						-	http://ftp.sra.ebi.ac.uk/vol1/fastq/SRR967/005/SRR9673765/SRR9673765_1.fastq.gz	http://ftp.sra.ebi.ac.uk/vol1/fastq/SRR967/005/SRR9673765/SRR9673765_2.fastq.gz	-	era-fasp@fasp.sra.ebi.ac.uk:vol1/fastq/SRR967/005/SRR9673765/SRR9673765_1.fastq.gz	era-fasp@fasp.sra.ebi.ac.uk:vol1/fastq/SRR967/005/SRR9673765/SRR9673765_2.fastq.gz															-					-																																										REP3															-	-	-			-																													-																							-																																																																																																																																																																																																							-		-	-	-	-	-	-	-	-	-	-	-	-	-	Pseudomonas aeruginosa PA2600			
SRR18286280	   - cystic fibrosis isolate                    	Infection: Disease; Cystic fibrosis	['Infection']	['Disease; Cystic fibrosis']	85.8715015974441	0.0447480466896529	1791852	32845400	150	1919	85.8715015974441	SRP363292	Group II Intron-Like Reverse Transcriptases Function in Double-Strand Break Repair via Microhomology-Mediated End Joining	SRX14424068	TGIRT-seq of log phase WT strain, replicate 4	TGIRT-seq of log phase WT strain, replicate 4	287	Pseudomonas aeruginosa	WT_15h rep4	RNA-Seq	TRANSCRIPTOMIC	DNase	PAIRED	SRS12233102	-	SAMN26549905	PRJNA814398	NextSeq 500	NextSeq 500	ILLUMINA	2013165398	32845400	4926810000	WT4_15h.1.fq.gz	SRR18286280.lite	https://sra-downloadb.be-md.ncbi.nlm.nih.gov/sos1/sra-pub-zq-38/SRR018/18286/SRR18286280/SRR18286280.lite.1	1305059440	2022-09-27 12:57:58	870222c3de7b0c872e30aff5365f8c28	1	SRA Lite	Primary ETL	1	s3://sra-pub-zq-8/SRR18286280/SRR18286280.lite.1	s3.us-east-1	aws identity	https://sra-downloadb.be-md.ncbi.nlm.nih.gov/sos1/sra-pub-zq-38/SRR018/18286/SRR18286280/SRR18286280.lite.1	worldwide	anonymous	gs://sra-pub-zq-101/SRR18286280/SRR18286280.lite.1	gs.us-east1	gcp identity	-		-	2007	USA: Cleveland	Homo sapiens	-	cystic fibrosis isolate	-	AZPAE12409	Microbe, viral or environmental														not applicable						-	http://ftp.sra.ebi.ac.uk/vol1/fastq/SRR182/080/SRR18286280/SRR18286280_1.fastq.gz	http://ftp.sra.ebi.ac.uk/vol1/fastq/SRR182/080/SRR18286280/SRR18286280_2.fastq.gz	-	era-fasp@fasp.sra.ebi.ac.uk:vol1/fastq/SRR182/080/SRR18286280/SRR18286280_1.fastq.gz	era-fasp@fasp.sra.ebi.ac.uk:vol1/fastq/SRR182/080/SRR18286280/SRR18286280_2.fastq.gz																				G2L4 wild type																																																											cell culture																																																						-	-	-	-	-	TGIRT-seq of log phase WT strain, replicate 4	-																																																																																																																																																																																																																				
