			seq id	start	end	size	←reads	reads→	gene	description	source
('*', 'evidence/MC_SIDE_1_1256.html')	('*', 'evidence/MC_SIDE_2_1256.html')	('÷', 'evidence/MC_PLOT_1256.html')	PA0313	1545	1717	173	33 [28]	[28] 32	[N_A]	[N_A]	DRR514233
('*', 'evidence/MC_SIDE_1_1257.html')	('*', 'evidence/MC_SIDE_2_1257.html')	('÷', 'evidence/MC_PLOT_1257.html')	PA0366	3132	3231	100	30 [29]	[0] NA	N_A/–	coniferyl aldehyde dehydrogenase/–	DRR514233
('*', 'evidence/MC_SIDE_1_1258.html')	('*', 'evidence/MC_SIDE_2_1258.html')	('÷', 'evidence/MC_PLOT_1258.html')	PA0425	1	243	243	NA [0]	[49] 57	–/mexA	–/multidrug resistance protein MexA	DRR514233
('*', 'evidence/MC_SIDE_1_1259.html')	('*', 'evidence/MC_SIDE_2_1259.html')	('÷', 'evidence/MC_PLOT_1259.html')	PA0506	1	13	13	NA [0]	[6] 8	–/N_A	–/acyl‑CoA dehydrogenase	DRR514233
('*', 'evidence/MC_SIDE_1_1260.html')	('*', 'evidence/MC_SIDE_2_1260.html')	('÷', 'evidence/MC_PLOT_1260.html')	PA0506	561	701	141	9 [6]	[7] 8	–/N_A	–/acyl‑CoA dehydrogenase	DRR514233
('*', 'evidence/MC_SIDE_1_1261.html')	('*', 'evidence/MC_SIDE_2_1261.html')	('÷', 'evidence/MC_PLOT_1261.html')	PA0506	3597	3606	10	8 [7]	[0] NA	N_A/–	acyl‑CoA dehydrogenase/–	DRR514233
('*', 'evidence/MC_SIDE_1_1262.html')	('*', 'evidence/MC_SIDE_2_1262.html')	('÷', 'evidence/MC_PLOT_1262.html')	PA0652	2368	2445	78	40 [39]	[0] NA	vfr/–	cAMP‑regulatory protein/–	DRR514233
('*', 'evidence/MC_SIDE_1_1263.html')	('*', 'evidence/MC_SIDE_2_1263.html')	('÷', 'evidence/MC_PLOT_1263.html')	PA0997	1	118	118	NA [0]	[36] 40	–/pqsB	–/hypothetical protein	DRR514233
('*', 'evidence/MC_SIDE_1_1264.html')	('*', 'evidence/MC_SIDE_2_1264.html')	('÷', 'evidence/MC_PLOT_1264.html')	PA1333	2000	2007	8	8 [7]	[0] NA	N_A/–	hypothetical protein/–	DRR514233
('*', 'evidence/MC_SIDE_1_1265.html')	('*', 'evidence/MC_SIDE_2_1265.html')	('÷', 'evidence/MC_PLOT_1265.html')	PA1430	1	27	27	NA [0]	[11] 12	–/lasR	–/transcriptional regulator LasR	DRR514233
('*', 'evidence/MC_SIDE_1_1266.html')	('*', 'evidence/MC_SIDE_2_1266.html')	('÷', 'evidence/MC_PLOT_1266.html')	PA1713	1	14	14	NA [0]	[5] 6	–/exsA	–/exoenzyme S transcriptional regulator ExsA	DRR514233
('*', 'evidence/MC_SIDE_1_1267.html')	('*', 'evidence/MC_SIDE_2_1267.html')	('÷', 'evidence/MC_PLOT_1267.html')	PA2020	2385	2433	49	16 [13]	[0] NA	N_A/–	transcriptional regulator/–	DRR514233
('*', 'evidence/MC_SIDE_1_1268.html')	('*', 'evidence/MC_SIDE_2_1268.html')	('÷', 'evidence/MC_PLOT_1268.html')	PA2121	1	21	21	NA [0]	[7] 9	–/N_A	–/transcriptional regulator	DRR514233
('*', 'evidence/MC_SIDE_1_1269.html')	('*', 'evidence/MC_SIDE_2_1269.html')	('÷', 'evidence/MC_PLOT_1269.html')	PA2121	2373	2706	334	9 [7]	[0] NA	N_A/–	transcriptional regulator/–	DRR514233
('*', 'evidence/MC_SIDE_1_1270.html')	('*', 'evidence/MC_SIDE_2_1270.html')	('÷', 'evidence/MC_PLOT_1270.html')	PA2312	2174	2382	209	2 [1]	[0] NA	N_A/–	transcriptional regulator/–	DRR514233
('*', 'evidence/MC_SIDE_1_1271.html')	('*', 'evidence/MC_SIDE_2_1271.html')	('÷', 'evidence/MC_PLOT_1271.html')	PA2492	1	1568–4	4–1568	NA [0]	[6] 7	[mexT]	[mexT]	DRR514233
('*', 'evidence/MC_SIDE_1_1272.html')	('*', 'evidence/MC_SIDE_2_1272.html')	('÷', 'evidence/MC_PLOT_1272.html')	PA2492	1857	2030	174	7 [6]	[6] 7	[mexT]	[mexT]	DRR514233
('*', 'evidence/MC_SIDE_1_1273.html')	('*', 'evidence/MC_SIDE_2_1273.html')	('÷', 'evidence/MC_PLOT_1273.html')	PA3217	1	60	60	NA [0]	[21] 24	–/cyaB	–/protein CyaB	DRR514233
('*', 'evidence/MC_SIDE_1_1274.html')	('*', 'evidence/MC_SIDE_2_1274.html')	('÷', 'evidence/MC_PLOT_1274.html')	PA3476	1	1553–3	3–1553	NA [0]	[49] 50	rhlI	rhlI	DRR514233
('*', 'evidence/MC_SIDE_1_1275.html')	('*', 'evidence/MC_SIDE_2_1275.html')	('÷', 'evidence/MC_PLOT_1275.html')	PA3476	2332	2406	75	51 [48]	[0] NA	rhlI/–	acyl‑homoserine‑lactone synthase/–	DRR514233
('*', 'evidence/MC_SIDE_1_1276.html')	('*', 'evidence/MC_SIDE_2_1276.html')	('÷', 'evidence/MC_PLOT_1276.html')	PA3477	1032–2525	2526	2–1495	19 [17]	[0] NA	[rhlR]	[rhlR]	DRR514233
('*', 'evidence/MC_SIDE_1_1277.html')	('*', 'evidence/MC_SIDE_2_1277.html')	('÷', 'evidence/MC_PLOT_1277.html')	PA3574	1	65	65	NA [0]	[23] 28	–/nalD	–/transcriptional regulator	DRR514233
('*', 'evidence/MC_SIDE_1_1278.html')	('*', 'evidence/MC_SIDE_2_1278.html')	('÷', 'evidence/MC_PLOT_1278.html')	PA3817	2516	2574	59	9 [8]	[0] NA	N_A/–	methyltransferase/–	DRR514233
('*', 'evidence/MC_SIDE_1_1279.html')	('*', 'evidence/MC_SIDE_2_1279.html')	('÷', 'evidence/MC_PLOT_1279.html')	PA4522	2364	2367	4	3 [2]	[0] NA	ampD/–	N‑acetyl‑anhydromuranmyl‑L‑alanine amidase/–	DRR514233
('*', 'evidence/MC_SIDE_1_1280.html')	('*', 'evidence/MC_SIDE_2_1280.html')	('÷', 'evidence/MC_PLOT_1280.html')	PA4526	1	1675	1675	NA [0]	[4] 6	[pilB]	[pilB]	DRR514233
('*', 'evidence/MC_SIDE_1_1281.html')	('*', 'evidence/MC_SIDE_2_1281.html')	('÷', 'evidence/MC_PLOT_1281.html')	PA4526	1871	1913	43	6 [3]	[5] 6	pilB	type 4 fimbrial biogenesis protein PilB	DRR514233
('*', 'evidence/MC_SIDE_1_1282.html')	('*', 'evidence/MC_SIDE_2_1282.html')	('÷', 'evidence/MC_PLOT_1282.html')	PA4526	2631	3501	871	6 [5]	[0] NA	pilB/–	type 4 fimbrial biogenesis protein PilB/–	DRR514233
('*', 'evidence/MC_SIDE_1_1283.html')	('*', 'evidence/MC_SIDE_2_1283.html')	('÷', 'evidence/MC_PLOT_1283.html')	PA4796	1	126	126	NA [0]	[33] 34	–/N_A	–/hypothetical protein	DRR514233
('*', 'evidence/MC_SIDE_1_1284.html')	('*', 'evidence/MC_SIDE_2_1284.html')	('÷', 'evidence/MC_PLOT_1284.html')	PA4796	1352	2268	917	34 [31]	[0] NA	[N_A]	[N_A]	DRR514233
('*', 'evidence/MC_SIDE_1_1275.html')	('*', 'evidence/MC_SIDE_2_1275.html')	('÷', 'evidence/MC_PLOT_1275.html')	PA0506	1	792	792	NA [2]	[323] 326	–/N_A	–/acyl‑CoA dehydrogenase	ERR10011719
('*', 'evidence/MC_SIDE_1_1276.html')	('*', 'evidence/MC_SIDE_2_1276.html')	('÷', 'evidence/MC_PLOT_1276.html')	PA0506	3493	3606	114	333 [324]	[0] NA	N_A/–	acyl‑CoA dehydrogenase/–	ERR10011719
('*', 'evidence/MC_SIDE_1_1277.html')	('*', 'evidence/MC_SIDE_2_1277.html')	('÷', 'evidence/MC_PLOT_1277.html')	PA1097	1	691	691	NA [0]	[262] 264	–/fleQ	–/transcriptional regulator FleQ	ERR10011719
('*', 'evidence/MC_SIDE_1_1278.html')	('*', 'evidence/MC_SIDE_2_1278.html')	('÷', 'evidence/MC_PLOT_1278.html')	PA1713	1	242	242	NA [0]	[220] 223	–/exsA	–/exoenzyme S transcriptional regulator ExsA	ERR10011719
('*', 'evidence/MC_SIDE_1_1279.html')	('*', 'evidence/MC_SIDE_2_1279.html')	('÷', 'evidence/MC_PLOT_1279.html')	PA2121	2314	2706	393	96 [93]	[0] NA	N_A/–	transcriptional regulator/–	ERR10011719
('*', 'evidence/MC_SIDE_1_1280.html')	('*', 'evidence/MC_SIDE_2_1280.html')	('÷', 'evidence/MC_PLOT_1280.html')	PA2312	2094	2382	289	141 [133]	[0] NA	N_A/–	transcriptional regulator/–	ERR10011719
('*', 'evidence/MC_SIDE_1_1283.html')	('*', 'evidence/MC_SIDE_2_1283.html')	('÷', 'evidence/MC_PLOT_1283.html')	PA4526	1	485	485	NA [6]	[283] 286	–/pilB	–/type 4 fimbrial biogenesis protein PilB	ERR10011719
('*', 'evidence/MC_SIDE_1_1284.html')	('*', 'evidence/MC_SIDE_2_1284.html')	('÷', 'evidence/MC_PLOT_1284.html')	PA4796	1364	2268	905	104 [98]	[0] NA	[N_A]	[N_A]	ERR10011719
('*', 'evidence/MC_SIDE_1_60.html')	('*', 'evidence/MC_SIDE_2_60.html')	('÷', 'evidence/MC_PLOT_60.html')	PA4522	1	1854	1854	NA [0]	[1] 2	ampD	ampD	ERR10814912
('*', 'evidence/MC_SIDE_1_61.html')	('*', 'evidence/MC_SIDE_2_61.html')	('÷', 'evidence/MC_PLOT_61.html')	PA4522	2232	2367	136	2 [1]	[0] NA	ampD/–	N‑acetyl‑anhydromuranmyl‑L‑alanine amidase/–	ERR10814912
('*', 'evidence/MC_SIDE_1_1236.html')	('*', 'evidence/MC_SIDE_2_1236.html')	('÷', 'evidence/MC_PLOT_1236.html')	PA0313	1	96	96	NA [0]	[29] 31	–/N_A	–/L‑cysteine ABC transporter protein YecS	ERR10818797
('*', 'evidence/MC_SIDE_1_1237.html')	('*', 'evidence/MC_SIDE_2_1237.html')	('÷', 'evidence/MC_PLOT_1237.html')	PA0652	1	105	105	NA [0]	[30] 31	–/vfr	–/cAMP‑regulatory protein	ERR10818797
('*', 'evidence/MC_SIDE_1_1238.html')	('*', 'evidence/MC_SIDE_2_1238.html')	('÷', 'evidence/MC_PLOT_1238.html')	PA0707	2294	2580	287	25 [24]	[0] NA	toxR/–	transcriptional regulator ToxR/–	ERR10818797
('*', 'evidence/MC_SIDE_1_1239.html')	('*', 'evidence/MC_SIDE_2_1239.html')	('÷', 'evidence/MC_PLOT_1239.html')	PA0997	2560	2652	93	26 [24]	[0] NA	pqsB/–	hypothetical protein/–	ERR10818797
('*', 'evidence/MC_SIDE_1_1240.html')	('*', 'evidence/MC_SIDE_2_1240.html')	('÷', 'evidence/MC_PLOT_1240.html')	PA1097	1	683	683	NA [0]	[19] 21	–/fleQ	–/transcriptional regulator FleQ	ERR10818797
('*', 'evidence/MC_SIDE_1_1241.html')	('*', 'evidence/MC_SIDE_2_1241.html')	('÷', 'evidence/MC_PLOT_1241.html')	PA1333	1	78	78	NA [0]	[18] 19	–/N_A	–/hypothetical protein	ERR10818797
('*', 'evidence/MC_SIDE_1_1242.html')	('*', 'evidence/MC_SIDE_2_1242.html')	('÷', 'evidence/MC_PLOT_1242.html')	PA1333	1886	2007	122	19 [18]	[0] NA	N_A/–	hypothetical protein/–	ERR10818797
('*', 'evidence/MC_SIDE_1_1243.html')	('*', 'evidence/MC_SIDE_2_1243.html')	('÷', 'evidence/MC_PLOT_1243.html')	PA1713	1	27	27	NA [0]	[7] 8	–/exsA	–/exoenzyme S transcriptional regulator ExsA	ERR10818797
('*', 'evidence/MC_SIDE_1_1244.html')	('*', 'evidence/MC_SIDE_2_1244.html')	('÷', 'evidence/MC_PLOT_1244.html')	PA2121	1	116	116	NA [0]	[12] 13	–/N_A	–/transcriptional regulator	ERR10818797
('*', 'evidence/MC_SIDE_1_1245.html')	('*', 'evidence/MC_SIDE_2_1245.html')	('÷', 'evidence/MC_PLOT_1245.html')	PA2121	2270	2706	437	13 [12]	[0] NA	N_A/–	transcriptional regulator/–	ERR10818797
('*', 'evidence/MC_SIDE_1_1246.html')	('*', 'evidence/MC_SIDE_2_1246.html')	('÷', 'evidence/MC_PLOT_1246.html')	PA2312	1	20	20	NA [0]	[11] 12	–/N_A	–/transcriptional regulator	ERR10818797
('*', 'evidence/MC_SIDE_1_1247.html')	('*', 'evidence/MC_SIDE_2_1247.html')	('÷', 'evidence/MC_PLOT_1247.html')	PA2312	2119	2382	264	12 [11]	[0] NA	N_A/–	transcriptional regulator/–	ERR10818797
('*', 'evidence/MC_SIDE_1_1248.html')	('*', 'evidence/MC_SIDE_2_1248.html')	('÷', 'evidence/MC_PLOT_1248.html')	PA2435	1	22	22	NA [0]	[8] 9	–/N_A	–/cation‑transporting P‑type ATPase	ERR10818797
('*', 'evidence/MC_SIDE_1_1249.html')	('*', 'evidence/MC_SIDE_2_1249.html')	('÷', 'evidence/MC_PLOT_1249.html')	PA2491	1	1592–2	2–1592	NA [0]	[9] 10	[N_A]	[N_A]	ERR10818797
('*', 'evidence/MC_SIDE_1_1250.html')	('*', 'evidence/MC_SIDE_2_1250.html')	('÷', 'evidence/MC_PLOT_1250.html')	PA2491	2798	2820	23	10 [9]	[0] NA	N_A/–	oxidoreductase/–	ERR10818797
('*', 'evidence/MC_SIDE_1_1251.html')	('*', 'evidence/MC_SIDE_2_1251.html')	('÷', 'evidence/MC_PLOT_1251.html')	PA2492	1821	2090	270	14 [10]	[13] 14	[mexT]	[mexT]	ERR10818797
('*', 'evidence/MC_SIDE_1_1252.html')	('*', 'evidence/MC_SIDE_2_1252.html')	('÷', 'evidence/MC_PLOT_1252.html')	PA3217	1	100	100	NA [0]	[24] 25	–/cyaB	–/protein CyaB	ERR10818797
('*', 'evidence/MC_SIDE_1_1253.html')	('*', 'evidence/MC_SIDE_2_1253.html')	('÷', 'evidence/MC_PLOT_1253.html')	PA3476	1	1564–2	2–1564	NA [0]	[24] 26	rhlI	rhlI	ERR10818797
('*', 'evidence/MC_SIDE_1_1254.html')	('*', 'evidence/MC_SIDE_2_1254.html')	('÷', 'evidence/MC_PLOT_1254.html')	PA3477	998–2522	2526	5–1529	20 [19]	[0] NA	[rhlR]	[rhlR]	ERR10818797
('*', 'evidence/MC_SIDE_1_1255.html')	('*', 'evidence/MC_SIDE_2_1255.html')	('÷', 'evidence/MC_PLOT_1255.html')	PA3574	2351	2439	89	28 [26]	[0] NA	nalD/–	transcriptional regulator/–	ERR10818797
('*', 'evidence/MC_SIDE_1_1256.html')	('*', 'evidence/MC_SIDE_2_1256.html')	('÷', 'evidence/MC_PLOT_1256.html')	PA3703	1	65	65	NA [0]	[21] 22	–/wspF	–/chemotaxis‑specific methylesterase	ERR10818797
('*', 'evidence/MC_SIDE_1_1257.html')	('*', 'evidence/MC_SIDE_2_1257.html')	('÷', 'evidence/MC_PLOT_1257.html')	PA3703	2702	2808	107	22 [21]	[0] NA	wspF/–	chemotaxis‑specific methylesterase/–	ERR10818797
('*', 'evidence/MC_SIDE_1_1258.html')	('*', 'evidence/MC_SIDE_2_1258.html')	('÷', 'evidence/MC_PLOT_1258.html')	PA3817	1	63	63	NA [0]	[24] 26	–/N_A	–/methyltransferase	ERR10818797
('*', 'evidence/MC_SIDE_1_1259.html')	('*', 'evidence/MC_SIDE_2_1259.html')	('÷', 'evidence/MC_PLOT_1259.html')	PA4420	2653	2742	90	28 [26]	[0] NA	N_A/–	S‑adenosyl‑methyltransferase MraW/–	ERR10818797
('*', 'evidence/MC_SIDE_1_1260.html')	('*', 'evidence/MC_SIDE_2_1260.html')	('÷', 'evidence/MC_PLOT_1260.html')	PA4526	147	1855	1709	2 [1]	[1] 2	[pilB]	[pilB]	ERR10818797
('*', 'evidence/MC_SIDE_1_1261.html')	('*', 'evidence/MC_SIDE_2_1261.html')	('÷', 'evidence/MC_PLOT_1261.html')	PA4526	2385	2416	32	2 [0]	[1] 3	pilB	type 4 fimbrial biogenesis protein PilB	ERR10818797
('*', 'evidence/MC_SIDE_1_1262.html')	('*', 'evidence/MC_SIDE_2_1262.html')	('÷', 'evidence/MC_PLOT_1262.html')	PA4526	2631	3501	871	2 [0]	[0] NA	pilB/–	type 4 fimbrial biogenesis protein PilB/–	ERR10818797
('*', 'evidence/MC_SIDE_1_1263.html')	('*', 'evidence/MC_SIDE_2_1263.html')	('÷', 'evidence/MC_PLOT_1263.html')	PA4796	1348	2268	921	28 [26]	[0] NA	[N_A]	[N_A]	ERR10818797
('*', 'evidence/MC_SIDE_1_1264.html')	('*', 'evidence/MC_SIDE_2_1264.html')	('÷', 'evidence/MC_PLOT_1264.html')	PA4848	2303	3150	848	8 [5]	[0] NA	accC/–	acetyl‑CoA carboxylase biotin carboxylase subunit/–	ERR10818797
('*', 'evidence/MC_SIDE_1_638.html')	('*', 'evidence/MC_SIDE_2_638.html')	('÷', 'evidence/MC_PLOT_638.html')	PA0425	1	83	83	NA [0]	[90] 92	–/mexA	–/multidrug resistance protein MexA	ERR12131212
('*', 'evidence/MC_SIDE_1_639.html')	('*', 'evidence/MC_SIDE_2_639.html')	('÷', 'evidence/MC_PLOT_639.html')	PA0506	3566	3606	41	81 [79]	[0] NA	N_A/–	acyl‑CoA dehydrogenase/–	ERR12131212
('*', 'evidence/MC_SIDE_1_640.html')	('*', 'evidence/MC_SIDE_2_640.html')	('÷', 'evidence/MC_PLOT_640.html')	PA1097	1	643	643	NA [0]	[28] 30	–/fleQ	–/transcriptional regulator FleQ	ERR12131212
('*', 'evidence/MC_SIDE_1_641.html')	('*', 'evidence/MC_SIDE_2_641.html')	('÷', 'evidence/MC_PLOT_641.html')	PA1179	1	84	84	NA [0]	[72] 76	–/phoP	–/two‑component response regulator PhoP	ERR12131212
('*', 'evidence/MC_SIDE_1_642.html')	('*', 'evidence/MC_SIDE_2_642.html')	('÷', 'evidence/MC_PLOT_642.html')	PA1179	2409	2478	70	81 [74]	[0] NA	phoP/–	two‑component response regulator PhoP/–	ERR12131212
('*', 'evidence/MC_SIDE_1_643.html')	('*', 'evidence/MC_SIDE_2_643.html')	('÷', 'evidence/MC_PLOT_643.html')	PA1544	1	93	93	NA [0]	[32] 33	–/anr	–/transcriptional regulator Anr	ERR12131212
('*', 'evidence/MC_SIDE_1_645.html')	('*', 'evidence/MC_SIDE_2_645.html')	('÷', 'evidence/MC_PLOT_645.html')	PA2491	1	1577–3	3–1577	NA [0]	[17] 24	[N_A]	[N_A]	ERR12131212
('*', 'evidence/MC_SIDE_1_646.html')	('*', 'evidence/MC_SIDE_2_646.html')	('÷', 'evidence/MC_PLOT_646.html')	PA2492	1	1620–2	2–1620	NA [0]	[42] 46	[mexT]	[mexT]	ERR12131212
('*', 'evidence/MC_SIDE_1_647.html')	('*', 'evidence/MC_SIDE_2_647.html')	('÷', 'evidence/MC_PLOT_647.html')	PA3476	1812	1869	58	21 [20]	[20] 21	rhlI/–	acyl‑homoserine‑lactone synthase/–	ERR12131212
('*', 'evidence/MC_SIDE_1_648.html')	('*', 'evidence/MC_SIDE_2_648.html')	('÷', 'evidence/MC_PLOT_648.html')	PA3476	2380	2406	27	21 [18]	[0] NA	rhlI/–	acyl‑homoserine‑lactone synthase/–	ERR12131212
('*', 'evidence/MC_SIDE_1_649.html')	('*', 'evidence/MC_SIDE_2_649.html')	('÷', 'evidence/MC_PLOT_649.html')	PA3477	1007–2518	2526	9–1520	76 [73]	[0] NA	[rhlR]	[rhlR]	ERR12131212
('*', 'evidence/MC_SIDE_1_650.html')	('*', 'evidence/MC_SIDE_2_650.html')	('÷', 'evidence/MC_PLOT_650.html')	PA3565	1811	2161	351	65 [60]	[59] 63	[N_A]	[N_A]	ERR12131212
('*', 'evidence/MC_SIDE_1_651.html')	('*', 'evidence/MC_SIDE_2_651.html')	('÷', 'evidence/MC_PLOT_651.html')	PA4462	3190	3294	105	73 [71]	[0] NA	rpoN/–	RNA polymerase factor sigma‑54/–	ERR12131212
('*', 'evidence/MC_SIDE_1_652.html')	('*', 'evidence/MC_SIDE_2_652.html')	('÷', 'evidence/MC_PLOT_652.html')	PA4522	1	43	43	NA [0]	[30] 36	–/ampD	–/N‑acetyl‑anhydromuranmyl‑L‑alanine amidase	ERR12131212
('*', 'evidence/MC_SIDE_1_653.html')	('*', 'evidence/MC_SIDE_2_653.html')	('÷', 'evidence/MC_PLOT_653.html')	PA4526	1	1518	1518	NA [0]	[15] 17	[pilB]	[pilB]	ERR12131212
('*', 'evidence/MC_SIDE_1_654.html')	('*', 'evidence/MC_SIDE_2_654.html')	('÷', 'evidence/MC_PLOT_654.html')	PA4526	1789	1929	141	21 [14]	[13] 19	pilB	type 4 fimbrial biogenesis protein PilB	ERR12131212
('*', 'evidence/MC_SIDE_1_655.html')	('*', 'evidence/MC_SIDE_2_655.html')	('÷', 'evidence/MC_PLOT_655.html')	PA4526	2309	2420	112	19 [14]	[16] 17	pilB	type 4 fimbrial biogenesis protein PilB	ERR12131212
('*', 'evidence/MC_SIDE_1_656.html')	('*', 'evidence/MC_SIDE_2_656.html')	('÷', 'evidence/MC_PLOT_656.html')	PA4526	2618	3501	884	18 [12]	[0] NA	pilB/–	type 4 fimbrial biogenesis protein PilB/–	ERR12131212
('*', 'evidence/MC_SIDE_1_657.html')	('*', 'evidence/MC_SIDE_2_657.html')	('÷', 'evidence/MC_PLOT_657.html')	PA4796	1358	2268	911	46 [44]	[0] NA	[N_A]	[N_A]	ERR12131212
('*', 'evidence/MC_SIDE_1_1308.html')	('*', 'evidence/MC_SIDE_2_1308.html')	('÷', 'evidence/MC_PLOT_1308.html')	PA0506	1	842	842	NA [7]	[251] 255	–/N_A	–/acyl‑CoA dehydrogenase	ERR13863800
('*', 'evidence/MC_SIDE_1_1309.html')	('*', 'evidence/MC_SIDE_2_1309.html')	('÷', 'evidence/MC_PLOT_1309.html')	PA0506	3489	3606	118	256 [252]	[0] NA	N_A/–	acyl‑CoA dehydrogenase/–	ERR13863800
('*', 'evidence/MC_SIDE_1_1310.html')	('*', 'evidence/MC_SIDE_2_1310.html')	('÷', 'evidence/MC_PLOT_1310.html')	PA0707	2289	2580	292	140 [131]	[0] NA	toxR/–	transcriptional regulator ToxR/–	ERR13863800
('*', 'evidence/MC_SIDE_1_1311.html')	('*', 'evidence/MC_SIDE_2_1311.html')	('÷', 'evidence/MC_PLOT_1311.html')	PA1097	1	695	695	NA [0]	[137] 146	–/fleQ	–/transcriptional regulator FleQ	ERR13863800
('*', 'evidence/MC_SIDE_1_1312.html')	('*', 'evidence/MC_SIDE_2_1312.html')	('÷', 'evidence/MC_PLOT_1312.html')	PA1333	1	102	102	NA [0]	[173] 175	–/N_A	–/hypothetical protein	ERR13863800
('*', 'evidence/MC_SIDE_1_1313.html')	('*', 'evidence/MC_SIDE_2_1313.html')	('÷', 'evidence/MC_PLOT_1313.html')	PA1544	1	111	111	NA [0]	[165] 167	–/anr	–/transcriptional regulator Anr	ERR13863800
('*', 'evidence/MC_SIDE_1_1314.html')	('*', 'evidence/MC_SIDE_2_1314.html')	('÷', 'evidence/MC_PLOT_1314.html')	PA2121	1787	1948	162	109 [101]	[105] 109	[N_A]	[N_A]	ERR13863800
('*', 'evidence/MC_SIDE_1_1315.html')	('*', 'evidence/MC_SIDE_2_1315.html')	('÷', 'evidence/MC_PLOT_1315.html')	PA2121	2288	2706	419	110 [108]	[0] NA	N_A/–	transcriptional regulator/–	ERR13863800
('*', 'evidence/MC_SIDE_1_1316.html')	('*', 'evidence/MC_SIDE_2_1316.html')	('÷', 'evidence/MC_PLOT_1316.html')	PA2312	2086	2382	297	136 [124]	[0] NA	N_A/–	transcriptional regulator/–	ERR13863800
('*', 'evidence/MC_SIDE_1_1318.html')	('*', 'evidence/MC_SIDE_2_1318.html')	('÷', 'evidence/MC_PLOT_1318.html')	PA2491	1838	2111	274	191 [187]	[190] 199	[N_A]	[N_A]	ERR13863800
('*', 'evidence/MC_SIDE_1_1319.html')	('*', 'evidence/MC_SIDE_2_1319.html')	('÷', 'evidence/MC_PLOT_1319.html')	PA2492	1	1616–2	2–1616	NA [0]	[140] 141	[mexT]	[mexT]	ERR13863800
('*', 'evidence/MC_SIDE_1_1320.html')	('*', 'evidence/MC_SIDE_2_1320.html')	('÷', 'evidence/MC_PLOT_1320.html')	PA2492	1772	2078	307	142 [129]	[136] 147	[mexT]	[mexT]	ERR13863800
('*', 'evidence/MC_SIDE_1_1321.html')	('*', 'evidence/MC_SIDE_2_1321.html')	('÷', 'evidence/MC_PLOT_1321.html')	PA3477	943–2523	2526	4–1584	218 [205]	[0] NA	[rhlR]	[rhlR]	ERR13863800
('*', 'evidence/MC_SIDE_1_1322.html')	('*', 'evidence/MC_SIDE_2_1322.html')	('÷', 'evidence/MC_PLOT_1322.html')	PA3565	1	101	101	NA [0]	[141] 142	–/N_A	–/transcriptional regulator	ERR13863800
('*', 'evidence/MC_SIDE_1_1323.html')	('*', 'evidence/MC_SIDE_2_1323.html')	('÷', 'evidence/MC_PLOT_1323.html')	PA3817	2174	2574	401	195 [183]	[0] NA	N_A/–	methyltransferase/–	ERR13863800
('*', 'evidence/MC_SIDE_1_1324.html')	('*', 'evidence/MC_SIDE_2_1324.html')	('÷', 'evidence/MC_PLOT_1324.html')	PA4526	148	1858	1711	24 [12]	[11] 18	[pilB]	[pilB]	ERR13863800
('*', 'evidence/MC_SIDE_1_1325.html')	('*', 'evidence/MC_SIDE_2_1325.html')	('÷', 'evidence/MC_PLOT_1325.html')	PA4526	2373	2424	52	21 [12]	[17] 24	pilB	type 4 fimbrial biogenesis protein PilB	ERR13863800
('*', 'evidence/MC_SIDE_1_1326.html')	('*', 'evidence/MC_SIDE_2_1326.html')	('÷', 'evidence/MC_PLOT_1326.html')	PA4526	2609	3501	893	18 [17]	[0] NA	pilB/–	type 4 fimbrial biogenesis protein PilB/–	ERR13863800
('*', 'evidence/MC_SIDE_1_1327.html')	('*', 'evidence/MC_SIDE_2_1327.html')	('÷', 'evidence/MC_PLOT_1327.html')	PA4796	1329	2268	940	180 [173]	[0] NA	[N_A]	[N_A]	ERR13863800
('*', 'evidence/MC_SIDE_1_774.html')	('*', 'evidence/MC_SIDE_2_774.html')	('÷', 'evidence/MC_PLOT_774.html')	PA0707	2438	2580	143	402 [400]	[0] NA	toxR/–	transcriptional regulator ToxR/–	ERR14732654
('*', 'evidence/MC_SIDE_1_776.html')	('*', 'evidence/MC_SIDE_2_776.html')	('÷', 'evidence/MC_PLOT_776.html')	PA2492	1	1670–5	5–1670	NA [0]	[295] 299	[mexT]	[mexT]	ERR14732654
('*', 'evidence/MC_SIDE_1_777.html')	('*', 'evidence/MC_SIDE_2_777.html')	('÷', 'evidence/MC_PLOT_777.html')	PA4526	1	1504	1504	NA [0]	[42] 44	[pilB]	[pilB]	ERR14732654
('*', 'evidence/MC_SIDE_1_778.html')	('*', 'evidence/MC_SIDE_2_778.html')	('÷', 'evidence/MC_PLOT_778.html')	PA4526	1761	1941	181	44 [40]	[41] 48	pilB	type 4 fimbrial biogenesis protein PilB	ERR14732654
('*', 'evidence/MC_SIDE_1_779.html')	('*', 'evidence/MC_SIDE_2_779.html')	('÷', 'evidence/MC_PLOT_779.html')	PA4526	2321	2421	101	43 [38]	[42] 45	pilB	type 4 fimbrial biogenesis protein PilB	ERR14732654
('*', 'evidence/MC_SIDE_1_780.html')	('*', 'evidence/MC_SIDE_2_780.html')	('÷', 'evidence/MC_PLOT_780.html')	PA4526	2622	3501	880	47 [39]	[0] NA	pilB/–	type 4 fimbrial biogenesis protein PilB/–	ERR14732654
('*', 'evidence/MC_SIDE_1_781.html')	('*', 'evidence/MC_SIDE_2_781.html')	('÷', 'evidence/MC_PLOT_781.html')	PA4796	1346	2268	923	312 [304]	[0] NA	[N_A]	[N_A]	ERR14732654
('*', 'evidence/MC_SIDE_1_717.html')	('*', 'evidence/MC_SIDE_2_717.html')	('÷', 'evidence/MC_PLOT_717.html')	PA1097	1	644	644	NA [0]	[35] 38	–/fleQ	–/transcriptional regulator FleQ	ERR1538268
('*', 'evidence/MC_SIDE_1_718.html')	('*', 'evidence/MC_SIDE_2_718.html')	('÷', 'evidence/MC_PLOT_718.html')	PA2312	2081	2382	302	37 [34]	[0] NA	N_A/–	transcriptional regulator/–	ERR1538268
('*', 'evidence/MC_SIDE_1_719.html')	('*', 'evidence/MC_SIDE_2_719.html')	('÷', 'evidence/MC_PLOT_719.html')	PA2491	1	1662–2	2–1662	NA [0]	[42] 43	[N_A]	[N_A]	ERR1538268
('*', 'evidence/MC_SIDE_1_720.html')	('*', 'evidence/MC_SIDE_2_720.html')	('÷', 'evidence/MC_PLOT_720.html')	PA2491	1909	2052	144	43 [42]	[42] 43	[N_A]	[N_A]	ERR1538268
('*', 'evidence/MC_SIDE_1_721.html')	('*', 'evidence/MC_SIDE_2_721.html')	('÷', 'evidence/MC_PLOT_721.html')	PA2492	1928	2073	146	45 [43]	[44] 45	[mexT]	[mexT]	ERR1538268
('*', 'evidence/MC_SIDE_1_722.html')	('*', 'evidence/MC_SIDE_2_722.html')	('÷', 'evidence/MC_PLOT_722.html')	PA3476	1799	1873	75	22 [21]	[21] 22	rhlI/–	acyl‑homoserine‑lactone synthase/–	ERR1538268
('*', 'evidence/MC_SIDE_1_723.html')	('*', 'evidence/MC_SIDE_2_723.html')	('÷', 'evidence/MC_PLOT_723.html')	PA3477	953–2523	2526	4–1574	45 [44]	[0] NA	[rhlR]	[rhlR]	ERR1538268
('*', 'evidence/MC_SIDE_1_724.html')	('*', 'evidence/MC_SIDE_2_724.html')	('÷', 'evidence/MC_PLOT_724.html')	PA3565	1829	2125	297	46 [44]	[44] 45	N_A/–	transcriptional regulator/–	ERR1538268
('*', 'evidence/MC_SIDE_1_725.html')	('*', 'evidence/MC_SIDE_2_725.html')	('÷', 'evidence/MC_PLOT_725.html')	PA3817	1	73	73	NA [0]	[45] 46	–/N_A	–/methyltransferase	ERR1538268
('*', 'evidence/MC_SIDE_1_727.html')	('*', 'evidence/MC_SIDE_2_727.html')	('÷', 'evidence/MC_PLOT_727.html')	PA4526	140	1642	1503	15 [13]	[13] 14	[pilB]	[pilB]	ERR1538268
('*', 'evidence/MC_SIDE_1_728.html')	('*', 'evidence/MC_SIDE_2_728.html')	('÷', 'evidence/MC_PLOT_728.html')	PA4526	1891	1944	54	14 [12]	[12] 14	pilB	type 4 fimbrial biogenesis protein PilB	ERR1538268
('*', 'evidence/MC_SIDE_1_729.html')	('*', 'evidence/MC_SIDE_2_729.html')	('÷', 'evidence/MC_PLOT_729.html')	PA4526	2276	2381	106	15 [13]	[13] 14	pilB	type 4 fimbrial biogenesis protein PilB	ERR1538268
('*', 'evidence/MC_SIDE_1_730.html')	('*', 'evidence/MC_SIDE_2_730.html')	('÷', 'evidence/MC_PLOT_730.html')	PA4526	2629	3501	873	14 [11]	[0] NA	pilB/–	type 4 fimbrial biogenesis protein PilB/–	ERR1538268
('*', 'evidence/MC_SIDE_1_731.html')	('*', 'evidence/MC_SIDE_2_731.html')	('÷', 'evidence/MC_PLOT_731.html')	PA4796	1372	2268	897	53 [50]	[0] NA	N_A/–	hypothetical protein/–	ERR1538268
('*', 'evidence/MC_SIDE_1_1703.html')	('*', 'evidence/MC_SIDE_2_1703.html')	('÷', 'evidence/MC_PLOT_1703.html')	PA0425	2869	2952	84	40 [38]	[0] NA	mexA/–	multidrug resistance protein MexA/–	ERR16138758
('*', 'evidence/MC_SIDE_1_1704.html')	('*', 'evidence/MC_SIDE_2_1704.html')	('÷', 'evidence/MC_PLOT_1704.html')	PA0506	464	747	284	33 [32]	[32] 34	–/N_A	–/acyl‑CoA dehydrogenase	ERR16138758
('*', 'evidence/MC_SIDE_1_1705.html')	('*', 'evidence/MC_SIDE_2_1705.html')	('÷', 'evidence/MC_PLOT_1705.html')	PA0506	3542	3606	65	33 [32]	[0] NA	N_A/–	acyl‑CoA dehydrogenase/–	ERR16138758
('*', 'evidence/MC_SIDE_1_1706.html')	('*', 'evidence/MC_SIDE_2_1706.html')	('÷', 'evidence/MC_PLOT_1706.html')	PA0652	1	57	57	NA [0]	[28] 29	–/vfr	–/cAMP‑regulatory protein	ERR16138758
('*', 'evidence/MC_SIDE_1_1707.html')	('*', 'evidence/MC_SIDE_2_1707.html')	('÷', 'evidence/MC_PLOT_1707.html')	PA0652	2354	2445	92	29 [27]	[0] NA	vfr/–	cAMP‑regulatory protein/–	ERR16138758
('*', 'evidence/MC_SIDE_1_1708.html')	('*', 'evidence/MC_SIDE_2_1708.html')	('÷', 'evidence/MC_PLOT_1708.html')	PA0707	1	89	89	NA [0]	[23] 25	–/toxR	–/transcriptional regulator ToxR	ERR16138758
('*', 'evidence/MC_SIDE_1_1709.html')	('*', 'evidence/MC_SIDE_2_1709.html')	('÷', 'evidence/MC_PLOT_1709.html')	PA0707	2531	2580	50	24 [23]	[0] NA	toxR/–	transcriptional regulator ToxR/–	ERR16138758
('*', 'evidence/MC_SIDE_1_1710.html')	('*', 'evidence/MC_SIDE_2_1710.html')	('÷', 'evidence/MC_PLOT_1710.html')	PA0997	367	483	117	26 [25]	[25] 26	–/pqsB	–/hypothetical protein	ERR16138758
('*', 'evidence/MC_SIDE_1_1711.html')	('*', 'evidence/MC_SIDE_2_1711.html')	('÷', 'evidence/MC_PLOT_1711.html')	PA0997	2580	2652	73	26 [25]	[0] NA	pqsB/–	hypothetical protein/–	ERR16138758
('*', 'evidence/MC_SIDE_1_1712.html')	('*', 'evidence/MC_SIDE_2_1712.html')	('÷', 'evidence/MC_PLOT_1712.html')	PA1097	1	932	932	NA [0]	[27] 29	[fleQ]	[fleQ]	ERR16138758
('*', 'evidence/MC_SIDE_1_1713.html')	('*', 'evidence/MC_SIDE_2_1713.html')	('÷', 'evidence/MC_PLOT_1713.html')	PA1179	1	81	81	NA [0]	[26] 29	–/phoP	–/two‑component response regulator PhoP	ERR16138758
('*', 'evidence/MC_SIDE_1_1714.html')	('*', 'evidence/MC_SIDE_2_1714.html')	('÷', 'evidence/MC_PLOT_1714.html')	PA1333	1	18	18	NA [0]	[3] 4	–/N_A	–/hypothetical protein	ERR16138758
('*', 'evidence/MC_SIDE_1_1715.html')	('*', 'evidence/MC_SIDE_2_1715.html')	('÷', 'evidence/MC_PLOT_1715.html')	PA1333	621	1261	641	4 [3]	[0] 4	N_A	N_A	ERR16138758
('*', 'evidence/MC_SIDE_1_1716.html')	('*', 'evidence/MC_SIDE_2_1716.html')	('÷', 'evidence/MC_PLOT_1716.html')	PA1333	1927	2007	81	5 [0]	[0] NA	N_A/–	hypothetical protein/–	ERR16138758
('*', 'evidence/MC_SIDE_1_1717.html')	('*', 'evidence/MC_SIDE_2_1717.html')	('÷', 'evidence/MC_PLOT_1717.html')	PA1544	1	49	49	NA [0]	[13] 15	–/anr	–/transcriptional regulator Anr	ERR16138758
('*', 'evidence/MC_SIDE_1_1718.html')	('*', 'evidence/MC_SIDE_2_1718.html')	('÷', 'evidence/MC_PLOT_1718.html')	PA1544	423	579	157	15 [14]	[14] 15	–/anr	–/transcriptional regulator Anr	ERR16138758
('*', 'evidence/MC_SIDE_1_1719.html')	('*', 'evidence/MC_SIDE_2_1719.html')	('÷', 'evidence/MC_PLOT_1719.html')	PA2020	2350	2433	84	21 [19]	[0] NA	N_A/–	transcriptional regulator/–	ERR16138758
('*', 'evidence/MC_SIDE_1_1720.html')	('*', 'evidence/MC_SIDE_2_1720.html')	('÷', 'evidence/MC_PLOT_1720.html')	PA2121	1	82	82	NA [0]	[18] 19	–/N_A	–/transcriptional regulator	ERR16138758
('*', 'evidence/MC_SIDE_1_1721.html')	('*', 'evidence/MC_SIDE_2_1721.html')	('÷', 'evidence/MC_PLOT_1721.html')	PA2121	2406	2706	301	19 [18]	[0] NA	N_A/–	transcriptional regulator/–	ERR16138758
('*', 'evidence/MC_SIDE_1_1722.html')	('*', 'evidence/MC_SIDE_2_1722.html')	('÷', 'evidence/MC_PLOT_1722.html')	PA2312	1	20	20	NA [0]	[10] 11	–/N_A	–/transcriptional regulator	ERR16138758
('*', 'evidence/MC_SIDE_1_1723.html')	('*', 'evidence/MC_SIDE_2_1723.html')	('÷', 'evidence/MC_PLOT_1723.html')	PA2312	2233	2382	150	11 [10]	[0] NA	N_A/–	transcriptional regulator/–	ERR16138758
('*', 'evidence/MC_SIDE_1_1724.html')	('*', 'evidence/MC_SIDE_2_1724.html')	('÷', 'evidence/MC_PLOT_1724.html')	PA2435	3422	3550	129	12 [11]	[11] 12	N_A/–	cation‑transporting P‑type ATPase/–	ERR16138758
('*', 'evidence/MC_SIDE_1_1725.html')	('*', 'evidence/MC_SIDE_2_1725.html')	('÷', 'evidence/MC_PLOT_1725.html')	PA2491	1	2051	2051	NA [0]	[14] 17	N_A	N_A	ERR16138758
('*', 'evidence/MC_SIDE_1_1726.html')	('*', 'evidence/MC_SIDE_2_1726.html')	('÷', 'evidence/MC_PLOT_1726.html')	PA2492	1	1602–12	12–1602	NA [0]	[15] 16	[mexT]	[mexT]	ERR16138758
('*', 'evidence/MC_SIDE_1_1727.html')	('*', 'evidence/MC_SIDE_2_1727.html')	('÷', 'evidence/MC_PLOT_1727.html')	PA2492	2790	2844	55	17 [15]	[0] NA	mexT/–	transcriptional regulator MexT/–	ERR16138758
('*', 'evidence/MC_SIDE_1_1728.html')	('*', 'evidence/MC_SIDE_2_1728.html')	('÷', 'evidence/MC_PLOT_1728.html')	PA3217	1	90	90	NA [0]	[22] 24	–/cyaB	–/protein CyaB	ERR16138758
('*', 'evidence/MC_SIDE_1_1729.html')	('*', 'evidence/MC_SIDE_2_1729.html')	('÷', 'evidence/MC_PLOT_1729.html')	PA3476	1	1860	1860	NA [0]	[38] 41	rhlI	rhlI	ERR16138758
('*', 'evidence/MC_SIDE_1_1730.html')	('*', 'evidence/MC_SIDE_2_1730.html')	('÷', 'evidence/MC_PLOT_1730.html')	PA3574	1	113	113	NA [0]	[33] 35	–/nalD	–/transcriptional regulator	ERR16138758
('*', 'evidence/MC_SIDE_1_1731.html')	('*', 'evidence/MC_SIDE_2_1731.html')	('÷', 'evidence/MC_PLOT_1731.html')	PA3817	2518	2574	57	14 [13]	[0] NA	N_A/–	methyltransferase/–	ERR16138758
('*', 'evidence/MC_SIDE_1_1732.html')	('*', 'evidence/MC_SIDE_2_1732.html')	('÷', 'evidence/MC_PLOT_1732.html')	PA4522	2278	2367	90	15 [14]	[0] NA	ampD/–	N‑acetyl‑anhydromuranmyl‑L‑alanine amidase/–	ERR16138758
('*', 'evidence/MC_SIDE_1_1733.html')	('*', 'evidence/MC_SIDE_2_1733.html')	('÷', 'evidence/MC_PLOT_1733.html')	PA4526	1	1978	1978	NA [0]	[17] 18	[pilB]	[pilB]	ERR16138758
('*', 'evidence/MC_SIDE_1_1734.html')	('*', 'evidence/MC_SIDE_2_1734.html')	('÷', 'evidence/MC_PLOT_1734.html')	PA4526	2317	2447	131	19 [17]	[17] 18	pilB	type 4 fimbrial biogenesis protein PilB	ERR16138758
('*', 'evidence/MC_SIDE_1_1735.html')	('*', 'evidence/MC_SIDE_2_1735.html')	('÷', 'evidence/MC_PLOT_1735.html')	PA4526	2599	3501	903	18 [17]	[0] NA	[pilB]	[pilB]	ERR16138758
('*', 'evidence/MC_SIDE_1_1736.html')	('*', 'evidence/MC_SIDE_2_1736.html')	('÷', 'evidence/MC_PLOT_1736.html')	PA4796	1251	2268	1018	21 [20]	[0] NA	[N_A]	[N_A]	ERR16138758
('*', 'evidence/MC_SIDE_1_1737.html')	('*', 'evidence/MC_SIDE_2_1737.html')	('÷', 'evidence/MC_PLOT_1737.html')	PA4848	1	71	71	NA [0]	[35] 36	–/accC	–/acetyl‑CoA carboxylase biotin carboxylase subunit	ERR16138758
('*', 'evidence/MC_SIDE_1_1738.html')	('*', 'evidence/MC_SIDE_2_1738.html')	('÷', 'evidence/MC_PLOT_1738.html')	PA4848	3072	3150	79	36 [35]	[0] NA	accC/–	acetyl‑CoA carboxylase biotin carboxylase subunit/–	ERR16138758
('*', 'evidence/MC_SIDE_1_1118.html')	('*', 'evidence/MC_SIDE_2_1118.html')	('÷', 'evidence/MC_PLOT_1118.html')	PA0313	2447	2493	47	9 [8]	[0] NA	N_A/–	L‑cysteine ABC transporter protein YecS/–	ERR16741959
('*', 'evidence/MC_SIDE_1_1119.html')	('*', 'evidence/MC_SIDE_2_1119.html')	('÷', 'evidence/MC_PLOT_1119.html')	PA0366	1	70	70	NA [0]	[7] 11	–/N_A	–/coniferyl aldehyde dehydrogenase	ERR16741959
('*', 'evidence/MC_SIDE_1_1120.html')	('*', 'evidence/MC_SIDE_2_1120.html')	('÷', 'evidence/MC_PLOT_1120.html')	PA0366	1866	2001	136	10 [7]	[8] 9	N_A	coniferyl aldehyde dehydrogenase	ERR16741959
('*', 'evidence/MC_SIDE_1_1121.html')	('*', 'evidence/MC_SIDE_2_1121.html')	('÷', 'evidence/MC_PLOT_1121.html')	PA0425	2882	2952	71	17 [15]	[0] NA	mexA/–	multidrug resistance protein MexA/–	ERR16741959
('*', 'evidence/MC_SIDE_1_1122.html')	('*', 'evidence/MC_SIDE_2_1122.html')	('÷', 'evidence/MC_PLOT_1122.html')	PA0506	1	812	812	NA [0]	[27] 29	–/N_A	–/acyl‑CoA dehydrogenase	ERR16741959
('*', 'evidence/MC_SIDE_1_1123.html')	('*', 'evidence/MC_SIDE_2_1123.html')	('÷', 'evidence/MC_PLOT_1123.html')	PA0652	2348	2445	98	11 [8]	[0] NA	vfr/–	cAMP‑regulatory protein/–	ERR16741959
('*', 'evidence/MC_SIDE_1_1124.html')	('*', 'evidence/MC_SIDE_2_1124.html')	('÷', 'evidence/MC_PLOT_1124.html')	PA0707	1	40	40	NA [0]	[1] 6	–/toxR	–/transcriptional regulator ToxR	ERR16741959
('*', 'evidence/MC_SIDE_1_1125.html')	('*', 'evidence/MC_SIDE_2_1125.html')	('÷', 'evidence/MC_PLOT_1125.html')	PA0707	2153	2580	428	3 [2]	[0] NA	toxR/–	transcriptional regulator ToxR/–	ERR16741959
('*', 'evidence/MC_SIDE_1_1126.html')	('*', 'evidence/MC_SIDE_2_1126.html')	('÷', 'evidence/MC_PLOT_1126.html')	PA0997	1	121	121	NA [0]	[9] 11	–/pqsB	–/hypothetical protein	ERR16741959
('*', 'evidence/MC_SIDE_1_1127.html')	('*', 'evidence/MC_SIDE_2_1127.html')	('÷', 'evidence/MC_PLOT_1127.html')	PA0997	340	539	200	11 [10]	[10] 11	–/pqsB	–/hypothetical protein	ERR16741959
('*', 'evidence/MC_SIDE_1_1128.html')	('*', 'evidence/MC_SIDE_2_1128.html')	('÷', 'evidence/MC_PLOT_1128.html')	PA0997	2602	2652	51	11 [8]	[0] NA	pqsB/–	hypothetical protein/–	ERR16741959
('*', 'evidence/MC_SIDE_1_1129.html')	('*', 'evidence/MC_SIDE_2_1129.html')	('÷', 'evidence/MC_PLOT_1129.html')	PA1097	1	895	895	NA [0]	[3] 5	–/fleQ	–/transcriptional regulator FleQ	ERR16741959
('*', 'evidence/MC_SIDE_1_1130.html')	('*', 'evidence/MC_SIDE_2_1130.html')	('÷', 'evidence/MC_PLOT_1130.html')	PA1097	3229	3273	45	4 [3]	[0] NA	fleQ/–	transcriptional regulator FleQ/–	ERR16741959
('*', 'evidence/MC_SIDE_1_1131.html')	('*', 'evidence/MC_SIDE_2_1131.html')	('÷', 'evidence/MC_PLOT_1131.html')	PA1179	1	119	119	NA [0]	[15] 16	–/phoP	–/two‑component response regulator PhoP	ERR16741959
('*', 'evidence/MC_SIDE_1_1132.html')	('*', 'evidence/MC_SIDE_2_1132.html')	('÷', 'evidence/MC_PLOT_1132.html')	PA1179	2409	2478	70	16 [15]	[0] NA	phoP/–	two‑component response regulator PhoP/–	ERR16741959
('*', 'evidence/MC_SIDE_1_1133.html')	('*', 'evidence/MC_SIDE_2_1133.html')	('÷', 'evidence/MC_PLOT_1133.html')	PA1333	1	82	82	NA [0]	[1] 2	–/N_A	–/hypothetical protein	ERR16741959
('*', 'evidence/MC_SIDE_1_1134.html')	('*', 'evidence/MC_SIDE_2_1134.html')	('÷', 'evidence/MC_PLOT_1134.html')	PA1333	499	1573	1075	3 [1]	[1] 3	N_A	N_A	ERR16741959
('*', 'evidence/MC_SIDE_1_1135.html')	('*', 'evidence/MC_SIDE_2_1135.html')	('÷', 'evidence/MC_PLOT_1135.html')	PA1333	1920	2007	88	2 [1]	[0] NA	N_A/–	hypothetical protein/–	ERR16741959
('*', 'evidence/MC_SIDE_1_1136.html')	('*', 'evidence/MC_SIDE_2_1136.html')	('÷', 'evidence/MC_PLOT_1136.html')	PA1430	1	736	736	NA [0]	[58] 69	–/lasR	–/transcriptional regulator LasR	ERR16741959
('*', 'evidence/MC_SIDE_1_1137.html')	('*', 'evidence/MC_SIDE_2_1137.html')	('÷', 'evidence/MC_PLOT_1137.html')	PA1430	2335	2520	186	59 [58]	[0] NA	lasR/–	transcriptional regulator LasR/–	ERR16741959
('*', 'evidence/MC_SIDE_1_1138.html')	('*', 'evidence/MC_SIDE_2_1138.html')	('÷', 'evidence/MC_PLOT_1138.html')	PA1544	1	667	667	NA [0]	[19] 21	–/anr	–/transcriptional regulator Anr	ERR16741959
('*', 'evidence/MC_SIDE_1_1139.html')	('*', 'evidence/MC_SIDE_2_1139.html')	('÷', 'evidence/MC_PLOT_1139.html')	PA1544	2264	2535	272	21 [20]	[1] NA	anr/–	transcriptional regulator Anr/–	ERR16741959
('*', 'evidence/MC_SIDE_1_1140.html')	('*', 'evidence/MC_SIDE_2_1140.html')	('÷', 'evidence/MC_PLOT_1140.html')	PA1713	1	99	99	NA [0]	[12] 14	–/exsA	–/exoenzyme S transcriptional regulator ExsA	ERR16741959
('*', 'evidence/MC_SIDE_1_1141.html')	('*', 'evidence/MC_SIDE_2_1141.html')	('÷', 'evidence/MC_PLOT_1141.html')	PA1713	2500	2637	138	14 [13]	[0] NA	exsA/–	exoenzyme S transcriptional regulator ExsA/–	ERR16741959
('*', 'evidence/MC_SIDE_1_1142.html')	('*', 'evidence/MC_SIDE_2_1142.html')	('÷', 'evidence/MC_PLOT_1142.html')	PA2020	2092	2433	342	7 [6]	[0] NA	N_A/–	transcriptional regulator/–	ERR16741959
('*', 'evidence/MC_SIDE_1_1143.html')	('*', 'evidence/MC_SIDE_2_1143.html')	('÷', 'evidence/MC_PLOT_1143.html')	PA2121	1	82	82	NA [0]	[15] 16	–/N_A	–/transcriptional regulator	ERR16741959
('*', 'evidence/MC_SIDE_1_1144.html')	('*', 'evidence/MC_SIDE_2_1144.html')	('÷', 'evidence/MC_PLOT_1144.html')	PA2121	881	1404	524	16 [15]	[15] 16	[N_A]	[N_A]	ERR16741959
('*', 'evidence/MC_SIDE_1_1145.html')	('*', 'evidence/MC_SIDE_2_1145.html')	('÷', 'evidence/MC_PLOT_1145.html')	PA2121	1767	1872	106	16 [15]	[8] 18	[N_A]	[N_A]	ERR16741959
('*', 'evidence/MC_SIDE_1_1146.html')	('*', 'evidence/MC_SIDE_2_1146.html')	('÷', 'evidence/MC_PLOT_1146.html')	PA2121	2367	2706	340	16 [15]	[0] NA	N_A/–	transcriptional regulator/–	ERR16741959
('*', 'evidence/MC_SIDE_1_1147.html')	('*', 'evidence/MC_SIDE_2_1147.html')	('÷', 'evidence/MC_PLOT_1147.html')	PA2312	1	2	2	NA [0]	[0] 2	–/N_A	–/transcriptional regulator	ERR16741959
('*', 'evidence/MC_SIDE_1_1148.html')	('*', 'evidence/MC_SIDE_2_1148.html')	('÷', 'evidence/MC_PLOT_1148.html')	PA2312	255	255	1	2 [0]	[0] 3	–/N_A	–/transcriptional regulator	ERR16741959
('*', 'evidence/MC_SIDE_1_1149.html')	('*', 'evidence/MC_SIDE_2_1149.html')	('÷', 'evidence/MC_PLOT_1149.html')	PA2312	563	617	55	2 [1]	[1] 2	–/N_A	–/transcriptional regulator	ERR16741959
('*', 'evidence/MC_SIDE_1_1150.html')	('*', 'evidence/MC_SIDE_2_1150.html')	('÷', 'evidence/MC_PLOT_1150.html')	PA2312	2248	2269	22	2 [0]	[1] 2	N_A/–	transcriptional regulator/–	ERR16741959
('*', 'evidence/MC_SIDE_1_1151.html')	('*', 'evidence/MC_SIDE_2_1151.html')	('÷', 'evidence/MC_PLOT_1151.html')	PA2312	2350	2382	33	2 [1]	[0] NA	N_A/–	transcriptional regulator/–	ERR16741959
('*', 'evidence/MC_SIDE_1_1152.html')	('*', 'evidence/MC_SIDE_2_1152.html')	('÷', 'evidence/MC_PLOT_1152.html')	PA2435	1	326	326	NA [0]	[3] 4	–/N_A	–/cation‑transporting P‑type ATPase	ERR16741959
('*', 'evidence/MC_SIDE_1_1153.html')	('*', 'evidence/MC_SIDE_2_1153.html')	('÷', 'evidence/MC_PLOT_1153.html')	PA2435	3356	3628	273	4 [3]	[3] 4	N_A/–	cation‑transporting P‑type ATPase/–	ERR16741959
('*', 'evidence/MC_SIDE_1_1154.html')	('*', 'evidence/MC_SIDE_2_1154.html')	('÷', 'evidence/MC_PLOT_1154.html')	PA2435	3710	3786	77	4 [3]	[0] NA	N_A/–	cation‑transporting P‑type ATPase/–	ERR16741959
('*', 'evidence/MC_SIDE_1_1155.html')	('*', 'evidence/MC_SIDE_2_1155.html')	('÷', 'evidence/MC_PLOT_1155.html')	PA2491	1	2138	2138	NA [0]	[25] 27	N_A	N_A	ERR16741959
('*', 'evidence/MC_SIDE_1_1156.html')	('*', 'evidence/MC_SIDE_2_1156.html')	('÷', 'evidence/MC_PLOT_1156.html')	PA2491	2607	2820	214	29 [25]	[0] NA	N_A/–	oxidoreductase/–	ERR16741959
('*', 'evidence/MC_SIDE_1_1157.html')	('*', 'evidence/MC_SIDE_2_1157.html')	('÷', 'evidence/MC_PLOT_1157.html')	PA2492	1	564–62	62–564	NA [0]	[1] 2	–/mexT	–/transcriptional regulator MexT	ERR16741959
('*', 'evidence/MC_SIDE_1_1158.html')	('*', 'evidence/MC_SIDE_2_1158.html')	('÷', 'evidence/MC_PLOT_1158.html')	PA2492	981–1138	1484–1153	16–504	2 [1]	[1] 2	mexT	transcriptional regulator MexT	ERR16741959
('*', 'evidence/MC_SIDE_1_1159.html')	('*', 'evidence/MC_SIDE_2_1159.html')	('÷', 'evidence/MC_PLOT_1159.html')	PA2492	1801	1869	69	2 [1]	[0] 2	mexT	transcriptional regulator MexT	ERR16741959
('*', 'evidence/MC_SIDE_1_1160.html')	('*', 'evidence/MC_SIDE_2_1160.html')	('÷', 'evidence/MC_PLOT_1160.html')	PA3217	1	71	71	NA [0]	[14] 15	–/cyaB	–/protein CyaB	ERR16741959
('*', 'evidence/MC_SIDE_1_1161.html')	('*', 'evidence/MC_SIDE_2_1161.html')	('÷', 'evidence/MC_PLOT_1161.html')	PA3476	1–718	1755	1038–1755	NA [0]	[2] 3	rhlI	rhlI	ERR16741959
('*', 'evidence/MC_SIDE_1_1162.html')	('*', 'evidence/MC_SIDE_2_1162.html')	('÷', 'evidence/MC_PLOT_1162.html')	PA3477	1	105	105	NA [0]	[27] 32	–/rhlR	–/transcriptional regulator RhlR	ERR16741959
('*', 'evidence/MC_SIDE_1_1163.html')	('*', 'evidence/MC_SIDE_2_1163.html')	('÷', 'evidence/MC_PLOT_1163.html')	PA3477	1029–1624	2526	903–1498	31 [30]	[0] NA	[rhlR]	[rhlR]	ERR16741959
('*', 'evidence/MC_SIDE_1_1164.html')	('*', 'evidence/MC_SIDE_2_1164.html')	('÷', 'evidence/MC_PLOT_1164.html')	PA3565	678	799	122	3 [2]	[2] 4	–/N_A	–/transcriptional regulator	ERR16741959
('*', 'evidence/MC_SIDE_1_1165.html')	('*', 'evidence/MC_SIDE_2_1165.html')	('÷', 'evidence/MC_PLOT_1165.html')	PA3565	2701	2721	21	3 [2]	[0] NA	N_A/–	transcriptional regulator/–	ERR16741959
('*', 'evidence/MC_SIDE_1_1166.html')	('*', 'evidence/MC_SIDE_2_1166.html')	('÷', 'evidence/MC_PLOT_1166.html')	PA3574	1	58	58	NA [0]	[8] 10	–/nalD	–/transcriptional regulator	ERR16741959
('*', 'evidence/MC_SIDE_1_1167.html')	('*', 'evidence/MC_SIDE_2_1167.html')	('÷', 'evidence/MC_PLOT_1167.html')	PA3574	718	798	81	10 [9]	[9] 13	–/nalD	–/transcriptional regulator	ERR16741959
('*', 'evidence/MC_SIDE_1_1168.html')	('*', 'evidence/MC_SIDE_2_1168.html')	('÷', 'evidence/MC_PLOT_1168.html')	PA3703	1	207	207	NA [0]	[25] 30	–/wspF	–/chemotaxis‑specific methylesterase	ERR16741959
('*', 'evidence/MC_SIDE_1_1169.html')	('*', 'evidence/MC_SIDE_2_1169.html')	('÷', 'evidence/MC_PLOT_1169.html')	PA3703	2613	2808	196	28 [27]	[0] NA	wspF/–	chemotaxis‑specific methylesterase/–	ERR16741959
('*', 'evidence/MC_SIDE_1_1170.html')	('*', 'evidence/MC_SIDE_2_1170.html')	('÷', 'evidence/MC_PLOT_1170.html')	PA3817	1	56	56	NA [0]	[10] 11	–/N_A	–/methyltransferase	ERR16741959
('*', 'evidence/MC_SIDE_1_1171.html')	('*', 'evidence/MC_SIDE_2_1171.html')	('÷', 'evidence/MC_PLOT_1171.html')	PA4420	1329	1633	305	24 [22]	[22] 24	N_A	S‑adenosyl‑methyltransferase MraW	ERR16741959
('*', 'evidence/MC_SIDE_1_1172.html')	('*', 'evidence/MC_SIDE_2_1172.html')	('÷', 'evidence/MC_PLOT_1172.html')	PA4462	3245	3294	50	22 [21]	[0] NA	rpoN/–	RNA polymerase factor sigma‑54/–	ERR16741959
('*', 'evidence/MC_SIDE_1_1173.html')	('*', 'evidence/MC_SIDE_2_1173.html')	('÷', 'evidence/MC_PLOT_1173.html')	PA4522	1	26	26	NA [0]	[1] 2	–/ampD	–/N‑acetyl‑anhydromuranmyl‑L‑alanine amidase	ERR16741959
('*', 'evidence/MC_SIDE_1_1174.html')	('*', 'evidence/MC_SIDE_2_1174.html')	('÷', 'evidence/MC_PLOT_1174.html')	PA4522	307	470	164	2 [1]	[1] 2	–/ampD	–/N‑acetyl‑anhydromuranmyl‑L‑alanine amidase	ERR16741959
('*', 'evidence/MC_SIDE_1_1175.html')	('*', 'evidence/MC_SIDE_2_1175.html')	('÷', 'evidence/MC_PLOT_1175.html')	PA4522	2299	2367	69	2 [0]	[0] NA	ampD/–	N‑acetyl‑anhydromuranmyl‑L‑alanine amidase/–	ERR16741959
('*', 'evidence/MC_SIDE_1_1176.html')	('*', 'evidence/MC_SIDE_2_1176.html')	('÷', 'evidence/MC_PLOT_1176.html')	PA4526	1	1926	1926	NA [0]	[1] 2	[pilB]	[pilB]	ERR16741959
('*', 'evidence/MC_SIDE_1_1177.html')	('*', 'evidence/MC_SIDE_2_1177.html')	('÷', 'evidence/MC_PLOT_1177.html')	PA4526	2260	2430	171	2 [1]	[0] 2	pilB	type 4 fimbrial biogenesis protein PilB	ERR16741959
('*', 'evidence/MC_SIDE_1_1178.html')	('*', 'evidence/MC_SIDE_2_1178.html')	('÷', 'evidence/MC_PLOT_1178.html')	PA4526	2599	3501	903	2 [1]	[0] NA	[pilB]	[pilB]	ERR16741959
('*', 'evidence/MC_SIDE_1_1179.html')	('*', 'evidence/MC_SIDE_2_1179.html')	('÷', 'evidence/MC_PLOT_1179.html')	PA4796	1	139	139	NA [0]	[2] 3	–/N_A	–/hypothetical protein	ERR16741959
('*', 'evidence/MC_SIDE_1_1180.html')	('*', 'evidence/MC_SIDE_2_1180.html')	('÷', 'evidence/MC_PLOT_1180.html')	PA4796	1210	2268	1059	3 [2]	[0] NA	[N_A]	[N_A]	ERR16741959
('*', 'evidence/MC_SIDE_1_1181.html')	('*', 'evidence/MC_SIDE_2_1181.html')	('÷', 'evidence/MC_PLOT_1181.html')	PA4848	1	109	109	NA [0]	[22] 23	–/accC	–/acetyl‑CoA carboxylase biotin carboxylase subunit	ERR16741959
('*', 'evidence/MC_SIDE_1_1182.html')	('*', 'evidence/MC_SIDE_2_1182.html')	('÷', 'evidence/MC_PLOT_1182.html')	PA4848	2952	3150	199	23 [22]	[0] NA	accC/–	acetyl‑CoA carboxylase biotin carboxylase subunit/–	ERR16741959
('*', 'evidence/MC_SIDE_1_517.html')	('*', 'evidence/MC_SIDE_2_517.html')	('÷', 'evidence/MC_PLOT_517.html')	PA0313	2346	2493	148	15 [13]	[0] NA	N_A/–	L‑cysteine ABC transporter protein YecS/–	ERR2286130
('*', 'evidence/MC_SIDE_1_518.html')	('*', 'evidence/MC_SIDE_2_518.html')	('÷', 'evidence/MC_PLOT_518.html')	PA0425	2811	2952	142	18 [17]	[0] NA	mexA/–	multidrug resistance protein MexA/–	ERR2286130
('*', 'evidence/MC_SIDE_1_519.html')	('*', 'evidence/MC_SIDE_2_519.html')	('÷', 'evidence/MC_PLOT_519.html')	PA0506	1	178	178	NA [0]	[17] 18	–/N_A	–/acyl‑CoA dehydrogenase	ERR2286130
('*', 'evidence/MC_SIDE_1_520.html')	('*', 'evidence/MC_SIDE_2_520.html')	('÷', 'evidence/MC_PLOT_520.html')	PA0506	3532	3606	75	20 [17]	[0] NA	N_A/–	acyl‑CoA dehydrogenase/–	ERR2286130
('*', 'evidence/MC_SIDE_1_521.html')	('*', 'evidence/MC_SIDE_2_521.html')	('÷', 'evidence/MC_PLOT_521.html')	PA0707	1	430	430	NA [0]	[11] 12	–/toxR	–/transcriptional regulator ToxR	ERR2286130
('*', 'evidence/MC_SIDE_1_522.html')	('*', 'evidence/MC_SIDE_2_522.html')	('÷', 'evidence/MC_PLOT_522.html')	PA0707	2521	2580	60	12 [11]	[0] NA	toxR/–	transcriptional regulator ToxR/–	ERR2286130
('*', 'evidence/MC_SIDE_1_523.html')	('*', 'evidence/MC_SIDE_2_523.html')	('÷', 'evidence/MC_PLOT_523.html')	PA0997	2599	2652	54	10 [9]	[0] NA	pqsB/–	hypothetical protein/–	ERR2286130
('*', 'evidence/MC_SIDE_1_524.html')	('*', 'evidence/MC_SIDE_2_524.html')	('÷', 'evidence/MC_PLOT_524.html')	PA1097	1	19	19	NA [0]	[5] 6	–/fleQ	–/transcriptional regulator FleQ	ERR2286130
('*', 'evidence/MC_SIDE_1_525.html')	('*', 'evidence/MC_SIDE_2_525.html')	('÷', 'evidence/MC_PLOT_525.html')	PA1097	3153	3273	121	6 [4]	[0] NA	fleQ/–	transcriptional regulator FleQ/–	ERR2286130
('*', 'evidence/MC_SIDE_1_526.html')	('*', 'evidence/MC_SIDE_2_526.html')	('÷', 'evidence/MC_PLOT_526.html')	PA1179	1	42	42	NA [0]	[8] 9	–/phoP	–/two‑component response regulator PhoP	ERR2286130
('*', 'evidence/MC_SIDE_1_527.html')	('*', 'evidence/MC_SIDE_2_527.html')	('÷', 'evidence/MC_PLOT_527.html')	PA1179	2407	2478	72	9 [8]	[0] NA	phoP/–	two‑component response regulator PhoP/–	ERR2286130
('*', 'evidence/MC_SIDE_1_528.html')	('*', 'evidence/MC_SIDE_2_528.html')	('÷', 'evidence/MC_PLOT_528.html')	PA1333	1	31	31	NA [0]	[1] 2	–/N_A	–/hypothetical protein	ERR2286130
('*', 'evidence/MC_SIDE_1_529.html')	('*', 'evidence/MC_SIDE_2_529.html')	('÷', 'evidence/MC_PLOT_529.html')	PA1333	1878	2007	130	2 [1]	[0] NA	N_A/–	hypothetical protein/–	ERR2286130
('*', 'evidence/MC_SIDE_1_530.html')	('*', 'evidence/MC_SIDE_2_530.html')	('÷', 'evidence/MC_PLOT_530.html')	PA1430	1	129	129	NA [0]	[15] 16	–/lasR	–/transcriptional regulator LasR	ERR2286130
('*', 'evidence/MC_SIDE_1_531.html')	('*', 'evidence/MC_SIDE_2_531.html')	('÷', 'evidence/MC_PLOT_531.html')	PA1430	2447	2520	74	16 [15]	[0] NA	lasR/–	transcriptional regulator LasR/–	ERR2286130
('*', 'evidence/MC_SIDE_1_532.html')	('*', 'evidence/MC_SIDE_2_532.html')	('÷', 'evidence/MC_PLOT_532.html')	PA1544	1	105	105	NA [0]	[6] 7	–/anr	–/transcriptional regulator Anr	ERR2286130
('*', 'evidence/MC_SIDE_1_533.html')	('*', 'evidence/MC_SIDE_2_533.html')	('÷', 'evidence/MC_PLOT_533.html')	PA1544	2325	2535	211	7 [6]	[0] NA	anr/–	transcriptional regulator Anr/–	ERR2286130
('*', 'evidence/MC_SIDE_1_534.html')	('*', 'evidence/MC_SIDE_2_534.html')	('÷', 'evidence/MC_PLOT_534.html')	PA1713	1	133	133	NA [0]	[8] 9	–/exsA	–/exoenzyme S transcriptional regulator ExsA	ERR2286130
('*', 'evidence/MC_SIDE_1_535.html')	('*', 'evidence/MC_SIDE_2_535.html')	('÷', 'evidence/MC_PLOT_535.html')	PA1713	2542	2637	96	9 [8]	[0] NA	exsA/–	exoenzyme S transcriptional regulator ExsA/–	ERR2286130
('*', 'evidence/MC_SIDE_1_536.html')	('*', 'evidence/MC_SIDE_2_536.html')	('÷', 'evidence/MC_PLOT_536.html')	PA2020	1	105	105	NA [0]	[6] 7	–/N_A	–/transcriptional regulator	ERR2286130
('*', 'evidence/MC_SIDE_1_537.html')	('*', 'evidence/MC_SIDE_2_537.html')	('÷', 'evidence/MC_PLOT_537.html')	PA2121	1	90	90	NA [0]	[8] 9	–/N_A	–/transcriptional regulator	ERR2286130
('*', 'evidence/MC_SIDE_1_538.html')	('*', 'evidence/MC_SIDE_2_538.html')	('÷', 'evidence/MC_PLOT_538.html')	PA2312	1	26	26	NA [0]	[1] 3	–/N_A	–/transcriptional regulator	ERR2286130
('*', 'evidence/MC_SIDE_1_539.html')	('*', 'evidence/MC_SIDE_2_539.html')	('÷', 'evidence/MC_PLOT_539.html')	PA2312	2361	2382	22	3 [2]	[0] NA	N_A/–	transcriptional regulator/–	ERR2286130
('*', 'evidence/MC_SIDE_1_540.html')	('*', 'evidence/MC_SIDE_2_540.html')	('÷', 'evidence/MC_PLOT_540.html')	PA2435	1	131	131	NA [0]	[4] 5	–/N_A	–/cation‑transporting P‑type ATPase	ERR2286130
('*', 'evidence/MC_SIDE_1_541.html')	('*', 'evidence/MC_SIDE_2_541.html')	('÷', 'evidence/MC_PLOT_541.html')	PA2435	3769	3786	18	5 [4]	[0] NA	N_A/–	cation‑transporting P‑type ATPase/–	ERR2286130
('*', 'evidence/MC_SIDE_1_542.html')	('*', 'evidence/MC_SIDE_2_542.html')	('÷', 'evidence/MC_PLOT_542.html')	PA2491	1	1464–567	567–1464	NA [0]	[1] 2	[N_A]	[N_A]	ERR2286130
('*', 'evidence/MC_SIDE_1_543.html')	('*', 'evidence/MC_SIDE_2_543.html')	('÷', 'evidence/MC_PLOT_543.html')	PA2491	1956	1992	37	3 [0]	[1] 3	N_A/–	oxidoreductase/–	ERR2286130
('*', 'evidence/MC_SIDE_1_544.html')	('*', 'evidence/MC_SIDE_2_544.html')	('÷', 'evidence/MC_PLOT_544.html')	PA2492	1	1528–1146	1146–1528	NA [0]	[11] 12	[mexT]	[mexT]	ERR2286130
('*', 'evidence/MC_SIDE_1_545.html')	('*', 'evidence/MC_SIDE_2_545.html')	('÷', 'evidence/MC_PLOT_545.html')	PA3476	1	1410–2	2–1410	NA [0]	[1] 2	[rhlI]	[rhlI]	ERR2286130
('*', 'evidence/MC_SIDE_1_546.html')	('*', 'evidence/MC_SIDE_2_546.html')	('÷', 'evidence/MC_PLOT_546.html')	PA3477	1117–2512	2526	15–1410	13 [9]	[0] NA	[rhlR]	[rhlR]	ERR2286130
('*', 'evidence/MC_SIDE_1_547.html')	('*', 'evidence/MC_SIDE_2_547.html')	('÷', 'evidence/MC_PLOT_547.html')	PA3574	1	256	256	NA [0]	[16] 17	–/nalD	–/transcriptional regulator	ERR2286130
('*', 'evidence/MC_SIDE_1_548.html')	('*', 'evidence/MC_SIDE_2_548.html')	('÷', 'evidence/MC_PLOT_548.html')	PA3574	2319	2439	121	17 [14]	[0] NA	nalD/–	transcriptional regulator/–	ERR2286130
('*', 'evidence/MC_SIDE_1_549.html')	('*', 'evidence/MC_SIDE_2_549.html')	('÷', 'evidence/MC_PLOT_549.html')	PA3703	1	71	71	NA [0]	[14] 15	–/wspF	–/chemotaxis‑specific methylesterase	ERR2286130
('*', 'evidence/MC_SIDE_1_550.html')	('*', 'evidence/MC_SIDE_2_550.html')	('÷', 'evidence/MC_PLOT_550.html')	PA3703	2697	2808	112	15 [14]	[0] NA	wspF/–	chemotaxis‑specific methylesterase/–	ERR2286130
('*', 'evidence/MC_SIDE_1_551.html')	('*', 'evidence/MC_SIDE_2_551.html')	('÷', 'evidence/MC_PLOT_551.html')	PA3817	1	132	132	NA [0]	[10] 12	–/N_A	–/methyltransferase	ERR2286130
('*', 'evidence/MC_SIDE_1_552.html')	('*', 'evidence/MC_SIDE_2_552.html')	('÷', 'evidence/MC_PLOT_552.html')	PA3817	2514	2574	61	11 [10]	[0] NA	N_A/–	methyltransferase/–	ERR2286130
('*', 'evidence/MC_SIDE_1_553.html')	('*', 'evidence/MC_SIDE_2_553.html')	('÷', 'evidence/MC_PLOT_553.html')	PA4462	1	82	82	NA [0]	[19] 22	–/rpoN	–/RNA polymerase factor sigma‑54	ERR2286130
('*', 'evidence/MC_SIDE_1_554.html')	('*', 'evidence/MC_SIDE_2_554.html')	('÷', 'evidence/MC_PLOT_554.html')	PA4522	1	371	371	NA [1]	[12] 13	–/ampD	–/N‑acetyl‑anhydromuranmyl‑L‑alanine amidase	ERR2286130
('*', 'evidence/MC_SIDE_1_555.html')	('*', 'evidence/MC_SIDE_2_555.html')	('÷', 'evidence/MC_PLOT_555.html')	PA4526	1	1964	1964	NA [0]	[1] 2	[pilB]	[pilB]	ERR2286130
('*', 'evidence/MC_SIDE_1_556.html')	('*', 'evidence/MC_SIDE_2_556.html')	('÷', 'evidence/MC_PLOT_556.html')	PA4526	2274	3501	1228	2 [1]	[0] NA	[pilB]	[pilB]	ERR2286130
('*', 'evidence/MC_SIDE_1_557.html')	('*', 'evidence/MC_SIDE_2_557.html')	('÷', 'evidence/MC_PLOT_557.html')	PA4796	1	100	100	NA [0]	[8] 9	–/N_A	–/hypothetical protein	ERR2286130
('*', 'evidence/MC_SIDE_1_558.html')	('*', 'evidence/MC_SIDE_2_558.html')	('÷', 'evidence/MC_PLOT_558.html')	PA4796	1386	2268	883	9 [6]	[0] NA	N_A/–	hypothetical protein/–	ERR2286130
('*', 'evidence/MC_SIDE_1_559.html')	('*', 'evidence/MC_SIDE_2_559.html')	('÷', 'evidence/MC_PLOT_559.html')	PA4848	1	24	24	NA [0]	[6] 9	–/accC	–/acetyl‑CoA carboxylase biotin carboxylase subunit	ERR2286130
('*', 'evidence/MC_SIDE_1_560.html')	('*', 'evidence/MC_SIDE_2_560.html')	('÷', 'evidence/MC_PLOT_560.html')	PA4848	3090	3150	61	10 [8]	[0] NA	accC/–	acetyl‑CoA carboxylase biotin carboxylase subunit/–	ERR2286130
('*', 'evidence/MC_SIDE_1_680.html')	('*', 'evidence/MC_SIDE_2_680.html')	('÷', 'evidence/MC_PLOT_680.html')	PA0997	2606	2652	47	54 [53]	[0] NA	pqsB/–	hypothetical protein/–	ERR2322198
('*', 'evidence/MC_SIDE_1_681.html')	('*', 'evidence/MC_SIDE_2_681.html')	('÷', 'evidence/MC_PLOT_681.html')	PA1097	1	627	627	NA [0]	[50] 52	–/fleQ	–/transcriptional regulator FleQ	ERR2322198
('*', 'evidence/MC_SIDE_1_682.html')	('*', 'evidence/MC_SIDE_2_682.html')	('÷', 'evidence/MC_PLOT_682.html')	PA2121	2344	2706	363	53 [51]	[0] NA	N_A/–	transcriptional regulator/–	ERR2322198
('*', 'evidence/MC_SIDE_1_683.html')	('*', 'evidence/MC_SIDE_2_683.html')	('÷', 'evidence/MC_PLOT_683.html')	PA2491	1	1669–4	4–1669	NA [0]	[46] 47	[N_A]	[N_A]	ERR2322198
('*', 'evidence/MC_SIDE_1_684.html')	('*', 'evidence/MC_SIDE_2_684.html')	('÷', 'evidence/MC_PLOT_684.html')	PA2492	1	1671–2	2–1671	NA [0]	[55] 56	[mexT]	[mexT]	ERR2322198
('*', 'evidence/MC_SIDE_1_685.html')	('*', 'evidence/MC_SIDE_2_685.html')	('÷', 'evidence/MC_PLOT_685.html')	PA3217	1653	1790	138	59 [57]	[56] 58	cyaB	protein CyaB	ERR2322198
('*', 'evidence/MC_SIDE_1_686.html')	('*', 'evidence/MC_SIDE_2_686.html')	('÷', 'evidence/MC_PLOT_686.html')	PA4526	140	1498	1359	19 [18]	[16] 19	[pilB]	[pilB]	ERR2322198
('*', 'evidence/MC_SIDE_1_687.html')	('*', 'evidence/MC_SIDE_2_687.html')	('÷', 'evidence/MC_PLOT_687.html')	PA4526	1590	1636	47	19 [16]	[17] 19	pilB	type 4 fimbrial biogenesis protein PilB	ERR2322198
('*', 'evidence/MC_SIDE_1_688.html')	('*', 'evidence/MC_SIDE_2_688.html')	('÷', 'evidence/MC_PLOT_688.html')	PA4526	2326	2430	105	20 [18]	[17] 21	pilB	type 4 fimbrial biogenesis protein PilB	ERR2322198
('*', 'evidence/MC_SIDE_1_689.html')	('*', 'evidence/MC_SIDE_2_689.html')	('÷', 'evidence/MC_PLOT_689.html')	PA4526	2612	3501	890	19 [18]	[0] NA	pilB/–	type 4 fimbrial biogenesis protein PilB/–	ERR2322198
('*', 'evidence/MC_SIDE_1_690.html')	('*', 'evidence/MC_SIDE_2_690.html')	('÷', 'evidence/MC_PLOT_690.html')	PA4796	1389	2268	880	55 [53]	[0] NA	N_A/–	hypothetical protein/–	ERR2322198
('*', 'evidence/MC_SIDE_1_691.html')	('*', 'evidence/MC_SIDE_2_691.html')	('÷', 'evidence/MC_PLOT_691.html')	PA4848	666	782	117	57 [56]	[56] 57	–/accC	–/acetyl‑CoA carboxylase biotin carboxylase subunit	ERR2322198
('*', 'evidence/MC_SIDE_1_684.html')	('*', 'evidence/MC_SIDE_2_684.html')	('÷', 'evidence/MC_PLOT_684.html')	PA0313	2442	2493	52	15 [14]	[0] NA	N_A/–	L‑cysteine ABC transporter protein YecS/–	ERR233209
('*', 'evidence/MC_SIDE_1_686.html')	('*', 'evidence/MC_SIDE_2_686.html')	('÷', 'evidence/MC_PLOT_686.html')	PA0506	3594	3606	13	37 [8]	[0] NA	N_A/–	acyl‑CoA dehydrogenase/–	ERR233209
('*', 'evidence/MC_SIDE_1_687.html')	('*', 'evidence/MC_SIDE_2_687.html')	('÷', 'evidence/MC_PLOT_687.html')	PA1179	1	31	31	NA [0]	[24] 27	–/phoP	–/two‑component response regulator PhoP	ERR233209
('*', 'evidence/MC_SIDE_1_688.html')	('*', 'evidence/MC_SIDE_2_688.html')	('÷', 'evidence/MC_PLOT_688.html')	PA1333	1	56	56	NA [0]	[5] 6	–/N_A	–/hypothetical protein	ERR233209
('*', 'evidence/MC_SIDE_1_689.html')	('*', 'evidence/MC_SIDE_2_689.html')	('÷', 'evidence/MC_PLOT_689.html')	PA1333	1994	2007	14	6 [5]	[0] NA	N_A/–	hypothetical protein/–	ERR233209
('*', 'evidence/MC_SIDE_1_690.html')	('*', 'evidence/MC_SIDE_2_690.html')	('÷', 'evidence/MC_PLOT_690.html')	PA1430	1	1983	1983	NA [0]	[35] 36	lasR	lasR	ERR233209
('*', 'evidence/MC_SIDE_1_691.html')	('*', 'evidence/MC_SIDE_2_691.html')	('÷', 'evidence/MC_PLOT_691.html')	PA2020	165	336	172	11 [9]	[9] 10	–/N_A	–/transcriptional regulator	ERR233209
('*', 'evidence/MC_SIDE_1_692.html')	('*', 'evidence/MC_SIDE_2_692.html')	('÷', 'evidence/MC_PLOT_692.html')	PA2121	1	42	42	NA [0]	[11] 12	–/N_A	–/transcriptional regulator	ERR233209
('*', 'evidence/MC_SIDE_1_693.html')	('*', 'evidence/MC_SIDE_2_693.html')	('÷', 'evidence/MC_PLOT_693.html')	PA2312	1	31	31	NA [0]	[22] 23	–/N_A	–/transcriptional regulator	ERR233209
('*', 'evidence/MC_SIDE_1_694.html')	('*', 'evidence/MC_SIDE_2_694.html')	('÷', 'evidence/MC_PLOT_694.html')	PA2435	1	99	99	NA [0]	[1] 2	–/N_A	–/cation‑transporting P‑type ATPase	ERR233209
('*', 'evidence/MC_SIDE_1_695.html')	('*', 'evidence/MC_SIDE_2_695.html')	('÷', 'evidence/MC_PLOT_695.html')	PA2435	2729	2753	25	2 [1]	[1] 2	N_A	cation‑transporting P‑type ATPase	ERR233209
('*', 'evidence/MC_SIDE_1_696.html')	('*', 'evidence/MC_SIDE_2_696.html')	('÷', 'evidence/MC_PLOT_696.html')	PA2435	2866	2878	13	2 [1]	[0] 2	N_A	cation‑transporting P‑type ATPase	ERR233209
('*', 'evidence/MC_SIDE_1_697.html')	('*', 'evidence/MC_SIDE_2_697.html')	('÷', 'evidence/MC_PLOT_697.html')	PA2435	2985	3026	42	2 [1]	[1] 2	N_A/–	cation‑transporting P‑type ATPase/–	ERR233209
('*', 'evidence/MC_SIDE_1_698.html')	('*', 'evidence/MC_SIDE_2_698.html')	('÷', 'evidence/MC_PLOT_698.html')	PA2491	1	1630–4	4–1630	NA [0]	[15] 16	[N_A]	[N_A]	ERR233209
('*', 'evidence/MC_SIDE_1_699.html')	('*', 'evidence/MC_SIDE_2_699.html')	('÷', 'evidence/MC_PLOT_699.html')	PA2491	2572	2820	249	17 [15]	[0] NA	N_A/–	oxidoreductase/–	ERR233209
('*', 'evidence/MC_SIDE_1_700.html')	('*', 'evidence/MC_SIDE_2_700.html')	('÷', 'evidence/MC_PLOT_700.html')	PA2492	1	1625–5	5–1625	NA [0]	[5] 7	[mexT]	[mexT]	ERR233209
('*', 'evidence/MC_SIDE_1_701.html')	('*', 'evidence/MC_SIDE_2_701.html')	('÷', 'evidence/MC_PLOT_701.html')	PA3217	3173	3192	20	10 [9]	[0] NA	cyaB/–	protein CyaB/–	ERR233209
('*', 'evidence/MC_SIDE_1_702.html')	('*', 'evidence/MC_SIDE_2_702.html')	('÷', 'evidence/MC_PLOT_702.html')	PA3476	1–513	514	2–514	NA [0]	[0] 57	–/rhlI	–/acyl‑homoserine‑lactone synthase	ERR233209
('*', 'evidence/MC_SIDE_1_703.html')	('*', 'evidence/MC_SIDE_2_703.html')	('÷', 'evidence/MC_PLOT_703.html')	PA3476	569–720	1588–730	11–1020	23 [21]	[20] 22	rhlI	rhlI	ERR233209
('*', 'evidence/MC_SIDE_1_704.html')	('*', 'evidence/MC_SIDE_2_704.html')	('÷', 'evidence/MC_PLOT_704.html')	PA3477	986–1419	2526–1636	218–1541	6 [5]	[0] NA	[rhlR]	[rhlR]	ERR233209
('*', 'evidence/MC_SIDE_1_705.html')	('*', 'evidence/MC_SIDE_2_705.html')	('÷', 'evidence/MC_PLOT_705.html')	PA3565	1	7	7	NA [0]	[2] 3	–/N_A	–/transcriptional regulator	ERR233209
('*', 'evidence/MC_SIDE_1_706.html')	('*', 'evidence/MC_SIDE_2_706.html')	('÷', 'evidence/MC_PLOT_706.html')	PA3565	1385	1540	156	3 [2]	[2] 3	N_A	transcriptional regulator	ERR233209
('*', 'evidence/MC_SIDE_1_707.html')	('*', 'evidence/MC_SIDE_2_707.html')	('÷', 'evidence/MC_PLOT_707.html')	PA3565	1877	2091	215	3 [2]	[0] 4	N_A/–	transcriptional regulator/–	ERR233209
('*', 'evidence/MC_SIDE_1_708.html')	('*', 'evidence/MC_SIDE_2_708.html')	('÷', 'evidence/MC_PLOT_708.html')	PA3574	1	63	63	NA [0]	[12] 13	–/nalD	–/transcriptional regulator	ERR233209
('*', 'evidence/MC_SIDE_1_709.html')	('*', 'evidence/MC_SIDE_2_709.html')	('÷', 'evidence/MC_PLOT_709.html')	PA4526	1	6	6	NA [0]	[1] 3	–/pilB	–/type 4 fimbrial biogenesis protein PilB	ERR233209
('*', 'evidence/MC_SIDE_1_710.html')	('*', 'evidence/MC_SIDE_2_710.html')	('÷', 'evidence/MC_PLOT_710.html')	PA4526	139	1646	1508	2 [1]	[1] 3	[pilB]	[pilB]	ERR233209
('*', 'evidence/MC_SIDE_1_711.html')	('*', 'evidence/MC_SIDE_2_711.html')	('÷', 'evidence/MC_PLOT_711.html')	PA4526	1902	1910	9	2 [0]	[1] 2	pilB	type 4 fimbrial biogenesis protein PilB	ERR233209
('*', 'evidence/MC_SIDE_1_712.html')	('*', 'evidence/MC_SIDE_2_712.html')	('÷', 'evidence/MC_PLOT_712.html')	PA4526	2309	2347	39	2 [0]	[1] 2	pilB	type 4 fimbrial biogenesis protein PilB	ERR233209
('*', 'evidence/MC_SIDE_1_713.html')	('*', 'evidence/MC_SIDE_2_713.html')	('÷', 'evidence/MC_PLOT_713.html')	PA4526	2642	3501	860	2 [1]	[0] NA	pilB/–	type 4 fimbrial biogenesis protein PilB/–	ERR233209
('*', 'evidence/MC_SIDE_1_714.html')	('*', 'evidence/MC_SIDE_2_714.html')	('÷', 'evidence/MC_PLOT_714.html')	PA4796	1406	2268	863	19 [17]	[0] NA	N_A/–	hypothetical protein/–	ERR233209
('*', 'evidence/MC_SIDE_1_715.html')	('*', 'evidence/MC_SIDE_2_715.html')	('÷', 'evidence/MC_PLOT_715.html')	PA4848	3131	3150	20	15 [9]	[0] NA	accC/–	acetyl‑CoA carboxylase biotin carboxylase subunit/–	ERR233209
('*', 'evidence/MC_SIDE_1_741.html')	('*', 'evidence/MC_SIDE_2_741.html')	('÷', 'evidence/MC_PLOT_741.html')	PA0652	2408	2445	38	70 [64]	[0] NA	vfr/–	cAMP‑regulatory protein/–	ERR246336
('*', 'evidence/MC_SIDE_1_742.html')	('*', 'evidence/MC_SIDE_2_742.html')	('÷', 'evidence/MC_PLOT_742.html')	PA1097	1	845	845	NA [0]	[41] 43	–/fleQ	–/transcriptional regulator FleQ	ERR246336
('*', 'evidence/MC_SIDE_1_743.html')	('*', 'evidence/MC_SIDE_2_743.html')	('÷', 'evidence/MC_PLOT_743.html')	PA1179	1708	2478	771	53 [52]	[0] NA	phoP/–	two‑component response regulator PhoP/–	ERR246336
('*', 'evidence/MC_SIDE_1_744.html')	('*', 'evidence/MC_SIDE_2_744.html')	('÷', 'evidence/MC_PLOT_744.html')	PA2121	2343	2706	364	106 [101]	[0] NA	N_A/–	transcriptional regulator/–	ERR246336
('*', 'evidence/MC_SIDE_1_745.html')	('*', 'evidence/MC_SIDE_2_745.html')	('÷', 'evidence/MC_PLOT_745.html')	PA2435	979	1083	105	40 [29]	[32] 38	N_A	cation‑transporting P‑type ATPase	ERR246336
('*', 'evidence/MC_SIDE_1_746.html')	('*', 'evidence/MC_SIDE_2_746.html')	('÷', 'evidence/MC_PLOT_746.html')	PA2491	1950	1981	32	23 [17]	[21] 22	N_A/–	oxidoreductase/–	ERR246336
('*', 'evidence/MC_SIDE_1_747.html')	('*', 'evidence/MC_SIDE_2_747.html')	('÷', 'evidence/MC_PLOT_747.html')	PA2492	1	1618–2	2–1618	NA [0]	[20] 22	[mexT]	[mexT]	ERR246336
('*', 'evidence/MC_SIDE_1_749.html')	('*', 'evidence/MC_SIDE_2_749.html')	('÷', 'evidence/MC_PLOT_749.html')	PA3817	2493	2574	82	35 [33]	[0] NA	N_A/–	methyltransferase/–	ERR246336
('*', 'evidence/MC_SIDE_1_750.html')	('*', 'evidence/MC_SIDE_2_750.html')	('÷', 'evidence/MC_PLOT_750.html')	PA4526	1	1511	1511	NA [0]	[36] 38	[pilB]	[pilB]	ERR246336
('*', 'evidence/MC_SIDE_1_751.html')	('*', 'evidence/MC_SIDE_2_751.html')	('÷', 'evidence/MC_PLOT_751.html')	PA4526	2296	2469	174	37 [36]	[34] 40	pilB	type 4 fimbrial biogenesis protein PilB	ERR246336
('*', 'evidence/MC_SIDE_1_752.html')	('*', 'evidence/MC_SIDE_2_752.html')	('÷', 'evidence/MC_PLOT_752.html')	PA4526	2595	3501	907	37 [36]	[0] NA	[pilB]	[pilB]	ERR246336
('*', 'evidence/MC_SIDE_1_753.html')	('*', 'evidence/MC_SIDE_2_753.html')	('÷', 'evidence/MC_PLOT_753.html')	PA4796	1419	2268	850	31 [28]	[0] NA	N_A/–	hypothetical protein/–	ERR246336
('*', 'evidence/MC_SIDE_1_740.html')	('*', 'evidence/MC_SIDE_2_740.html')	('÷', 'evidence/MC_PLOT_740.html')	PA0707	2520	2580	61	38 [35]	[0] NA	toxR/–	transcriptional regulator ToxR/–	ERR3611294
('*', 'evidence/MC_SIDE_1_741.html')	('*', 'evidence/MC_SIDE_2_741.html')	('÷', 'evidence/MC_PLOT_741.html')	PA1097	1	625	625	NA [0]	[37] 42	–/fleQ	–/transcriptional regulator FleQ	ERR3611294
('*', 'evidence/MC_SIDE_1_742.html')	('*', 'evidence/MC_SIDE_2_742.html')	('÷', 'evidence/MC_PLOT_742.html')	PA2491	1	1638–2	2–1638	NA [0]	[27] 29	[N_A]	[N_A]	ERR3611294
('*', 'evidence/MC_SIDE_1_743.html')	('*', 'evidence/MC_SIDE_2_743.html')	('÷', 'evidence/MC_PLOT_743.html')	PA2492	1	1680–5	5–1680	NA [0]	[44] 45	[mexT]	[mexT]	ERR3611294
('*', 'evidence/MC_SIDE_1_744.html')	('*', 'evidence/MC_SIDE_2_744.html')	('÷', 'evidence/MC_PLOT_744.html')	PA4526	100	515	416	51 [50]	[49] 51	–/pilB	–/type 4 fimbrial biogenesis protein PilB	ERR3611294
('*', 'evidence/MC_SIDE_1_745.html')	('*', 'evidence/MC_SIDE_2_745.html')	('÷', 'evidence/MC_PLOT_745.html')	PA4796	1385	2268	884	43 [42]	[0] NA	N_A/–	hypothetical protein/–	ERR3611294
('*', 'evidence/MC_SIDE_1_746.html')	('*', 'evidence/MC_SIDE_2_746.html')	('÷', 'evidence/MC_PLOT_746.html')	PA4848	2256	3150	895	48 [47]	[0] NA	accC/–	acetyl‑CoA carboxylase biotin carboxylase subunit/–	ERR3611294
('*', 'evidence/MC_SIDE_1_705.html')	('*', 'evidence/MC_SIDE_2_705.html')	('÷', 'evidence/MC_PLOT_705.html')	PA1097	3218	3273	56	56 [54]	[0] NA	fleQ/–	transcriptional regulator FleQ/–	ERR431140
('*', 'evidence/MC_SIDE_1_706.html')	('*', 'evidence/MC_SIDE_2_706.html')	('÷', 'evidence/MC_PLOT_706.html')	PA1179	1	83	83	NA [0]	[44] 45	–/phoP	–/two‑component response regulator PhoP	ERR431140
('*', 'evidence/MC_SIDE_1_707.html')	('*', 'evidence/MC_SIDE_2_707.html')	('÷', 'evidence/MC_PLOT_707.html')	PA3476	1	1567–2	2–1567	NA [0]	[74] 76	rhlI	rhlI	ERR431140
('*', 'evidence/MC_SIDE_1_708.html')	('*', 'evidence/MC_SIDE_2_708.html')	('÷', 'evidence/MC_PLOT_708.html')	PA3565	1848	2115	268	25 [23]	[23] 24	N_A/–	transcriptional regulator/–	ERR431140
('*', 'evidence/MC_SIDE_1_709.html')	('*', 'evidence/MC_SIDE_2_709.html')	('÷', 'evidence/MC_PLOT_709.html')	PA4526	150	1506	1357	13 [11]	[12] 13	[pilB]	[pilB]	ERR431140
('*', 'evidence/MC_SIDE_1_710.html')	('*', 'evidence/MC_SIDE_2_710.html')	('÷', 'evidence/MC_PLOT_710.html')	PA4526	2328	2424	97	16 [9]	[12] 13	pilB	type 4 fimbrial biogenesis protein PilB	ERR431140
('*', 'evidence/MC_SIDE_1_711.html')	('*', 'evidence/MC_SIDE_2_711.html')	('÷', 'evidence/MC_PLOT_711.html')	PA4526	2621	3501	881	14 [12]	[0] NA	pilB/–	type 4 fimbrial biogenesis protein PilB/–	ERR431140
('*', 'evidence/MC_SIDE_1_712.html')	('*', 'evidence/MC_SIDE_2_712.html')	('÷', 'evidence/MC_PLOT_712.html')	PA4796	1402	2268	867	40 [39]	[0] NA	N_A/–	hypothetical protein/–	ERR431140
('*', 'evidence/MC_SIDE_1_1517.html')	('*', 'evidence/MC_SIDE_2_1517.html')	('÷', 'evidence/MC_PLOT_1517.html')	PA0707	2509	2580	72	165 [162]	[0] NA	toxR/–	transcriptional regulator ToxR/–	ERR431534
('*', 'evidence/MC_SIDE_1_1518.html')	('*', 'evidence/MC_SIDE_2_1518.html')	('÷', 'evidence/MC_PLOT_1518.html')	PA1333	1920	2007	88	122 [116]	[0] NA	N_A/–	hypothetical protein/–	ERR431534
('*', 'evidence/MC_SIDE_1_1519.html')	('*', 'evidence/MC_SIDE_2_1519.html')	('÷', 'evidence/MC_PLOT_1519.html')	PA1544	2497	2535	39	100 [96]	[0] NA	anr/–	transcriptional regulator Anr/–	ERR431534
('*', 'evidence/MC_SIDE_1_1520.html')	('*', 'evidence/MC_SIDE_2_1520.html')	('÷', 'evidence/MC_PLOT_1520.html')	PA2121	2331	2706	376	114 [110]	[0] NA	N_A/–	transcriptional regulator/–	ERR431534
('*', 'evidence/MC_SIDE_1_1521.html')	('*', 'evidence/MC_SIDE_2_1521.html')	('÷', 'evidence/MC_PLOT_1521.html')	PA2312	2124	2382	259	95 [92]	[0] NA	N_A/–	transcriptional regulator/–	ERR431534
('*', 'evidence/MC_SIDE_1_1522.html')	('*', 'evidence/MC_SIDE_2_1522.html')	('÷', 'evidence/MC_PLOT_1522.html')	PA2435	1	51	51	NA [0]	[29] 31	–/N_A	–/cation‑transporting P‑type ATPase	ERR431534
('*', 'evidence/MC_SIDE_1_1524.html')	('*', 'evidence/MC_SIDE_2_1524.html')	('÷', 'evidence/MC_PLOT_1524.html')	PA2492	1	1652–2	2–1652	NA [0]	[91] 96	[mexT]	[mexT]	ERR431534
('*', 'evidence/MC_SIDE_1_1525.html')	('*', 'evidence/MC_SIDE_2_1525.html')	('÷', 'evidence/MC_PLOT_1525.html')	PA3476	1	1596–2	2–1596	NA [0]	[219] 222	rhlI	rhlI	ERR431534
('*', 'evidence/MC_SIDE_1_1526.html')	('*', 'evidence/MC_SIDE_2_1526.html')	('÷', 'evidence/MC_PLOT_1526.html')	PA4526	150	1498	1349	35 [28]	[28] 29	[pilB]	[pilB]	ERR431534
('*', 'evidence/MC_SIDE_1_1527.html')	('*', 'evidence/MC_SIDE_2_1527.html')	('÷', 'evidence/MC_PLOT_1527.html')	PA4526	1596	1626	31	30 [26]	[17] 36	pilB	type 4 fimbrial biogenesis protein PilB	ERR431534
('*', 'evidence/MC_SIDE_1_1528.html')	('*', 'evidence/MC_SIDE_2_1528.html')	('÷', 'evidence/MC_PLOT_1528.html')	PA4526	2324	2418	95	32 [28]	[25] 29	pilB	type 4 fimbrial biogenesis protein PilB	ERR431534
('*', 'evidence/MC_SIDE_1_1529.html')	('*', 'evidence/MC_SIDE_2_1529.html')	('÷', 'evidence/MC_PLOT_1529.html')	PA4526	2625	3501	877	35 [21]	[0] NA	pilB/–	type 4 fimbrial biogenesis protein PilB/–	ERR431534
('*', 'evidence/MC_SIDE_1_1530.html')	('*', 'evidence/MC_SIDE_2_1530.html')	('÷', 'evidence/MC_PLOT_1530.html')	PA4796	1421	2268	848	53 [47]	[0] NA	N_A/–	hypothetical protein/–	ERR431534
('*', 'evidence/MC_SIDE_1_637.html')	('*', 'evidence/MC_SIDE_2_637.html')	('÷', 'evidence/MC_PLOT_637.html')	PA2491	1921	2035	115	134 [132]	[131] 134	N_A/–	oxidoreductase/–	ERR445120
('*', 'evidence/MC_SIDE_1_638.html')	('*', 'evidence/MC_SIDE_2_638.html')	('÷', 'evidence/MC_PLOT_638.html')	PA4526	155	1497	1343	26 [24]	[23] 25	[pilB]	[pilB]	ERR445120
('*', 'evidence/MC_SIDE_1_639.html')	('*', 'evidence/MC_SIDE_2_639.html')	('÷', 'evidence/MC_PLOT_639.html')	PA4526	1596	1633	38	26 [22]	[24] 27	pilB	type 4 fimbrial biogenesis protein PilB	ERR445120
('*', 'evidence/MC_SIDE_1_640.html')	('*', 'evidence/MC_SIDE_2_640.html')	('÷', 'evidence/MC_PLOT_640.html')	PA4526	2328	2419	92	27 [17]	[21] 26	pilB	type 4 fimbrial biogenesis protein PilB	ERR445120
('*', 'evidence/MC_SIDE_1_641.html')	('*', 'evidence/MC_SIDE_2_641.html')	('÷', 'evidence/MC_PLOT_641.html')	PA4526	2630	3501	872	25 [17]	[0] NA	pilB/–	type 4 fimbrial biogenesis protein PilB/–	ERR445120
('*', 'evidence/MC_SIDE_1_642.html')	('*', 'evidence/MC_SIDE_2_642.html')	('÷', 'evidence/MC_PLOT_642.html')	PA4796	1406	2268	863	114 [107]	[0] NA	N_A/–	hypothetical protein/–	ERR445120
('*', 'evidence/MC_SIDE_1_1226.html')	('*', 'evidence/MC_SIDE_2_1226.html')	('÷', 'evidence/MC_PLOT_1226.html')	PA0313	1552	1746	195	36 [35]	[35] 36	[N_A]	[N_A]	ERR6004007
('*', 'evidence/MC_SIDE_1_1227.html')	('*', 'evidence/MC_SIDE_2_1227.html')	('÷', 'evidence/MC_PLOT_1227.html')	PA0506	1	181	181	NA [0]	[46] 47	–/N_A	–/acyl‑CoA dehydrogenase	ERR6004007
('*', 'evidence/MC_SIDE_1_1228.html')	('*', 'evidence/MC_SIDE_2_1228.html')	('÷', 'evidence/MC_PLOT_1228.html')	PA0506	248	799	552	47 [46]	[46] 47	–/N_A	–/acyl‑CoA dehydrogenase	ERR6004007
('*', 'evidence/MC_SIDE_1_1229.html')	('*', 'evidence/MC_SIDE_2_1229.html')	('÷', 'evidence/MC_PLOT_1229.html')	PA0506	3488	3606	119	47 [46]	[0] NA	N_A/–	acyl‑CoA dehydrogenase/–	ERR6004007
('*', 'evidence/MC_SIDE_1_1230.html')	('*', 'evidence/MC_SIDE_2_1230.html')	('÷', 'evidence/MC_PLOT_1230.html')	PA0707	1	121	121	NA [0]	[40] 41	–/toxR	–/transcriptional regulator ToxR	ERR6004007
('*', 'evidence/MC_SIDE_1_1231.html')	('*', 'evidence/MC_SIDE_2_1231.html')	('÷', 'evidence/MC_PLOT_1231.html')	PA0707	2439	2580	142	42 [40]	[0] NA	toxR/–	transcriptional regulator ToxR/–	ERR6004007
('*', 'evidence/MC_SIDE_1_1232.html')	('*', 'evidence/MC_SIDE_2_1232.html')	('÷', 'evidence/MC_PLOT_1232.html')	PA1097	1	674	674	NA [0]	[31] 33	–/fleQ	–/transcriptional regulator FleQ	ERR6004007
('*', 'evidence/MC_SIDE_1_1233.html')	('*', 'evidence/MC_SIDE_2_1233.html')	('÷', 'evidence/MC_PLOT_1233.html')	PA1179	2376	2478	103	40 [38]	[0] NA	phoP/–	two‑component response regulator PhoP/–	ERR6004007
('*', 'evidence/MC_SIDE_1_1234.html')	('*', 'evidence/MC_SIDE_2_1234.html')	('÷', 'evidence/MC_PLOT_1234.html')	PA1333	1	110	110	NA [0]	[33] 34	–/N_A	–/hypothetical protein	ERR6004007
('*', 'evidence/MC_SIDE_1_1235.html')	('*', 'evidence/MC_SIDE_2_1235.html')	('÷', 'evidence/MC_PLOT_1235.html')	PA1544	1	114	114	NA [0]	[31] 32	–/anr	–/transcriptional regulator Anr	ERR6004007
('*', 'evidence/MC_SIDE_1_1236.html')	('*', 'evidence/MC_SIDE_2_1236.html')	('÷', 'evidence/MC_PLOT_1236.html')	PA1713	1	127	127	NA [0]	[31] 32	–/exsA	–/exoenzyme S transcriptional regulator ExsA	ERR6004007
('*', 'evidence/MC_SIDE_1_1237.html')	('*', 'evidence/MC_SIDE_2_1237.html')	('÷', 'evidence/MC_PLOT_1237.html')	PA2020	1	96	96	NA [0]	[31] 33	–/N_A	–/transcriptional regulator	ERR6004007
('*', 'evidence/MC_SIDE_1_1239.html')	('*', 'evidence/MC_SIDE_2_1239.html')	('÷', 'evidence/MC_PLOT_1239.html')	PA2121	1783	1930	148	11 [10]	[10] 11	[N_A]	[N_A]	ERR6004007
('*', 'evidence/MC_SIDE_1_1240.html')	('*', 'evidence/MC_SIDE_2_1240.html')	('÷', 'evidence/MC_PLOT_1240.html')	PA2121	2313	2706	394	12 [10]	[0] NA	N_A/–	transcriptional regulator/–	ERR6004007
('*', 'evidence/MC_SIDE_1_1241.html')	('*', 'evidence/MC_SIDE_2_1241.html')	('÷', 'evidence/MC_PLOT_1241.html')	PA2312	2075	2382	308	24 [23]	[0] NA	N_A/–	transcriptional regulator/–	ERR6004007
('*', 'evidence/MC_SIDE_1_1242.html')	('*', 'evidence/MC_SIDE_2_1242.html')	('÷', 'evidence/MC_PLOT_1242.html')	PA2491	1	1614–570	570–1614	NA [0]	[20] 21	[N_A]	[N_A]	ERR6004007
('*', 'evidence/MC_SIDE_1_1243.html')	('*', 'evidence/MC_SIDE_2_1243.html')	('÷', 'evidence/MC_PLOT_1243.html')	PA2492	1	2100	2100	NA [0]	[27] 29	mexT	mexT	ERR6004007
('*', 'evidence/MC_SIDE_1_1244.html')	('*', 'evidence/MC_SIDE_2_1244.html')	('÷', 'evidence/MC_PLOT_1244.html')	PA3217	548	830	283	34 [30]	[30] 31	–/cyaB	–/protein CyaB	ERR6004007
('*', 'evidence/MC_SIDE_1_1245.html')	('*', 'evidence/MC_SIDE_2_1245.html')	('÷', 'evidence/MC_PLOT_1245.html')	PA3217	3131	3192	62	31 [30]	[0] NA	cyaB/–	protein CyaB/–	ERR6004007
('*', 'evidence/MC_SIDE_1_1246.html')	('*', 'evidence/MC_SIDE_2_1246.html')	('÷', 'evidence/MC_PLOT_1246.html')	PA3476	1	729	729	NA [0]	[0] 64	–/rhlI	–/acyl‑homoserine‑lactone synthase	ERR6004007
('*', 'evidence/MC_SIDE_1_1247.html')	('*', 'evidence/MC_SIDE_2_1247.html')	('÷', 'evidence/MC_PLOT_1247.html')	PA3477	984–1578	2526–1645	68–1543	41 [40]	[0] NA	[rhlR]	[rhlR]	ERR6004007
('*', 'evidence/MC_SIDE_1_1249.html')	('*', 'evidence/MC_SIDE_2_1249.html')	('÷', 'evidence/MC_PLOT_1249.html')	PA3703	1	121	121	NA [0]	[27] 30	–/wspF	–/chemotaxis‑specific methylesterase	ERR6004007
('*', 'evidence/MC_SIDE_1_1250.html')	('*', 'evidence/MC_SIDE_2_1250.html')	('÷', 'evidence/MC_PLOT_1250.html')	PA3703	2709	2808	100	30 [29]	[0] NA	wspF/–	chemotaxis‑specific methylesterase/–	ERR6004007
('*', 'evidence/MC_SIDE_1_1251.html')	('*', 'evidence/MC_SIDE_2_1251.html')	('÷', 'evidence/MC_PLOT_1251.html')	PA3817	2361	2574	214	24 [23]	[0] NA	N_A/–	methyltransferase/–	ERR6004007
('*', 'evidence/MC_SIDE_1_1252.html')	('*', 'evidence/MC_SIDE_2_1252.html')	('÷', 'evidence/MC_PLOT_1252.html')	PA4420	1377	1587	211	27 [24]	[26] 27	N_A	S‑adenosyl‑methyltransferase MraW	ERR6004007
('*', 'evidence/MC_SIDE_1_1253.html')	('*', 'evidence/MC_SIDE_2_1253.html')	('÷', 'evidence/MC_PLOT_1253.html')	PA4462	3145	3294	150	50 [49]	[0] NA	rpoN/–	RNA polymerase factor sigma‑54/–	ERR6004007
('*', 'evidence/MC_SIDE_1_1254.html')	('*', 'evidence/MC_SIDE_2_1254.html')	('÷', 'evidence/MC_PLOT_1254.html')	PA4526	1	1854	1854	NA [0]	[2] 3	[pilB]	[pilB]	ERR6004007
('*', 'evidence/MC_SIDE_1_1255.html')	('*', 'evidence/MC_SIDE_2_1255.html')	('÷', 'evidence/MC_PLOT_1255.html')	PA4526	2359	2419	61	3 [2]	[1] 4	pilB	type 4 fimbrial biogenesis protein PilB	ERR6004007
('*', 'evidence/MC_SIDE_1_1256.html')	('*', 'evidence/MC_SIDE_2_1256.html')	('÷', 'evidence/MC_PLOT_1256.html')	PA4526	2624	3501	878	3 [2]	[0] NA	pilB/–	type 4 fimbrial biogenesis protein PilB/–	ERR6004007
('*', 'evidence/MC_SIDE_1_1257.html')	('*', 'evidence/MC_SIDE_2_1257.html')	('÷', 'evidence/MC_PLOT_1257.html')	PA4796	1	132	132	NA [0]	[42] 44	–/N_A	–/hypothetical protein	ERR6004007
('*', 'evidence/MC_SIDE_1_1258.html')	('*', 'evidence/MC_SIDE_2_1258.html')	('÷', 'evidence/MC_PLOT_1258.html')	PA4796	1286	2268	983	44 [42]	[0] NA	[N_A]	[N_A]	ERR6004007
('*', 'evidence/MC_SIDE_1_805.html')	('*', 'evidence/MC_SIDE_2_805.html')	('÷', 'evidence/MC_PLOT_805.html')	PA0652	2381	2445	65	62 [61]	[0] NA	vfr/–	cAMP‑regulatory protein/–	ERR705716
('*', 'evidence/MC_SIDE_1_806.html')	('*', 'evidence/MC_SIDE_2_806.html')	('÷', 'evidence/MC_PLOT_806.html')	PA1097	1	621	621	NA [0]	[36] 37	–/fleQ	–/transcriptional regulator FleQ	ERR705716
('*', 'evidence/MC_SIDE_1_807.html')	('*', 'evidence/MC_SIDE_2_807.html')	('÷', 'evidence/MC_PLOT_807.html')	PA1333	1922	2007	86	21 [20]	[0] NA	N_A/–	hypothetical protein/–	ERR705716
('*', 'evidence/MC_SIDE_1_808.html')	('*', 'evidence/MC_SIDE_2_808.html')	('÷', 'evidence/MC_PLOT_808.html')	PA2121	2375	2706	332	13 [11]	[0] NA	N_A/–	transcriptional regulator/–	ERR705716
('*', 'evidence/MC_SIDE_1_809.html')	('*', 'evidence/MC_SIDE_2_809.html')	('÷', 'evidence/MC_PLOT_809.html')	PA2491	1	1648–2	2–1648	NA [0]	[53] 55	[N_A]	[N_A]	ERR705716
('*', 'evidence/MC_SIDE_1_810.html')	('*', 'evidence/MC_SIDE_2_810.html')	('÷', 'evidence/MC_PLOT_810.html')	PA2492	1	1628–2	2–1628	NA [0]	[27] 30	[mexT]	[mexT]	ERR705716
('*', 'evidence/MC_SIDE_1_811.html')	('*', 'evidence/MC_SIDE_2_811.html')	('÷', 'evidence/MC_PLOT_811.html')	PA3574	1	53	53	NA [0]	[35] 36	–/nalD	–/transcriptional regulator	ERR705716
('*', 'evidence/MC_SIDE_1_812.html')	('*', 'evidence/MC_SIDE_2_812.html')	('÷', 'evidence/MC_PLOT_812.html')	PA4526	156	1496	1341	7 [0]	[5] 6	[pilB]	[pilB]	ERR705716
('*', 'evidence/MC_SIDE_1_813.html')	('*', 'evidence/MC_SIDE_2_813.html')	('÷', 'evidence/MC_PLOT_813.html')	PA4526	1600	1625	26	6 [4]	[5] 6	pilB	type 4 fimbrial biogenesis protein PilB	ERR705716
('*', 'evidence/MC_SIDE_1_814.html')	('*', 'evidence/MC_SIDE_2_814.html')	('÷', 'evidence/MC_PLOT_814.html')	PA4526	2328	2415	88	9 [5]	[4] 6	pilB	type 4 fimbrial biogenesis protein PilB	ERR705716
('*', 'evidence/MC_SIDE_1_815.html')	('*', 'evidence/MC_SIDE_2_815.html')	('÷', 'evidence/MC_PLOT_815.html')	PA4526	2625	3501	877	11 [5]	[0] NA	pilB/–	type 4 fimbrial biogenesis protein PilB/–	ERR705716
('*', 'evidence/MC_SIDE_1_816.html')	('*', 'evidence/MC_SIDE_2_816.html')	('÷', 'evidence/MC_PLOT_816.html')	PA4796	1407	2268	862	39 [36]	[0] NA	N_A/–	hypothetical protein/–	ERR705716
('*', 'evidence/MC_SIDE_1_805.html')	('*', 'evidence/MC_SIDE_2_805.html')	('÷', 'evidence/MC_PLOT_805.html')	PA0707	2531	2580	50	53 [51]	[0] NA	toxR/–	transcriptional regulator ToxR/–	ERR705903
('*', 'evidence/MC_SIDE_1_806.html')	('*', 'evidence/MC_SIDE_2_806.html')	('÷', 'evidence/MC_PLOT_806.html')	PA1097	1	617	617	NA [0]	[47] 49	–/fleQ	–/transcriptional regulator FleQ	ERR705903
('*', 'evidence/MC_SIDE_1_807.html')	('*', 'evidence/MC_SIDE_2_807.html')	('÷', 'evidence/MC_PLOT_807.html')	PA1333	1989	2007	19	17 [16]	[0] NA	N_A/–	hypothetical protein/–	ERR705903
('*', 'evidence/MC_SIDE_1_808.html')	('*', 'evidence/MC_SIDE_2_808.html')	('÷', 'evidence/MC_PLOT_808.html')	PA2121	1	71	71	NA [0]	[39] 40	–/N_A	–/transcriptional regulator	ERR705903
('*', 'evidence/MC_SIDE_1_809.html')	('*', 'evidence/MC_SIDE_2_809.html')	('÷', 'evidence/MC_PLOT_809.html')	PA2492	1	1634–2	2–1634	NA [0]	[28] 31	[mexT]	[mexT]	ERR705903
('*', 'evidence/MC_SIDE_1_810.html')	('*', 'evidence/MC_SIDE_2_810.html')	('÷', 'evidence/MC_PLOT_810.html')	PA3476	1	1565–2	2–1565	NA [0]	[79] 82	rhlI	rhlI	ERR705903
('*', 'evidence/MC_SIDE_1_811.html')	('*', 'evidence/MC_SIDE_2_811.html')	('÷', 'evidence/MC_PLOT_811.html')	PA4526	1	7	7	NA [0]	[2] 5	–/pilB	–/type 4 fimbrial biogenesis protein PilB	ERR705903
('*', 'evidence/MC_SIDE_1_812.html')	('*', 'evidence/MC_SIDE_2_812.html')	('÷', 'evidence/MC_PLOT_812.html')	PA4526	156	1493	1338	8 [0]	[3] 5	[pilB]	[pilB]	ERR705903
('*', 'evidence/MC_SIDE_1_813.html')	('*', 'evidence/MC_SIDE_2_813.html')	('÷', 'evidence/MC_PLOT_813.html')	PA4526	1602	1630	29	7 [0]	[3] 6	pilB	type 4 fimbrial biogenesis protein PilB	ERR705903
('*', 'evidence/MC_SIDE_1_814.html')	('*', 'evidence/MC_SIDE_2_814.html')	('÷', 'evidence/MC_PLOT_814.html')	PA4526	1838	1849	12	8 [4]	[4] 5	pilB	type 4 fimbrial biogenesis protein PilB	ERR705903
('*', 'evidence/MC_SIDE_1_815.html')	('*', 'evidence/MC_SIDE_2_815.html')	('÷', 'evidence/MC_PLOT_815.html')	PA4526	2339	2414	76	5 [3]	[4] 5	pilB	type 4 fimbrial biogenesis protein PilB	ERR705903
('*', 'evidence/MC_SIDE_1_816.html')	('*', 'evidence/MC_SIDE_2_816.html')	('÷', 'evidence/MC_PLOT_816.html')	PA4526	2631	3501	871	5 [0]	[0] NA	pilB/–	type 4 fimbrial biogenesis protein PilB/–	ERR705903
('*', 'evidence/MC_SIDE_1_817.html')	('*', 'evidence/MC_SIDE_2_817.html')	('÷', 'evidence/MC_PLOT_817.html')	PA4796	1398	2268	871	62 [60]	[0] NA	N_A/–	hypothetical protein/–	ERR705903
('*', 'evidence/MC_SIDE_1_729.html')	('*', 'evidence/MC_SIDE_2_729.html')	('÷', 'evidence/MC_PLOT_729.html')	PA0313	2450	2493	44	20 [16]	[0] NA	N_A/–	L‑cysteine ABC transporter protein YecS/–	ERR706016
('*', 'evidence/MC_SIDE_1_730.html')	('*', 'evidence/MC_SIDE_2_730.html')	('÷', 'evidence/MC_PLOT_730.html')	PA0506	2277	2295	19	15 [10]	[8] 13	N_A	acyl‑CoA dehydrogenase	ERR706016
('*', 'evidence/MC_SIDE_1_731.html')	('*', 'evidence/MC_SIDE_2_731.html')	('÷', 'evidence/MC_PLOT_731.html')	PA2121	2367	2706	340	14 [12]	[0] NA	N_A/–	transcriptional regulator/–	ERR706016
('*', 'evidence/MC_SIDE_1_732.html')	('*', 'evidence/MC_SIDE_2_732.html')	('÷', 'evidence/MC_PLOT_732.html')	PA2312	2281	2382	102	20 [17]	[0] NA	N_A/–	transcriptional regulator/–	ERR706016
('*', 'evidence/MC_SIDE_1_733.html')	('*', 'evidence/MC_SIDE_2_733.html')	('÷', 'evidence/MC_PLOT_733.html')	PA2492	1	1641–6	6–1641	NA [0]	[6] 8	[mexT]	[mexT]	ERR706016
('*', 'evidence/MC_SIDE_1_734.html')	('*', 'evidence/MC_SIDE_2_734.html')	('÷', 'evidence/MC_PLOT_734.html')	PA3217	1693	1713	21	12 [11]	[9] 12	cyaB	protein CyaB	ERR706016
('*', 'evidence/MC_SIDE_1_735.html')	('*', 'evidence/MC_SIDE_2_735.html')	('÷', 'evidence/MC_PLOT_735.html')	PA3217	1909	1949	41	12 [11]	[10] 12	cyaB	protein CyaB	ERR706016
('*', 'evidence/MC_SIDE_1_736.html')	('*', 'evidence/MC_SIDE_2_736.html')	('÷', 'evidence/MC_PLOT_736.html')	PA3476	1	1648	1648	NA [0]	[60] 62	rhlI	rhlI	ERR706016
('*', 'evidence/MC_SIDE_1_737.html')	('*', 'evidence/MC_SIDE_2_737.html')	('÷', 'evidence/MC_PLOT_737.html')	PA3477	963–1626	2526	901–1564	19 [18]	[0] NA	[rhlR]	[rhlR]	ERR706016
('*', 'evidence/MC_SIDE_1_738.html')	('*', 'evidence/MC_SIDE_2_738.html')	('÷', 'evidence/MC_PLOT_738.html')	PA3565	1880	2108	229	6 [5]	[5] 6	N_A/–	transcriptional regulator/–	ERR706016
('*', 'evidence/MC_SIDE_1_739.html')	('*', 'evidence/MC_SIDE_2_739.html')	('÷', 'evidence/MC_PLOT_739.html')	PA3565	2291	2358	68	6 [3]	[5] 7	N_A/–	transcriptional regulator/–	ERR706016
('*', 'evidence/MC_SIDE_1_740.html')	('*', 'evidence/MC_SIDE_2_740.html')	('÷', 'evidence/MC_PLOT_740.html')	PA3817	1	54	54	NA [0]	[17] 19	–/N_A	–/methyltransferase	ERR706016
('*', 'evidence/MC_SIDE_1_741.html')	('*', 'evidence/MC_SIDE_2_741.html')	('÷', 'evidence/MC_PLOT_741.html')	PA4526	1	16	16	NA [0]	[13] 17	–/pilB	–/type 4 fimbrial biogenesis protein PilB	ERR706016
('*', 'evidence/MC_SIDE_1_742.html')	('*', 'evidence/MC_SIDE_2_742.html')	('÷', 'evidence/MC_PLOT_742.html')	PA4526	144	608	465	19 [16]	[16] 22	–/pilB	–/type 4 fimbrial biogenesis protein PilB	ERR706016
('*', 'evidence/MC_SIDE_1_743.html')	('*', 'evidence/MC_SIDE_2_743.html')	('÷', 'evidence/MC_PLOT_743.html')	PA4526	680	1660	981	26 [13]	[13] 18	[pilB]	[pilB]	ERR706016
('*', 'evidence/MC_SIDE_1_744.html')	('*', 'evidence/MC_SIDE_2_744.html')	('÷', 'evidence/MC_PLOT_744.html')	PA4526	2080	2139	60	17 [15]	[15] 21	pilB	type 4 fimbrial biogenesis protein PilB	ERR706016
('*', 'evidence/MC_SIDE_1_745.html')	('*', 'evidence/MC_SIDE_2_745.html')	('÷', 'evidence/MC_PLOT_745.html')	PA4526	2295	2351	57	25 [10]	[14] 22	pilB	type 4 fimbrial biogenesis protein PilB	ERR706016
('*', 'evidence/MC_SIDE_1_746.html')	('*', 'evidence/MC_SIDE_2_746.html')	('÷', 'evidence/MC_PLOT_746.html')	PA4526	2645	3501	857	17 [12]	[0] NA	pilB/–	type 4 fimbrial biogenesis protein PilB/–	ERR706016
('*', 'evidence/MC_SIDE_1_747.html')	('*', 'evidence/MC_SIDE_2_747.html')	('÷', 'evidence/MC_PLOT_747.html')	PA4796	1405	2268	864	13 [12]	[0] NA	N_A/–	hypothetical protein/–	ERR706016
('*', 'evidence/MC_SIDE_1_748.html')	('*', 'evidence/MC_SIDE_2_748.html')	('÷', 'evidence/MC_PLOT_748.html')	PA4848	513	622	110	8 [7]	[7] 8	–/accC	–/acetyl‑CoA carboxylase biotin carboxylase subunit	ERR706016
('*', 'evidence/MC_SIDE_1_1038.html')	('*', 'evidence/MC_SIDE_2_1038.html')	('÷', 'evidence/MC_PLOT_1038.html')	PA0313	1	56	56	NA [0]	[8] 9	–/N_A	–/L‑cysteine ABC transporter protein YecS	SRR10023729
('*', 'evidence/MC_SIDE_1_1039.html')	('*', 'evidence/MC_SIDE_2_1039.html')	('÷', 'evidence/MC_PLOT_1039.html')	PA0366	1	17	17	NA [0]	[2] 3	–/N_A	–/coniferyl aldehyde dehydrogenase	SRR10023729
('*', 'evidence/MC_SIDE_1_1040.html')	('*', 'evidence/MC_SIDE_2_1040.html')	('÷', 'evidence/MC_PLOT_1040.html')	PA0366	3228	3231	4	3 [2]	[0] NA	N_A/–	coniferyl aldehyde dehydrogenase/–	SRR10023729
('*', 'evidence/MC_SIDE_1_1041.html')	('*', 'evidence/MC_SIDE_2_1041.html')	('÷', 'evidence/MC_PLOT_1041.html')	PA0506	1	52	52	NA [0]	[1] 3	–/N_A	–/acyl‑CoA dehydrogenase	SRR10023729
('*', 'evidence/MC_SIDE_1_1042.html')	('*', 'evidence/MC_SIDE_2_1042.html')	('÷', 'evidence/MC_PLOT_1042.html')	PA0506	3601	3606	6	2 [0]	[0] NA	N_A/–	acyl‑CoA dehydrogenase/–	SRR10023729
('*', 'evidence/MC_SIDE_1_1043.html')	('*', 'evidence/MC_SIDE_2_1043.html')	('÷', 'evidence/MC_PLOT_1043.html')	PA0652	1	179	179	NA [0]	[18] 21	–/vfr	–/cAMP‑regulatory protein	SRR10023729
('*', 'evidence/MC_SIDE_1_1044.html')	('*', 'evidence/MC_SIDE_2_1044.html')	('÷', 'evidence/MC_PLOT_1044.html')	PA0707	1	42	42	NA [0]	[1] 3	–/toxR	–/transcriptional regulator ToxR	SRR10023729
('*', 'evidence/MC_SIDE_1_1045.html')	('*', 'evidence/MC_SIDE_2_1045.html')	('÷', 'evidence/MC_PLOT_1045.html')	PA0707	788	866	79	3 [1]	[1] 2	–/toxR	–/transcriptional regulator ToxR	SRR10023729
('*', 'evidence/MC_SIDE_1_1046.html')	('*', 'evidence/MC_SIDE_2_1046.html')	('÷', 'evidence/MC_PLOT_1046.html')	PA1097	3236	3273	38	26 [13]	[0] NA	fleQ/–	transcriptional regulator FleQ/–	SRR10023729
('*', 'evidence/MC_SIDE_1_1047.html')	('*', 'evidence/MC_SIDE_2_1047.html')	('÷', 'evidence/MC_PLOT_1047.html')	PA1179	1	192	192	NA [0]	[248] 304	–/phoP	–/two‑component response regulator PhoP	SRR10023729
('*', 'evidence/MC_SIDE_1_1048.html')	('*', 'evidence/MC_SIDE_2_1048.html')	('÷', 'evidence/MC_PLOT_1048.html')	PA1333	1	58	58	NA [0]	[0] 2	–/N_A	–/hypothetical protein	SRR10023729
('*', 'evidence/MC_SIDE_1_1049.html')	('*', 'evidence/MC_SIDE_2_1049.html')	('÷', 'evidence/MC_PLOT_1049.html')	PA1333	287	361	75	2 [1]	[1] 2	–/N_A	–/hypothetical protein	SRR10023729
('*', 'evidence/MC_SIDE_1_1050.html')	('*', 'evidence/MC_SIDE_2_1050.html')	('÷', 'evidence/MC_PLOT_1050.html')	PA1333	1971	2007	37	2 [0]	[0] NA	N_A/–	hypothetical protein/–	SRR10023729
('*', 'evidence/MC_SIDE_1_1051.html')	('*', 'evidence/MC_SIDE_2_1051.html')	('÷', 'evidence/MC_PLOT_1051.html')	PA1544	2239	2535	297	24 [19]	[0] NA	anr/–	transcriptional regulator Anr/–	SRR10023729
('*', 'evidence/MC_SIDE_1_1052.html')	('*', 'evidence/MC_SIDE_2_1052.html')	('÷', 'evidence/MC_PLOT_1052.html')	PA1713	1	14	14	NA [0]	[0] 2	–/exsA	–/exoenzyme S transcriptional regulator ExsA	SRR10023729
('*', 'evidence/MC_SIDE_1_1053.html')	('*', 'evidence/MC_SIDE_2_1053.html')	('÷', 'evidence/MC_PLOT_1053.html')	PA1713	2622	2637	16	2 [1]	[0] NA	exsA/–	exoenzyme S transcriptional regulator ExsA/–	SRR10023729
('*', 'evidence/MC_SIDE_1_1055.html')	('*', 'evidence/MC_SIDE_2_1055.html')	('÷', 'evidence/MC_PLOT_1055.html')	PA2020	2060	2433	374	5 [3]	[0] NA	N_A/–	transcriptional regulator/–	SRR10023729
('*', 'evidence/MC_SIDE_1_1056.html')	('*', 'evidence/MC_SIDE_2_1056.html')	('÷', 'evidence/MC_PLOT_1056.html')	PA2121	1	95	95	NA [0]	[1] 2	–/N_A	–/transcriptional regulator	SRR10023729
('*', 'evidence/MC_SIDE_1_1057.html')	('*', 'evidence/MC_SIDE_2_1057.html')	('÷', 'evidence/MC_PLOT_1057.html')	PA2121	1016	1088	73	2 [1]	[1] 2	N_A	transcriptional regulator	SRR10023729
('*', 'evidence/MC_SIDE_1_1058.html')	('*', 'evidence/MC_SIDE_2_1058.html')	('÷', 'evidence/MC_PLOT_1058.html')	PA2121	1496	1577	82	2 [0]	[1] 2	N_A	transcriptional regulator	SRR10023729
('*', 'evidence/MC_SIDE_1_1059.html')	('*', 'evidence/MC_SIDE_2_1059.html')	('÷', 'evidence/MC_PLOT_1059.html')	PA2121	1859	1907	49	2 [1]	[0] 2	N_A/–	transcriptional regulator/–	SRR10023729
('*', 'evidence/MC_SIDE_1_1060.html')	('*', 'evidence/MC_SIDE_2_1060.html')	('÷', 'evidence/MC_PLOT_1060.html')	PA2121	2364	2706	343	3 [1]	[0] NA	N_A/–	transcriptional regulator/–	SRR10023729
('*', 'evidence/MC_SIDE_1_1061.html')	('*', 'evidence/MC_SIDE_2_1061.html')	('÷', 'evidence/MC_PLOT_1061.html')	PA2312	1	23	23	NA [0]	[0] 2	–/N_A	–/transcriptional regulator	SRR10023729
('*', 'evidence/MC_SIDE_1_1062.html')	('*', 'evidence/MC_SIDE_2_1062.html')	('÷', 'evidence/MC_PLOT_1062.html')	PA2312	110	642	533	3 [1]	[0] 2	–/N_A	–/transcriptional regulator	SRR10023729
('*', 'evidence/MC_SIDE_1_1063.html')	('*', 'evidence/MC_SIDE_2_1063.html')	('÷', 'evidence/MC_PLOT_1063.html')	PA2312	1192	1333	142	2 [1]	[1] 2	N_A	transcriptional regulator	SRR10023729
('*', 'evidence/MC_SIDE_1_1064.html')	('*', 'evidence/MC_SIDE_2_1064.html')	('÷', 'evidence/MC_PLOT_1064.html')	PA2312	2162	2382	221	2 [1]	[0] NA	N_A/–	transcriptional regulator/–	SRR10023729
('*', 'evidence/MC_SIDE_1_1065.html')	('*', 'evidence/MC_SIDE_2_1065.html')	('÷', 'evidence/MC_PLOT_1065.html')	PA2435	1	232	232	NA [0]	[24] 26	–/N_A	–/cation‑transporting P‑type ATPase	SRR10023729
('*', 'evidence/MC_SIDE_1_1066.html')	('*', 'evidence/MC_SIDE_2_1066.html')	('÷', 'evidence/MC_PLOT_1066.html')	PA2435	2893	3090	198	26 [23]	[23] 26	N_A/–	cation‑transporting P‑type ATPase/–	SRR10023729
('*', 'evidence/MC_SIDE_1_1067.html')	('*', 'evidence/MC_SIDE_2_1067.html')	('÷', 'evidence/MC_PLOT_1067.html')	PA2491	1	1576–872	872–1576	NA [0]	[0] 3	[N_A]	[N_A]	SRR10023729
('*', 'evidence/MC_SIDE_1_1068.html')	('*', 'evidence/MC_SIDE_2_1068.html')	('÷', 'evidence/MC_PLOT_1068.html')	PA2491	2801	2820	20	2 [0]	[0] NA	N_A/–	oxidoreductase/–	SRR10023729
('*', 'evidence/MC_SIDE_1_1069.html')	('*', 'evidence/MC_SIDE_2_1069.html')	('÷', 'evidence/MC_PLOT_1069.html')	PA2492	1	1578–1149	1149–1578	NA [0]	[0] 2	[mexT]	[mexT]	SRR10023729
('*', 'evidence/MC_SIDE_1_1070.html')	('*', 'evidence/MC_SIDE_2_1070.html')	('÷', 'evidence/MC_PLOT_1070.html')	PA2492	1995	2028	34	2 [0]	[1] 2	mexT/–	transcriptional regulator MexT/–	SRR10023729
('*', 'evidence/MC_SIDE_1_1071.html')	('*', 'evidence/MC_SIDE_2_1071.html')	('÷', 'evidence/MC_PLOT_1071.html')	PA2492	2342	2844	503	3 [1]	[0] NA	mexT/–	transcriptional regulator MexT/–	SRR10023729
('*', 'evidence/MC_SIDE_1_1072.html')	('*', 'evidence/MC_SIDE_2_1072.html')	('÷', 'evidence/MC_PLOT_1072.html')	PA3217	2050	2074	25	2 [0]	[1] 3	cyaB	protein CyaB	SRR10023729
('*', 'evidence/MC_SIDE_1_1073.html')	('*', 'evidence/MC_SIDE_2_1073.html')	('÷', 'evidence/MC_PLOT_1073.html')	PA3217	2280	2291	12	2 [0]	[0] 2	cyaB	protein CyaB	SRR10023729
('*', 'evidence/MC_SIDE_1_1074.html')	('*', 'evidence/MC_SIDE_2_1074.html')	('÷', 'evidence/MC_PLOT_1074.html')	PA3217	2613	2741	129	2 [1]	[1] 2	cyaB/–	protein CyaB/–	SRR10023729
('*', 'evidence/MC_SIDE_1_1075.html')	('*', 'evidence/MC_SIDE_2_1075.html')	('÷', 'evidence/MC_PLOT_1075.html')	PA3477	936–2525	2526	2–1591	229 [223]	[0] NA	[rhlR]	[rhlR]	SRR10023729
('*', 'evidence/MC_SIDE_1_1076.html')	('*', 'evidence/MC_SIDE_2_1076.html')	('÷', 'evidence/MC_PLOT_1076.html')	PA3574	1	243	243	NA [0]	[2] 4	–/nalD	–/transcriptional regulator	SRR10023729
('*', 'evidence/MC_SIDE_1_1077.html')	('*', 'evidence/MC_SIDE_2_1077.html')	('÷', 'evidence/MC_PLOT_1077.html')	PA3574	2372	2439	68	5 [3]	[0] NA	nalD/–	transcriptional regulator/–	SRR10023729
('*', 'evidence/MC_SIDE_1_1078.html')	('*', 'evidence/MC_SIDE_2_1078.html')	('÷', 'evidence/MC_PLOT_1078.html')	PA3703	1	7	7	NA [0]	[4] 6	–/wspF	–/chemotaxis‑specific methylesterase	SRR10023729
('*', 'evidence/MC_SIDE_1_1079.html')	('*', 'evidence/MC_SIDE_2_1079.html')	('÷', 'evidence/MC_PLOT_1079.html')	PA3703	2755	2808	54	7 [5]	[0] NA	wspF/–	chemotaxis‑specific methylesterase/–	SRR10023729
('*', 'evidence/MC_SIDE_1_1080.html')	('*', 'evidence/MC_SIDE_2_1080.html')	('÷', 'evidence/MC_PLOT_1080.html')	PA3817	2522	2574	53	7 [6]	[0] NA	N_A/–	methyltransferase/–	SRR10023729
('*', 'evidence/MC_SIDE_1_1081.html')	('*', 'evidence/MC_SIDE_2_1081.html')	('÷', 'evidence/MC_PLOT_1081.html')	PA4420	128	444	317	170 [102]	[146] 153	–/N_A	–/S‑adenosyl‑methyltransferase MraW	SRR10023729
('*', 'evidence/MC_SIDE_1_1082.html')	('*', 'evidence/MC_SIDE_2_1082.html')	('÷', 'evidence/MC_PLOT_1082.html')	PA4522	2359	2367	9	5 [3]	[0] NA	ampD/–	N‑acetyl‑anhydromuranmyl‑L‑alanine amidase/–	SRR10023729
('*', 'evidence/MC_SIDE_1_1083.html')	('*', 'evidence/MC_SIDE_2_1083.html')	('÷', 'evidence/MC_PLOT_1083.html')	PA4526	1	75	75	NA [0]	[2] 4	–/pilB	–/type 4 fimbrial biogenesis protein PilB	SRR10023729
('*', 'evidence/MC_SIDE_1_1084.html')	('*', 'evidence/MC_SIDE_2_1084.html')	('÷', 'evidence/MC_PLOT_1084.html')	PA4526	120	1634	1515	4 [2]	[0] 3	[pilB]	[pilB]	SRR10023729
('*', 'evidence/MC_SIDE_1_1085.html')	('*', 'evidence/MC_SIDE_2_1085.html')	('÷', 'evidence/MC_PLOT_1085.html')	PA4526	2631	3501	871	8 [1]	[0] NA	pilB/–	type 4 fimbrial biogenesis protein PilB/–	SRR10023729
('*', 'evidence/MC_SIDE_1_1086.html')	('*', 'evidence/MC_SIDE_2_1086.html')	('÷', 'evidence/MC_PLOT_1086.html')	PA4796	593	760	168	9 [7]	[8] 9	–/N_A	–/hypothetical protein	SRR10023729
('*', 'evidence/MC_SIDE_1_1087.html')	('*', 'evidence/MC_SIDE_2_1087.html')	('÷', 'evidence/MC_PLOT_1087.html')	PA4796	1392	2268	877	10 [8]	[0] NA	N_A/–	hypothetical protein/–	SRR10023729
('*', 'evidence/MC_SIDE_1_1088.html')	('*', 'evidence/MC_SIDE_2_1088.html')	('÷', 'evidence/MC_PLOT_1088.html')	PA4848	572	581	10	2 [1]	[1] 2	–/accC	–/acetyl‑CoA carboxylase biotin carboxylase subunit	SRR10023729
('*', 'evidence/MC_SIDE_1_1089.html')	('*', 'evidence/MC_SIDE_2_1089.html')	('÷', 'evidence/MC_PLOT_1089.html')	PA4848	2951	3150	200	2 [1]	[0] NA	accC/–	acetyl‑CoA carboxylase biotin carboxylase subunit/–	SRR10023729
('*', 'evidence/MC_SIDE_1_659.html')	('*', 'evidence/MC_SIDE_2_659.html')	('÷', 'evidence/MC_PLOT_659.html')	PA0313	2238	2493	256	30 [28]	[0] NA	N_A/–	L‑cysteine ABC transporter protein YecS/–	SRR10023748
('*', 'evidence/MC_SIDE_1_660.html')	('*', 'evidence/MC_SIDE_2_660.html')	('÷', 'evidence/MC_PLOT_660.html')	PA0366	3190	3231	42	11 [8]	[0] NA	N_A/–	coniferyl aldehyde dehydrogenase/–	SRR10023748
('*', 'evidence/MC_SIDE_1_661.html')	('*', 'evidence/MC_SIDE_2_661.html')	('÷', 'evidence/MC_PLOT_661.html')	PA0506	1	32	32	NA [0]	[38] 43	–/N_A	–/acyl‑CoA dehydrogenase	SRR10023748
('*', 'evidence/MC_SIDE_1_662.html')	('*', 'evidence/MC_SIDE_2_662.html')	('÷', 'evidence/MC_PLOT_662.html')	PA0707	1	23	23	NA [0]	[4] 6	–/toxR	–/transcriptional regulator ToxR	SRR10023748
('*', 'evidence/MC_SIDE_1_663.html')	('*', 'evidence/MC_SIDE_2_663.html')	('÷', 'evidence/MC_PLOT_663.html')	PA0997	1	80	80	NA [0]	[18] 19	–/pqsB	–/hypothetical protein	SRR10023748
('*', 'evidence/MC_SIDE_1_664.html')	('*', 'evidence/MC_SIDE_2_664.html')	('÷', 'evidence/MC_PLOT_664.html')	PA1333	1	98	98	NA [0]	[21] 22	–/N_A	–/hypothetical protein	SRR10023748
('*', 'evidence/MC_SIDE_1_665.html')	('*', 'evidence/MC_SIDE_2_665.html')	('÷', 'evidence/MC_PLOT_665.html')	PA1333	1743	1870	128	24 [18]	[18] 35	N_A/–	hypothetical protein/–	SRR10023748
('*', 'evidence/MC_SIDE_1_666.html')	('*', 'evidence/MC_SIDE_2_666.html')	('÷', 'evidence/MC_PLOT_666.html')	PA1333	1979	2007	29	22 [18]	[0] NA	N_A/–	hypothetical protein/–	SRR10023748
('*', 'evidence/MC_SIDE_1_667.html')	('*', 'evidence/MC_SIDE_2_667.html')	('÷', 'evidence/MC_PLOT_667.html')	PA2020	2146	2179	34	3 [1]	[1] 2	N_A/–	transcriptional regulator/–	SRR10023748
('*', 'evidence/MC_SIDE_1_668.html')	('*', 'evidence/MC_SIDE_2_668.html')	('÷', 'evidence/MC_PLOT_668.html')	PA2121	2701	2706	6	4 [0]	[0] NA	N_A/–	transcriptional regulator/–	SRR10023748
('*', 'evidence/MC_SIDE_1_669.html')	('*', 'evidence/MC_SIDE_2_669.html')	('÷', 'evidence/MC_PLOT_669.html')	PA2312	1	4	4	NA [0]	[0] 2	–/N_A	–/transcriptional regulator	SRR10023748
('*', 'evidence/MC_SIDE_1_670.html')	('*', 'evidence/MC_SIDE_2_670.html')	('÷', 'evidence/MC_PLOT_670.html')	PA2435	1	206	206	NA [0]	[49] 52	–/N_A	–/cation‑transporting P‑type ATPase	SRR10023748
('*', 'evidence/MC_SIDE_1_671.html')	('*', 'evidence/MC_SIDE_2_671.html')	('÷', 'evidence/MC_PLOT_671.html')	PA2435	2894	3080	187	52 [36]	[51] 52	N_A/–	cation‑transporting P‑type ATPase/–	SRR10023748
('*', 'evidence/MC_SIDE_1_672.html')	('*', 'evidence/MC_SIDE_2_672.html')	('÷', 'evidence/MC_PLOT_672.html')	PA2492	2819	2844	26	2 [1]	[0] NA	mexT/–	transcriptional regulator MexT/–	SRR10023748
('*', 'evidence/MC_SIDE_1_673.html')	('*', 'evidence/MC_SIDE_2_673.html')	('÷', 'evidence/MC_PLOT_673.html')	PA3217	2592	3192	601	11 [9]	[0] NA	cyaB/–	protein CyaB/–	SRR10023748
('*', 'evidence/MC_SIDE_1_674.html')	('*', 'evidence/MC_SIDE_2_674.html')	('÷', 'evidence/MC_PLOT_674.html')	PA3477	1015–2523	2526	4–1512	313 [276]	[0] NA	[rhlR]	[rhlR]	SRR10023748
('*', 'evidence/MC_SIDE_1_675.html')	('*', 'evidence/MC_SIDE_2_675.html')	('÷', 'evidence/MC_PLOT_675.html')	PA4526	1	1623	1623	NA [0]	[6] 9	[pilB]	[pilB]	SRR10023748
('*', 'evidence/MC_SIDE_1_676.html')	('*', 'evidence/MC_SIDE_2_676.html')	('÷', 'evidence/MC_PLOT_676.html')	PA4526	2342	2412	71	8 [4]	[0] 19	pilB	type 4 fimbrial biogenesis protein PilB	SRR10023748
('*', 'evidence/MC_SIDE_1_677.html')	('*', 'evidence/MC_SIDE_2_677.html')	('÷', 'evidence/MC_PLOT_677.html')	PA4526	2631	3501	871	11 [0]	[0] NA	pilB/–	type 4 fimbrial biogenesis protein PilB/–	SRR10023748
('*', 'evidence/MC_SIDE_1_678.html')	('*', 'evidence/MC_SIDE_2_678.html')	('÷', 'evidence/MC_PLOT_678.html')	PA4796	1372	2268	897	36 [34]	[0] NA	N_A/–	hypothetical protein/–	SRR10023748
('*', 'evidence/MC_SIDE_1_525.html')	('*', 'evidence/MC_SIDE_2_525.html')	('÷', 'evidence/MC_PLOT_525.html')	PA0313	2370	2493	124	46 [42]	[0] NA	N_A/–	L‑cysteine ABC transporter protein YecS/–	SRR10093385
('*', 'evidence/MC_SIDE_1_526.html')	('*', 'evidence/MC_SIDE_2_526.html')	('÷', 'evidence/MC_PLOT_526.html')	PA0425	1	141	141	NA [0]	[43] 44	–/mexA	–/multidrug resistance protein MexA	SRR10093385
('*', 'evidence/MC_SIDE_1_527.html')	('*', 'evidence/MC_SIDE_2_527.html')	('÷', 'evidence/MC_PLOT_527.html')	PA0652	2325	2445	121	32 [30]	[0] NA	vfr/–	cAMP‑regulatory protein/–	SRR10093385
('*', 'evidence/MC_SIDE_1_528.html')	('*', 'evidence/MC_SIDE_2_528.html')	('÷', 'evidence/MC_PLOT_528.html')	PA0707	1	496	496	NA [0]	[40] 42	–/toxR	–/transcriptional regulator ToxR	SRR10093385
('*', 'evidence/MC_SIDE_1_529.html')	('*', 'evidence/MC_SIDE_2_529.html')	('÷', 'evidence/MC_PLOT_529.html')	PA0707	2468	2580	113	42 [40]	[0] NA	toxR/–	transcriptional regulator ToxR/–	SRR10093385
('*', 'evidence/MC_SIDE_1_530.html')	('*', 'evidence/MC_SIDE_2_530.html')	('÷', 'evidence/MC_PLOT_530.html')	PA0997	2488	2652	165	39 [38]	[0] NA	pqsB/–	hypothetical protein/–	SRR10093385
('*', 'evidence/MC_SIDE_1_531.html')	('*', 'evidence/MC_SIDE_2_531.html')	('÷', 'evidence/MC_PLOT_531.html')	PA1097	1	715	715	NA [0]	[38] 46	–/fleQ	–/transcriptional regulator FleQ	SRR10093385
('*', 'evidence/MC_SIDE_1_532.html')	('*', 'evidence/MC_SIDE_2_532.html')	('÷', 'evidence/MC_PLOT_532.html')	PA1097	3124	3273	150	41 [40]	[0] NA	fleQ/–	transcriptional regulator FleQ/–	SRR10093385
('*', 'evidence/MC_SIDE_1_533.html')	('*', 'evidence/MC_SIDE_2_533.html')	('÷', 'evidence/MC_PLOT_533.html')	PA1179	1	152	152	NA [0]	[29] 30	–/phoP	–/two‑component response regulator PhoP	SRR10093385
('*', 'evidence/MC_SIDE_1_534.html')	('*', 'evidence/MC_SIDE_2_534.html')	('÷', 'evidence/MC_PLOT_534.html')	PA1333	1	83	83	NA [0]	[23] 26	–/N_A	–/hypothetical protein	SRR10093385
('*', 'evidence/MC_SIDE_1_535.html')	('*', 'evidence/MC_SIDE_2_535.html')	('÷', 'evidence/MC_PLOT_535.html')	PA1430	1	234	234	NA [0]	[39] 41	–/lasR	–/transcriptional regulator LasR	SRR10093385
('*', 'evidence/MC_SIDE_1_536.html')	('*', 'evidence/MC_SIDE_2_536.html')	('÷', 'evidence/MC_PLOT_536.html')	PA1430	2405	2520	116	40 [38]	[0] NA	lasR/–	transcriptional regulator LasR/–	SRR10093385
('*', 'evidence/MC_SIDE_1_537.html')	('*', 'evidence/MC_SIDE_2_537.html')	('÷', 'evidence/MC_PLOT_537.html')	PA1544	1	61	61	NA [0]	[15] 16	–/anr	–/transcriptional regulator Anr	SRR10093385
('*', 'evidence/MC_SIDE_1_538.html')	('*', 'evidence/MC_SIDE_2_538.html')	('÷', 'evidence/MC_PLOT_538.html')	PA1713	1	151	151	NA [0]	[41] 43	–/exsA	–/exoenzyme S transcriptional regulator ExsA	SRR10093385
('*', 'evidence/MC_SIDE_1_539.html')	('*', 'evidence/MC_SIDE_2_539.html')	('÷', 'evidence/MC_PLOT_539.html')	PA1713	2488	2637	150	43 [42]	[0] NA	exsA/–	exoenzyme S transcriptional regulator ExsA/–	SRR10093385
('*', 'evidence/MC_SIDE_1_540.html')	('*', 'evidence/MC_SIDE_2_540.html')	('÷', 'evidence/MC_PLOT_540.html')	PA2312	1	31	31	NA [0]	[13] 17	–/N_A	–/transcriptional regulator	SRR10093385
('*', 'evidence/MC_SIDE_1_541.html')	('*', 'evidence/MC_SIDE_2_541.html')	('÷', 'evidence/MC_PLOT_541.html')	PA2312	2082	2382	301	15 [14]	[0] NA	N_A/–	transcriptional regulator/–	SRR10093385
('*', 'evidence/MC_SIDE_1_542.html')	('*', 'evidence/MC_SIDE_2_542.html')	('÷', 'evidence/MC_PLOT_542.html')	PA2435	3737	3786	50	10 [9]	[0] NA	N_A/–	cation‑transporting P‑type ATPase/–	SRR10093385
('*', 'evidence/MC_SIDE_1_543.html')	('*', 'evidence/MC_SIDE_2_543.html')	('÷', 'evidence/MC_PLOT_543.html')	PA2491	1	1508–4	4–1508	NA [0]	[18] 19	[N_A]	[N_A]	SRR10093385
('*', 'evidence/MC_SIDE_1_544.html')	('*', 'evidence/MC_SIDE_2_544.html')	('÷', 'evidence/MC_PLOT_544.html')	PA2492	1	1606–2	2–1606	NA [0]	[44] 45	[mexT]	[mexT]	SRR10093385
('*', 'evidence/MC_SIDE_1_545.html')	('*', 'evidence/MC_SIDE_2_545.html')	('÷', 'evidence/MC_PLOT_545.html')	PA2492	2658	2844	187	45 [44]	[0] NA	mexT/–	transcriptional regulator MexT/–	SRR10093385
('*', 'evidence/MC_SIDE_1_546.html')	('*', 'evidence/MC_SIDE_2_546.html')	('÷', 'evidence/MC_PLOT_546.html')	PA3217	1	97	97	NA [0]	[26] 27	–/cyaB	–/protein CyaB	SRR10093385
('*', 'evidence/MC_SIDE_1_547.html')	('*', 'evidence/MC_SIDE_2_547.html')	('÷', 'evidence/MC_PLOT_547.html')	PA3476	1	1529–741	741–1529	NA [0]	[39] 40	rhlI	rhlI	SRR10093385
('*', 'evidence/MC_SIDE_1_548.html')	('*', 'evidence/MC_SIDE_2_548.html')	('÷', 'evidence/MC_PLOT_548.html')	PA3476	2242	2406	165	41 [39]	[0] NA	rhlI/–	acyl‑homoserine‑lactone synthase/–	SRR10093385
('*', 'evidence/MC_SIDE_1_549.html')	('*', 'evidence/MC_SIDE_2_549.html')	('÷', 'evidence/MC_PLOT_549.html')	PA3477	1046–1623	2526	904–1481	26 [25]	[0] NA	[rhlR]	[rhlR]	SRR10093385
('*', 'evidence/MC_SIDE_1_550.html')	('*', 'evidence/MC_SIDE_2_550.html')	('÷', 'evidence/MC_PLOT_550.html')	PA3574	1	151	151	NA [0]	[33] 34	–/nalD	–/transcriptional regulator	SRR10093385
('*', 'evidence/MC_SIDE_1_551.html')	('*', 'evidence/MC_SIDE_2_551.html')	('÷', 'evidence/MC_PLOT_551.html')	PA3574	2325	2439	115	34 [32]	[0] NA	nalD/–	transcriptional regulator/–	SRR10093385
('*', 'evidence/MC_SIDE_1_552.html')	('*', 'evidence/MC_SIDE_2_552.html')	('÷', 'evidence/MC_PLOT_552.html')	PA3703	2678	2808	131	32 [29]	[0] NA	wspF/–	chemotaxis‑specific methylesterase/–	SRR10093385
('*', 'evidence/MC_SIDE_1_553.html')	('*', 'evidence/MC_SIDE_2_553.html')	('÷', 'evidence/MC_PLOT_553.html')	PA4420	1280	1671	392	30 [28]	[29] 30	N_A	S‑adenosyl‑methyltransferase MraW	SRR10093385
('*', 'evidence/MC_SIDE_1_554.html')	('*', 'evidence/MC_SIDE_2_554.html')	('÷', 'evidence/MC_PLOT_554.html')	PA4522	1	422	422	NA [0]	[31] 33	–/ampD	–/N‑acetyl‑anhydromuranmyl‑L‑alanine amidase	SRR10093385
('*', 'evidence/MC_SIDE_1_555.html')	('*', 'evidence/MC_SIDE_2_555.html')	('÷', 'evidence/MC_PLOT_555.html')	PA4522	2232	2367	136	33 [32]	[0] NA	ampD/–	N‑acetyl‑anhydromuranmyl‑L‑alanine amidase/–	SRR10093385
('*', 'evidence/MC_SIDE_1_556.html')	('*', 'evidence/MC_SIDE_2_556.html')	('÷', 'evidence/MC_PLOT_556.html')	PA4526	1	1542	1542	NA [0]	[1] 2	[pilB]	[pilB]	SRR10093385
('*', 'evidence/MC_SIDE_1_557.html')	('*', 'evidence/MC_SIDE_2_557.html')	('÷', 'evidence/MC_PLOT_557.html')	PA4526	1796	2021	226	2 [1]	[1] 2	pilB	type 4 fimbrial biogenesis protein PilB	SRR10093385
('*', 'evidence/MC_SIDE_1_558.html')	('*', 'evidence/MC_SIDE_2_558.html')	('÷', 'evidence/MC_PLOT_558.html')	PA4526	2296	3501	1206	2 [1]	[0] NA	[pilB]	[pilB]	SRR10093385
('*', 'evidence/MC_SIDE_1_559.html')	('*', 'evidence/MC_SIDE_2_559.html')	('÷', 'evidence/MC_PLOT_559.html')	PA4796	1	97	97	NA [0]	[24] 25	–/N_A	–/hypothetical protein	SRR10093385
('*', 'evidence/MC_SIDE_1_560.html')	('*', 'evidence/MC_SIDE_2_560.html')	('÷', 'evidence/MC_PLOT_560.html')	PA4796	1355	2268	914	25 [23]	[0] NA	[N_A]	[N_A]	SRR10093385
('*', 'evidence/MC_SIDE_1_1413.html')	('*', 'evidence/MC_SIDE_2_1413.html')	('÷', 'evidence/MC_PLOT_1413.html')	PA0366	3167	3231	65	37 [35]	[0] NA	N_A/–	coniferyl aldehyde dehydrogenase/–	SRR1014097
('*', 'evidence/MC_SIDE_1_1414.html')	('*', 'evidence/MC_SIDE_2_1414.html')	('÷', 'evidence/MC_PLOT_1414.html')	PA0707	1	40	40	NA [0]	[26] 27	–/toxR	–/transcriptional regulator ToxR	SRR1014097
('*', 'evidence/MC_SIDE_1_1415.html')	('*', 'evidence/MC_SIDE_2_1415.html')	('÷', 'evidence/MC_PLOT_1415.html')	PA1097	1	647	647	NA [0]	[30] 32	–/fleQ	–/transcriptional regulator FleQ	SRR1014097
('*', 'evidence/MC_SIDE_1_1416.html')	('*', 'evidence/MC_SIDE_2_1416.html')	('÷', 'evidence/MC_PLOT_1416.html')	PA1333	1	55	55	NA [0]	[27] 33	–/N_A	–/hypothetical protein	SRR1014097
('*', 'evidence/MC_SIDE_1_1417.html')	('*', 'evidence/MC_SIDE_2_1417.html')	('÷', 'evidence/MC_PLOT_1417.html')	PA1544	1	56	56	NA [0]	[28] 30	–/anr	–/transcriptional regulator Anr	SRR1014097
('*', 'evidence/MC_SIDE_1_1418.html')	('*', 'evidence/MC_SIDE_2_1418.html')	('÷', 'evidence/MC_PLOT_1418.html')	PA2121	2337	2706	370	21 [20]	[0] NA	N_A/–	transcriptional regulator/–	SRR1014097
('*', 'evidence/MC_SIDE_1_1419.html')	('*', 'evidence/MC_SIDE_2_1419.html')	('÷', 'evidence/MC_PLOT_1419.html')	PA2312	2126	2382	257	24 [20]	[0] NA	N_A/–	transcriptional regulator/–	SRR1014097
('*', 'evidence/MC_SIDE_1_1420.html')	('*', 'evidence/MC_SIDE_2_1420.html')	('÷', 'evidence/MC_PLOT_1420.html')	PA2435	1	53	53	NA [0]	[22] 25	–/N_A	–/cation‑transporting P‑type ATPase	SRR1014097
('*', 'evidence/MC_SIDE_1_1421.html')	('*', 'evidence/MC_SIDE_2_1421.html')	('÷', 'evidence/MC_PLOT_1421.html')	PA2492	1	1624–2	2–1624	NA [0]	[14] 15	[mexT]	[mexT]	SRR1014097
('*', 'evidence/MC_SIDE_1_1422.html')	('*', 'evidence/MC_SIDE_2_1422.html')	('÷', 'evidence/MC_PLOT_1422.html')	PA2492	1968	2026	59	18 [14]	[13] 15	mexT/–	transcriptional regulator MexT/–	SRR1014097
('*', 'evidence/MC_SIDE_1_1423.html')	('*', 'evidence/MC_SIDE_2_1423.html')	('÷', 'evidence/MC_PLOT_1423.html')	PA4420	1	47	47	NA [0]	[32] 33	–/N_A	–/S‑adenosyl‑methyltransferase MraW	SRR1014097
('*', 'evidence/MC_SIDE_1_1424.html')	('*', 'evidence/MC_SIDE_2_1424.html')	('÷', 'evidence/MC_PLOT_1424.html')	PA4526	1	42	42	NA [0]	[18] 21	–/pilB	–/type 4 fimbrial biogenesis protein PilB	SRR1014097
('*', 'evidence/MC_SIDE_1_1425.html')	('*', 'evidence/MC_SIDE_2_1425.html')	('÷', 'evidence/MC_PLOT_1425.html')	PA4526	109	1698	1590	21 [20]	[20] 21	[pilB]	[pilB]	SRR1014097
('*', 'evidence/MC_SIDE_1_1426.html')	('*', 'evidence/MC_SIDE_2_1426.html')	('÷', 'evidence/MC_PLOT_1426.html')	PA4526	1812	1889	78	23 [20]	[20] 21	pilB	type 4 fimbrial biogenesis protein PilB	SRR1014097
('*', 'evidence/MC_SIDE_1_1427.html')	('*', 'evidence/MC_SIDE_2_1427.html')	('÷', 'evidence/MC_PLOT_1427.html')	PA4526	2355	2445	91	21 [20]	[20] 23	pilB	type 4 fimbrial biogenesis protein PilB	SRR1014097
('*', 'evidence/MC_SIDE_1_1428.html')	('*', 'evidence/MC_SIDE_2_1428.html')	('÷', 'evidence/MC_PLOT_1428.html')	PA4526	2606	3501	896	21 [20]	[0] NA	pilB/–	type 4 fimbrial biogenesis protein PilB/–	SRR1014097
('*', 'evidence/MC_SIDE_1_1429.html')	('*', 'evidence/MC_SIDE_2_1429.html')	('÷', 'evidence/MC_PLOT_1429.html')	PA4796	1	37	37	NA [0]	[19] 20	–/N_A	–/hypothetical protein	SRR1014097
('*', 'evidence/MC_SIDE_1_1430.html')	('*', 'evidence/MC_SIDE_2_1430.html')	('÷', 'evidence/MC_PLOT_1430.html')	PA4796	1378	2268	891	20 [17]	[0] NA	N_A/–	hypothetical protein/–	SRR1014097
('*', 'evidence/MC_SIDE_1_1383.html')	('*', 'evidence/MC_SIDE_2_1383.html')	('÷', 'evidence/MC_PLOT_1383.html')	PA0506	1	93	93	NA [0]	[29] 32	–/N_A	–/acyl‑CoA dehydrogenase	SRR1014138
('*', 'evidence/MC_SIDE_1_1384.html')	('*', 'evidence/MC_SIDE_2_1384.html')	('÷', 'evidence/MC_PLOT_1384.html')	PA0707	2454	2580	127	35 [34]	[0] NA	toxR/–	transcriptional regulator ToxR/–	SRR1014138
('*', 'evidence/MC_SIDE_1_1385.html')	('*', 'evidence/MC_SIDE_2_1385.html')	('÷', 'evidence/MC_PLOT_1385.html')	PA1097	1	641	641	NA [0]	[25] 26	–/fleQ	–/transcriptional regulator FleQ	SRR1014138
('*', 'evidence/MC_SIDE_1_1386.html')	('*', 'evidence/MC_SIDE_2_1386.html')	('÷', 'evidence/MC_PLOT_1386.html')	PA1333	1956	2007	52	29 [28]	[0] NA	N_A/–	hypothetical protein/–	SRR1014138
('*', 'evidence/MC_SIDE_1_1387.html')	('*', 'evidence/MC_SIDE_2_1387.html')	('÷', 'evidence/MC_PLOT_1387.html')	PA2121	2348	2706	359	26 [25]	[0] NA	N_A/–	transcriptional regulator/–	SRR1014138
('*', 'evidence/MC_SIDE_1_1388.html')	('*', 'evidence/MC_SIDE_2_1388.html')	('÷', 'evidence/MC_PLOT_1388.html')	PA2312	2126	2382	257	27 [25]	[0] NA	N_A/–	transcriptional regulator/–	SRR1014138
('*', 'evidence/MC_SIDE_1_1389.html')	('*', 'evidence/MC_SIDE_2_1389.html')	('÷', 'evidence/MC_PLOT_1389.html')	PA2492	1956	2044	89	23 [20]	[21] 24	mexT/–	transcriptional regulator MexT/–	SRR1014138
('*', 'evidence/MC_SIDE_1_1390.html')	('*', 'evidence/MC_SIDE_2_1390.html')	('÷', 'evidence/MC_PLOT_1390.html')	PA3477	944–2523	2526	4–1583	36 [35]	[0] NA	[rhlR]	[rhlR]	SRR1014138
('*', 'evidence/MC_SIDE_1_1391.html')	('*', 'evidence/MC_SIDE_2_1391.html')	('÷', 'evidence/MC_PLOT_1391.html')	PA3574	1	63	63	NA [0]	[31] 34	–/nalD	–/transcriptional regulator	SRR1014138
('*', 'evidence/MC_SIDE_1_1392.html')	('*', 'evidence/MC_SIDE_2_1392.html')	('÷', 'evidence/MC_PLOT_1392.html')	PA4526	146	1665	1520	6 [2]	[3] 4	[pilB]	[pilB]	SRR1014138
('*', 'evidence/MC_SIDE_1_1393.html')	('*', 'evidence/MC_SIDE_2_1393.html')	('÷', 'evidence/MC_PLOT_1393.html')	PA4526	1828	1856	29	5 [3]	[3] 4	pilB	type 4 fimbrial biogenesis protein PilB	SRR1014138
('*', 'evidence/MC_SIDE_1_1394.html')	('*', 'evidence/MC_SIDE_2_1394.html')	('÷', 'evidence/MC_PLOT_1394.html')	PA4526	2371	2415	45	4 [3]	[3] 4	pilB	type 4 fimbrial biogenesis protein PilB	SRR1014138
('*', 'evidence/MC_SIDE_1_1395.html')	('*', 'evidence/MC_SIDE_2_1395.html')	('÷', 'evidence/MC_PLOT_1395.html')	PA4526	2629	3501	873	4 [3]	[0] NA	pilB/–	type 4 fimbrial biogenesis protein PilB/–	SRR1014138
('*', 'evidence/MC_SIDE_1_1396.html')	('*', 'evidence/MC_SIDE_2_1396.html')	('÷', 'evidence/MC_PLOT_1396.html')	PA4796	1366	2268	903	30 [29]	[0] NA	[N_A]	[N_A]	SRR1014138
('*', 'evidence/MC_SIDE_1_1410.html')	('*', 'evidence/MC_SIDE_2_1410.html')	('÷', 'evidence/MC_PLOT_1410.html')	PA0506	1	151	151	NA [0]	[37] 38	–/N_A	–/acyl‑CoA dehydrogenase	SRR1014150
('*', 'evidence/MC_SIDE_1_1411.html')	('*', 'evidence/MC_SIDE_2_1411.html')	('÷', 'evidence/MC_PLOT_1411.html')	PA0506	3566	3606	41	43 [31]	[0] NA	N_A/–	acyl‑CoA dehydrogenase/–	SRR1014150
('*', 'evidence/MC_SIDE_1_1412.html')	('*', 'evidence/MC_SIDE_2_1412.html')	('÷', 'evidence/MC_PLOT_1412.html')	PA0997	2612	2652	41	33 [32]	[0] NA	pqsB/–	hypothetical protein/–	SRR1014150
('*', 'evidence/MC_SIDE_1_1413.html')	('*', 'evidence/MC_SIDE_2_1413.html')	('÷', 'evidence/MC_PLOT_1413.html')	PA1097	1	636	636	NA [0]	[29] 30	–/fleQ	–/transcriptional regulator FleQ	SRR1014150
('*', 'evidence/MC_SIDE_1_1414.html')	('*', 'evidence/MC_SIDE_2_1414.html')	('÷', 'evidence/MC_PLOT_1414.html')	PA2121	1	59	59	NA [0]	[29] 30	–/N_A	–/transcriptional regulator	SRR1014150
('*', 'evidence/MC_SIDE_1_1415.html')	('*', 'evidence/MC_SIDE_2_1415.html')	('÷', 'evidence/MC_PLOT_1415.html')	PA2121	2343	2706	364	31 [29]	[0] NA	N_A/–	transcriptional regulator/–	SRR1014150
('*', 'evidence/MC_SIDE_1_1416.html')	('*', 'evidence/MC_SIDE_2_1416.html')	('÷', 'evidence/MC_PLOT_1416.html')	PA2312	2113	2382	270	27 [26]	[0] NA	N_A/–	transcriptional regulator/–	SRR1014150
('*', 'evidence/MC_SIDE_1_1417.html')	('*', 'evidence/MC_SIDE_2_1417.html')	('÷', 'evidence/MC_PLOT_1417.html')	PA2492	1	1622–8	8–1622	NA [0]	[19] 20	[mexT]	[mexT]	SRR1014150
('*', 'evidence/MC_SIDE_1_1418.html')	('*', 'evidence/MC_SIDE_2_1418.html')	('÷', 'evidence/MC_PLOT_1418.html')	PA2492	1962	2044	83	20 [19]	[19] 23	mexT/–	transcriptional regulator MexT/–	SRR1014150
('*', 'evidence/MC_SIDE_1_1419.html')	('*', 'evidence/MC_SIDE_2_1419.html')	('÷', 'evidence/MC_PLOT_1419.html')	PA3476	1	1568–940	940–1568	NA [0]	[41] 42	rhlI	rhlI	SRR1014150
('*', 'evidence/MC_SIDE_1_1421.html')	('*', 'evidence/MC_SIDE_2_1421.html')	('÷', 'evidence/MC_PLOT_1421.html')	PA4420	2687	2742	56	37 [36]	[0] NA	N_A/–	S‑adenosyl‑methyltransferase MraW/–	SRR1014150
('*', 'evidence/MC_SIDE_1_1422.html')	('*', 'evidence/MC_SIDE_2_1422.html')	('÷', 'evidence/MC_PLOT_1422.html')	PA4526	139	1680	1542	15 [11]	[13] 14	[pilB]	[pilB]	SRR1014150
('*', 'evidence/MC_SIDE_1_1423.html')	('*', 'evidence/MC_SIDE_2_1423.html')	('÷', 'evidence/MC_PLOT_1423.html')	PA4526	1818	1860	43	15 [9]	[13] 14	pilB	type 4 fimbrial biogenesis protein PilB	SRR1014150
('*', 'evidence/MC_SIDE_1_1424.html')	('*', 'evidence/MC_SIDE_2_1424.html')	('÷', 'evidence/MC_PLOT_1424.html')	PA4526	2363	2424	62	14 [12]	[13] 14	pilB	type 4 fimbrial biogenesis protein PilB	SRR1014150
('*', 'evidence/MC_SIDE_1_1425.html')	('*', 'evidence/MC_SIDE_2_1425.html')	('÷', 'evidence/MC_PLOT_1425.html')	PA4526	2614	3501	888	14 [13]	[0] NA	pilB/–	type 4 fimbrial biogenesis protein PilB/–	SRR1014150
('*', 'evidence/MC_SIDE_1_1426.html')	('*', 'evidence/MC_SIDE_2_1426.html')	('÷', 'evidence/MC_PLOT_1426.html')	PA4796	1388	2268	881	24 [23]	[0] NA	N_A/–	hypothetical protein/–	SRR1014150
('*', 'evidence/MC_SIDE_1_1388.html')	('*', 'evidence/MC_SIDE_2_1388.html')	('÷', 'evidence/MC_PLOT_1388.html')	PA0506	1	120	120	NA [0]	[37] 39	–/N_A	–/acyl‑CoA dehydrogenase	SRR1014199
('*', 'evidence/MC_SIDE_1_1389.html')	('*', 'evidence/MC_SIDE_2_1389.html')	('÷', 'evidence/MC_PLOT_1389.html')	PA0652	2393	2445	53	31 [30]	[0] NA	vfr/–	cAMP‑regulatory protein/–	SRR1014199
('*', 'evidence/MC_SIDE_1_1390.html')	('*', 'evidence/MC_SIDE_2_1390.html')	('÷', 'evidence/MC_PLOT_1390.html')	PA0707	2514	2580	67	41 [40]	[0] NA	toxR/–	transcriptional regulator ToxR/–	SRR1014199
('*', 'evidence/MC_SIDE_1_1391.html')	('*', 'evidence/MC_SIDE_2_1391.html')	('÷', 'evidence/MC_PLOT_1391.html')	PA1097	1	649	649	NA [0]	[37] 38	–/fleQ	–/transcriptional regulator FleQ	SRR1014199
('*', 'evidence/MC_SIDE_1_1392.html')	('*', 'evidence/MC_SIDE_2_1392.html')	('÷', 'evidence/MC_PLOT_1392.html')	PA1333	1952	2007	56	32 [28]	[0] NA	N_A/–	hypothetical protein/–	SRR1014199
('*', 'evidence/MC_SIDE_1_1393.html')	('*', 'evidence/MC_SIDE_2_1393.html')	('÷', 'evidence/MC_PLOT_1393.html')	PA2121	2342	2706	365	17 [16]	[0] NA	N_A/–	transcriptional regulator/–	SRR1014199
('*', 'evidence/MC_SIDE_1_1394.html')	('*', 'evidence/MC_SIDE_2_1394.html')	('÷', 'evidence/MC_PLOT_1394.html')	PA2312	2143	2382	240	34 [32]	[0] NA	N_A/–	transcriptional regulator/–	SRR1014199
('*', 'evidence/MC_SIDE_1_1395.html')	('*', 'evidence/MC_SIDE_2_1395.html')	('÷', 'evidence/MC_PLOT_1395.html')	PA2435	1	47	47	NA [0]	[22] 23	–/N_A	–/cation‑transporting P‑type ATPase	SRR1014199
('*', 'evidence/MC_SIDE_1_1397.html')	('*', 'evidence/MC_SIDE_2_1397.html')	('÷', 'evidence/MC_PLOT_1397.html')	PA2491	1929	2030	102	31 [28]	[29] 32	N_A/–	oxidoreductase/–	SRR1014199
('*', 'evidence/MC_SIDE_1_1398.html')	('*', 'evidence/MC_SIDE_2_1398.html')	('÷', 'evidence/MC_PLOT_1398.html')	PA2492	1	1619–3	3–1619	NA [0]	[16] 20	[mexT]	[mexT]	SRR1014199
('*', 'evidence/MC_SIDE_1_1399.html')	('*', 'evidence/MC_SIDE_2_1399.html')	('÷', 'evidence/MC_PLOT_1399.html')	PA3217	3151	3192	42	28 [25]	[0] NA	cyaB/–	protein CyaB/–	SRR1014199
('*', 'evidence/MC_SIDE_1_1400.html')	('*', 'evidence/MC_SIDE_2_1400.html')	('÷', 'evidence/MC_PLOT_1400.html')	PA3476	1	1534–3	3–1534	NA [0]	[9] 11	rhlI	rhlI	SRR1014199
('*', 'evidence/MC_SIDE_1_1401.html')	('*', 'evidence/MC_SIDE_2_1401.html')	('÷', 'evidence/MC_PLOT_1401.html')	PA3477	958–2523	2526	4–1569	34 [33]	[0] NA	[rhlR]	[rhlR]	SRR1014199
('*', 'evidence/MC_SIDE_1_1402.html')	('*', 'evidence/MC_SIDE_2_1402.html')	('÷', 'evidence/MC_PLOT_1402.html')	PA4526	156	1492	1337	4 [0]	[1] 2	[pilB]	[pilB]	SRR1014199
('*', 'evidence/MC_SIDE_1_1403.html')	('*', 'evidence/MC_SIDE_2_1403.html')	('÷', 'evidence/MC_PLOT_1403.html')	PA4526	1600	1627	28	2 [1]	[0] 2	pilB	type 4 fimbrial biogenesis protein PilB	SRR1014199
('*', 'evidence/MC_SIDE_1_1404.html')	('*', 'evidence/MC_SIDE_2_1404.html')	('÷', 'evidence/MC_PLOT_1404.html')	PA4526	1839	1855	17	2 [0]	[1] 2	pilB	type 4 fimbrial biogenesis protein PilB	SRR1014199
('*', 'evidence/MC_SIDE_1_1405.html')	('*', 'evidence/MC_SIDE_2_1405.html')	('÷', 'evidence/MC_PLOT_1405.html')	PA4526	2383	2412	30	3 [1]	[0] 3	pilB	type 4 fimbrial biogenesis protein PilB	SRR1014199
('*', 'evidence/MC_SIDE_1_1406.html')	('*', 'evidence/MC_SIDE_2_1406.html')	('÷', 'evidence/MC_PLOT_1406.html')	PA4526	2631	3501	871	4 [0]	[0] NA	pilB/–	type 4 fimbrial biogenesis protein PilB/–	SRR1014199
('*', 'evidence/MC_SIDE_1_1407.html')	('*', 'evidence/MC_SIDE_2_1407.html')	('÷', 'evidence/MC_PLOT_1407.html')	PA4796	1406	2268	863	26 [24]	[0] NA	N_A/–	hypothetical protein/–	SRR1014199
('*', 'evidence/MC_SIDE_1_652.html')	('*', 'evidence/MC_SIDE_2_652.html')	('÷', 'evidence/MC_PLOT_652.html')	PA0707	1	68	68	NA [0]	[43] 45	–/toxR	–/transcriptional regulator ToxR	SRR1014464
('*', 'evidence/MC_SIDE_1_653.html')	('*', 'evidence/MC_SIDE_2_653.html')	('÷', 'evidence/MC_PLOT_653.html')	PA1097	1	645	645	NA [0]	[34] 37	–/fleQ	–/transcriptional regulator FleQ	SRR1014464
('*', 'evidence/MC_SIDE_1_654.html')	('*', 'evidence/MC_SIDE_2_654.html')	('÷', 'evidence/MC_PLOT_654.html')	PA1333	1	29	29	NA [0]	[28] 30	–/N_A	–/hypothetical protein	SRR1014464
('*', 'evidence/MC_SIDE_1_655.html')	('*', 'evidence/MC_SIDE_2_655.html')	('÷', 'evidence/MC_PLOT_655.html')	PA2492	1	1628–2	2–1628	NA [0]	[23] 24	[mexT]	[mexT]	SRR1014464
('*', 'evidence/MC_SIDE_1_656.html')	('*', 'evidence/MC_SIDE_2_656.html')	('÷', 'evidence/MC_PLOT_656.html')	PA3476	1	1584–2	2–1584	NA [0]	[47] 48	rhlI	rhlI	SRR1014464
('*', 'evidence/MC_SIDE_1_657.html')	('*', 'evidence/MC_SIDE_2_657.html')	('÷', 'evidence/MC_PLOT_657.html')	PA3565	1844	2135	292	31 [28]	[28] 31	N_A/–	transcriptional regulator/–	SRR1014464
('*', 'evidence/MC_SIDE_1_658.html')	('*', 'evidence/MC_SIDE_2_658.html')	('÷', 'evidence/MC_PLOT_658.html')	PA4526	1	42	42	NA [0]	[7] 9	–/pilB	–/type 4 fimbrial biogenesis protein PilB	SRR1014464
('*', 'evidence/MC_SIDE_1_659.html')	('*', 'evidence/MC_SIDE_2_659.html')	('÷', 'evidence/MC_PLOT_659.html')	PA4526	145	1504	1360	11 [8]	[7] 9	[pilB]	[pilB]	SRR1014464
('*', 'evidence/MC_SIDE_1_660.html')	('*', 'evidence/MC_SIDE_2_660.html')	('÷', 'evidence/MC_PLOT_660.html')	PA4526	2328	2419	92	10 [8]	[8] 9	pilB	type 4 fimbrial biogenesis protein PilB	SRR1014464
('*', 'evidence/MC_SIDE_1_661.html')	('*', 'evidence/MC_SIDE_2_661.html')	('÷', 'evidence/MC_PLOT_661.html')	PA4526	2615	3501	887	10 [8]	[0] NA	pilB/–	type 4 fimbrial biogenesis protein PilB/–	SRR1014464
('*', 'evidence/MC_SIDE_1_662.html')	('*', 'evidence/MC_SIDE_2_662.html')	('÷', 'evidence/MC_PLOT_662.html')	PA4796	1396	2268	873	41 [38]	[0] NA	N_A/–	hypothetical protein/–	SRR1014464
('*', 'evidence/MC_SIDE_1_663.html')	('*', 'evidence/MC_SIDE_2_663.html')	('÷', 'evidence/MC_PLOT_663.html')	PA4848	3094	3150	57	37 [36]	[0] NA	accC/–	acetyl‑CoA carboxylase biotin carboxylase subunit/–	SRR1014464
('*', 'evidence/MC_SIDE_1_711.html')	('*', 'evidence/MC_SIDE_2_711.html')	('÷', 'evidence/MC_PLOT_711.html')	PA2491	1	1639–5	5–1639	NA [0]	[27] 28	[N_A]	[N_A]	SRR1014481
('*', 'evidence/MC_SIDE_1_712.html')	('*', 'evidence/MC_SIDE_2_712.html')	('÷', 'evidence/MC_PLOT_712.html')	PA2492	1	1625–3	3–1625	NA [0]	[12] 14	[mexT]	[mexT]	SRR1014481
('*', 'evidence/MC_SIDE_1_713.html')	('*', 'evidence/MC_SIDE_2_713.html')	('÷', 'evidence/MC_PLOT_713.html')	PA3477	964–2525	2526	2–1563	41 [40]	[0] NA	[rhlR]	[rhlR]	SRR1014481
('*', 'evidence/MC_SIDE_1_714.html')	('*', 'evidence/MC_SIDE_2_714.html')	('÷', 'evidence/MC_PLOT_714.html')	PA4462	1	65	65	NA [0]	[35] 36	–/rpoN	–/RNA polymerase factor sigma‑54	SRR1014481
('*', 'evidence/MC_SIDE_1_715.html')	('*', 'evidence/MC_SIDE_2_715.html')	('÷', 'evidence/MC_PLOT_715.html')	PA4526	1	718	718	NA [3]	[30] 33	–/pilB	–/type 4 fimbrial biogenesis protein PilB	SRR1014481
('*', 'evidence/MC_SIDE_1_716.html')	('*', 'evidence/MC_SIDE_2_716.html')	('÷', 'evidence/MC_PLOT_716.html')	PA4526	1557	1683	127	34 [31]	[30] 32	pilB	type 4 fimbrial biogenesis protein PilB	SRR1014481
('*', 'evidence/MC_SIDE_1_717.html')	('*', 'evidence/MC_SIDE_2_717.html')	('÷', 'evidence/MC_PLOT_717.html')	PA4526	2599	3501	903	32 [31]	[0] NA	[pilB]	[pilB]	SRR1014481
('*', 'evidence/MC_SIDE_1_718.html')	('*', 'evidence/MC_SIDE_2_718.html')	('÷', 'evidence/MC_PLOT_718.html')	PA4796	1386	2268	883	31 [29]	[0] NA	N_A/–	hypothetical protein/–	SRR1014481
('*', 'evidence/MC_SIDE_1_719.html')	('*', 'evidence/MC_SIDE_2_719.html')	('÷', 'evidence/MC_PLOT_719.html')	PA4848	2249	3150	902	40 [38]	[0] NA	[accC]	[accC]	SRR1014481
('*', 'evidence/MC_SIDE_1_83.html')	('*', 'evidence/MC_SIDE_2_83.html')	('÷', 'evidence/MC_PLOT_83.html')	PA0313	1	28	28	NA [0]	[21] 22	–/N_A	–/L‑cysteine ABC transporter protein YecS	SRR10230517
('*', 'evidence/MC_SIDE_1_84.html')	('*', 'evidence/MC_SIDE_2_84.html')	('÷', 'evidence/MC_PLOT_84.html')	PA0313	2357	2493	137	22 [21]	[0] NA	N_A/–	L‑cysteine ABC transporter protein YecS/–	SRR10230517
('*', 'evidence/MC_SIDE_1_85.html')	('*', 'evidence/MC_SIDE_2_85.html')	('÷', 'evidence/MC_PLOT_85.html')	PA0425	2865	2952	88	28 [27]	[0] NA	mexA/–	multidrug resistance protein MexA/–	SRR10230517
('*', 'evidence/MC_SIDE_1_86.html')	('*', 'evidence/MC_SIDE_2_86.html')	('÷', 'evidence/MC_PLOT_86.html')	PA0997	1	99	99	NA [0]	[24] 26	–/pqsB	–/hypothetical protein	SRR10230517
('*', 'evidence/MC_SIDE_1_87.html')	('*', 'evidence/MC_SIDE_2_87.html')	('÷', 'evidence/MC_PLOT_87.html')	PA0997	2538	2652	115	26 [25]	[0] NA	pqsB/–	hypothetical protein/–	SRR10230517
('*', 'evidence/MC_SIDE_1_88.html')	('*', 'evidence/MC_SIDE_2_88.html')	('÷', 'evidence/MC_PLOT_88.html')	PA1097	3107	3273	167	16 [15]	[0] NA	fleQ/–	transcriptional regulator FleQ/–	SRR10230517
('*', 'evidence/MC_SIDE_1_89.html')	('*', 'evidence/MC_SIDE_2_89.html')	('÷', 'evidence/MC_PLOT_89.html')	PA1333	1	143	143	NA [0]	[24] 25	–/N_A	–/hypothetical protein	SRR10230517
('*', 'evidence/MC_SIDE_1_90.html')	('*', 'evidence/MC_SIDE_2_90.html')	('÷', 'evidence/MC_PLOT_90.html')	PA1333	1835	2007	173	25 [24]	[0] NA	N_A/–	hypothetical protein/–	SRR10230517
('*', 'evidence/MC_SIDE_1_91.html')	('*', 'evidence/MC_SIDE_2_91.html')	('÷', 'evidence/MC_PLOT_91.html')	PA1544	2439	2535	97	19 [17]	[0] NA	anr/–	transcriptional regulator Anr/–	SRR10230517
('*', 'evidence/MC_SIDE_1_92.html')	('*', 'evidence/MC_SIDE_2_92.html')	('÷', 'evidence/MC_PLOT_92.html')	PA1713	1	175	175	NA [0]	[22] 23	–/exsA	–/exoenzyme S transcriptional regulator ExsA	SRR10230517
('*', 'evidence/MC_SIDE_1_93.html')	('*', 'evidence/MC_SIDE_2_93.html')	('÷', 'evidence/MC_PLOT_93.html')	PA2020	2302	2433	132	23 [22]	[0] NA	N_A/–	transcriptional regulator/–	SRR10230517
('*', 'evidence/MC_SIDE_1_94.html')	('*', 'evidence/MC_SIDE_2_94.html')	('÷', 'evidence/MC_PLOT_94.html')	PA2121	2621	2706	86	15 [14]	[0] NA	N_A/–	transcriptional regulator/–	SRR10230517
('*', 'evidence/MC_SIDE_1_95.html')	('*', 'evidence/MC_SIDE_2_95.html')	('÷', 'evidence/MC_PLOT_95.html')	PA2312	2320	2382	63	23 [21]	[0] NA	N_A/–	transcriptional regulator/–	SRR10230517
('*', 'evidence/MC_SIDE_1_96.html')	('*', 'evidence/MC_SIDE_2_96.html')	('÷', 'evidence/MC_PLOT_96.html')	PA2435	1	107	107	NA [0]	[3] 5	–/N_A	–/cation‑transporting P‑type ATPase	SRR10230517
('*', 'evidence/MC_SIDE_1_97.html')	('*', 'evidence/MC_SIDE_2_97.html')	('÷', 'evidence/MC_PLOT_97.html')	PA2492	1	1590–7	7–1590	NA [0]	[22] 24	[mexT]	[mexT]	SRR10230517
('*', 'evidence/MC_SIDE_1_98.html')	('*', 'evidence/MC_SIDE_2_98.html')	('÷', 'evidence/MC_PLOT_98.html')	PA3217	1	115	115	NA [0]	[20] 23	–/cyaB	–/protein CyaB	SRR10230517
('*', 'evidence/MC_SIDE_1_99.html')	('*', 'evidence/MC_SIDE_2_99.html')	('÷', 'evidence/MC_PLOT_99.html')	PA3476	1	1458–5	5–1458	NA [0]	[23] 24	[rhlI]	[rhlI]	SRR10230517
('*', 'evidence/MC_SIDE_1_100.html')	('*', 'evidence/MC_SIDE_2_100.html')	('÷', 'evidence/MC_PLOT_100.html')	PA3477	1080–2516	2526	11–1447	33 [32]	[0] NA	[rhlR]	[rhlR]	SRR10230517
('*', 'evidence/MC_SIDE_1_101.html')	('*', 'evidence/MC_SIDE_2_101.html')	('÷', 'evidence/MC_PLOT_101.html')	PA3574	1	297	297	NA [0]	[46] 50	–/nalD	–/transcriptional regulator	SRR10230517
('*', 'evidence/MC_SIDE_1_102.html')	('*', 'evidence/MC_SIDE_2_102.html')	('÷', 'evidence/MC_PLOT_102.html')	PA3574	2330	2439	110	47 [45]	[0] NA	nalD/–	transcriptional regulator/–	SRR10230517
('*', 'evidence/MC_SIDE_1_103.html')	('*', 'evidence/MC_SIDE_2_103.html')	('÷', 'evidence/MC_PLOT_103.html')	PA3703	1	64	64	NA [0]	[26] 27	–/wspF	–/chemotaxis‑specific methylesterase	SRR10230517
('*', 'evidence/MC_SIDE_1_104.html')	('*', 'evidence/MC_SIDE_2_104.html')	('÷', 'evidence/MC_PLOT_104.html')	PA3703	2679	2808	130	29 [26]	[0] NA	wspF/–	chemotaxis‑specific methylesterase/–	SRR10230517
('*', 'evidence/MC_SIDE_1_105.html')	('*', 'evidence/MC_SIDE_2_105.html')	('÷', 'evidence/MC_PLOT_105.html')	PA3817	1	105	105	NA [0]	[26] 29	–/N_A	–/methyltransferase	SRR10230517
('*', 'evidence/MC_SIDE_1_106.html')	('*', 'evidence/MC_SIDE_2_106.html')	('÷', 'evidence/MC_PLOT_106.html')	PA4462	1	82	82	NA [0]	[22] 23	–/rpoN	–/RNA polymerase factor sigma‑54	SRR10230517
('*', 'evidence/MC_SIDE_1_107.html')	('*', 'evidence/MC_SIDE_2_107.html')	('÷', 'evidence/MC_PLOT_107.html')	PA4526	3374	3501	128	30 [25]	[0] NA	pilB/–	type 4 fimbrial biogenesis protein PilB/–	SRR10230517
('*', 'evidence/MC_SIDE_1_108.html')	('*', 'evidence/MC_SIDE_2_108.html')	('÷', 'evidence/MC_PLOT_108.html')	PA4796	1	129	129	NA [0]	[20] 22	–/N_A	–/hypothetical protein	SRR10230517
('*', 'evidence/MC_SIDE_1_109.html')	('*', 'evidence/MC_SIDE_2_109.html')	('÷', 'evidence/MC_PLOT_109.html')	PA4848	3051	3150	100	13 [12]	[0] NA	accC/–	acetyl‑CoA carboxylase biotin carboxylase subunit/–	SRR10230517
('*', 'evidence/MC_SIDE_1_654.html')	('*', 'evidence/MC_SIDE_2_654.html')	('÷', 'evidence/MC_PLOT_654.html')	PA0506	3518	3606	89	74 [72]	[0] NA	N_A/–	acyl‑CoA dehydrogenase/–	SRR11213088
('*', 'evidence/MC_SIDE_1_655.html')	('*', 'evidence/MC_SIDE_2_655.html')	('÷', 'evidence/MC_PLOT_655.html')	PA0707	2413	2580	168	86 [84]	[0] NA	toxR/–	transcriptional regulator ToxR/–	SRR11213088
('*', 'evidence/MC_SIDE_1_656.html')	('*', 'evidence/MC_SIDE_2_656.html')	('÷', 'evidence/MC_PLOT_656.html')	PA0997	2551	2652	102	49 [46]	[0] NA	pqsB/–	hypothetical protein/–	SRR11213088
('*', 'evidence/MC_SIDE_1_657.html')	('*', 'evidence/MC_SIDE_2_657.html')	('÷', 'evidence/MC_PLOT_657.html')	PA1544	1	97	97	NA [0]	[43] 44	–/anr	–/transcriptional regulator Anr	SRR11213088
('*', 'evidence/MC_SIDE_1_658.html')	('*', 'evidence/MC_SIDE_2_658.html')	('÷', 'evidence/MC_PLOT_658.html')	PA1713	1	155	155	NA [0]	[46] 48	–/exsA	–/exoenzyme S transcriptional regulator ExsA	SRR11213088
('*', 'evidence/MC_SIDE_1_659.html')	('*', 'evidence/MC_SIDE_2_659.html')	('÷', 'evidence/MC_PLOT_659.html')	PA2020	1	49	49	NA [0]	[21] 24	–/N_A	–/transcriptional regulator	SRR11213088
('*', 'evidence/MC_SIDE_1_660.html')	('*', 'evidence/MC_SIDE_2_660.html')	('÷', 'evidence/MC_PLOT_660.html')	PA2121	2593	2706	114	39 [38]	[0] NA	N_A/–	transcriptional regulator/–	SRR11213088
('*', 'evidence/MC_SIDE_1_661.html')	('*', 'evidence/MC_SIDE_2_661.html')	('÷', 'evidence/MC_PLOT_661.html')	PA2491	1953	1984	32	9 [6]	[6] 9	N_A/–	oxidoreductase/–	SRR11213088
('*', 'evidence/MC_SIDE_1_662.html')	('*', 'evidence/MC_SIDE_2_662.html')	('÷', 'evidence/MC_PLOT_662.html')	PA2492	1	1584–5	5–1584	NA [0]	[58] 62	[mexT]	[mexT]	SRR11213088
('*', 'evidence/MC_SIDE_1_663.html')	('*', 'evidence/MC_SIDE_2_663.html')	('÷', 'evidence/MC_PLOT_663.html')	PA2492	2693	2844	152	60 [59]	[0] NA	mexT/–	transcriptional regulator MexT/–	SRR11213088
('*', 'evidence/MC_SIDE_1_664.html')	('*', 'evidence/MC_SIDE_2_664.html')	('÷', 'evidence/MC_PLOT_664.html')	PA3476	1	1549–726	726–1549	NA [0]	[83] 84	rhlI	rhlI	SRR11213088
('*', 'evidence/MC_SIDE_1_665.html')	('*', 'evidence/MC_SIDE_2_665.html')	('÷', 'evidence/MC_PLOT_665.html')	PA3477	1018–1626	2526	901–1509	71 [70]	[0] NA	[rhlR]	[rhlR]	SRR11213088
('*', 'evidence/MC_SIDE_1_666.html')	('*', 'evidence/MC_SIDE_2_666.html')	('÷', 'evidence/MC_PLOT_666.html')	PA3703	2744	2808	65	54 [50]	[0] NA	wspF/–	chemotaxis‑specific methylesterase/–	SRR11213088
('*', 'evidence/MC_SIDE_1_667.html')	('*', 'evidence/MC_SIDE_2_667.html')	('÷', 'evidence/MC_PLOT_667.html')	PA3817	1	129	129	NA [0]	[69] 72	–/N_A	–/methyltransferase	SRR11213088
('*', 'evidence/MC_SIDE_1_668.html')	('*', 'evidence/MC_SIDE_2_668.html')	('÷', 'evidence/MC_PLOT_668.html')	PA4420	1293	1706	414	66 [65]	[60] 71	N_A	S‑adenosyl‑methyltransferase MraW	SRR11213088
('*', 'evidence/MC_SIDE_1_669.html')	('*', 'evidence/MC_SIDE_2_669.html')	('÷', 'evidence/MC_PLOT_669.html')	PA4462	3186	3294	109	57 [54]	[0] NA	rpoN/–	RNA polymerase factor sigma‑54/–	SRR11213088
('*', 'evidence/MC_SIDE_1_670.html')	('*', 'evidence/MC_SIDE_2_670.html')	('÷', 'evidence/MC_PLOT_670.html')	PA4522	2219	2367	149	65 [62]	[0] NA	ampD/–	N‑acetyl‑anhydromuranmyl‑L‑alanine amidase/–	SRR11213088
('*', 'evidence/MC_SIDE_1_671.html')	('*', 'evidence/MC_SIDE_2_671.html')	('÷', 'evidence/MC_PLOT_671.html')	PA4526	1	34	34	NA [0]	[1] 2	–/pilB	–/type 4 fimbrial biogenesis protein PilB	SRR11213088
('*', 'evidence/MC_SIDE_1_672.html')	('*', 'evidence/MC_SIDE_2_672.html')	('÷', 'evidence/MC_PLOT_672.html')	PA4526	55	1508	1454	2 [1]	[1] 11	[pilB]	[pilB]	SRR11213088
('*', 'evidence/MC_SIDE_1_673.html')	('*', 'evidence/MC_SIDE_2_673.html')	('÷', 'evidence/MC_PLOT_673.html')	PA4526	1598	1678	81	2 [1]	[1] 2	pilB	type 4 fimbrial biogenesis protein PilB	SRR11213088
('*', 'evidence/MC_SIDE_1_674.html')	('*', 'evidence/MC_SIDE_2_674.html')	('÷', 'evidence/MC_PLOT_674.html')	PA4526	1827	1972	146	2 [0]	[0] 2	pilB	type 4 fimbrial biogenesis protein PilB	SRR11213088
('*', 'evidence/MC_SIDE_1_675.html')	('*', 'evidence/MC_SIDE_2_675.html')	('÷', 'evidence/MC_PLOT_675.html')	PA4526	2315	2414	100	3 [1]	[0] 2	pilB	type 4 fimbrial biogenesis protein PilB	SRR11213088
('*', 'evidence/MC_SIDE_1_676.html')	('*', 'evidence/MC_SIDE_2_676.html')	('÷', 'evidence/MC_PLOT_676.html')	PA4526	2619	3501	883	2 [0]	[0] NA	pilB/–	type 4 fimbrial biogenesis protein PilB/–	SRR11213088
('*', 'evidence/MC_SIDE_1_1118.html')	('*', 'evidence/MC_SIDE_2_1118.html')	('÷', 'evidence/MC_PLOT_1118.html')	PA0313	1	122	122	NA [0]	[118] 119	–/N_A	–/L‑cysteine ABC transporter protein YecS	SRR11218711
('*', 'evidence/MC_SIDE_1_1119.html')	('*', 'evidence/MC_SIDE_2_1119.html')	('÷', 'evidence/MC_PLOT_1119.html')	PA0313	1455	1807	353	119 [116]	[118] 119	[N_A]	[N_A]	SRR11218711
('*', 'evidence/MC_SIDE_1_1120.html')	('*', 'evidence/MC_SIDE_2_1120.html')	('÷', 'evidence/MC_PLOT_1120.html')	PA0506	1	916	916	NA [1]	[221] 223	[N_A]	[N_A]	SRR11218711
('*', 'evidence/MC_SIDE_1_1121.html')	('*', 'evidence/MC_SIDE_2_1121.html')	('÷', 'evidence/MC_PLOT_1121.html')	PA0707	1	425	425	NA [0]	[107] 109	–/toxR	–/transcriptional regulator ToxR	SRR11218711
('*', 'evidence/MC_SIDE_1_1122.html')	('*', 'evidence/MC_SIDE_2_1122.html')	('÷', 'evidence/MC_PLOT_1122.html')	PA0707	2403	2580	178	109 [105]	[0] NA	toxR/–	transcriptional regulator ToxR/–	SRR11218711
('*', 'evidence/MC_SIDE_1_1123.html')	('*', 'evidence/MC_SIDE_2_1123.html')	('÷', 'evidence/MC_PLOT_1123.html')	PA1097	1	733	733	NA [0]	[183] 184	–/fleQ	–/transcriptional regulator FleQ	SRR11218711
('*', 'evidence/MC_SIDE_1_1124.html')	('*', 'evidence/MC_SIDE_2_1124.html')	('÷', 'evidence/MC_PLOT_1124.html')	PA1333	1	23	23	NA [0]	[7] 9	–/N_A	–/hypothetical protein	SRR11218711
('*', 'evidence/MC_SIDE_1_1125.html')	('*', 'evidence/MC_SIDE_2_1125.html')	('÷', 'evidence/MC_PLOT_1125.html')	PA1713	1	668	668	NA [0]	[201] 203	–/exsA	–/exoenzyme S transcriptional regulator ExsA	SRR11218711
('*', 'evidence/MC_SIDE_1_1127.html')	('*', 'evidence/MC_SIDE_2_1127.html')	('÷', 'evidence/MC_PLOT_1127.html')	PA2121	1197	1864	668	90 [89]	[88] 91	[N_A]	[N_A]	SRR11218711
('*', 'evidence/MC_SIDE_1_1128.html')	('*', 'evidence/MC_SIDE_2_1128.html')	('÷', 'evidence/MC_PLOT_1128.html')	PA2121	2253	2706	454	90 [89]	[0] NA	N_A/–	transcriptional regulator/–	SRR11218711
('*', 'evidence/MC_SIDE_1_1129.html')	('*', 'evidence/MC_SIDE_2_1129.html')	('÷', 'evidence/MC_PLOT_1129.html')	PA2312	2052	2382	331	97 [95]	[0] NA	N_A/–	transcriptional regulator/–	SRR11218711
('*', 'evidence/MC_SIDE_1_1130.html')	('*', 'evidence/MC_SIDE_2_1130.html')	('÷', 'evidence/MC_PLOT_1130.html')	PA2435	1	292	292	NA [0]	[34] 35	–/N_A	–/cation‑transporting P‑type ATPase	SRR11218711
('*', 'evidence/MC_SIDE_1_1132.html')	('*', 'evidence/MC_SIDE_2_1132.html')	('÷', 'evidence/MC_PLOT_1132.html')	PA2491	1–549	1417–564	16–1417	NA [0]	[7] 9	[N_A]	[N_A]	SRR11218711
('*', 'evidence/MC_SIDE_1_1133.html')	('*', 'evidence/MC_SIDE_2_1133.html')	('÷', 'evidence/MC_PLOT_1133.html')	PA2491	1967	1992	26	10 [8]	[8] 9	N_A/–	oxidoreductase/–	SRR11218711
('*', 'evidence/MC_SIDE_1_1134.html')	('*', 'evidence/MC_SIDE_2_1134.html')	('÷', 'evidence/MC_PLOT_1134.html')	PA2492	1	2085	2085	NA [0]	[61] 63	mexT	mexT	SRR11218711
('*', 'evidence/MC_SIDE_1_1135.html')	('*', 'evidence/MC_SIDE_2_1135.html')	('÷', 'evidence/MC_PLOT_1135.html')	PA3217	1	423	423	NA [0]	[86] 89	–/cyaB	–/protein CyaB	SRR11218711
('*', 'evidence/MC_SIDE_1_1136.html')	('*', 'evidence/MC_SIDE_2_1136.html')	('÷', 'evidence/MC_PLOT_1136.html')	PA3477	952–2522	2526	5–1575	189 [184]	[0] NA	[rhlR]	[rhlR]	SRR11218711
('*', 'evidence/MC_SIDE_1_1137.html')	('*', 'evidence/MC_SIDE_2_1137.html')	('÷', 'evidence/MC_PLOT_1137.html')	PA3703	1	50	50	NA [0]	[11] 13	–/wspF	–/chemotaxis‑specific methylesterase	SRR11218711
('*', 'evidence/MC_SIDE_1_1138.html')	('*', 'evidence/MC_SIDE_2_1138.html')	('÷', 'evidence/MC_PLOT_1138.html')	PA3817	1865	2574	710	177 [176]	[1] NA	N_A/–	methyltransferase/–	SRR11218711
('*', 'evidence/MC_SIDE_1_1139.html')	('*', 'evidence/MC_SIDE_2_1139.html')	('÷', 'evidence/MC_PLOT_1139.html')	PA4420	2371	2742	372	142 [141]	[0] NA	N_A/–	S‑adenosyl‑methyltransferase MraW/–	SRR11218711
('*', 'evidence/MC_SIDE_1_1140.html')	('*', 'evidence/MC_SIDE_2_1140.html')	('÷', 'evidence/MC_PLOT_1140.html')	PA4522	1	364	364	NA [0]	[107] 108	–/ampD	–/N‑acetyl‑anhydromuranmyl‑L‑alanine amidase	SRR11218711
('*', 'evidence/MC_SIDE_1_1141.html')	('*', 'evidence/MC_SIDE_2_1141.html')	('÷', 'evidence/MC_PLOT_1141.html')	PA4526	1	1220	1220	NA [0]	[182] 184	[pilB]	[pilB]	SRR11218711
('*', 'evidence/MC_SIDE_1_1142.html')	('*', 'evidence/MC_SIDE_2_1142.html')	('÷', 'evidence/MC_PLOT_1142.html')	PA4796	1	476	476	NA [0]	[203] 205	–/N_A	–/hypothetical protein	SRR11218711
('*', 'evidence/MC_SIDE_1_1143.html')	('*', 'evidence/MC_SIDE_2_1143.html')	('÷', 'evidence/MC_PLOT_1143.html')	PA4796	1201	2268	1068	205 [203]	[0] NA	[N_A]	[N_A]	SRR11218711
('*', 'evidence/MC_SIDE_1_1305.html')	('*', 'evidence/MC_SIDE_2_1305.html')	('÷', 'evidence/MC_PLOT_1305.html')	PA0707	2448	2580	133	89 [87]	[0] NA	toxR/–	transcriptional regulator ToxR/–	SRR11288287
('*', 'evidence/MC_SIDE_1_1306.html')	('*', 'evidence/MC_SIDE_2_1306.html')	('÷', 'evidence/MC_PLOT_1306.html')	PA1097	1	664	664	NA [0]	[85] 87	–/fleQ	–/transcriptional regulator FleQ	SRR11288287
('*', 'evidence/MC_SIDE_1_1308.html')	('*', 'evidence/MC_SIDE_2_1308.html')	('÷', 'evidence/MC_PLOT_1308.html')	PA1713	1	181	181	NA [0]	[72] 73	–/exsA	–/exoenzyme S transcriptional regulator ExsA	SRR11288287
('*', 'evidence/MC_SIDE_1_1309.html')	('*', 'evidence/MC_SIDE_2_1309.html')	('÷', 'evidence/MC_PLOT_1309.html')	PA2121	1832	1947	116	46 [44]	[44] 46	N_A/–	transcriptional regulator/–	SRR11288287
('*', 'evidence/MC_SIDE_1_1310.html')	('*', 'evidence/MC_SIDE_2_1310.html')	('÷', 'evidence/MC_PLOT_1310.html')	PA2121	2327	2706	380	45 [44]	[0] NA	N_A/–	transcriptional regulator/–	SRR11288287
('*', 'evidence/MC_SIDE_1_1311.html')	('*', 'evidence/MC_SIDE_2_1311.html')	('÷', 'evidence/MC_PLOT_1311.html')	PA2312	2082	2382	301	80 [79]	[0] NA	N_A/–	transcriptional regulator/–	SRR11288287
('*', 'evidence/MC_SIDE_1_1313.html')	('*', 'evidence/MC_SIDE_2_1313.html')	('÷', 'evidence/MC_PLOT_1313.html')	PA2492	1748	2106	359	101 [95]	[93] 98	[mexT]	[mexT]	SRR11288287
('*', 'evidence/MC_SIDE_1_1314.html')	('*', 'evidence/MC_SIDE_2_1314.html')	('÷', 'evidence/MC_PLOT_1314.html')	PA3703	1	96	96	NA [0]	[90] 96	–/wspF	–/chemotaxis‑specific methylesterase	SRR11288287
('*', 'evidence/MC_SIDE_1_1315.html')	('*', 'evidence/MC_SIDE_2_1315.html')	('÷', 'evidence/MC_PLOT_1315.html')	PA4526	1	1675	1675	NA [0]	[4] 7	[pilB]	[pilB]	SRR11288287
('*', 'evidence/MC_SIDE_1_1316.html')	('*', 'evidence/MC_SIDE_2_1316.html')	('÷', 'evidence/MC_PLOT_1316.html')	PA4526	1832	1918	87	6 [5]	[5] 8	pilB	type 4 fimbrial biogenesis protein PilB	SRR11288287
('*', 'evidence/MC_SIDE_1_1317.html')	('*', 'evidence/MC_SIDE_2_1317.html')	('÷', 'evidence/MC_PLOT_1317.html')	PA4526	2287	2352	66	6 [5]	[5] 6	pilB	type 4 fimbrial biogenesis protein PilB	SRR11288287
('*', 'evidence/MC_SIDE_1_1318.html')	('*', 'evidence/MC_SIDE_2_1318.html')	('÷', 'evidence/MC_PLOT_1318.html')	PA4526	2650	3501	852	6 [5]	[0] NA	pilB/–	type 4 fimbrial biogenesis protein PilB/–	SRR11288287
('*', 'evidence/MC_SIDE_1_1319.html')	('*', 'evidence/MC_SIDE_2_1319.html')	('÷', 'evidence/MC_PLOT_1319.html')	PA4796	1336	2268	933	79 [77]	[0] NA	[N_A]	[N_A]	SRR11288287
('*', 'evidence/MC_SIDE_1_747.html')	('*', 'evidence/MC_SIDE_2_747.html')	('÷', 'evidence/MC_PLOT_747.html')	PA0506	3563	3606	44	135 [133]	[0] NA	N_A/–	acyl‑CoA dehydrogenase/–	SRR1173050
('*', 'evidence/MC_SIDE_1_748.html')	('*', 'evidence/MC_SIDE_2_748.html')	('÷', 'evidence/MC_PLOT_748.html')	PA1097	1	637	637	NA [0]	[136] 138	–/fleQ	–/transcriptional regulator FleQ	SRR1173050
('*', 'evidence/MC_SIDE_1_750.html')	('*', 'evidence/MC_SIDE_2_750.html')	('÷', 'evidence/MC_PLOT_750.html')	PA2491	1945	2008	64	65 [63]	[63] 64	N_A/–	oxidoreductase/–	SRR1173050
('*', 'evidence/MC_SIDE_1_751.html')	('*', 'evidence/MC_SIDE_2_751.html')	('÷', 'evidence/MC_PLOT_751.html')	PA3476	1760	1913	154	164 [159]	[159] 161	rhlI/–	acyl‑homoserine‑lactone synthase/–	SRR1173050
('*', 'evidence/MC_SIDE_1_752.html')	('*', 'evidence/MC_SIDE_2_752.html')	('÷', 'evidence/MC_PLOT_752.html')	PA3565	1786	2144	359	110 [107]	[106] 108	[N_A]	[N_A]	SRR1173050
('*', 'evidence/MC_SIDE_1_753.html')	('*', 'evidence/MC_SIDE_2_753.html')	('÷', 'evidence/MC_PLOT_753.html')	PA4526	1	1498	1498	NA [0]	[15] 16	[pilB]	[pilB]	SRR1173050
('*', 'evidence/MC_SIDE_1_754.html')	('*', 'evidence/MC_SIDE_2_754.html')	('÷', 'evidence/MC_PLOT_754.html')	PA4526	2328	2418	91	19 [12]	[12] 16	pilB	type 4 fimbrial biogenesis protein PilB	SRR1173050
('*', 'evidence/MC_SIDE_1_755.html')	('*', 'evidence/MC_SIDE_2_755.html')	('÷', 'evidence/MC_PLOT_755.html')	PA4526	2624	3501	878	16 [14]	[0] NA	pilB/–	type 4 fimbrial biogenesis protein PilB/–	SRR1173050
('*', 'evidence/MC_SIDE_1_756.html')	('*', 'evidence/MC_SIDE_2_756.html')	('÷', 'evidence/MC_PLOT_756.html')	PA4796	1382	2268	887	138 [137]	[0] NA	N_A/–	hypothetical protein/–	SRR1173050
('*', 'evidence/MC_SIDE_1_2293.html')	('*', 'evidence/MC_SIDE_2_2293.html')	('÷', 'evidence/MC_PLOT_2293.html')	PA0366	942	1080	139	138 [129]	[126] 133	N_A	coniferyl aldehyde dehydrogenase	SRR12695631
('*', 'evidence/MC_SIDE_1_2294.html')	('*', 'evidence/MC_SIDE_2_2294.html')	('÷', 'evidence/MC_PLOT_2294.html')	PA0366	3183	3231	49	133 [131]	[0] NA	N_A/–	coniferyl aldehyde dehydrogenase/–	SRR12695631
('*', 'evidence/MC_SIDE_1_2295.html')	('*', 'evidence/MC_SIDE_2_2295.html')	('÷', 'evidence/MC_PLOT_2295.html')	PA0506	361	795	435	239 [236]	[219] 243	–/N_A	–/acyl‑CoA dehydrogenase	SRR12695631
('*', 'evidence/MC_SIDE_1_2296.html')	('*', 'evidence/MC_SIDE_2_2296.html')	('÷', 'evidence/MC_PLOT_2296.html')	PA0707	1318	1407	90	5 [1]	[2] 5	toxR	transcriptional regulator ToxR	SRR12695631
('*', 'evidence/MC_SIDE_1_2297.html')	('*', 'evidence/MC_SIDE_2_2297.html')	('÷', 'evidence/MC_PLOT_2297.html')	PA0707	2060	2357	298	5 [0]	[0] 6	toxR/–	transcriptional regulator ToxR/–	SRR12695631
('*', 'evidence/MC_SIDE_1_2298.html')	('*', 'evidence/MC_SIDE_2_2298.html')	('÷', 'evidence/MC_PLOT_2298.html')	PA0707	2571	2580	10	5 [1]	[0] NA	toxR/–	transcriptional regulator ToxR/–	SRR12695631
('*', 'evidence/MC_SIDE_1_2299.html')	('*', 'evidence/MC_SIDE_2_2299.html')	('÷', 'evidence/MC_PLOT_2299.html')	PA0997	1	187	187	NA [0]	[157] 161	–/pqsB	–/hypothetical protein	SRR12695631
('*', 'evidence/MC_SIDE_1_2300.html')	('*', 'evidence/MC_SIDE_2_2300.html')	('÷', 'evidence/MC_PLOT_2300.html')	PA0997	1432	1768	337	162 [156]	[150] 162	[pqsB]	[pqsB]	SRR12695631
('*', 'evidence/MC_SIDE_1_2301.html')	('*', 'evidence/MC_SIDE_2_2301.html')	('÷', 'evidence/MC_PLOT_2301.html')	PA1097	333	826	494	176 [172]	[173] 175	–/fleQ	–/transcriptional regulator FleQ	SRR12695631
('*', 'evidence/MC_SIDE_1_2302.html')	('*', 'evidence/MC_SIDE_2_2302.html')	('÷', 'evidence/MC_PLOT_2302.html')	PA1097	2134	2457	324	175 [174]	[173] 175	[fleQ]	[fleQ]	SRR12695631
('*', 'evidence/MC_SIDE_1_2303.html')	('*', 'evidence/MC_SIDE_2_2303.html')	('÷', 'evidence/MC_PLOT_2303.html')	PA1179	1	115	115	NA [0]	[189] 198	–/phoP	–/two‑component response regulator PhoP	SRR12695631
('*', 'evidence/MC_SIDE_1_2304.html')	('*', 'evidence/MC_SIDE_2_2304.html')	('÷', 'evidence/MC_PLOT_2304.html')	PA1333	1	211	211	NA [0]	[234] 238	–/N_A	–/hypothetical protein	SRR12695631
('*', 'evidence/MC_SIDE_1_2305.html')	('*', 'evidence/MC_SIDE_2_2305.html')	('÷', 'evidence/MC_PLOT_2305.html')	PA1333	1545	1772	228	237 [233]	[236] 237	N_A/–	hypothetical protein/–	SRR12695631
('*', 'evidence/MC_SIDE_1_2306.html')	('*', 'evidence/MC_SIDE_2_2306.html')	('÷', 'evidence/MC_PLOT_2306.html')	PA1333	1826	2007	182	244 [235]	[0] NA	N_A/–	hypothetical protein/–	SRR12695631
('*', 'evidence/MC_SIDE_1_2307.html')	('*', 'evidence/MC_SIDE_2_2307.html')	('÷', 'evidence/MC_PLOT_2307.html')	PA1544	1	89	89	NA [0]	[112] 113	–/anr	–/transcriptional regulator Anr	SRR12695631
('*', 'evidence/MC_SIDE_1_2308.html')	('*', 'evidence/MC_SIDE_2_2308.html')	('÷', 'evidence/MC_PLOT_2308.html')	PA1544	251	845	595	115 [111]	[110] 114	–/anr	–/transcriptional regulator Anr	SRR12695631
('*', 'evidence/MC_SIDE_1_2309.html')	('*', 'evidence/MC_SIDE_2_2309.html')	('÷', 'evidence/MC_PLOT_2309.html')	PA1544	2230	2535	306	113 [112]	[0] NA	anr/–	transcriptional regulator Anr/–	SRR12695631
('*', 'evidence/MC_SIDE_1_2311.html')	('*', 'evidence/MC_SIDE_2_2311.html')	('÷', 'evidence/MC_PLOT_2311.html')	PA2312	1	1545	1545	NA [0]	[0] 3	N_A	N_A	SRR12695631
('*', 'evidence/MC_SIDE_1_2312.html')	('*', 'evidence/MC_SIDE_2_2312.html')	('÷', 'evidence/MC_PLOT_2312.html')	PA2312	1843	2382	540	3 [0]	[0] NA	N_A/–	transcriptional regulator/–	SRR12695631
('*', 'evidence/MC_SIDE_1_2313.html')	('*', 'evidence/MC_SIDE_2_2313.html')	('÷', 'evidence/MC_PLOT_2313.html')	PA2435	1	201	201	NA [0]	[212] 214	–/N_A	–/cation‑transporting P‑type ATPase	SRR12695631
('*', 'evidence/MC_SIDE_1_2314.html')	('*', 'evidence/MC_SIDE_2_2314.html')	('÷', 'evidence/MC_PLOT_2314.html')	PA2435	1912	2327	416	215 [211]	[211] 213	N_A	cation‑transporting P‑type ATPase	SRR12695631
('*', 'evidence/MC_SIDE_1_2316.html')	('*', 'evidence/MC_SIDE_2_2316.html')	('÷', 'evidence/MC_PLOT_2316.html')	PA2435	3420	3581	162	214 [209]	[205] 214	N_A/–	cation‑transporting P‑type ATPase/–	SRR12695631
('*', 'evidence/MC_SIDE_1_2317.html')	('*', 'evidence/MC_SIDE_2_2317.html')	('÷', 'evidence/MC_PLOT_2317.html')	PA2491	1	1846	1846	NA [0]	[286] 291	[N_A]	[N_A]	SRR12695631
('*', 'evidence/MC_SIDE_1_2318.html')	('*', 'evidence/MC_SIDE_2_2318.html')	('÷', 'evidence/MC_PLOT_2318.html')	PA2492	1–1139	1780	642–1780	NA [0]	[288] 295	[mexT]	[mexT]	SRR12695631
('*', 'evidence/MC_SIDE_1_2319.html')	('*', 'evidence/MC_SIDE_2_2319.html')	('÷', 'evidence/MC_PLOT_2319.html')	PA3217	2226	2461	236	164 [162]	[160] 165	[cyaB]	[cyaB]	SRR12695631
('*', 'evidence/MC_SIDE_1_2320.html')	('*', 'evidence/MC_SIDE_2_2320.html')	('÷', 'evidence/MC_PLOT_2320.html')	PA3217	3114	3192	79	164 [163]	[0] NA	cyaB/–	protein CyaB/–	SRR12695631
('*', 'evidence/MC_SIDE_1_2321.html')	('*', 'evidence/MC_SIDE_2_2321.html')	('÷', 'evidence/MC_PLOT_2321.html')	PA3476	1–720	1668	949–1668	NA [0]	[127] 128	rhlI	rhlI	SRR12695631
('*', 'evidence/MC_SIDE_1_2322.html')	('*', 'evidence/MC_SIDE_2_2322.html')	('÷', 'evidence/MC_PLOT_2322.html')	PA3477	273	452	180	17 [12]	[10] 14	–/rhlR	–/transcriptional regulator RhlR	SRR12695631
('*', 'evidence/MC_SIDE_1_2323.html')	('*', 'evidence/MC_SIDE_2_2323.html')	('÷', 'evidence/MC_PLOT_2323.html')	PA3477	1046–1626	2526	901–1481	14 [12]	[0] NA	[rhlR]	[rhlR]	SRR12695631
('*', 'evidence/MC_SIDE_1_2324.html')	('*', 'evidence/MC_SIDE_2_2324.html')	('÷', 'evidence/MC_PLOT_2324.html')	PA3565	1630	1657	28	12 [9]	[6] 10	N_A	transcriptional regulator	SRR12695631
('*', 'evidence/MC_SIDE_1_2325.html')	('*', 'evidence/MC_SIDE_2_2325.html')	('÷', 'evidence/MC_PLOT_2325.html')	PA3565	1878	2095	218	12 [9]	[7] 12	N_A/–	transcriptional regulator/–	SRR12695631
('*', 'evidence/MC_SIDE_1_2326.html')	('*', 'evidence/MC_SIDE_2_2326.html')	('÷', 'evidence/MC_PLOT_2326.html')	PA3574	628	929	302	196 [195]	[195] 200	[nalD]	[nalD]	SRR12695631
('*', 'evidence/MC_SIDE_1_2327.html')	('*', 'evidence/MC_SIDE_2_2327.html')	('÷', 'evidence/MC_PLOT_2327.html')	PA3703	1	678	678	NA [0]	[157] 161	–/wspF	–/chemotaxis‑specific methylesterase	SRR12695631
('*', 'evidence/MC_SIDE_1_2328.html')	('*', 'evidence/MC_SIDE_2_2328.html')	('÷', 'evidence/MC_PLOT_2328.html')	PA3703	1171	1410	240	160 [154]	[159] 161	wspF	chemotaxis‑specific methylesterase	SRR12695631
('*', 'evidence/MC_SIDE_1_2329.html')	('*', 'evidence/MC_SIDE_2_2329.html')	('÷', 'evidence/MC_PLOT_2329.html')	PA3817	2497	2574	78	140 [137]	[0] NA	N_A/–	methyltransferase/–	SRR12695631
('*', 'evidence/MC_SIDE_1_2330.html')	('*', 'evidence/MC_SIDE_2_2330.html')	('÷', 'evidence/MC_PLOT_2330.html')	PA4420	1086	1617	532	141 [140]	[140] 153	N_A	S‑adenosyl‑methyltransferase MraW	SRR12695631
('*', 'evidence/MC_SIDE_1_2331.html')	('*', 'evidence/MC_SIDE_2_2331.html')	('÷', 'evidence/MC_PLOT_2331.html')	PA4522	326	491	166	21 [19]	[20] 23	–/ampD	–/N‑acetyl‑anhydromuranmyl‑L‑alanine amidase	SRR12695631
('*', 'evidence/MC_SIDE_1_2332.html')	('*', 'evidence/MC_SIDE_2_2332.html')	('÷', 'evidence/MC_PLOT_2332.html')	PA4522	752	851	100	24 [20]	[17] 21	–/ampD	–/N‑acetyl‑anhydromuranmyl‑L‑alanine amidase	SRR12695631
('*', 'evidence/MC_SIDE_1_2333.html')	('*', 'evidence/MC_SIDE_2_2333.html')	('÷', 'evidence/MC_PLOT_2333.html')	PA4522	1551	1671	121	21 [20]	[18] 28	ampD/–	N‑acetyl‑anhydromuranmyl‑L‑alanine amidase/–	SRR12695631
('*', 'evidence/MC_SIDE_1_2334.html')	('*', 'evidence/MC_SIDE_2_2334.html')	('÷', 'evidence/MC_PLOT_2334.html')	PA4526	1	1495	1495	NA [0]	[8] 12	[pilB]	[pilB]	SRR12695631
('*', 'evidence/MC_SIDE_1_2335.html')	('*', 'evidence/MC_SIDE_2_2335.html')	('÷', 'evidence/MC_PLOT_2335.html')	PA4526	1898	1953	56	9 [5]	[5] 9	pilB	type 4 fimbrial biogenesis protein PilB	SRR12695631
('*', 'evidence/MC_SIDE_1_2336.html')	('*', 'evidence/MC_SIDE_2_2336.html')	('÷', 'evidence/MC_PLOT_2336.html')	PA4526	2299	2414	116	9 [7]	[5] 9	pilB	type 4 fimbrial biogenesis protein PilB	SRR12695631
('*', 'evidence/MC_SIDE_1_2337.html')	('*', 'evidence/MC_SIDE_2_2337.html')	('÷', 'evidence/MC_PLOT_2337.html')	PA4526	2631	3501	871	10 [0]	[0] NA	pilB/–	type 4 fimbrial biogenesis protein PilB/–	SRR12695631
('*', 'evidence/MC_SIDE_1_2338.html')	('*', 'evidence/MC_SIDE_2_2338.html')	('÷', 'evidence/MC_PLOT_2338.html')	PA4796	1314	2268	955	217 [215]	[0] NA	[N_A]	[N_A]	SRR12695631
('*', 'evidence/MC_SIDE_1_581.html')	('*', 'evidence/MC_SIDE_2_581.html')	('÷', 'evidence/MC_PLOT_581.html')	PA0313	1	86	86	NA [0]	[86] 89	–/N_A	–/L‑cysteine ABC transporter protein YecS	SRR12830011
('*', 'evidence/MC_SIDE_1_582.html')	('*', 'evidence/MC_SIDE_2_582.html')	('÷', 'evidence/MC_PLOT_582.html')	PA0313	2305	2493	189	87 [86]	[0] NA	N_A/–	L‑cysteine ABC transporter protein YecS/–	SRR12830011
('*', 'evidence/MC_SIDE_1_583.html')	('*', 'evidence/MC_SIDE_2_583.html')	('÷', 'evidence/MC_PLOT_583.html')	PA0652	1	75	75	NA [0]	[70] 75	–/vfr	–/cAMP‑regulatory protein	SRR12830011
('*', 'evidence/MC_SIDE_1_584.html')	('*', 'evidence/MC_SIDE_2_584.html')	('÷', 'evidence/MC_PLOT_584.html')	PA0652	2350	2445	96	78 [68]	[0] NA	vfr/–	cAMP‑regulatory protein/–	SRR12830011
('*', 'evidence/MC_SIDE_1_585.html')	('*', 'evidence/MC_SIDE_2_585.html')	('÷', 'evidence/MC_PLOT_585.html')	PA1097	1	600	600	NA [0]	[20] 22	–/fleQ	–/transcriptional regulator FleQ	SRR12830011
('*', 'evidence/MC_SIDE_1_586.html')	('*', 'evidence/MC_SIDE_2_586.html')	('÷', 'evidence/MC_PLOT_586.html')	PA1097	3226	3273	48	23 [20]	[0] NA	fleQ/–	transcriptional regulator FleQ/–	SRR12830011
('*', 'evidence/MC_SIDE_1_587.html')	('*', 'evidence/MC_SIDE_2_587.html')	('÷', 'evidence/MC_PLOT_587.html')	PA1179	2329	2478	150	123 [106]	[0] NA	phoP/–	two‑component response regulator PhoP/–	SRR12830011
('*', 'evidence/MC_SIDE_1_588.html')	('*', 'evidence/MC_SIDE_2_588.html')	('÷', 'evidence/MC_PLOT_588.html')	PA1333	1794	2007	214	72 [70]	[0] NA	N_A/–	hypothetical protein/–	SRR12830011
('*', 'evidence/MC_SIDE_1_590.html')	('*', 'evidence/MC_SIDE_2_590.html')	('÷', 'evidence/MC_PLOT_590.html')	PA2121	1	189	189	NA [0]	[124] 127	–/N_A	–/transcriptional regulator	SRR12830011
('*', 'evidence/MC_SIDE_1_591.html')	('*', 'evidence/MC_SIDE_2_591.html')	('÷', 'evidence/MC_PLOT_591.html')	PA2435	1	279	279	NA [0]	[44] 45	–/N_A	–/cation‑transporting P‑type ATPase	SRR12830011
('*', 'evidence/MC_SIDE_1_592.html')	('*', 'evidence/MC_SIDE_2_592.html')	('÷', 'evidence/MC_PLOT_592.html')	PA2491	1	1491–564	564–1491	NA [0]	[45] 46	[N_A]	[N_A]	SRR12830011
('*', 'evidence/MC_SIDE_1_593.html')	('*', 'evidence/MC_SIDE_2_593.html')	('÷', 'evidence/MC_PLOT_593.html')	PA2491	1890	2044	155	46 [42]	[40] 46	[N_A]	[N_A]	SRR12830011
('*', 'evidence/MC_SIDE_1_594.html')	('*', 'evidence/MC_SIDE_2_594.html')	('÷', 'evidence/MC_PLOT_594.html')	PA2492	1–1138	1469–1140	3–1469	NA [0]	[40] 42	[mexT]	[mexT]	SRR12830011
('*', 'evidence/MC_SIDE_1_595.html')	('*', 'evidence/MC_SIDE_2_595.html')	('÷', 'evidence/MC_PLOT_595.html')	PA3476	1–720	1329–729	10–1329	NA [0]	[5] 7	[rhlI]	[rhlI]	SRR12830011
('*', 'evidence/MC_SIDE_1_596.html')	('*', 'evidence/MC_SIDE_2_596.html')	('÷', 'evidence/MC_PLOT_596.html')	PA3476	1821	1851	31	7 [5]	[5] 9	rhlI/–	acyl‑homoserine‑lactone synthase/–	SRR12830011
('*', 'evidence/MC_SIDE_1_597.html')	('*', 'evidence/MC_SIDE_2_597.html')	('÷', 'evidence/MC_PLOT_597.html')	PA3477	1087–1626	2526	901–1440	144 [140]	[0] NA	[rhlR]	[rhlR]	SRR12830011
('*', 'evidence/MC_SIDE_1_598.html')	('*', 'evidence/MC_SIDE_2_598.html')	('÷', 'evidence/MC_PLOT_598.html')	PA3565	1	121	121	NA [0]	[71] 75	–/N_A	–/transcriptional regulator	SRR12830011
('*', 'evidence/MC_SIDE_1_599.html')	('*', 'evidence/MC_SIDE_2_599.html')	('÷', 'evidence/MC_PLOT_599.html')	PA3574	1	133	133	NA [0]	[60] 65	–/nalD	–/transcriptional regulator	SRR12830011
('*', 'evidence/MC_SIDE_1_600.html')	('*', 'evidence/MC_SIDE_2_600.html')	('÷', 'evidence/MC_PLOT_600.html')	PA3574	2372	2439	68	67 [61]	[0] NA	nalD/–	transcriptional regulator/–	SRR12830011
('*', 'evidence/MC_SIDE_1_601.html')	('*', 'evidence/MC_SIDE_2_601.html')	('÷', 'evidence/MC_PLOT_601.html')	PA3817	1	370	370	NA [0]	[201] 202	–/N_A	–/methyltransferase	SRR12830011
('*', 'evidence/MC_SIDE_1_602.html')	('*', 'evidence/MC_SIDE_2_602.html')	('÷', 'evidence/MC_PLOT_602.html')	PA4526	1	1600	1600	NA [0]	[18] 24	[pilB]	[pilB]	SRR12830011
('*', 'evidence/MC_SIDE_1_603.html')	('*', 'evidence/MC_SIDE_2_603.html')	('÷', 'evidence/MC_PLOT_603.html')	PA4526	2292	2364	73	27 [16]	[12] 27	pilB	type 4 fimbrial biogenesis protein PilB	SRR12830011
('*', 'evidence/MC_SIDE_1_604.html')	('*', 'evidence/MC_SIDE_2_604.html')	('÷', 'evidence/MC_PLOT_604.html')	PA4526	2900	3501	602	34 [22]	[0] NA	pilB/–	type 4 fimbrial biogenesis protein PilB/–	SRR12830011
('*', 'evidence/MC_SIDE_1_605.html')	('*', 'evidence/MC_SIDE_2_605.html')	('÷', 'evidence/MC_PLOT_605.html')	PA4796	1324	2268	945	113 [93]	[0] NA	[N_A]	[N_A]	SRR12830011
('*', 'evidence/MC_SIDE_1_599.html')	('*', 'evidence/MC_SIDE_2_599.html')	('÷', 'evidence/MC_PLOT_599.html')	PA0313	2286	2493	208	31 [30]	[0] NA	N_A/–	L‑cysteine ABC transporter protein YecS/–	SRR13015522
('*', 'evidence/MC_SIDE_1_600.html')	('*', 'evidence/MC_SIDE_2_600.html')	('÷', 'evidence/MC_PLOT_600.html')	PA0366	1	50	50	NA [0]	[21] 23	–/N_A	–/coniferyl aldehyde dehydrogenase	SRR13015522
('*', 'evidence/MC_SIDE_1_602.html')	('*', 'evidence/MC_SIDE_2_602.html')	('÷', 'evidence/MC_PLOT_602.html')	PA0506	3521	3606	86	44 [43]	[0] NA	N_A/–	acyl‑CoA dehydrogenase/–	SRR13015522
('*', 'evidence/MC_SIDE_1_604.html')	('*', 'evidence/MC_SIDE_2_604.html')	('÷', 'evidence/MC_PLOT_604.html')	PA0707	2483	2580	98	27 [24]	[0] NA	toxR/–	transcriptional regulator ToxR/–	SRR13015522
('*', 'evidence/MC_SIDE_1_605.html')	('*', 'evidence/MC_SIDE_2_605.html')	('÷', 'evidence/MC_PLOT_605.html')	PA0997	2539	2652	114	47 [46]	[0] NA	pqsB/–	hypothetical protein/–	SRR13015522
('*', 'evidence/MC_SIDE_1_606.html')	('*', 'evidence/MC_SIDE_2_606.html')	('÷', 'evidence/MC_PLOT_606.html')	PA1097	3197	3273	77	14 [13]	[0] NA	fleQ/–	transcriptional regulator FleQ/–	SRR13015522
('*', 'evidence/MC_SIDE_1_607.html')	('*', 'evidence/MC_SIDE_2_607.html')	('÷', 'evidence/MC_PLOT_607.html')	PA1333	1847	2007	161	20 [19]	[0] NA	N_A/–	hypothetical protein/–	SRR13015522
('*', 'evidence/MC_SIDE_1_608.html')	('*', 'evidence/MC_SIDE_2_608.html')	('÷', 'evidence/MC_PLOT_608.html')	PA1430	2401	2520	120	49 [48]	[0] NA	lasR/–	transcriptional regulator LasR/–	SRR13015522
('*', 'evidence/MC_SIDE_1_609.html')	('*', 'evidence/MC_SIDE_2_609.html')	('÷', 'evidence/MC_PLOT_609.html')	PA2020	2313	2433	121	39 [34]	[0] NA	N_A/–	transcriptional regulator/–	SRR13015522
('*', 'evidence/MC_SIDE_1_610.html')	('*', 'evidence/MC_SIDE_2_610.html')	('÷', 'evidence/MC_PLOT_610.html')	PA2312	2310	2382	73	41 [40]	[0] NA	N_A/–	transcriptional regulator/–	SRR13015522
('*', 'evidence/MC_SIDE_1_611.html')	('*', 'evidence/MC_SIDE_2_611.html')	('÷', 'evidence/MC_PLOT_611.html')	PA2435	1	318	318	NA [0]	[23] 24	–/N_A	–/cation‑transporting P‑type ATPase	SRR13015522
('*', 'evidence/MC_SIDE_1_612.html')	('*', 'evidence/MC_SIDE_2_612.html')	('÷', 'evidence/MC_PLOT_612.html')	PA2435	3669	3786	118	24 [20]	[0] NA	N_A/–	cation‑transporting P‑type ATPase/–	SRR13015522
('*', 'evidence/MC_SIDE_1_613.html')	('*', 'evidence/MC_SIDE_2_613.html')	('÷', 'evidence/MC_PLOT_613.html')	PA2491	1–558	1676–564	7–1676	NA [0]	[55] 57	[N_A]	[N_A]	SRR13015522
('*', 'evidence/MC_SIDE_1_614.html')	('*', 'evidence/MC_SIDE_2_614.html')	('÷', 'evidence/MC_PLOT_614.html')	PA2492	1	1598–1144	1144–1598	NA [0]	[29] 31	[mexT]	[mexT]	SRR13015522
('*', 'evidence/MC_SIDE_1_615.html')	('*', 'evidence/MC_SIDE_2_615.html')	('÷', 'evidence/MC_PLOT_615.html')	PA3217	1	86	86	NA [0]	[33] 37	–/cyaB	–/protein CyaB	SRR13015522
('*', 'evidence/MC_SIDE_1_616.html')	('*', 'evidence/MC_SIDE_2_616.html')	('÷', 'evidence/MC_PLOT_616.html')	PA3476	1	1581–1053	1053–1581	NA [0]	[37] 39	rhlI	rhlI	SRR13015522
('*', 'evidence/MC_SIDE_1_617.html')	('*', 'evidence/MC_SIDE_2_617.html')	('÷', 'evidence/MC_PLOT_617.html')	PA3477	543	2526	1984	19 [0]	[0] NA	rhlR	rhlR	SRR13015522
('*', 'evidence/MC_SIDE_1_618.html')	('*', 'evidence/MC_SIDE_2_618.html')	('÷', 'evidence/MC_PLOT_618.html')	PA3565	1	33	33	NA [0]	[12] 13	–/N_A	–/transcriptional regulator	SRR13015522
('*', 'evidence/MC_SIDE_1_619.html')	('*', 'evidence/MC_SIDE_2_619.html')	('÷', 'evidence/MC_PLOT_619.html')	PA3574	2310	2439	130	41 [37]	[0] NA	nalD/–	transcriptional regulator/–	SRR13015522
('*', 'evidence/MC_SIDE_1_620.html')	('*', 'evidence/MC_SIDE_2_620.html')	('÷', 'evidence/MC_PLOT_620.html')	PA3703	1	135	135	NA [0]	[55] 57	–/wspF	–/chemotaxis‑specific methylesterase	SRR13015522
('*', 'evidence/MC_SIDE_1_621.html')	('*', 'evidence/MC_SIDE_2_621.html')	('÷', 'evidence/MC_PLOT_621.html')	PA3703	2566	2808	243	56 [55]	[0] NA	wspF/–	chemotaxis‑specific methylesterase/–	SRR13015522
('*', 'evidence/MC_SIDE_1_622.html')	('*', 'evidence/MC_SIDE_2_622.html')	('÷', 'evidence/MC_PLOT_622.html')	PA3817	1	61	61	NA [0]	[24] 25	–/N_A	–/methyltransferase	SRR13015522
('*', 'evidence/MC_SIDE_1_623.html')	('*', 'evidence/MC_SIDE_2_623.html')	('÷', 'evidence/MC_PLOT_623.html')	PA4420	1	79	79	NA [0]	[39] 41	–/N_A	–/S‑adenosyl‑methyltransferase MraW	SRR13015522
('*', 'evidence/MC_SIDE_1_624.html')	('*', 'evidence/MC_SIDE_2_624.html')	('÷', 'evidence/MC_PLOT_624.html')	PA4420	1314	1548	235	40 [38]	[39] 40	N_A	S‑adenosyl‑methyltransferase MraW	SRR13015522
('*', 'evidence/MC_SIDE_1_625.html')	('*', 'evidence/MC_SIDE_2_625.html')	('÷', 'evidence/MC_PLOT_625.html')	PA4462	3152	3294	143	52 [50]	[0] NA	rpoN/–	RNA polymerase factor sigma‑54/–	SRR13015522
('*', 'evidence/MC_SIDE_1_626.html')	('*', 'evidence/MC_SIDE_2_626.html')	('÷', 'evidence/MC_PLOT_626.html')	PA4522	1	60	60	NA [0]	[21] 22	–/ampD	–/N‑acetyl‑anhydromuranmyl‑L‑alanine amidase	SRR13015522
('*', 'evidence/MC_SIDE_1_628.html')	('*', 'evidence/MC_SIDE_2_628.html')	('÷', 'evidence/MC_PLOT_628.html')	PA4526	1	77	77	NA [0]	[0] 2	–/pilB	–/type 4 fimbrial biogenesis protein PilB	SRR13015522
('*', 'evidence/MC_SIDE_1_629.html')	('*', 'evidence/MC_SIDE_2_629.html')	('÷', 'evidence/MC_PLOT_629.html')	PA4526	138	1623	1486	2 [0]	[0] 3	[pilB]	[pilB]	SRR13015522
('*', 'evidence/MC_SIDE_1_630.html')	('*', 'evidence/MC_SIDE_2_630.html')	('÷', 'evidence/MC_PLOT_630.html')	PA4526	1777	1940	164	2 [1]	[0] 2	pilB	type 4 fimbrial biogenesis protein PilB	SRR13015522
('*', 'evidence/MC_SIDE_1_631.html')	('*', 'evidence/MC_SIDE_2_631.html')	('÷', 'evidence/MC_PLOT_631.html')	PA4526	2313	2417	105	2 [1]	[1] 2	pilB	type 4 fimbrial biogenesis protein PilB	SRR13015522
('*', 'evidence/MC_SIDE_1_632.html')	('*', 'evidence/MC_SIDE_2_632.html')	('÷', 'evidence/MC_PLOT_632.html')	PA4526	2625	3501	877	2 [1]	[0] NA	pilB/–	type 4 fimbrial biogenesis protein PilB/–	SRR13015522
('*', 'evidence/MC_SIDE_1_633.html')	('*', 'evidence/MC_SIDE_2_633.html')	('÷', 'evidence/MC_PLOT_633.html')	PA4796	1	45	45	NA [0]	[23] 24	–/N_A	–/hypothetical protein	SRR13015522
('*', 'evidence/MC_SIDE_1_634.html')	('*', 'evidence/MC_SIDE_2_634.html')	('÷', 'evidence/MC_PLOT_634.html')	PA4796	1361	2268	908	24 [23]	[0] NA	[N_A]	[N_A]	SRR13015522
('*', 'evidence/MC_SIDE_1_1350.html')	('*', 'evidence/MC_SIDE_2_1350.html')	('÷', 'evidence/MC_PLOT_1350.html')	PA0313	1564	1722	159	110 [107]	[109] 111	[N_A]	[N_A]	SRR13435732
('*', 'evidence/MC_SIDE_1_1351.html')	('*', 'evidence/MC_SIDE_2_1351.html')	('÷', 'evidence/MC_PLOT_1351.html')	PA0506	166	767	602	136 [127]	[131] 133	–/N_A	–/acyl‑CoA dehydrogenase	SRR13435732
('*', 'evidence/MC_SIDE_1_1352.html')	('*', 'evidence/MC_SIDE_2_1352.html')	('÷', 'evidence/MC_PLOT_1352.html')	PA0707	2460	2580	121	114 [110]	[0] NA	toxR/–	transcriptional regulator ToxR/–	SRR13435732
('*', 'evidence/MC_SIDE_1_1353.html')	('*', 'evidence/MC_SIDE_2_1353.html')	('÷', 'evidence/MC_PLOT_1353.html')	PA1097	1	666	666	NA [0]	[89] 91	–/fleQ	–/transcriptional regulator FleQ	SRR13435732
('*', 'evidence/MC_SIDE_1_1354.html')	('*', 'evidence/MC_SIDE_2_1354.html')	('÷', 'evidence/MC_PLOT_1354.html')	PA1713	1	127	127	NA [0]	[87] 91	–/exsA	–/exoenzyme S transcriptional regulator ExsA	SRR13435732
('*', 'evidence/MC_SIDE_1_1356.html')	('*', 'evidence/MC_SIDE_2_1356.html')	('÷', 'evidence/MC_PLOT_1356.html')	PA2121	1819	1941	123	49 [48]	[48] 49	N_A/–	transcriptional regulator/–	SRR13435732
('*', 'evidence/MC_SIDE_1_1357.html')	('*', 'evidence/MC_SIDE_2_1357.html')	('÷', 'evidence/MC_PLOT_1357.html')	PA2121	2323	2706	384	49 [48]	[0] NA	N_A/–	transcriptional regulator/–	SRR13435732
('*', 'evidence/MC_SIDE_1_1358.html')	('*', 'evidence/MC_SIDE_2_1358.html')	('÷', 'evidence/MC_PLOT_1358.html')	PA2312	2108	2382	275	77 [75]	[0] NA	N_A/–	transcriptional regulator/–	SRR13435732
('*', 'evidence/MC_SIDE_1_1359.html')	('*', 'evidence/MC_SIDE_2_1359.html')	('÷', 'evidence/MC_PLOT_1359.html')	PA2435	170	304	135	53 [48]	[52] 54	–/N_A	–/cation‑transporting P‑type ATPase	SRR13435732
('*', 'evidence/MC_SIDE_1_1360.html')	('*', 'evidence/MC_SIDE_2_1360.html')	('÷', 'evidence/MC_PLOT_1360.html')	PA2491	1	1630–2	2–1630	NA [0]	[79] 81	[N_A]	[N_A]	SRR13435732
('*', 'evidence/MC_SIDE_1_1361.html')	('*', 'evidence/MC_SIDE_2_1361.html')	('÷', 'evidence/MC_PLOT_1361.html')	PA2492	1	1630–2	2–1630	NA [0]	[70] 71	[mexT]	[mexT]	SRR13435732
('*', 'evidence/MC_SIDE_1_1362.html')	('*', 'evidence/MC_SIDE_2_1362.html')	('÷', 'evidence/MC_PLOT_1362.html')	PA2492	1922	2084	163	72 [70]	[70] 72	[mexT]	[mexT]	SRR13435732
('*', 'evidence/MC_SIDE_1_1363.html')	('*', 'evidence/MC_SIDE_2_1363.html')	('÷', 'evidence/MC_PLOT_1363.html')	PA3703	1802	2012	211	112 [107]	[108] 112	[wspF]	[wspF]	SRR13435732
('*', 'evidence/MC_SIDE_1_1364.html')	('*', 'evidence/MC_SIDE_2_1364.html')	('÷', 'evidence/MC_PLOT_1364.html')	PA4526	1	1870	1870	NA [0]	[28] 31	[pilB]	[pilB]	SRR13435732
('*', 'evidence/MC_SIDE_1_1365.html')	('*', 'evidence/MC_SIDE_2_1365.html')	('÷', 'evidence/MC_PLOT_1365.html')	PA4526	2350	2432	83	33 [29]	[28] 30	pilB	type 4 fimbrial biogenesis protein PilB	SRR13435732
('*', 'evidence/MC_SIDE_1_1366.html')	('*', 'evidence/MC_SIDE_2_1366.html')	('÷', 'evidence/MC_PLOT_1366.html')	PA4526	2611	3501	891	32 [29]	[0] NA	pilB/–	type 4 fimbrial biogenesis protein PilB/–	SRR13435732
('*', 'evidence/MC_SIDE_1_1367.html')	('*', 'evidence/MC_SIDE_2_1367.html')	('÷', 'evidence/MC_PLOT_1367.html')	PA4796	1299	2268	970	107 [106]	[0] NA	[N_A]	[N_A]	SRR13435732
('*', 'evidence/MC_SIDE_1_38.html')	('*', 'evidence/MC_SIDE_2_38.html')	('÷', 'evidence/MC_PLOT_38.html')	PA0313	1801	2035	235	11 [10]	[8] 452	N_A/–	L‑cysteine ABC transporter protein YecS/–	SRR13755579
('*', 'evidence/MC_SIDE_1_39.html')	('*', 'evidence/MC_SIDE_2_39.html')	('÷', 'evidence/MC_PLOT_39.html')	PA0313	2265	2311	47	15 [1]	[10] 11	N_A/–	L‑cysteine ABC transporter protein YecS/–	SRR13755579
('*', 'evidence/MC_SIDE_1_40.html')	('*', 'evidence/MC_SIDE_2_40.html')	('÷', 'evidence/MC_PLOT_40.html')	PA0313	2402	2493	92	12 [9]	[0] NA	N_A/–	L‑cysteine ABC transporter protein YecS/–	SRR13755579
('*', 'evidence/MC_SIDE_1_41.html')	('*', 'evidence/MC_SIDE_2_41.html')	('÷', 'evidence/MC_PLOT_41.html')	PA0366	664	778	115	459 [2]	[3] 9	–/N_A	–/coniferyl aldehyde dehydrogenase	SRR13755579
('*', 'evidence/MC_SIDE_1_42.html')	('*', 'evidence/MC_SIDE_2_42.html')	('÷', 'evidence/MC_PLOT_42.html')	PA0366	895	1052	158	29 [6]	[3] 9	[N_A]	[N_A]	SRR13755579
('*', 'evidence/MC_SIDE_1_43.html')	('*', 'evidence/MC_SIDE_2_43.html')	('÷', 'evidence/MC_PLOT_43.html')	PA0366	2464	2727	264	7 [6]	[6] 7	N_A/–	coniferyl aldehyde dehydrogenase/–	SRR13755579
('*', 'evidence/MC_SIDE_1_44.html')	('*', 'evidence/MC_SIDE_2_44.html')	('÷', 'evidence/MC_PLOT_44.html')	PA0366	3029	3231	203	10 [6]	[0] NA	N_A/–	coniferyl aldehyde dehydrogenase/–	SRR13755579
('*', 'evidence/MC_SIDE_1_45.html')	('*', 'evidence/MC_SIDE_2_45.html')	('÷', 'evidence/MC_PLOT_45.html')	PA0425	1	164	164	NA [0]	[2] 52	–/mexA	–/multidrug resistance protein MexA	SRR13755579
('*', 'evidence/MC_SIDE_1_46.html')	('*', 'evidence/MC_SIDE_2_46.html')	('÷', 'evidence/MC_PLOT_46.html')	PA0425	1192	1617	426	52 [48]	[51] 52	mexA	multidrug resistance protein MexA	SRR13755579
('*', 'evidence/MC_SIDE_1_47.html')	('*', 'evidence/MC_SIDE_2_47.html')	('÷', 'evidence/MC_PLOT_47.html')	PA0425	2896	2952	57	55 [27]	[0] NA	mexA/–	multidrug resistance protein MexA/–	SRR13755579
('*', 'evidence/MC_SIDE_1_48.html')	('*', 'evidence/MC_SIDE_2_48.html')	('÷', 'evidence/MC_PLOT_48.html')	PA0506	1	243	243	NA [0]	[1] 2	–/N_A	–/acyl‑CoA dehydrogenase	SRR13755579
('*', 'evidence/MC_SIDE_1_49.html')	('*', 'evidence/MC_SIDE_2_49.html')	('÷', 'evidence/MC_PLOT_49.html')	PA0506	2467	2472	6	2 [0]	[0] 3	N_A	acyl‑CoA dehydrogenase	SRR13755579
('*', 'evidence/MC_SIDE_1_50.html')	('*', 'evidence/MC_SIDE_2_50.html')	('÷', 'evidence/MC_PLOT_50.html')	PA0506	3255	3361	107	3 [0]	[1] 2	N_A/–	acyl‑CoA dehydrogenase/–	SRR13755579
('*', 'evidence/MC_SIDE_1_51.html')	('*', 'evidence/MC_SIDE_2_51.html')	('÷', 'evidence/MC_PLOT_51.html')	PA0506	3486	3507	22	13 [1]	[1] 4	N_A/–	acyl‑CoA dehydrogenase/–	SRR13755579
('*', 'evidence/MC_SIDE_1_52.html')	('*', 'evidence/MC_SIDE_2_52.html')	('÷', 'evidence/MC_PLOT_52.html')	PA0506	3599	3606	8	5 [0]	[0] NA	N_A/–	acyl‑CoA dehydrogenase/–	SRR13755579
('*', 'evidence/MC_SIDE_1_53.html')	('*', 'evidence/MC_SIDE_2_53.html')	('÷', 'evidence/MC_PLOT_53.html')	PA0652	1802	2445	644	60 [43]	[1] NA	vfr/–	cAMP‑regulatory protein/–	SRR13755579
('*', 'evidence/MC_SIDE_1_54.html')	('*', 'evidence/MC_SIDE_2_54.html')	('÷', 'evidence/MC_PLOT_54.html')	PA0707	1	1748	1748	NA [0]	[69] 13647	toxR	toxR	SRR13755579
('*', 'evidence/MC_SIDE_1_55.html')	('*', 'evidence/MC_SIDE_2_55.html')	('÷', 'evidence/MC_PLOT_55.html')	PA0997	71	290	220	3 [1]	[1] 2	–/pqsB	–/hypothetical protein	SRR13755579
('*', 'evidence/MC_SIDE_1_56.html')	('*', 'evidence/MC_SIDE_2_56.html')	('÷', 'evidence/MC_PLOT_56.html')	PA0997	367	379	13	2 [0]	[1] 2	–/pqsB	–/hypothetical protein	SRR13755579
('*', 'evidence/MC_SIDE_1_57.html')	('*', 'evidence/MC_SIDE_2_57.html')	('÷', 'evidence/MC_PLOT_57.html')	PA0997	459	542	84	4 [1]	[0] 3	–/pqsB	–/hypothetical protein	SRR13755579
('*', 'evidence/MC_SIDE_1_58.html')	('*', 'evidence/MC_SIDE_2_58.html')	('÷', 'evidence/MC_PLOT_58.html')	PA0997	618	640	23	4 [0]	[0] 6	–/pqsB	–/hypothetical protein	SRR13755579
('*', 'evidence/MC_SIDE_1_59.html')	('*', 'evidence/MC_SIDE_2_59.html')	('÷', 'evidence/MC_PLOT_59.html')	PA0997	1298	1437	140	2 [1]	[1] 2	pqsB	hypothetical protein	SRR13755579
('*', 'evidence/MC_SIDE_1_60.html')	('*', 'evidence/MC_SIDE_2_60.html')	('÷', 'evidence/MC_PLOT_60.html')	PA0997	1525	1637	113	2 [1]	[1] 2	pqsB	hypothetical protein	SRR13755579
('*', 'evidence/MC_SIDE_1_61.html')	('*', 'evidence/MC_SIDE_2_61.html')	('÷', 'evidence/MC_PLOT_61.html')	PA0997	2411	2452	42	2 [1]	[1] 12	pqsB/–	hypothetical protein/–	SRR13755579
('*', 'evidence/MC_SIDE_1_62.html')	('*', 'evidence/MC_SIDE_2_62.html')	('÷', 'evidence/MC_PLOT_62.html')	PA1097	3056	3061	6	2 [1]	[0] 3	fleQ/–	transcriptional regulator FleQ/–	SRR13755579
('*', 'evidence/MC_SIDE_1_63.html')	('*', 'evidence/MC_SIDE_2_63.html')	('÷', 'evidence/MC_PLOT_63.html')	PA1097	3137	3174	38	3 [0]	[1] 2	fleQ/–	transcriptional regulator FleQ/–	SRR13755579
('*', 'evidence/MC_SIDE_1_64.html')	('*', 'evidence/MC_SIDE_2_64.html')	('÷', 'evidence/MC_PLOT_64.html')	PA1097	3247	3273	27	2 [1]	[0] NA	fleQ/–	transcriptional regulator FleQ/–	SRR13755579
('*', 'evidence/MC_SIDE_1_65.html')	('*', 'evidence/MC_SIDE_2_65.html')	('÷', 'evidence/MC_PLOT_65.html')	PA1179	1607	1703	97	2 [1]	[1] 2	phoP/–	two‑component response regulator PhoP/–	SRR13755579
('*', 'evidence/MC_SIDE_1_66.html')	('*', 'evidence/MC_SIDE_2_66.html')	('÷', 'evidence/MC_PLOT_66.html')	PA1179	2432	2478	47	46 [1]	[0] NA	phoP/–	two‑component response regulator PhoP/–	SRR13755579
('*', 'evidence/MC_SIDE_1_67.html')	('*', 'evidence/MC_SIDE_2_67.html')	('÷', 'evidence/MC_PLOT_67.html')	PA1333	1	789	789	NA [0]	[31] 33	–/N_A	–/hypothetical protein	SRR13755579
('*', 'evidence/MC_SIDE_1_68.html')	('*', 'evidence/MC_SIDE_2_68.html')	('÷', 'evidence/MC_PLOT_68.html')	PA1333	996	1681	686	48 [11]	[7] 32	[N_A]	[N_A]	SRR13755579
('*', 'evidence/MC_SIDE_1_69.html')	('*', 'evidence/MC_SIDE_2_69.html')	('÷', 'evidence/MC_PLOT_69.html')	PA1430	296	577	282	12 [11]	[6] 21	–/lasR	–/transcriptional regulator LasR	SRR13755579
('*', 'evidence/MC_SIDE_1_70.html')	('*', 'evidence/MC_SIDE_2_70.html')	('÷', 'evidence/MC_PLOT_70.html')	PA1544	512	608	97	30 [22]	[15] 128	–/anr	–/transcriptional regulator Anr	SRR13755579
('*', 'evidence/MC_SIDE_1_71.html')	('*', 'evidence/MC_SIDE_2_71.html')	('÷', 'evidence/MC_PLOT_71.html')	PA1713	1	162	162	NA [1]	[7] 11	–/exsA	–/exoenzyme S transcriptional regulator ExsA	SRR13755579
('*', 'evidence/MC_SIDE_1_72.html')	('*', 'evidence/MC_SIDE_2_72.html')	('÷', 'evidence/MC_PLOT_72.html')	PA1713	1945	2637	693	13 [7]	[0] NA	exsA/–	exoenzyme S transcriptional regulator ExsA/–	SRR13755579
('*', 'evidence/MC_SIDE_1_73.html')	('*', 'evidence/MC_SIDE_2_73.html')	('÷', 'evidence/MC_PLOT_73.html')	PA2020	1	14	14	NA [0]	[0] 2	–/N_A	–/transcriptional regulator	SRR13755579
('*', 'evidence/MC_SIDE_1_74.html')	('*', 'evidence/MC_SIDE_2_74.html')	('÷', 'evidence/MC_PLOT_74.html')	PA2020	90	420	331	3 [1]	[0] 2	–/N_A	–/transcriptional regulator	SRR13755579
('*', 'evidence/MC_SIDE_1_75.html')	('*', 'evidence/MC_SIDE_2_75.html')	('÷', 'evidence/MC_PLOT_75.html')	PA2020	496	679	184	3 [1]	[1] 2	–/N_A	–/transcriptional regulator	SRR13755579
('*', 'evidence/MC_SIDE_1_76.html')	('*', 'evidence/MC_SIDE_2_76.html')	('÷', 'evidence/MC_PLOT_76.html')	PA2020	1048	1052	5	4 [0]	[1] 2	N_A	transcriptional regulator	SRR13755579
('*', 'evidence/MC_SIDE_1_77.html')	('*', 'evidence/MC_SIDE_2_77.html')	('÷', 'evidence/MC_PLOT_77.html')	PA2020	1288	1343	56	2 [1]	[1] 2	N_A	transcriptional regulator	SRR13755579
('*', 'evidence/MC_SIDE_1_78.html')	('*', 'evidence/MC_SIDE_2_78.html')	('÷', 'evidence/MC_PLOT_78.html')	PA2020	1874	1883	10	6 [0]	[0] 17	N_A/–	transcriptional regulator/–	SRR13755579
('*', 'evidence/MC_SIDE_1_79.html')	('*', 'evidence/MC_SIDE_2_79.html')	('÷', 'evidence/MC_PLOT_79.html')	PA2020	2069	2271	203	2 [0]	[1] 2	N_A/–	transcriptional regulator/–	SRR13755579
('*', 'evidence/MC_SIDE_1_80.html')	('*', 'evidence/MC_SIDE_2_80.html')	('÷', 'evidence/MC_PLOT_80.html')	PA2020	2347	2433	87	2 [1]	[0] NA	N_A/–	transcriptional regulator/–	SRR13755579
('*', 'evidence/MC_SIDE_1_81.html')	('*', 'evidence/MC_SIDE_2_81.html')	('÷', 'evidence/MC_PLOT_81.html')	PA2121	1	52	52	NA [0]	[1] 2	–/N_A	–/transcriptional regulator	SRR13755579
('*', 'evidence/MC_SIDE_1_82.html')	('*', 'evidence/MC_SIDE_2_82.html')	('÷', 'evidence/MC_PLOT_82.html')	PA2121	972	1104	133	5 [1]	[1] 2	N_A	transcriptional regulator	SRR13755579
('*', 'evidence/MC_SIDE_1_83.html')	('*', 'evidence/MC_SIDE_2_83.html')	('÷', 'evidence/MC_PLOT_83.html')	PA2121	1201	1227	27	2 [1]	[1] 2	N_A	transcriptional regulator	SRR13755579
('*', 'evidence/MC_SIDE_1_84.html')	('*', 'evidence/MC_SIDE_2_84.html')	('÷', 'evidence/MC_PLOT_84.html')	PA2121	1416	1605	190	2 [1]	[1] 2	N_A	transcriptional regulator	SRR13755579
('*', 'evidence/MC_SIDE_1_85.html')	('*', 'evidence/MC_SIDE_2_85.html')	('÷', 'evidence/MC_PLOT_85.html')	PA2121	1662	1703	42	2 [1]	[0] 3	N_A	transcriptional regulator	SRR13755579
('*', 'evidence/MC_SIDE_1_86.html')	('*', 'evidence/MC_SIDE_2_86.html')	('÷', 'evidence/MC_PLOT_86.html')	PA2121	1976	2046	71	2 [1]	[0] 2	N_A/–	transcriptional regulator/–	SRR13755579
('*', 'evidence/MC_SIDE_1_87.html')	('*', 'evidence/MC_SIDE_2_87.html')	('÷', 'evidence/MC_PLOT_87.html')	PA2121	2122	2133	12	2 [0]	[1] 3	N_A/–	transcriptional regulator/–	SRR13755579
('*', 'evidence/MC_SIDE_1_88.html')	('*', 'evidence/MC_SIDE_2_88.html')	('÷', 'evidence/MC_PLOT_88.html')	PA2121	2353	2506	154	2 [1]	[1] 2	N_A/–	transcriptional regulator/–	SRR13755579
('*', 'evidence/MC_SIDE_1_89.html')	('*', 'evidence/MC_SIDE_2_89.html')	('÷', 'evidence/MC_PLOT_89.html')	PA2312	987	2382	1396	223 [195]	[0] NA	[N_A]	[N_A]	SRR13755579
('*', 'evidence/MC_SIDE_1_90.html')	('*', 'evidence/MC_SIDE_2_90.html')	('÷', 'evidence/MC_PLOT_90.html')	PA2435	1	241	241	NA [0]	[0] 3	–/N_A	–/cation‑transporting P‑type ATPase	SRR13755579
('*', 'evidence/MC_SIDE_1_91.html')	('*', 'evidence/MC_SIDE_2_91.html')	('÷', 'evidence/MC_PLOT_91.html')	PA2435	789	1643	855	20 [1]	[0] 3	[N_A]	[N_A]	SRR13755579
('*', 'evidence/MC_SIDE_1_92.html')	('*', 'evidence/MC_SIDE_2_92.html')	('÷', 'evidence/MC_PLOT_92.html')	PA2435	1724	1796	73	2 [1]	[1] 2	N_A	cation‑transporting P‑type ATPase	SRR13755579
('*', 'evidence/MC_SIDE_1_93.html')	('*', 'evidence/MC_SIDE_2_93.html')	('÷', 'evidence/MC_PLOT_93.html')	PA2435	1954	2100	147	6 [0]	[1] 4	N_A	cation‑transporting P‑type ATPase	SRR13755579
('*', 'evidence/MC_SIDE_1_94.html')	('*', 'evidence/MC_SIDE_2_94.html')	('÷', 'evidence/MC_PLOT_94.html')	PA2435	2181	2418	238	2 [1]	[1] 3	N_A	cation‑transporting P‑type ATPase	SRR13755579
('*', 'evidence/MC_SIDE_1_95.html')	('*', 'evidence/MC_SIDE_2_95.html')	('÷', 'evidence/MC_PLOT_95.html')	PA2435	2494	3065	572	2 [0]	[0] 2	[N_A]	[N_A]	SRR13755579
('*', 'evidence/MC_SIDE_1_96.html')	('*', 'evidence/MC_SIDE_2_96.html')	('÷', 'evidence/MC_PLOT_96.html')	PA2435	3162	3318	157	2 [0]	[1] 2	N_A/–	cation‑transporting P‑type ATPase/–	SRR13755579
('*', 'evidence/MC_SIDE_1_97.html')	('*', 'evidence/MC_SIDE_2_97.html')	('÷', 'evidence/MC_PLOT_97.html')	PA2435	3514	3594	81	2 [0]	[1] 2	N_A/–	cation‑transporting P‑type ATPase/–	SRR13755579
('*', 'evidence/MC_SIDE_1_98.html')	('*', 'evidence/MC_SIDE_2_98.html')	('÷', 'evidence/MC_PLOT_98.html')	PA2435	3767	3786	20	2 [1]	[0] NA	N_A/–	cation‑transporting P‑type ATPase/–	SRR13755579
('*', 'evidence/MC_SIDE_1_99.html')	('*', 'evidence/MC_SIDE_2_99.html')	('÷', 'evidence/MC_PLOT_99.html')	PA2491	1	1673–572	572–1673	NA [0]	[1] 2	[N_A]	[N_A]	SRR13755579
('*', 'evidence/MC_SIDE_1_100.html')	('*', 'evidence/MC_SIDE_2_100.html')	('÷', 'evidence/MC_PLOT_100.html')	PA2491	2496	2820	325	2 [0]	[0] NA	N_A/–	oxidoreductase/–	SRR13755579
('*', 'evidence/MC_SIDE_1_101.html')	('*', 'evidence/MC_SIDE_2_101.html')	('÷', 'evidence/MC_PLOT_101.html')	PA2492	1	2096	2096	NA [0]	[946] 971	mexT	mexT	SRR13755579
('*', 'evidence/MC_SIDE_1_102.html')	('*', 'evidence/MC_SIDE_2_102.html')	('÷', 'evidence/MC_PLOT_102.html')	PA2492	2158	2844	687	973 [967]	[1] NA	mexT/–	transcriptional regulator MexT/–	SRR13755579
('*', 'evidence/MC_SIDE_1_103.html')	('*', 'evidence/MC_SIDE_2_103.html')	('÷', 'evidence/MC_PLOT_103.html')	PA3217	1	200	200	NA [0]	[9] 165	–/cyaB	–/protein CyaB	SRR13755579
('*', 'evidence/MC_SIDE_1_104.html')	('*', 'evidence/MC_SIDE_2_104.html')	('÷', 'evidence/MC_PLOT_104.html')	PA3217	420	814	395	470 [17]	[32] 269	–/cyaB	–/protein CyaB	SRR13755579
('*', 'evidence/MC_SIDE_1_105.html')	('*', 'evidence/MC_SIDE_2_105.html')	('÷', 'evidence/MC_PLOT_105.html')	PA3217	1044	3192	2149	211 [93]	[0] NA	[cyaB]	[cyaB]	SRR13755579
('*', 'evidence/MC_SIDE_1_106.html')	('*', 'evidence/MC_SIDE_2_106.html')	('÷', 'evidence/MC_PLOT_106.html')	PA3476	2360	2406	47	2 [1]	[0] NA	rhlI/–	acyl‑homoserine‑lactone synthase/–	SRR13755579
('*', 'evidence/MC_SIDE_1_107.html')	('*', 'evidence/MC_SIDE_2_107.html')	('÷', 'evidence/MC_PLOT_107.html')	PA3477	1	707	707	NA [0]	[61] 850	–/rhlR	–/transcriptional regulator RhlR	SRR13755579
('*', 'evidence/MC_SIDE_1_108.html')	('*', 'evidence/MC_SIDE_2_108.html')	('÷', 'evidence/MC_PLOT_108.html')	PA3477	954–2522	2526	5–1573	401 [327]	[0] NA	[rhlR]	[rhlR]	SRR13755579
('*', 'evidence/MC_SIDE_1_109.html')	('*', 'evidence/MC_SIDE_2_109.html')	('÷', 'evidence/MC_PLOT_109.html')	PA3565	1	5	5	NA [0]	[2] 3	–/N_A	–/transcriptional regulator	SRR13755579
('*', 'evidence/MC_SIDE_1_110.html')	('*', 'evidence/MC_SIDE_2_110.html')	('÷', 'evidence/MC_PLOT_110.html')	PA3565	215	399	185	4 [2]	[2] 3	–/N_A	–/transcriptional regulator	SRR13755579
('*', 'evidence/MC_SIDE_1_111.html')	('*', 'evidence/MC_SIDE_2_111.html')	('÷', 'evidence/MC_PLOT_111.html')	PA3565	1113	2085	973	3 [2]	[2] 3	[N_A]	[N_A]	SRR13755579
('*', 'evidence/MC_SIDE_1_112.html')	('*', 'evidence/MC_SIDE_2_112.html')	('÷', 'evidence/MC_PLOT_112.html')	PA3565	2114	2721	608	3 [2]	[0] NA	N_A/–	transcriptional regulator/–	SRR13755579
('*', 'evidence/MC_SIDE_1_113.html')	('*', 'evidence/MC_SIDE_2_113.html')	('÷', 'evidence/MC_PLOT_113.html')	PA3574	1	549	549	NA [0]	[30] 37	–/nalD	–/transcriptional regulator	SRR13755579
('*', 'evidence/MC_SIDE_1_114.html')	('*', 'evidence/MC_SIDE_2_114.html')	('÷', 'evidence/MC_PLOT_114.html')	PA3574	2003	2439	437	36 [31]	[0] NA	nalD/–	transcriptional regulator/–	SRR13755579
('*', 'evidence/MC_SIDE_1_115.html')	('*', 'evidence/MC_SIDE_2_115.html')	('÷', 'evidence/MC_PLOT_115.html')	PA3703	1	17	17	NA [0]	[1] 2	–/wspF	–/chemotaxis‑specific methylesterase	SRR13755579
('*', 'evidence/MC_SIDE_1_116.html')	('*', 'evidence/MC_SIDE_2_116.html')	('÷', 'evidence/MC_PLOT_116.html')	PA3703	79	197	119	2 [1]	[1] 4	–/wspF	–/chemotaxis‑specific methylesterase	SRR13755579
('*', 'evidence/MC_SIDE_1_117.html')	('*', 'evidence/MC_SIDE_2_117.html')	('÷', 'evidence/MC_PLOT_117.html')	PA3703	323	345	23	13 [1]	[0] 5	–/wspF	–/chemotaxis‑specific methylesterase	SRR13755579
('*', 'evidence/MC_SIDE_1_118.html')	('*', 'evidence/MC_SIDE_2_118.html')	('÷', 'evidence/MC_PLOT_118.html')	PA3703	421	547	127	5 [0]	[1] 3	–/wspF	–/chemotaxis‑specific methylesterase	SRR13755579
('*', 'evidence/MC_SIDE_1_119.html')	('*', 'evidence/MC_SIDE_2_119.html')	('÷', 'evidence/MC_PLOT_119.html')	PA3703	623	624	2	2 [0]	[0] 2	–/wspF	–/chemotaxis‑specific methylesterase	SRR13755579
('*', 'evidence/MC_SIDE_1_120.html')	('*', 'evidence/MC_SIDE_2_120.html')	('÷', 'evidence/MC_PLOT_120.html')	PA3703	964	1020	57	2 [1]	[1] 2	wspF	chemotaxis‑specific methylesterase	SRR13755579
('*', 'evidence/MC_SIDE_1_121.html')	('*', 'evidence/MC_SIDE_2_121.html')	('÷', 'evidence/MC_PLOT_121.html')	PA3703	1343	1439	97	6 [0]	[1] 9	wspF	chemotaxis‑specific methylesterase	SRR13755579
('*', 'evidence/MC_SIDE_1_122.html')	('*', 'evidence/MC_SIDE_2_122.html')	('÷', 'evidence/MC_PLOT_122.html')	PA3817	334	370	37	3 [1]	[1] 2	–/N_A	–/methyltransferase	SRR13755579
('*', 'evidence/MC_SIDE_1_123.html')	('*', 'evidence/MC_SIDE_2_123.html')	('÷', 'evidence/MC_PLOT_123.html')	PA4522	1	16	16	NA [0]	[5] 6	–/ampD	–/N‑acetyl‑anhydromuranmyl‑L‑alanine amidase	SRR13755579
('*', 'evidence/MC_SIDE_1_124.html')	('*', 'evidence/MC_SIDE_2_124.html')	('÷', 'evidence/MC_PLOT_124.html')	PA4522	226	463	238	6 [5]	[5] 7	–/ampD	–/N‑acetyl‑anhydromuranmyl‑L‑alanine amidase	SRR13755579
('*', 'evidence/MC_SIDE_1_125.html')	('*', 'evidence/MC_SIDE_2_125.html')	('÷', 'evidence/MC_PLOT_125.html')	PA4522	670	797	128	6 [4]	[5] 6	–/ampD	–/N‑acetyl‑anhydromuranmyl‑L‑alanine amidase	SRR13755579
('*', 'evidence/MC_SIDE_1_126.html')	('*', 'evidence/MC_SIDE_2_126.html')	('÷', 'evidence/MC_PLOT_126.html')	PA4522	1893	2038	146	6 [5]	[2] 7	ampD/–	N‑acetyl‑anhydromuranmyl‑L‑alanine amidase/–	SRR13755579
('*', 'evidence/MC_SIDE_1_127.html')	('*', 'evidence/MC_SIDE_2_127.html')	('÷', 'evidence/MC_PLOT_127.html')	PA4522	2352	2367	16	7 [1]	[0] NA	ampD/–	N‑acetyl‑anhydromuranmyl‑L‑alanine amidase/–	SRR13755579
('*', 'evidence/MC_SIDE_1_128.html')	('*', 'evidence/MC_SIDE_2_128.html')	('÷', 'evidence/MC_PLOT_128.html')	PA4526	1	94	94	NA [0]	[51] 59	–/pilB	–/type 4 fimbrial biogenesis protein PilB	SRR13755579
('*', 'evidence/MC_SIDE_1_129.html')	('*', 'evidence/MC_SIDE_2_129.html')	('÷', 'evidence/MC_PLOT_129.html')	PA4526	1966	2471	506	56 [54]	[45] 1450	pilB	type 4 fimbrial biogenesis protein PilB	SRR13755579
('*', 'evidence/MC_SIDE_1_130.html')	('*', 'evidence/MC_SIDE_2_130.html')	('÷', 'evidence/MC_PLOT_130.html')	PA4796	186	254	69	5 [4]	[4] 8	–/N_A	–/hypothetical protein	SRR13755579
('*', 'evidence/MC_SIDE_1_131.html')	('*', 'evidence/MC_SIDE_2_131.html')	('÷', 'evidence/MC_PLOT_131.html')	PA4796	525	819	295	5 [4]	[4] 7	–/N_A	–/hypothetical protein	SRR13755579
('*', 'evidence/MC_SIDE_1_132.html')	('*', 'evidence/MC_SIDE_2_132.html')	('÷', 'evidence/MC_PLOT_132.html')	PA4796	1031	1241	211	5 [3]	[2] 12	N_A	hypothetical protein	SRR13755579
('*', 'evidence/MC_SIDE_1_133.html')	('*', 'evidence/MC_SIDE_2_133.html')	('÷', 'evidence/MC_PLOT_133.html')	PA4848	548	621	74	17 [7]	[8] 9	–/accC	–/acetyl‑CoA carboxylase biotin carboxylase subunit	SRR13755579
('*', 'evidence/MC_SIDE_1_134.html')	('*', 'evidence/MC_SIDE_2_134.html')	('÷', 'evidence/MC_PLOT_134.html')	PA4848	2873	3150	278	9 [8]	[0] NA	accC/–	acetyl‑CoA carboxylase biotin carboxylase subunit/–	SRR13755579
('*', 'evidence/MC_SIDE_1_38.html')	('*', 'evidence/MC_SIDE_2_38.html')	('÷', 'evidence/MC_PLOT_38.html')	PA0506	3580	3606	27	80 [79]	[0] NA	N_A/–	acyl‑CoA dehydrogenase/–	SRR13767060
('*', 'evidence/MC_SIDE_1_39.html')	('*', 'evidence/MC_SIDE_2_39.html')	('÷', 'evidence/MC_PLOT_39.html')	PA1333	1	58	58	NA [0]	[38] 43	–/N_A	–/hypothetical protein	SRR13767060
('*', 'evidence/MC_SIDE_1_40.html')	('*', 'evidence/MC_SIDE_2_40.html')	('÷', 'evidence/MC_PLOT_40.html')	PA1544	1	133	133	NA [0]	[76] 80	–/anr	–/transcriptional regulator Anr	SRR13767060
('*', 'evidence/MC_SIDE_1_41.html')	('*', 'evidence/MC_SIDE_2_41.html')	('÷', 'evidence/MC_PLOT_41.html')	PA1713	1	50	50	NA [0]	[27] 28	–/exsA	–/exoenzyme S transcriptional regulator ExsA	SRR13767060
('*', 'evidence/MC_SIDE_1_42.html')	('*', 'evidence/MC_SIDE_2_42.html')	('÷', 'evidence/MC_PLOT_42.html')	PA2020	1	26	26	NA [0]	[19] 25	–/N_A	–/transcriptional regulator	SRR13767060
('*', 'evidence/MC_SIDE_1_46.html')	('*', 'evidence/MC_SIDE_2_46.html')	('÷', 'evidence/MC_PLOT_46.html')	PA3477	1006–2514	2526	13–1521	82 [80]	[0] NA	[rhlR]	[rhlR]	SRR13767060
('*', 'evidence/MC_SIDE_1_47.html')	('*', 'evidence/MC_SIDE_2_47.html')	('÷', 'evidence/MC_PLOT_47.html')	PA4462	3247	3294	48	58 [52]	[0] NA	rpoN/–	RNA polymerase factor sigma‑54/–	SRR13767060
('*', 'evidence/MC_SIDE_1_48.html')	('*', 'evidence/MC_SIDE_2_48.html')	('÷', 'evidence/MC_PLOT_48.html')	PA4848	3094	3150	57	46 [35]	[0] NA	accC/–	acetyl‑CoA carboxylase biotin carboxylase subunit/–	SRR13767060
('*', 'evidence/MC_SIDE_1_802.html')	('*', 'evidence/MC_SIDE_2_802.html')	('÷', 'evidence/MC_PLOT_802.html')	PA0707	2272	2580	309	238 [233]	[0] NA	toxR/–	transcriptional regulator ToxR/–	SRR14585691
('*', 'evidence/MC_SIDE_1_803.html')	('*', 'evidence/MC_SIDE_2_803.html')	('÷', 'evidence/MC_PLOT_803.html')	PA1097	1	711	711	NA [0]	[339] 342	–/fleQ	–/transcriptional regulator FleQ	SRR14585691
('*', 'evidence/MC_SIDE_1_804.html')	('*', 'evidence/MC_SIDE_2_804.html')	('÷', 'evidence/MC_PLOT_804.html')	PA4526	1	1984	1984	NA [0]	[44] 49	[pilB]	[pilB]	SRR14585691
('*', 'evidence/MC_SIDE_1_805.html')	('*', 'evidence/MC_SIDE_2_805.html')	('÷', 'evidence/MC_PLOT_805.html')	PA4526	2315	2423	109	47 [41]	[40] 47	pilB	type 4 fimbrial biogenesis protein PilB	SRR14585691
('*', 'evidence/MC_SIDE_1_806.html')	('*', 'evidence/MC_SIDE_2_806.html')	('÷', 'evidence/MC_PLOT_806.html')	PA4526	2616	3501	886	50 [44]	[0] NA	pilB/–	type 4 fimbrial biogenesis protein PilB/–	SRR14585691
('*', 'evidence/MC_SIDE_1_1272.html')	('*', 'evidence/MC_SIDE_2_1272.html')	('÷', 'evidence/MC_PLOT_1272.html')	PA0313	1	15	15	NA [0]	[5] 21	–/N_A	–/L‑cysteine ABC transporter protein YecS	SRR15405717
('*', 'evidence/MC_SIDE_1_1273.html')	('*', 'evidence/MC_SIDE_2_1273.html')	('÷', 'evidence/MC_PLOT_1273.html')	PA0313	1569	1676	108	11 [10]	[9] 11	[N_A]	[N_A]	SRR15405717
('*', 'evidence/MC_SIDE_1_1274.html')	('*', 'evidence/MC_SIDE_2_1274.html')	('÷', 'evidence/MC_PLOT_1274.html')	PA0425	1	229	229	NA [0]	[29] 33	–/mexA	–/multidrug resistance protein MexA	SRR15405717
('*', 'evidence/MC_SIDE_1_1275.html')	('*', 'evidence/MC_SIDE_2_1275.html')	('÷', 'evidence/MC_PLOT_1275.html')	PA0506	481	735	255	21 [19]	[20] 21	–/N_A	–/acyl‑CoA dehydrogenase	SRR15405717
('*', 'evidence/MC_SIDE_1_1276.html')	('*', 'evidence/MC_SIDE_2_1276.html')	('÷', 'evidence/MC_PLOT_1276.html')	PA0506	3594	3606	13	25 [10]	[0] NA	N_A/–	acyl‑CoA dehydrogenase/–	SRR15405717
('*', 'evidence/MC_SIDE_1_1277.html')	('*', 'evidence/MC_SIDE_2_1277.html')	('÷', 'evidence/MC_PLOT_1277.html')	PA1179	1	36	36	NA [0]	[28] 30	–/phoP	–/two‑component response regulator PhoP	SRR15405717
('*', 'evidence/MC_SIDE_1_1278.html')	('*', 'evidence/MC_SIDE_2_1278.html')	('÷', 'evidence/MC_PLOT_1278.html')	PA1333	1	72	72	NA [0]	[22] 23	–/N_A	–/hypothetical protein	SRR15405717
('*', 'evidence/MC_SIDE_1_1279.html')	('*', 'evidence/MC_SIDE_2_1279.html')	('÷', 'evidence/MC_PLOT_1279.html')	PA1333	1888	2007	120	24 [22]	[0] NA	N_A/–	hypothetical protein/–	SRR15405717
('*', 'evidence/MC_SIDE_1_1280.html')	('*', 'evidence/MC_SIDE_2_1280.html')	('÷', 'evidence/MC_PLOT_1280.html')	PA1430	1	91	91	NA [0]	[51] 60	–/lasR	–/transcriptional regulator LasR	SRR15405717
('*', 'evidence/MC_SIDE_1_1281.html')	('*', 'evidence/MC_SIDE_2_1281.html')	('÷', 'evidence/MC_PLOT_1281.html')	PA1544	1	74	74	NA [0]	[17] 18	–/anr	–/transcriptional regulator Anr	SRR15405717
('*', 'evidence/MC_SIDE_1_1282.html')	('*', 'evidence/MC_SIDE_2_1282.html')	('÷', 'evidence/MC_PLOT_1282.html')	PA1713	1	99	99	NA [0]	[11] 14	–/exsA	–/exoenzyme S transcriptional regulator ExsA	SRR15405717
('*', 'evidence/MC_SIDE_1_1283.html')	('*', 'evidence/MC_SIDE_2_1283.html')	('÷', 'evidence/MC_PLOT_1283.html')	PA2020	1	26	26	NA [0]	[8] 14	–/N_A	–/transcriptional regulator	SRR15405717
('*', 'evidence/MC_SIDE_1_1284.html')	('*', 'evidence/MC_SIDE_2_1284.html')	('÷', 'evidence/MC_PLOT_1284.html')	PA2121	1	42	42	NA [0]	[9] 10	–/N_A	–/transcriptional regulator	SRR15405717
('*', 'evidence/MC_SIDE_1_1285.html')	('*', 'evidence/MC_SIDE_2_1285.html')	('÷', 'evidence/MC_PLOT_1285.html')	PA2121	2374	2706	333	11 [9]	[0] NA	N_A/–	transcriptional regulator/–	SRR15405717
('*', 'evidence/MC_SIDE_1_1286.html')	('*', 'evidence/MC_SIDE_2_1286.html')	('÷', 'evidence/MC_PLOT_1286.html')	PA2312	2124	2382	259	13 [12]	[0] NA	N_A/–	transcriptional regulator/–	SRR15405717
('*', 'evidence/MC_SIDE_1_1287.html')	('*', 'evidence/MC_SIDE_2_1287.html')	('÷', 'evidence/MC_PLOT_1287.html')	PA2435	1	155	155	NA [0]	[7] 8	–/N_A	–/cation‑transporting P‑type ATPase	SRR15405717
('*', 'evidence/MC_SIDE_1_1288.html')	('*', 'evidence/MC_SIDE_2_1288.html')	('÷', 'evidence/MC_PLOT_1288.html')	PA2491	1–567	1625–579	13–1625	NA [0]	[9] 16	[N_A]	[N_A]	SRR15405717
('*', 'evidence/MC_SIDE_1_1289.html')	('*', 'evidence/MC_SIDE_2_1289.html')	('÷', 'evidence/MC_PLOT_1289.html')	PA2492	1	1523–1135	1135–1523	NA [0]	[0] 4	[mexT]	[mexT]	SRR15405717
('*', 'evidence/MC_SIDE_1_1290.html')	('*', 'evidence/MC_SIDE_2_1290.html')	('÷', 'evidence/MC_PLOT_1290.html')	PA2492	1947	2009	63	4 [2]	[0] 6	mexT/–	transcriptional regulator MexT/–	SRR15405717
('*', 'evidence/MC_SIDE_1_1291.html')	('*', 'evidence/MC_SIDE_2_1291.html')	('÷', 'evidence/MC_PLOT_1291.html')	PA2492	2829	2844	16	4 [3]	[0] NA	mexT/–	transcriptional regulator MexT/–	SRR15405717
('*', 'evidence/MC_SIDE_1_1292.html')	('*', 'evidence/MC_SIDE_2_1292.html')	('÷', 'evidence/MC_PLOT_1292.html')	PA3217	3117	3192	76	22 [21]	[0] NA	cyaB/–	protein CyaB/–	SRR15405717
('*', 'evidence/MC_SIDE_1_1293.html')	('*', 'evidence/MC_SIDE_2_1293.html')	('÷', 'evidence/MC_PLOT_1293.html')	PA3476	1	1550–6	6–1550	NA [0]	[18] 19	rhlI	rhlI	SRR15405717
('*', 'evidence/MC_SIDE_1_1294.html')	('*', 'evidence/MC_SIDE_2_1294.html')	('÷', 'evidence/MC_PLOT_1294.html')	PA3476	2371	2406	36	20 [16]	[0] NA	rhlI/–	acyl‑homoserine‑lactone synthase/–	SRR15405717
('*', 'evidence/MC_SIDE_1_1295.html')	('*', 'evidence/MC_SIDE_2_1295.html')	('÷', 'evidence/MC_PLOT_1295.html')	PA3477	996–2525	2526	2–1531	26 [25]	[0] NA	[rhlR]	[rhlR]	SRR15405717
('*', 'evidence/MC_SIDE_1_1296.html')	('*', 'evidence/MC_SIDE_2_1296.html')	('÷', 'evidence/MC_PLOT_1296.html')	PA3565	1	30	30	NA [0]	[7] 8	–/N_A	–/transcriptional regulator	SRR15405717
('*', 'evidence/MC_SIDE_1_1297.html')	('*', 'evidence/MC_SIDE_2_1297.html')	('÷', 'evidence/MC_PLOT_1297.html')	PA3574	2349	2439	91	32 [31]	[0] NA	nalD/–	transcriptional regulator/–	SRR15405717
('*', 'evidence/MC_SIDE_1_1298.html')	('*', 'evidence/MC_SIDE_2_1298.html')	('÷', 'evidence/MC_PLOT_1298.html')	PA3703	2624	2808	185	20 [18]	[0] NA	wspF/–	chemotaxis‑specific methylesterase/–	SRR15405717
('*', 'evidence/MC_SIDE_1_1299.html')	('*', 'evidence/MC_SIDE_2_1299.html')	('÷', 'evidence/MC_PLOT_1299.html')	PA3817	2529	2574	46	14 [10]	[0] NA	N_A/–	methyltransferase/–	SRR15405717
('*', 'evidence/MC_SIDE_1_1300.html')	('*', 'evidence/MC_SIDE_2_1300.html')	('÷', 'evidence/MC_PLOT_1300.html')	PA4462	1	114	114	NA [0]	[19] 20	–/rpoN	–/RNA polymerase factor sigma‑54	SRR15405717
('*', 'evidence/MC_SIDE_1_1301.html')	('*', 'evidence/MC_SIDE_2_1301.html')	('÷', 'evidence/MC_PLOT_1301.html')	PA4522	1	32	32	NA [0]	[11] 15	–/ampD	–/N‑acetyl‑anhydromuranmyl‑L‑alanine amidase	SRR15405717
('*', 'evidence/MC_SIDE_1_1302.html')	('*', 'evidence/MC_SIDE_2_1302.html')	('÷', 'evidence/MC_PLOT_1302.html')	PA4526	1	1687	1687	NA [0]	[7] 9	[pilB]	[pilB]	SRR15405717
('*', 'evidence/MC_SIDE_1_1303.html')	('*', 'evidence/MC_SIDE_2_1303.html')	('÷', 'evidence/MC_PLOT_1303.html')	PA4526	2641	3501	861	12 [7]	[0] NA	pilB/–	type 4 fimbrial biogenesis protein PilB/–	SRR15405717
('*', 'evidence/MC_SIDE_1_1304.html')	('*', 'evidence/MC_SIDE_2_1304.html')	('÷', 'evidence/MC_PLOT_1304.html')	PA4796	1349	2268	920	24 [19]	[0] NA	[N_A]	[N_A]	SRR15405717
('*', 'evidence/MC_SIDE_1_1305.html')	('*', 'evidence/MC_SIDE_2_1305.html')	('÷', 'evidence/MC_PLOT_1305.html')	PA4848	1	40	40	NA [0]	[10] 11	–/accC	–/acetyl‑CoA carboxylase biotin carboxylase subunit	SRR15405717
('*', 'evidence/MC_SIDE_1_1306.html')	('*', 'evidence/MC_SIDE_2_1306.html')	('÷', 'evidence/MC_PLOT_1306.html')	PA4848	3101	3150	50	12 [10]	[0] NA	accC/–	acetyl‑CoA carboxylase biotin carboxylase subunit/–	SRR15405717
('*', 'evidence/MC_SIDE_1_923.html')	('*', 'evidence/MC_SIDE_2_923.html')	('÷', 'evidence/MC_PLOT_923.html')	PA0313	1	49	49	NA [0]	[3] 4	–/N_A	–/L‑cysteine ABC transporter protein YecS	SRR15523648
('*', 'evidence/MC_SIDE_1_924.html')	('*', 'evidence/MC_SIDE_2_924.html')	('÷', 'evidence/MC_PLOT_924.html')	PA0313	1567	1683	117	5 [1]	[3] 4	[N_A]	[N_A]	SRR15523648
('*', 'evidence/MC_SIDE_1_925.html')	('*', 'evidence/MC_SIDE_2_925.html')	('÷', 'evidence/MC_PLOT_925.html')	PA0366	3169	3231	63	13 [12]	[0] NA	N_A/–	coniferyl aldehyde dehydrogenase/–	SRR15523648
('*', 'evidence/MC_SIDE_1_926.html')	('*', 'evidence/MC_SIDE_2_926.html')	('÷', 'evidence/MC_PLOT_926.html')	PA0425	1	180	180	NA [0]	[20] 21	–/mexA	–/multidrug resistance protein MexA	SRR15523648
('*', 'evidence/MC_SIDE_1_927.html')	('*', 'evidence/MC_SIDE_2_927.html')	('÷', 'evidence/MC_PLOT_927.html')	PA0425	2818	2952	135	21 [19]	[0] NA	mexA/–	multidrug resistance protein MexA/–	SRR15523648
('*', 'evidence/MC_SIDE_1_928.html')	('*', 'evidence/MC_SIDE_2_928.html')	('÷', 'evidence/MC_PLOT_928.html')	PA0506	1	773	773	NA [0]	[24] 25	–/N_A	–/acyl‑CoA dehydrogenase	SRR15523648
('*', 'evidence/MC_SIDE_1_929.html')	('*', 'evidence/MC_SIDE_2_929.html')	('÷', 'evidence/MC_PLOT_929.html')	PA0506	3423	3606	184	27 [23]	[0] NA	N_A/–	acyl‑CoA dehydrogenase/–	SRR15523648
('*', 'evidence/MC_SIDE_1_930.html')	('*', 'evidence/MC_SIDE_2_930.html')	('÷', 'evidence/MC_PLOT_930.html')	PA0652	1	51	51	NA [0]	[15] 18	–/vfr	–/cAMP‑regulatory protein	SRR15523648
('*', 'evidence/MC_SIDE_1_931.html')	('*', 'evidence/MC_SIDE_2_931.html')	('÷', 'evidence/MC_PLOT_931.html')	PA0707	1	248	248	NA [0]	[16] 18	–/toxR	–/transcriptional regulator ToxR	SRR15523648
('*', 'evidence/MC_SIDE_1_932.html')	('*', 'evidence/MC_SIDE_2_932.html')	('÷', 'evidence/MC_PLOT_932.html')	PA0707	1859	2143	285	18 [14]	[17] 20	toxR/–	transcriptional regulator ToxR/–	SRR15523648
('*', 'evidence/MC_SIDE_1_933.html')	('*', 'evidence/MC_SIDE_2_933.html')	('÷', 'evidence/MC_PLOT_933.html')	PA0707	2442	2580	139	18 [17]	[0] NA	toxR/–	transcriptional regulator ToxR/–	SRR15523648
('*', 'evidence/MC_SIDE_1_934.html')	('*', 'evidence/MC_SIDE_2_934.html')	('÷', 'evidence/MC_PLOT_934.html')	PA0997	1	105	105	NA [0]	[10] 12	–/pqsB	–/hypothetical protein	SRR15523648
('*', 'evidence/MC_SIDE_1_935.html')	('*', 'evidence/MC_SIDE_2_935.html')	('÷', 'evidence/MC_PLOT_935.html')	PA1097	1	30	30	NA [0]	[11] 13	–/fleQ	–/transcriptional regulator FleQ	SRR15523648
('*', 'evidence/MC_SIDE_1_936.html')	('*', 'evidence/MC_SIDE_2_936.html')	('÷', 'evidence/MC_PLOT_936.html')	PA1179	1887	2478	592	28 [26]	[0] NA	phoP/–	two‑component response regulator PhoP/–	SRR15523648
('*', 'evidence/MC_SIDE_1_937.html')	('*', 'evidence/MC_SIDE_2_937.html')	('÷', 'evidence/MC_PLOT_937.html')	PA1333	1	25	25	NA [0]	[0] 2	–/N_A	–/hypothetical protein	SRR15523648
('*', 'evidence/MC_SIDE_1_938.html')	('*', 'evidence/MC_SIDE_2_938.html')	('÷', 'evidence/MC_PLOT_938.html')	PA1333	1466	1548	83	2 [1]	[0] 2	N_A/–	hypothetical protein/–	SRR15523648
('*', 'evidence/MC_SIDE_1_939.html')	('*', 'evidence/MC_SIDE_2_939.html')	('÷', 'evidence/MC_PLOT_939.html')	PA1333	1930	2007	78	3 [1]	[0] NA	N_A/–	hypothetical protein/–	SRR15523648
('*', 'evidence/MC_SIDE_1_940.html')	('*', 'evidence/MC_SIDE_2_940.html')	('÷', 'evidence/MC_PLOT_940.html')	PA1430	1	27	27	NA [0]	[3] 4	–/lasR	–/transcriptional regulator LasR	SRR15523648
('*', 'evidence/MC_SIDE_1_941.html')	('*', 'evidence/MC_SIDE_2_941.html')	('÷', 'evidence/MC_PLOT_941.html')	PA1544	1	48	48	NA [0]	[2] 4	–/anr	–/transcriptional regulator Anr	SRR15523648
('*', 'evidence/MC_SIDE_1_942.html')	('*', 'evidence/MC_SIDE_2_942.html')	('÷', 'evidence/MC_PLOT_942.html')	PA1544	2439	2535	97	3 [1]	[0] NA	anr/–	transcriptional regulator Anr/–	SRR15523648
('*', 'evidence/MC_SIDE_1_943.html')	('*', 'evidence/MC_SIDE_2_943.html')	('÷', 'evidence/MC_PLOT_943.html')	PA1713	1	74	74	NA [0]	[0] 3	–/exsA	–/exoenzyme S transcriptional regulator ExsA	SRR15523648
('*', 'evidence/MC_SIDE_1_944.html')	('*', 'evidence/MC_SIDE_2_944.html')	('÷', 'evidence/MC_PLOT_944.html')	PA1713	2141	2206	66	3 [1]	[1] 3	exsA/–	exoenzyme S transcriptional regulator ExsA/–	SRR15523648
('*', 'evidence/MC_SIDE_1_945.html')	('*', 'evidence/MC_SIDE_2_945.html')	('÷', 'evidence/MC_PLOT_945.html')	PA1713	2619	2637	19	2 [1]	[0] NA	exsA/–	exoenzyme S transcriptional regulator ExsA/–	SRR15523648
('*', 'evidence/MC_SIDE_1_946.html')	('*', 'evidence/MC_SIDE_2_946.html')	('÷', 'evidence/MC_PLOT_946.html')	PA2020	1	55	55	NA [0]	[7] 11	–/N_A	–/transcriptional regulator	SRR15523648
('*', 'evidence/MC_SIDE_1_947.html')	('*', 'evidence/MC_SIDE_2_947.html')	('÷', 'evidence/MC_PLOT_947.html')	PA2020	2369	2433	65	8 [7]	[0] NA	N_A/–	transcriptional regulator/–	SRR15523648
('*', 'evidence/MC_SIDE_1_948.html')	('*', 'evidence/MC_SIDE_2_948.html')	('÷', 'evidence/MC_PLOT_948.html')	PA2121	1	12	12	NA [0]	[1] 3	–/N_A	–/transcriptional regulator	SRR15523648
('*', 'evidence/MC_SIDE_1_949.html')	('*', 'evidence/MC_SIDE_2_949.html')	('÷', 'evidence/MC_PLOT_949.html')	PA2121	1564	1588	25	2 [0]	[0] 3	N_A	transcriptional regulator	SRR15523648
('*', 'evidence/MC_SIDE_1_950.html')	('*', 'evidence/MC_SIDE_2_950.html')	('÷', 'evidence/MC_PLOT_950.html')	PA2121	1792	1794	3	2 [0]	[0] 2	N_A	transcriptional regulator	SRR15523648
('*', 'evidence/MC_SIDE_1_951.html')	('*', 'evidence/MC_SIDE_2_951.html')	('÷', 'evidence/MC_PLOT_951.html')	PA2121	1882	1908	27	2 [0]	[1] 2	N_A/–	transcriptional regulator/–	SRR15523648
('*', 'evidence/MC_SIDE_1_952.html')	('*', 'evidence/MC_SIDE_2_952.html')	('÷', 'evidence/MC_PLOT_952.html')	PA2121	2317	2706	390	2 [0]	[0] NA	N_A/–	transcriptional regulator/–	SRR15523648
('*', 'evidence/MC_SIDE_1_953.html')	('*', 'evidence/MC_SIDE_2_953.html')	('÷', 'evidence/MC_PLOT_953.html')	PA2312	1	2	2	NA [0]	[0] 2	–/N_A	–/transcriptional regulator	SRR15523648
('*', 'evidence/MC_SIDE_1_954.html')	('*', 'evidence/MC_SIDE_2_954.html')	('÷', 'evidence/MC_PLOT_954.html')	PA2312	531	612	82	2 [0]	[0] 2	–/N_A	–/transcriptional regulator	SRR15523648
('*', 'evidence/MC_SIDE_1_955.html')	('*', 'evidence/MC_SIDE_2_955.html')	('÷', 'evidence/MC_PLOT_955.html')	PA2312	2119	2382	264	6 [1]	[0] NA	N_A/–	transcriptional regulator/–	SRR15523648
('*', 'evidence/MC_SIDE_1_956.html')	('*', 'evidence/MC_SIDE_2_956.html')	('÷', 'evidence/MC_PLOT_956.html')	PA2435	1	220	220	NA [0]	[3] 4	–/N_A	–/cation‑transporting P‑type ATPase	SRR15523648
('*', 'evidence/MC_SIDE_1_957.html')	('*', 'evidence/MC_SIDE_2_957.html')	('÷', 'evidence/MC_PLOT_957.html')	PA2435	948	949	2	13 [0]	[0] 4	N_A	cation‑transporting P‑type ATPase	SRR15523648
('*', 'evidence/MC_SIDE_1_958.html')	('*', 'evidence/MC_SIDE_2_958.html')	('÷', 'evidence/MC_PLOT_958.html')	PA2435	1839	2044	206	4 [3]	[2] 4	N_A	cation‑transporting P‑type ATPase	SRR15523648
('*', 'evidence/MC_SIDE_1_959.html')	('*', 'evidence/MC_SIDE_2_959.html')	('÷', 'evidence/MC_PLOT_959.html')	PA2435	3764	3786	23	4 [3]	[0] NA	N_A/–	cation‑transporting P‑type ATPase/–	SRR15523648
('*', 'evidence/MC_SIDE_1_960.html')	('*', 'evidence/MC_SIDE_2_960.html')	('÷', 'evidence/MC_PLOT_960.html')	PA2491	1	1518–567	567–1518	NA [0]	[11] 13	[N_A]	[N_A]	SRR15523648
('*', 'evidence/MC_SIDE_1_961.html')	('*', 'evidence/MC_SIDE_2_961.html')	('÷', 'evidence/MC_PLOT_961.html')	PA2491	1886	2056	171	13 [11]	[11] 13	[N_A]	[N_A]	SRR15523648
('*', 'evidence/MC_SIDE_1_962.html')	('*', 'evidence/MC_SIDE_2_962.html')	('÷', 'evidence/MC_PLOT_962.html')	PA2492	1	2031	2031	NA [0]	[7] 19	mexT	mexT	SRR15523648
('*', 'evidence/MC_SIDE_1_963.html')	('*', 'evidence/MC_SIDE_2_963.html')	('÷', 'evidence/MC_PLOT_963.html')	PA2492	2809	2844	36	11 [10]	[0] NA	mexT/–	transcriptional regulator MexT/–	SRR15523648
('*', 'evidence/MC_SIDE_1_964.html')	('*', 'evidence/MC_SIDE_2_964.html')	('÷', 'evidence/MC_PLOT_964.html')	PA3217	1	1	1	NA [0]	[0] 2	–/cyaB	–/protein CyaB	SRR15523648
('*', 'evidence/MC_SIDE_1_965.html')	('*', 'evidence/MC_SIDE_2_965.html')	('÷', 'evidence/MC_PLOT_965.html')	PA3217	657	729	73	3 [1]	[0] 2	–/cyaB	–/protein CyaB	SRR15523648
('*', 'evidence/MC_SIDE_1_966.html')	('*', 'evidence/MC_SIDE_2_966.html')	('÷', 'evidence/MC_PLOT_966.html')	PA3217	2321	2336	16	2 [1]	[0] 2	cyaB/–	protein CyaB/–	SRR15523648
('*', 'evidence/MC_SIDE_1_967.html')	('*', 'evidence/MC_SIDE_2_967.html')	('÷', 'evidence/MC_PLOT_967.html')	PA3477	1	4	4	NA [0]	[0] 5	–/rhlR	–/transcriptional regulator RhlR	SRR15523648
('*', 'evidence/MC_SIDE_1_968.html')	('*', 'evidence/MC_SIDE_2_968.html')	('÷', 'evidence/MC_PLOT_968.html')	PA3477	1191–2521	2526	6–1336	2 [1]	[0] NA	[rhlR]	[rhlR]	SRR15523648
('*', 'evidence/MC_SIDE_1_969.html')	('*', 'evidence/MC_SIDE_2_969.html')	('÷', 'evidence/MC_PLOT_969.html')	PA3565	2607	2721	115	13 [11]	[0] NA	N_A/–	transcriptional regulator/–	SRR15523648
('*', 'evidence/MC_SIDE_1_970.html')	('*', 'evidence/MC_SIDE_2_970.html')	('÷', 'evidence/MC_PLOT_970.html')	PA3574	1	104	104	NA [0]	[7] 9	–/nalD	–/transcriptional regulator	SRR15523648
('*', 'evidence/MC_SIDE_1_971.html')	('*', 'evidence/MC_SIDE_2_971.html')	('÷', 'evidence/MC_PLOT_971.html')	PA3574	2402	2439	38	10 [8]	[0] NA	nalD/–	transcriptional regulator/–	SRR15523648
('*', 'evidence/MC_SIDE_1_972.html')	('*', 'evidence/MC_SIDE_2_972.html')	('÷', 'evidence/MC_PLOT_972.html')	PA3703	1	61	61	NA [0]	[2] 4	–/wspF	–/chemotaxis‑specific methylesterase	SRR15523648
('*', 'evidence/MC_SIDE_1_973.html')	('*', 'evidence/MC_SIDE_2_973.html')	('÷', 'evidence/MC_PLOT_973.html')	PA3703	2791	2808	18	4 [1]	[0] NA	wspF/–	chemotaxis‑specific methylesterase/–	SRR15523648
('*', 'evidence/MC_SIDE_1_974.html')	('*', 'evidence/MC_SIDE_2_974.html')	('÷', 'evidence/MC_PLOT_974.html')	PA3817	1	77	77	NA [0]	[15] 16	–/N_A	–/methyltransferase	SRR15523648
('*', 'evidence/MC_SIDE_1_975.html')	('*', 'evidence/MC_SIDE_2_975.html')	('÷', 'evidence/MC_PLOT_975.html')	PA3817	2055	2574	520	16 [15]	[0] NA	N_A/–	methyltransferase/–	SRR15523648
('*', 'evidence/MC_SIDE_1_976.html')	('*', 'evidence/MC_SIDE_2_976.html')	('÷', 'evidence/MC_PLOT_976.html')	PA4420	1	64	64	NA [0]	[16] 23	–/N_A	–/S‑adenosyl‑methyltransferase MraW	SRR15523648
('*', 'evidence/MC_SIDE_1_977.html')	('*', 'evidence/MC_SIDE_2_977.html')	('÷', 'evidence/MC_PLOT_977.html')	PA4420	1350	1624	275	22 [18]	[16] 20	N_A	S‑adenosyl‑methyltransferase MraW	SRR15523648
('*', 'evidence/MC_SIDE_1_978.html')	('*', 'evidence/MC_SIDE_2_978.html')	('÷', 'evidence/MC_PLOT_978.html')	PA4462	3218	3294	77	19 [18]	[0] NA	rpoN/–	RNA polymerase factor sigma‑54/–	SRR15523648
('*', 'evidence/MC_SIDE_1_979.html')	('*', 'evidence/MC_SIDE_2_979.html')	('÷', 'evidence/MC_PLOT_979.html')	PA4522	1	12	12	NA [0]	[0] 2	–/ampD	–/N‑acetyl‑anhydromuranmyl‑L‑alanine amidase	SRR15523648
('*', 'evidence/MC_SIDE_1_980.html')	('*', 'evidence/MC_SIDE_2_980.html')	('÷', 'evidence/MC_PLOT_980.html')	PA4526	1	1634	1634	NA [0]	[0] 2	[pilB]	[pilB]	SRR15523648
('*', 'evidence/MC_SIDE_1_981.html')	('*', 'evidence/MC_SIDE_2_981.html')	('÷', 'evidence/MC_PLOT_981.html')	PA4526	1771	1940	170	2 [0]	[1] 4	pilB	type 4 fimbrial biogenesis protein PilB	SRR15523648
('*', 'evidence/MC_SIDE_1_982.html')	('*', 'evidence/MC_SIDE_2_982.html')	('÷', 'evidence/MC_PLOT_982.html')	PA4526	2284	2416	133	2 [1]	[0] 3	pilB	type 4 fimbrial biogenesis protein PilB	SRR15523648
('*', 'evidence/MC_SIDE_1_983.html')	('*', 'evidence/MC_SIDE_2_983.html')	('÷', 'evidence/MC_PLOT_983.html')	PA4526	2631	3501	871	2 [0]	[0] NA	pilB/–	type 4 fimbrial biogenesis protein PilB/–	SRR15523648
('*', 'evidence/MC_SIDE_1_984.html')	('*', 'evidence/MC_SIDE_2_984.html')	('÷', 'evidence/MC_PLOT_984.html')	PA4796	1	143	143	NA [0]	[9] 13	–/N_A	–/hypothetical protein	SRR15523648
('*', 'evidence/MC_SIDE_1_985.html')	('*', 'evidence/MC_SIDE_2_985.html')	('÷', 'evidence/MC_PLOT_985.html')	PA4796	1327	2268	942	13 [11]	[0] NA	[N_A]	[N_A]	SRR15523648
('*', 'evidence/MC_SIDE_1_986.html')	('*', 'evidence/MC_SIDE_2_986.html')	('÷', 'evidence/MC_PLOT_986.html')	PA4848	1	34	34	NA [0]	[9] 11	–/accC	–/acetyl‑CoA carboxylase biotin carboxylase subunit	SRR15523648
('*', 'evidence/MC_SIDE_1_987.html')	('*', 'evidence/MC_SIDE_2_987.html')	('÷', 'evidence/MC_PLOT_987.html')	PA4848	2248	3150	903	12 [10]	[0] NA	[accC]	[accC]	SRR15523648
('*', 'evidence/MC_SIDE_1_696.html')	('*', 'evidence/MC_SIDE_2_696.html')	('÷', 'evidence/MC_PLOT_696.html')	PA0313	1543	1748	206	54 [50]	[48] 59	[N_A]	[N_A]	SRR15793189
('*', 'evidence/MC_SIDE_1_697.html')	('*', 'evidence/MC_SIDE_2_697.html')	('÷', 'evidence/MC_PLOT_697.html')	PA0506	3549	3606	58	78 [76]	[0] NA	N_A/–	acyl‑CoA dehydrogenase/–	SRR15793189
('*', 'evidence/MC_SIDE_1_698.html')	('*', 'evidence/MC_SIDE_2_698.html')	('÷', 'evidence/MC_PLOT_698.html')	PA0707	1	59	59	NA [0]	[41] 43	–/toxR	–/transcriptional regulator ToxR	SRR15793189
('*', 'evidence/MC_SIDE_1_699.html')	('*', 'evidence/MC_SIDE_2_699.html')	('÷', 'evidence/MC_PLOT_699.html')	PA0707	2459	2580	122	42 [40]	[0] NA	toxR/–	transcriptional regulator ToxR/–	SRR15793189
('*', 'evidence/MC_SIDE_1_700.html')	('*', 'evidence/MC_SIDE_2_700.html')	('÷', 'evidence/MC_PLOT_700.html')	PA0997	1	121	121	NA [0]	[38] 41	–/pqsB	–/hypothetical protein	SRR15793189
('*', 'evidence/MC_SIDE_1_701.html')	('*', 'evidence/MC_SIDE_2_701.html')	('÷', 'evidence/MC_PLOT_701.html')	PA0997	2597	2652	56	41 [39]	[0] NA	pqsB/–	hypothetical protein/–	SRR15793189
('*', 'evidence/MC_SIDE_1_702.html')	('*', 'evidence/MC_SIDE_2_702.html')	('÷', 'evidence/MC_PLOT_702.html')	PA1097	1	666	666	NA [0]	[33] 36	–/fleQ	–/transcriptional regulator FleQ	SRR15793189
('*', 'evidence/MC_SIDE_1_703.html')	('*', 'evidence/MC_SIDE_2_703.html')	('÷', 'evidence/MC_PLOT_703.html')	PA1179	2417	2478	62	49 [40]	[0] NA	phoP/–	two‑component response regulator PhoP/–	SRR15793189
('*', 'evidence/MC_SIDE_1_704.html')	('*', 'evidence/MC_SIDE_2_704.html')	('÷', 'evidence/MC_PLOT_704.html')	PA1544	1	74	74	NA [0]	[44] 47	–/anr	–/transcriptional regulator Anr	SRR15793189
('*', 'evidence/MC_SIDE_1_705.html')	('*', 'evidence/MC_SIDE_2_705.html')	('÷', 'evidence/MC_PLOT_705.html')	PA1713	1	103	103	NA [0]	[49] 50	–/exsA	–/exoenzyme S transcriptional regulator ExsA	SRR15793189
('*', 'evidence/MC_SIDE_1_706.html')	('*', 'evidence/MC_SIDE_2_706.html')	('÷', 'evidence/MC_PLOT_706.html')	PA2020	1	110	110	NA [0]	[45] 49	–/N_A	–/transcriptional regulator	SRR15793189
('*', 'evidence/MC_SIDE_1_707.html')	('*', 'evidence/MC_SIDE_2_707.html')	('÷', 'evidence/MC_PLOT_707.html')	PA2491	1	1623–571	571–1623	NA [0]	[45] 50	[N_A]	[N_A]	SRR15793189
('*', 'evidence/MC_SIDE_1_708.html')	('*', 'evidence/MC_SIDE_2_708.html')	('÷', 'evidence/MC_PLOT_708.html')	PA2492	1	1624–1137	1137–1624	NA [0]	[32] 34	[mexT]	[mexT]	SRR15793189
('*', 'evidence/MC_SIDE_1_709.html')	('*', 'evidence/MC_SIDE_2_709.html')	('÷', 'evidence/MC_PLOT_709.html')	PA3476	1	1551–6	6–1551	NA [0]	[50] 54	rhlI	rhlI	SRR15793189
('*', 'evidence/MC_SIDE_1_710.html')	('*', 'evidence/MC_SIDE_2_710.html')	('÷', 'evidence/MC_PLOT_710.html')	PA3477	978–2524	2526	3–1549	64 [61]	[0] NA	[rhlR]	[rhlR]	SRR15793189
('*', 'evidence/MC_SIDE_1_711.html')	('*', 'evidence/MC_SIDE_2_711.html')	('÷', 'evidence/MC_PLOT_711.html')	PA3565	2595	2721	127	65 [61]	[0] NA	N_A/–	transcriptional regulator/–	SRR15793189
('*', 'evidence/MC_SIDE_1_712.html')	('*', 'evidence/MC_SIDE_2_712.html')	('÷', 'evidence/MC_PLOT_712.html')	PA3817	1	94	94	NA [0]	[41] 45	–/N_A	–/methyltransferase	SRR15793189
('*', 'evidence/MC_SIDE_1_713.html')	('*', 'evidence/MC_SIDE_2_713.html')	('÷', 'evidence/MC_PLOT_713.html')	PA4522	1	63	63	NA [0]	[39] 43	–/ampD	–/N‑acetyl‑anhydromuranmyl‑L‑alanine amidase	SRR15793189
('*', 'evidence/MC_SIDE_1_714.html')	('*', 'evidence/MC_SIDE_2_714.html')	('÷', 'evidence/MC_PLOT_714.html')	PA4526	1	568	568	NA [0]	[49] 55	–/pilB	–/type 4 fimbrial biogenesis protein PilB	SRR15793189
('*', 'evidence/MC_SIDE_1_715.html')	('*', 'evidence/MC_SIDE_2_715.html')	('÷', 'evidence/MC_PLOT_715.html')	PA4526	3413	3501	89	53 [51]	[0] NA	pilB/–	type 4 fimbrial biogenesis protein PilB/–	SRR15793189
('*', 'evidence/MC_SIDE_1_716.html')	('*', 'evidence/MC_SIDE_2_716.html')	('÷', 'evidence/MC_PLOT_716.html')	PA4796	1	78	78	NA [0]	[60] 62	–/N_A	–/hypothetical protein	SRR15793189
('*', 'evidence/MC_SIDE_1_717.html')	('*', 'evidence/MC_SIDE_2_717.html')	('÷', 'evidence/MC_PLOT_717.html')	PA4796	1339	2268	930	62 [59]	[0] NA	[N_A]	[N_A]	SRR15793189
('*', 'evidence/MC_SIDE_1_718.html')	('*', 'evidence/MC_SIDE_2_718.html')	('÷', 'evidence/MC_PLOT_718.html')	PA4848	2260	3150	891	36 [34]	[0] NA	accC/–	acetyl‑CoA carboxylase biotin carboxylase subunit/–	SRR15793189
('*', 'evidence/MC_SIDE_1_1541.html')	('*', 'evidence/MC_SIDE_2_1541.html')	('÷', 'evidence/MC_PLOT_1541.html')	PA0997	1	72	72	NA [0]	[53] 56	–/pqsB	–/hypothetical protein	SRR17017347
('*', 'evidence/MC_SIDE_1_1542.html')	('*', 'evidence/MC_SIDE_2_1542.html')	('÷', 'evidence/MC_PLOT_1542.html')	PA1097	1	620	620	NA [0]	[58] 59	–/fleQ	–/transcriptional regulator FleQ	SRR17017347
('*', 'evidence/MC_SIDE_1_1543.html')	('*', 'evidence/MC_SIDE_2_1543.html')	('÷', 'evidence/MC_PLOT_1543.html')	PA1097	3102	3273	172	59 [56]	[0] NA	fleQ/–	transcriptional regulator FleQ/–	SRR17017347
('*', 'evidence/MC_SIDE_1_1544.html')	('*', 'evidence/MC_SIDE_2_1544.html')	('÷', 'evidence/MC_PLOT_1544.html')	PA1333	1	57	57	NA [0]	[21] 24	–/N_A	–/hypothetical protein	SRR17017347
('*', 'evidence/MC_SIDE_1_1545.html')	('*', 'evidence/MC_SIDE_2_1545.html')	('÷', 'evidence/MC_PLOT_1545.html')	PA1333	1962	2007	46	24 [21]	[0] NA	N_A/–	hypothetical protein/–	SRR17017347
('*', 'evidence/MC_SIDE_1_1546.html')	('*', 'evidence/MC_SIDE_2_1546.html')	('÷', 'evidence/MC_PLOT_1546.html')	PA1544	1	82	82	NA [0]	[47] 53	–/anr	–/transcriptional regulator Anr	SRR17017347
('*', 'evidence/MC_SIDE_1_1547.html')	('*', 'evidence/MC_SIDE_2_1547.html')	('÷', 'evidence/MC_PLOT_1547.html')	PA2121	1	108	108	NA [0]	[21] 24	–/N_A	–/transcriptional regulator	SRR17017347
('*', 'evidence/MC_SIDE_1_1548.html')	('*', 'evidence/MC_SIDE_2_1548.html')	('÷', 'evidence/MC_PLOT_1548.html')	PA2121	2302	2706	405	25 [20]	[0] NA	N_A/–	transcriptional regulator/–	SRR17017347
('*', 'evidence/MC_SIDE_1_1550.html')	('*', 'evidence/MC_SIDE_2_1550.html')	('÷', 'evidence/MC_PLOT_1550.html')	PA2492	1	1595–2	2–1595	NA [0]	[14] 16	[mexT]	[mexT]	SRR17017347
('*', 'evidence/MC_SIDE_1_1551.html')	('*', 'evidence/MC_SIDE_2_1551.html')	('÷', 'evidence/MC_PLOT_1551.html')	PA3476	1	1596–2	2–1596	NA [0]	[63] 64	rhlI	rhlI	SRR17017347
('*', 'evidence/MC_SIDE_1_1552.html')	('*', 'evidence/MC_SIDE_2_1552.html')	('÷', 'evidence/MC_PLOT_1552.html')	PA3477	1002–2524	2526	3–1525	38 [32]	[0] NA	[rhlR]	[rhlR]	SRR17017347
('*', 'evidence/MC_SIDE_1_1553.html')	('*', 'evidence/MC_SIDE_2_1553.html')	('÷', 'evidence/MC_PLOT_1553.html')	PA3565	1867	2097	231	8 [6]	[3] 8	N_A/–	transcriptional regulator/–	SRR17017347
('*', 'evidence/MC_SIDE_1_1554.html')	('*', 'evidence/MC_SIDE_2_1554.html')	('÷', 'evidence/MC_PLOT_1554.html')	PA3703	1	54	54	NA [0]	[33] 36	–/wspF	–/chemotaxis‑specific methylesterase	SRR17017347
('*', 'evidence/MC_SIDE_1_1555.html')	('*', 'evidence/MC_SIDE_2_1555.html')	('÷', 'evidence/MC_PLOT_1555.html')	PA3703	2642	2808	167	37 [34]	[0] NA	wspF/–	chemotaxis‑specific methylesterase/–	SRR17017347
('*', 'evidence/MC_SIDE_1_1556.html')	('*', 'evidence/MC_SIDE_2_1556.html')	('÷', 'evidence/MC_PLOT_1556.html')	PA4526	113	1504	1392	8 [5]	[6] 7	[pilB]	[pilB]	SRR17017347
('*', 'evidence/MC_SIDE_1_1557.html')	('*', 'evidence/MC_SIDE_2_1557.html')	('÷', 'evidence/MC_PLOT_1557.html')	PA4526	1517	1619	103	7 [6]	[5] 7	pilB	type 4 fimbrial biogenesis protein PilB	SRR17017347
('*', 'evidence/MC_SIDE_1_1558.html')	('*', 'evidence/MC_SIDE_2_1558.html')	('÷', 'evidence/MC_PLOT_1558.html')	PA4526	2319	2417	99	7 [6]	[6] 10	pilB	type 4 fimbrial biogenesis protein PilB	SRR17017347
('*', 'evidence/MC_SIDE_1_1559.html')	('*', 'evidence/MC_SIDE_2_1559.html')	('÷', 'evidence/MC_PLOT_1559.html')	PA4526	2625	3501	877	13 [6]	[0] NA	pilB/–	type 4 fimbrial biogenesis protein PilB/–	SRR17017347
('*', 'evidence/MC_SIDE_1_1560.html')	('*', 'evidence/MC_SIDE_2_1560.html')	('÷', 'evidence/MC_PLOT_1560.html')	PA4796	1372	2268	897	47 [46]	[0] NA	N_A/–	hypothetical protein/–	SRR17017347
('*', 'evidence/MC_SIDE_1_1561.html')	('*', 'evidence/MC_SIDE_2_1561.html')	('÷', 'evidence/MC_PLOT_1561.html')	PA4848	2248	3150	903	32 [27]	[0] NA	[accC]	[accC]	SRR17017347
('*', 'evidence/MC_SIDE_1_15.html')	('*', 'evidence/MC_SIDE_2_15.html')	('÷', 'evidence/MC_PLOT_15.html')	PA0313	1	217	217	NA [0]	[40] 41	–/N_A	–/L‑cysteine ABC transporter protein YecS	SRR17036807
('*', 'evidence/MC_SIDE_1_16.html')	('*', 'evidence/MC_SIDE_2_16.html')	('÷', 'evidence/MC_PLOT_16.html')	PA0313	2281	2493	213	41 [39]	[0] NA	N_A/–	L‑cysteine ABC transporter protein YecS/–	SRR17036807
('*', 'evidence/MC_SIDE_1_17.html')	('*', 'evidence/MC_SIDE_2_17.html')	('÷', 'evidence/MC_PLOT_17.html')	PA0506	3377	3606	230	45 [44]	[0] NA	N_A/–	acyl‑CoA dehydrogenase/–	SRR17036807
('*', 'evidence/MC_SIDE_1_18.html')	('*', 'evidence/MC_SIDE_2_18.html')	('÷', 'evidence/MC_PLOT_18.html')	PA0707	2369	2580	212	36 [35]	[0] NA	toxR/–	transcriptional regulator ToxR/–	SRR17036807
('*', 'evidence/MC_SIDE_1_19.html')	('*', 'evidence/MC_SIDE_2_19.html')	('÷', 'evidence/MC_PLOT_19.html')	PA1333	1	137	137	NA [0]	[20] 21	–/N_A	–/hypothetical protein	SRR17036807
('*', 'evidence/MC_SIDE_1_20.html')	('*', 'evidence/MC_SIDE_2_20.html')	('÷', 'evidence/MC_PLOT_20.html')	PA1544	2423	2535	113	32 [30]	[0] NA	anr/–	transcriptional regulator Anr/–	SRR17036807
('*', 'evidence/MC_SIDE_1_21.html')	('*', 'evidence/MC_SIDE_2_21.html')	('÷', 'evidence/MC_PLOT_21.html')	PA1713	2517	2637	121	25 [24]	[0] NA	exsA/–	exoenzyme S transcriptional regulator ExsA/–	SRR17036807
('*', 'evidence/MC_SIDE_1_22.html')	('*', 'evidence/MC_SIDE_2_22.html')	('÷', 'evidence/MC_PLOT_22.html')	PA2020	1	77	77	NA [0]	[17] 19	–/N_A	–/transcriptional regulator	SRR17036807
('*', 'evidence/MC_SIDE_1_23.html')	('*', 'evidence/MC_SIDE_2_23.html')	('÷', 'evidence/MC_PLOT_23.html')	PA2020	2320	2433	114	19 [18]	[0] NA	N_A/–	transcriptional regulator/–	SRR17036807
('*', 'evidence/MC_SIDE_1_24.html')	('*', 'evidence/MC_SIDE_2_24.html')	('÷', 'evidence/MC_PLOT_24.html')	PA2121	2508	2706	199	29 [27]	[0] NA	N_A/–	transcriptional regulator/–	SRR17036807
('*', 'evidence/MC_SIDE_1_25.html')	('*', 'evidence/MC_SIDE_2_25.html')	('÷', 'evidence/MC_PLOT_25.html')	PA2491	1	1617–565	565–1617	NA [0]	[37] 38	[N_A]	[N_A]	SRR17036807
('*', 'evidence/MC_SIDE_1_26.html')	('*', 'evidence/MC_SIDE_2_26.html')	('÷', 'evidence/MC_PLOT_26.html')	PA2492	1	1575–1141	1141–1575	NA [0]	[33] 34	[mexT]	[mexT]	SRR17036807
('*', 'evidence/MC_SIDE_1_27.html')	('*', 'evidence/MC_SIDE_2_27.html')	('÷', 'evidence/MC_PLOT_27.html')	PA3217	1	189	189	NA [0]	[35] 36	–/cyaB	–/protein CyaB	SRR17036807
('*', 'evidence/MC_SIDE_1_28.html')	('*', 'evidence/MC_SIDE_2_28.html')	('÷', 'evidence/MC_PLOT_28.html')	PA3476	1	1413–2	2–1413	NA [0]	[25] 26	[rhlI]	[rhlI]	SRR17036807
('*', 'evidence/MC_SIDE_1_29.html')	('*', 'evidence/MC_SIDE_2_29.html')	('÷', 'evidence/MC_PLOT_29.html')	PA3477	1079–2524	2526	3–1448	28 [27]	[0] NA	[rhlR]	[rhlR]	SRR17036807
('*', 'evidence/MC_SIDE_1_30.html')	('*', 'evidence/MC_SIDE_2_30.html')	('÷', 'evidence/MC_PLOT_30.html')	PA3574	1	116	116	NA [0]	[24] 25	–/nalD	–/transcriptional regulator	SRR17036807
('*', 'evidence/MC_SIDE_1_31.html')	('*', 'evidence/MC_SIDE_2_31.html')	('÷', 'evidence/MC_PLOT_31.html')	PA3703	1	154	154	NA [0]	[41] 42	–/wspF	–/chemotaxis‑specific methylesterase	SRR17036807
('*', 'evidence/MC_SIDE_1_32.html')	('*', 'evidence/MC_SIDE_2_32.html')	('÷', 'evidence/MC_PLOT_32.html')	PA3703	2657	2808	152	42 [41]	[0] NA	wspF/–	chemotaxis‑specific methylesterase/–	SRR17036807
('*', 'evidence/MC_SIDE_1_33.html')	('*', 'evidence/MC_SIDE_2_33.html')	('÷', 'evidence/MC_PLOT_33.html')	PA3817	2431	2574	144	41 [40]	[0] NA	N_A/–	methyltransferase/–	SRR17036807
('*', 'evidence/MC_SIDE_1_34.html')	('*', 'evidence/MC_SIDE_2_34.html')	('÷', 'evidence/MC_PLOT_34.html')	PA4420	2445	2742	298	48 [46]	[0] NA	N_A/–	S‑adenosyl‑methyltransferase MraW/–	SRR17036807
('*', 'evidence/MC_SIDE_1_35.html')	('*', 'evidence/MC_SIDE_2_35.html')	('÷', 'evidence/MC_PLOT_35.html')	PA4522	1	256	256	NA [0]	[36] 37	–/ampD	–/N‑acetyl‑anhydromuranmyl‑L‑alanine amidase	SRR17036807
('*', 'evidence/MC_SIDE_1_36.html')	('*', 'evidence/MC_SIDE_2_36.html')	('÷', 'evidence/MC_PLOT_36.html')	PA4522	2186	2367	182	37 [36]	[0] NA	ampD/–	N‑acetyl‑anhydromuranmyl‑L‑alanine amidase/–	SRR17036807
('*', 'evidence/MC_SIDE_1_37.html')	('*', 'evidence/MC_SIDE_2_37.html')	('÷', 'evidence/MC_PLOT_37.html')	PA4526	1	160	160	NA [0]	[45] 46	–/pilB	–/type 4 fimbrial biogenesis protein PilB	SRR17036807
('*', 'evidence/MC_SIDE_1_39.html')	('*', 'evidence/MC_SIDE_2_39.html')	('÷', 'evidence/MC_PLOT_39.html')	PA4526	3262	3501	240	47 [45]	[0] NA	pilB/–	type 4 fimbrial biogenesis protein PilB/–	SRR17036807
('*', 'evidence/MC_SIDE_1_40.html')	('*', 'evidence/MC_SIDE_2_40.html')	('÷', 'evidence/MC_PLOT_40.html')	PA4796	1	82	82	NA [0]	[14] 15	–/N_A	–/hypothetical protein	SRR17036807
('*', 'evidence/MC_SIDE_1_1222.html')	('*', 'evidence/MC_SIDE_2_1222.html')	('÷', 'evidence/MC_PLOT_1222.html')	PA0506	1	111	111	NA [0]	[108] 112	–/N_A	–/acyl‑CoA dehydrogenase	SRR17283908
('*', 'evidence/MC_SIDE_1_1223.html')	('*', 'evidence/MC_SIDE_2_1223.html')	('÷', 'evidence/MC_PLOT_1223.html')	PA0506	248	775	528	110 [107]	[108] 110	–/N_A	–/acyl‑CoA dehydrogenase	SRR17283908
('*', 'evidence/MC_SIDE_1_1224.html')	('*', 'evidence/MC_SIDE_2_1224.html')	('÷', 'evidence/MC_PLOT_1224.html')	PA0506	3519	3606	88	109 [108]	[0] NA	N_A/–	acyl‑CoA dehydrogenase/–	SRR17283908
('*', 'evidence/MC_SIDE_1_1225.html')	('*', 'evidence/MC_SIDE_2_1225.html')	('÷', 'evidence/MC_PLOT_1225.html')	PA0707	2251	2580	330	102 [99]	[0] NA	toxR/–	transcriptional regulator ToxR/–	SRR17283908
('*', 'evidence/MC_SIDE_1_1226.html')	('*', 'evidence/MC_SIDE_2_1226.html')	('÷', 'evidence/MC_PLOT_1226.html')	PA1097	1	688	688	NA [0]	[108] 109	–/fleQ	–/transcriptional regulator FleQ	SRR17283908
('*', 'evidence/MC_SIDE_1_1227.html')	('*', 'evidence/MC_SIDE_2_1227.html')	('÷', 'evidence/MC_PLOT_1227.html')	PA1430	1	110	110	NA [0]	[82] 85	–/lasR	–/transcriptional regulator LasR	SRR17283908
('*', 'evidence/MC_SIDE_1_1230.html')	('*', 'evidence/MC_SIDE_2_1230.html')	('÷', 'evidence/MC_PLOT_1230.html')	PA2312	2085	2382	298	69 [67]	[0] NA	N_A/–	transcriptional regulator/–	SRR17283908
('*', 'evidence/MC_SIDE_1_1231.html')	('*', 'evidence/MC_SIDE_2_1231.html')	('÷', 'evidence/MC_PLOT_1231.html')	PA2491	1	1638–2	2–1638	NA [0]	[93] 94	[N_A]	[N_A]	SRR17283908
('*', 'evidence/MC_SIDE_1_1232.html')	('*', 'evidence/MC_SIDE_2_1232.html')	('÷', 'evidence/MC_PLOT_1232.html')	PA2491	1874	2066	193	94 [93]	[91] 94	[N_A]	[N_A]	SRR17283908
('*', 'evidence/MC_SIDE_1_1233.html')	('*', 'evidence/MC_SIDE_2_1233.html')	('÷', 'evidence/MC_PLOT_1233.html')	PA2492	1	1621–4	4–1621	NA [0]	[50] 52	[mexT]	[mexT]	SRR17283908
('*', 'evidence/MC_SIDE_1_1234.html')	('*', 'evidence/MC_SIDE_2_1234.html')	('÷', 'evidence/MC_PLOT_1234.html')	PA2492	1828	2048	221	52 [50]	[51] 54	[mexT]	[mexT]	SRR17283908
('*', 'evidence/MC_SIDE_1_1235.html')	('*', 'evidence/MC_SIDE_2_1235.html')	('÷', 'evidence/MC_PLOT_1235.html')	PA3477	957–2524	2526	3–1570	94 [93]	[0] NA	[rhlR]	[rhlR]	SRR17283908
('*', 'evidence/MC_SIDE_1_1236.html')	('*', 'evidence/MC_SIDE_2_1236.html')	('÷', 'evidence/MC_PLOT_1236.html')	PA3817	2344	2574	231	82 [81]	[0] NA	N_A/–	methyltransferase/–	SRR17283908
('*', 'evidence/MC_SIDE_1_1237.html')	('*', 'evidence/MC_SIDE_2_1237.html')	('÷', 'evidence/MC_PLOT_1237.html')	PA4526	149	1660	1512	9 [5]	[5] 6	[pilB]	[pilB]	SRR17283908
('*', 'evidence/MC_SIDE_1_1238.html')	('*', 'evidence/MC_SIDE_2_1238.html')	('÷', 'evidence/MC_PLOT_1238.html')	PA4526	1818	1858	41	6 [4]	[5] 6	pilB	type 4 fimbrial biogenesis protein PilB	SRR17283908
('*', 'evidence/MC_SIDE_1_1239.html')	('*', 'evidence/MC_SIDE_2_1239.html')	('÷', 'evidence/MC_PLOT_1239.html')	PA4526	2384	2423	40	8 [4]	[5] 8	pilB	type 4 fimbrial biogenesis protein PilB	SRR17283908
('*', 'evidence/MC_SIDE_1_1240.html')	('*', 'evidence/MC_SIDE_2_1240.html')	('÷', 'evidence/MC_PLOT_1240.html')	PA4526	2631	3501	871	11 [0]	[0] NA	pilB/–	type 4 fimbrial biogenesis protein PilB/–	SRR17283908
('*', 'evidence/MC_SIDE_1_1241.html')	('*', 'evidence/MC_SIDE_2_1241.html')	('÷', 'evidence/MC_PLOT_1241.html')	PA4796	1320	2268	949	106 [103]	[0] NA	[N_A]	[N_A]	SRR17283908
('*', 'evidence/MC_SIDE_1_811.html')	('*', 'evidence/MC_SIDE_2_811.html')	('÷', 'evidence/MC_PLOT_811.html')	PA1333	1966	2007	42	49 [48]	[0] NA	N_A/–	hypothetical protein/–	SRR1825713
('*', 'evidence/MC_SIDE_1_812.html')	('*', 'evidence/MC_SIDE_2_812.html')	('÷', 'evidence/MC_PLOT_812.html')	PA2121	2358	2706	349	60 [58]	[0] NA	N_A/–	transcriptional regulator/–	SRR1825713
('*', 'evidence/MC_SIDE_1_813.html')	('*', 'evidence/MC_SIDE_2_813.html')	('÷', 'evidence/MC_PLOT_813.html')	PA2491	1940	2010	71	60 [59]	[58] 60	N_A/–	oxidoreductase/–	SRR1825713
('*', 'evidence/MC_SIDE_1_814.html')	('*', 'evidence/MC_SIDE_2_814.html')	('÷', 'evidence/MC_PLOT_814.html')	PA2492	1	1666–2	2–1666	NA [0]	[54] 57	[mexT]	[mexT]	SRR1825713
('*', 'evidence/MC_SIDE_1_815.html')	('*', 'evidence/MC_SIDE_2_815.html')	('÷', 'evidence/MC_PLOT_815.html')	PA4526	151	1496	1346	14 [13]	[13] 15	[pilB]	[pilB]	SRR1825713
('*', 'evidence/MC_SIDE_1_816.html')	('*', 'evidence/MC_SIDE_2_816.html')	('÷', 'evidence/MC_PLOT_816.html')	PA4526	2338	2419	82	14 [13]	[11] 14	pilB	type 4 fimbrial biogenesis protein PilB	SRR1825713
('*', 'evidence/MC_SIDE_1_817.html')	('*', 'evidence/MC_SIDE_2_817.html')	('÷', 'evidence/MC_PLOT_817.html')	PA4526	2625	3501	877	14 [10]	[0] NA	pilB/–	type 4 fimbrial biogenesis protein PilB/–	SRR1825713
('*', 'evidence/MC_SIDE_1_1303.html')	('*', 'evidence/MC_SIDE_2_1303.html')	('÷', 'evidence/MC_PLOT_1303.html')	PA0313	1	86	86	NA [0]	[54] 68	–/N_A	–/L‑cysteine ABC transporter protein YecS	SRR18286280
('*', 'evidence/MC_SIDE_1_1304.html')	('*', 'evidence/MC_SIDE_2_1304.html')	('÷', 'evidence/MC_PLOT_1304.html')	PA0425	118	195	78	152 [118]	[120] 133	–/mexA	–/multidrug resistance protein MexA	SRR18286280
('*', 'evidence/MC_SIDE_1_1305.html')	('*', 'evidence/MC_SIDE_2_1305.html')	('÷', 'evidence/MC_PLOT_1305.html')	PA0506	3589	3606	18	63 [53]	[0] NA	N_A/–	acyl‑CoA dehydrogenase/–	SRR18286280
('*', 'evidence/MC_SIDE_1_1306.html')	('*', 'evidence/MC_SIDE_2_1306.html')	('÷', 'evidence/MC_PLOT_1306.html')	PA0707	1	4	4	NA [0]	[0] 10	–/toxR	–/transcriptional regulator ToxR	SRR18286280
('*', 'evidence/MC_SIDE_1_1307.html')	('*', 'evidence/MC_SIDE_2_1307.html')	('÷', 'evidence/MC_PLOT_1307.html')	PA1097	723	817	95	5 [0]	[0] 29	–/fleQ	–/transcriptional regulator FleQ	SRR18286280
('*', 'evidence/MC_SIDE_1_1308.html')	('*', 'evidence/MC_SIDE_2_1308.html')	('÷', 'evidence/MC_PLOT_1308.html')	PA1333	1873	2007	135	47 [33]	[6] NA	N_A/–	hypothetical protein/–	SRR18286280
('*', 'evidence/MC_SIDE_1_1309.html')	('*', 'evidence/MC_SIDE_2_1309.html')	('÷', 'evidence/MC_PLOT_1309.html')	PA1544	851	868	18	52 [36]	[20] 69	–/anr	–/transcriptional regulator Anr	SRR18286280
('*', 'evidence/MC_SIDE_1_1310.html')	('*', 'evidence/MC_SIDE_2_1310.html')	('÷', 'evidence/MC_PLOT_1310.html')	PA2121	1	42	42	NA [0]	[0] 12	–/N_A	–/transcriptional regulator	SRR18286280
('*', 'evidence/MC_SIDE_1_1311.html')	('*', 'evidence/MC_SIDE_2_1311.html')	('÷', 'evidence/MC_PLOT_1311.html')	PA2121	2696	2706	11	30 [9]	[0] NA	N_A/–	transcriptional regulator/–	SRR18286280
('*', 'evidence/MC_SIDE_1_1312.html')	('*', 'evidence/MC_SIDE_2_1312.html')	('÷', 'evidence/MC_PLOT_1312.html')	PA2312	499	653	155	140 [18]	[29] 37	–/N_A	–/transcriptional regulator	SRR18286280
('*', 'evidence/MC_SIDE_1_1313.html')	('*', 'evidence/MC_SIDE_2_1313.html')	('÷', 'evidence/MC_PLOT_1313.html')	PA2312	2182	2382	201	42 [32]	[0] NA	N_A/–	transcriptional regulator/–	SRR18286280
('*', 'evidence/MC_SIDE_1_1314.html')	('*', 'evidence/MC_SIDE_2_1314.html')	('÷', 'evidence/MC_PLOT_1314.html')	PA2491	1	1631–4	4–1631	NA [0]	[123] 149	[N_A]	[N_A]	SRR18286280
('*', 'evidence/MC_SIDE_1_1315.html')	('*', 'evidence/MC_SIDE_2_1315.html')	('÷', 'evidence/MC_PLOT_1315.html')	PA2492	2048	2049	2	3 [0]	[0] 12	mexT/–	transcriptional regulator MexT/–	SRR18286280
('*', 'evidence/MC_SIDE_1_1316.html')	('*', 'evidence/MC_SIDE_2_1316.html')	('÷', 'evidence/MC_PLOT_1316.html')	PA3217	3094	3192	99	22 [4]	[0] NA	cyaB/–	protein CyaB/–	SRR18286280
('*', 'evidence/MC_SIDE_1_1317.html')	('*', 'evidence/MC_SIDE_2_1317.html')	('÷', 'evidence/MC_PLOT_1317.html')	PA3476	2369	2406	38	65 [53]	[0] NA	rhlI/–	acyl‑homoserine‑lactone synthase/–	SRR18286280
('*', 'evidence/MC_SIDE_1_1318.html')	('*', 'evidence/MC_SIDE_2_1318.html')	('÷', 'evidence/MC_PLOT_1318.html')	PA3477	921–2525	2526	2–1606	912 [905]	[0] NA	[rhlR]	[rhlR]	SRR18286280
('*', 'evidence/MC_SIDE_1_1319.html')	('*', 'evidence/MC_SIDE_2_1319.html')	('÷', 'evidence/MC_PLOT_1319.html')	PA3574	2418	2439	22	56 [43]	[0] NA	nalD/–	transcriptional regulator/–	SRR18286280
('*', 'evidence/MC_SIDE_1_1320.html')	('*', 'evidence/MC_SIDE_2_1320.html')	('÷', 'evidence/MC_PLOT_1320.html')	PA4462	1	1	1	NA [0]	[0] 55	–/rpoN	–/RNA polymerase factor sigma‑54	SRR18286280
('*', 'evidence/MC_SIDE_1_1321.html')	('*', 'evidence/MC_SIDE_2_1321.html')	('÷', 'evidence/MC_PLOT_1321.html')	PA4526	1	45	45	NA [0]	[31] 37	–/pilB	–/type 4 fimbrial biogenesis protein PilB	SRR18286280
('*', 'evidence/MC_SIDE_1_1322.html')	('*', 'evidence/MC_SIDE_2_1322.html')	('÷', 'evidence/MC_PLOT_1322.html')	PA4526	149	601	453	34 [0]	[7] 41	–/pilB	–/type 4 fimbrial biogenesis protein PilB	SRR18286280
('*', 'evidence/MC_SIDE_1_1323.html')	('*', 'evidence/MC_SIDE_2_1323.html')	('÷', 'evidence/MC_PLOT_1323.html')	PA4526	2639	3501	863	42 [29]	[0] NA	pilB/–	type 4 fimbrial biogenesis protein PilB/–	SRR18286280
('*', 'evidence/MC_SIDE_1_1324.html')	('*', 'evidence/MC_SIDE_2_1324.html')	('÷', 'evidence/MC_PLOT_1324.html')	PA4796	1431	2268	838	21 [3]	[0] NA	N_A/–	hypothetical protein/–	SRR18286280
('*', 'evidence/MC_SIDE_1_1325.html')	('*', 'evidence/MC_SIDE_2_1325.html')	('÷', 'evidence/MC_PLOT_1325.html')	PA4848	573	577	5	1270 [0]	[0] 37	–/accC	–/acetyl‑CoA carboxylase biotin carboxylase subunit	SRR18286280
('*', 'evidence/MC_SIDE_1_1326.html')	('*', 'evidence/MC_SIDE_2_1326.html')	('÷', 'evidence/MC_PLOT_1326.html')	PA4848	3135	3150	16	10 [7]	[0] NA	accC/–	acetyl‑CoA carboxylase biotin carboxylase subunit/–	SRR18286280
('*', 'evidence/MC_SIDE_1_832.html')	('*', 'evidence/MC_SIDE_2_832.html')	('÷', 'evidence/MC_PLOT_832.html')	PA0313	1	91	91	NA [0]	[49] 52	–/N_A	–/L‑cysteine ABC transporter protein YecS	SRR18924763
('*', 'evidence/MC_SIDE_1_833.html')	('*', 'evidence/MC_SIDE_2_833.html')	('÷', 'evidence/MC_PLOT_833.html')	PA0506	3555	3606	52	58 [55]	[0] NA	N_A/–	acyl‑CoA dehydrogenase/–	SRR18924763
('*', 'evidence/MC_SIDE_1_834.html')	('*', 'evidence/MC_SIDE_2_834.html')	('÷', 'evidence/MC_PLOT_834.html')	PA0707	1	106	106	NA [0]	[56] 63	–/toxR	–/transcriptional regulator ToxR	SRR18924763
('*', 'evidence/MC_SIDE_1_835.html')	('*', 'evidence/MC_SIDE_2_835.html')	('÷', 'evidence/MC_PLOT_835.html')	PA0707	2467	2580	114	62 [60]	[0] NA	toxR/–	transcriptional regulator ToxR/–	SRR18924763
('*', 'evidence/MC_SIDE_1_836.html')	('*', 'evidence/MC_SIDE_2_836.html')	('÷', 'evidence/MC_PLOT_836.html')	PA1097	1	683	683	NA [0]	[54] 64	–/fleQ	–/transcriptional regulator FleQ	SRR18924763
('*', 'evidence/MC_SIDE_1_837.html')	('*', 'evidence/MC_SIDE_2_837.html')	('÷', 'evidence/MC_PLOT_837.html')	PA1179	2413	2478	66	51 [47]	[0] NA	phoP/–	two‑component response regulator PhoP/–	SRR18924763
('*', 'evidence/MC_SIDE_1_838.html')	('*', 'evidence/MC_SIDE_2_838.html')	('÷', 'evidence/MC_PLOT_838.html')	PA1544	1	87	87	NA [0]	[56] 57	–/anr	–/transcriptional regulator Anr	SRR18924763
('*', 'evidence/MC_SIDE_1_839.html')	('*', 'evidence/MC_SIDE_2_839.html')	('÷', 'evidence/MC_PLOT_839.html')	PA2121	2296	2706	411	53 [52]	[0] NA	N_A/–	transcriptional regulator/–	SRR18924763
('*', 'evidence/MC_SIDE_1_840.html')	('*', 'evidence/MC_SIDE_2_840.html')	('÷', 'evidence/MC_PLOT_840.html')	PA2491	1	1615–5	5–1615	NA [0]	[59] 62	[N_A]	[N_A]	SRR18924763
('*', 'evidence/MC_SIDE_1_841.html')	('*', 'evidence/MC_SIDE_2_841.html')	('÷', 'evidence/MC_PLOT_841.html')	PA2492	1	1570–2	2–1570	NA [0]	[38] 43	[mexT]	[mexT]	SRR18924763
('*', 'evidence/MC_SIDE_1_842.html')	('*', 'evidence/MC_SIDE_2_842.html')	('÷', 'evidence/MC_PLOT_842.html')	PA2492	1913	2042	130	41 [30]	[38] 39	[mexT]	[mexT]	SRR18924763
('*', 'evidence/MC_SIDE_1_843.html')	('*', 'evidence/MC_SIDE_2_843.html')	('÷', 'evidence/MC_PLOT_843.html')	PA3477	940–2525	2526	2–1587	62 [61]	[0] NA	[rhlR]	[rhlR]	SRR18924763
('*', 'evidence/MC_SIDE_1_844.html')	('*', 'evidence/MC_SIDE_2_844.html')	('÷', 'evidence/MC_PLOT_844.html')	PA3574	1	115	115	NA [0]	[55] 58	–/nalD	–/transcriptional regulator	SRR18924763
('*', 'evidence/MC_SIDE_1_845.html')	('*', 'evidence/MC_SIDE_2_845.html')	('÷', 'evidence/MC_PLOT_845.html')	PA4420	1351	1518	168	53 [51]	[40] 58	N_A	S‑adenosyl‑methyltransferase MraW	SRR18924763
('*', 'evidence/MC_SIDE_1_846.html')	('*', 'evidence/MC_SIDE_2_846.html')	('÷', 'evidence/MC_PLOT_846.html')	PA4522	2272	2367	96	56 [50]	[0] NA	ampD/–	N‑acetyl‑anhydromuranmyl‑L‑alanine amidase/–	SRR18924763
('*', 'evidence/MC_SIDE_1_847.html')	('*', 'evidence/MC_SIDE_2_847.html')	('÷', 'evidence/MC_PLOT_847.html')	PA4526	1	1877	1877	NA [0]	[16] 20	[pilB]	[pilB]	SRR18924763
('*', 'evidence/MC_SIDE_1_848.html')	('*', 'evidence/MC_SIDE_2_848.html')	('÷', 'evidence/MC_PLOT_848.html')	PA4526	2294	2445	152	19 [16]	[16] 18	pilB	type 4 fimbrial biogenesis protein PilB	SRR18924763
('*', 'evidence/MC_SIDE_1_849.html')	('*', 'evidence/MC_SIDE_2_849.html')	('÷', 'evidence/MC_PLOT_849.html')	PA4526	2613	3501	889	18 [16]	[0] NA	pilB/–	type 4 fimbrial biogenesis protein PilB/–	SRR18924763
('*', 'evidence/MC_SIDE_1_850.html')	('*', 'evidence/MC_SIDE_2_850.html')	('÷', 'evidence/MC_PLOT_850.html')	PA4796	1354	2268	915	57 [54]	[0] NA	[N_A]	[N_A]	SRR18924763
('*', 'evidence/MC_SIDE_1_851.html')	('*', 'evidence/MC_SIDE_2_851.html')	('÷', 'evidence/MC_PLOT_851.html')	PA4848	1	99	99	NA [0]	[52] 54	–/accC	–/acetyl‑CoA carboxylase biotin carboxylase subunit	SRR18924763
('*', 'evidence/MC_SIDE_1_687.html')	('*', 'evidence/MC_SIDE_2_687.html')	('÷', 'evidence/MC_PLOT_687.html')	PA0707	2122	2580	459	164 [155]	[0] NA	toxR/–	transcriptional regulator ToxR/–	SRR19575446
('*', 'evidence/MC_SIDE_1_688.html')	('*', 'evidence/MC_SIDE_2_688.html')	('÷', 'evidence/MC_PLOT_688.html')	PA1097	1	757	757	NA [0]	[143] 145	–/fleQ	–/transcriptional regulator FleQ	SRR19575446
('*', 'evidence/MC_SIDE_1_689.html')	('*', 'evidence/MC_SIDE_2_689.html')	('÷', 'evidence/MC_PLOT_689.html')	PA1179	2329	2478	150	164 [145]	[0] NA	phoP/–	two‑component response regulator PhoP/–	SRR19575446
('*', 'evidence/MC_SIDE_1_690.html')	('*', 'evidence/MC_SIDE_2_690.html')	('÷', 'evidence/MC_PLOT_690.html')	PA2020	2271	2433	163	127 [123]	[0] NA	N_A/–	transcriptional regulator/–	SRR19575446
('*', 'evidence/MC_SIDE_1_691.html')	('*', 'evidence/MC_SIDE_2_691.html')	('÷', 'evidence/MC_PLOT_691.html')	PA2121	2235	2706	472	143 [140]	[0] NA	N_A/–	transcriptional regulator/–	SRR19575446
('*', 'evidence/MC_SIDE_1_692.html')	('*', 'evidence/MC_SIDE_2_692.html')	('÷', 'evidence/MC_PLOT_692.html')	PA2491	1	1655–3	3–1655	NA [0]	[161] 164	[N_A]	[N_A]	SRR19575446
('*', 'evidence/MC_SIDE_1_693.html')	('*', 'evidence/MC_SIDE_2_693.html')	('÷', 'evidence/MC_PLOT_693.html')	PA2492	1	1603–2	2–1603	NA [0]	[130] 134	[mexT]	[mexT]	SRR19575446
('*', 'evidence/MC_SIDE_1_694.html')	('*', 'evidence/MC_SIDE_2_694.html')	('÷', 'evidence/MC_PLOT_694.html')	PA3476	1	1422–3	3–1422	NA [0]	[40] 43	[rhlI]	[rhlI]	SRR19575446
('*', 'evidence/MC_SIDE_1_695.html')	('*', 'evidence/MC_SIDE_2_695.html')	('÷', 'evidence/MC_PLOT_695.html')	PA3477	983–2525	2526	2–1544	196 [183]	[0] NA	[rhlR]	[rhlR]	SRR19575446
('*', 'evidence/MC_SIDE_1_696.html')	('*', 'evidence/MC_SIDE_2_696.html')	('÷', 'evidence/MC_PLOT_696.html')	PA3565	1782	2185	404	116 [109]	[112] 114	[N_A]	[N_A]	SRR19575446
('*', 'evidence/MC_SIDE_1_697.html')	('*', 'evidence/MC_SIDE_2_697.html')	('÷', 'evidence/MC_PLOT_697.html')	PA3574	1	176	176	NA [0]	[177] 180	–/nalD	–/transcriptional regulator	SRR19575446
('*', 'evidence/MC_SIDE_1_698.html')	('*', 'evidence/MC_SIDE_2_698.html')	('÷', 'evidence/MC_PLOT_698.html')	PA3817	1	340	340	NA [0]	[155] 164	–/N_A	–/methyltransferase	SRR19575446
('*', 'evidence/MC_SIDE_1_699.html')	('*', 'evidence/MC_SIDE_2_699.html')	('÷', 'evidence/MC_PLOT_699.html')	PA4420	2486	2742	257	156 [153]	[0] NA	N_A/–	S‑adenosyl‑methyltransferase MraW/–	SRR19575446
('*', 'evidence/MC_SIDE_1_700.html')	('*', 'evidence/MC_SIDE_2_700.html')	('÷', 'evidence/MC_PLOT_700.html')	PA4522	1	273	273	NA [0]	[107] 108	–/ampD	–/N‑acetyl‑anhydromuranmyl‑L‑alanine amidase	SRR19575446
('*', 'evidence/MC_SIDE_1_701.html')	('*', 'evidence/MC_SIDE_2_701.html')	('÷', 'evidence/MC_PLOT_701.html')	PA4526	1	4	4	NA [0]	[0] 2	–/pilB	–/type 4 fimbrial biogenesis protein PilB	SRR19575446
('*', 'evidence/MC_SIDE_1_702.html')	('*', 'evidence/MC_SIDE_2_702.html')	('÷', 'evidence/MC_PLOT_702.html')	PA4526	143	1232	1090	2 [0]	[0] 2	[pilB]	[pilB]	SRR19575446
('*', 'evidence/MC_SIDE_1_703.html')	('*', 'evidence/MC_SIDE_2_703.html')	('÷', 'evidence/MC_PLOT_703.html')	PA4526	1326	1740	415	2 [0]	[0] 2	pilB	type 4 fimbrial biogenesis protein PilB	SRR19575446
('*', 'evidence/MC_SIDE_1_704.html')	('*', 'evidence/MC_SIDE_2_704.html')	('÷', 'evidence/MC_PLOT_704.html')	PA4526	1812	1968	157	2 [0]	[0] 2	pilB	type 4 fimbrial biogenesis protein PilB	SRR19575446
('*', 'evidence/MC_SIDE_1_705.html')	('*', 'evidence/MC_SIDE_2_705.html')	('÷', 'evidence/MC_PLOT_705.html')	PA4526	2631	3120	490	2 [0]	[1] 2	pilB/–	type 4 fimbrial biogenesis protein PilB/–	SRR19575446
('*', 'evidence/MC_SIDE_1_706.html')	('*', 'evidence/MC_SIDE_2_706.html')	('÷', 'evidence/MC_PLOT_706.html')	PA4526	3226	3501	276	2 [1]	[0] NA	pilB/–	type 4 fimbrial biogenesis protein PilB/–	SRR19575446
('*', 'evidence/MC_SIDE_1_707.html')	('*', 'evidence/MC_SIDE_2_707.html')	('÷', 'evidence/MC_PLOT_707.html')	PA4796	1324	2268	945	117 [112]	[0] NA	[N_A]	[N_A]	SRR19575446
('*', 'evidence/MC_SIDE_1_1346.html')	('*', 'evidence/MC_SIDE_2_1346.html')	('÷', 'evidence/MC_PLOT_1346.html')	PA0313	1	3	3	NA [0]	[0] 2	–/N_A	–/L‑cysteine ABC transporter protein YecS	SRR2043986
('*', 'evidence/MC_SIDE_1_1347.html')	('*', 'evidence/MC_SIDE_2_1347.html')	('÷', 'evidence/MC_PLOT_1347.html')	PA0313	247	258	12	2 [0]	[0] 2	–/N_A	–/L‑cysteine ABC transporter protein YecS	SRR2043986
('*', 'evidence/MC_SIDE_1_1348.html')	('*', 'evidence/MC_SIDE_2_1348.html')	('÷', 'evidence/MC_PLOT_1348.html')	PA0313	751	874	124	6 [0]	[0] 4	–/N_A	–/L‑cysteine ABC transporter protein YecS	SRR2043986
('*', 'evidence/MC_SIDE_1_1349.html')	('*', 'evidence/MC_SIDE_2_1349.html')	('÷', 'evidence/MC_PLOT_1349.html')	PA0313	1029	1101	73	2 [0]	[0] 2	N_A	L‑cysteine ABC transporter protein YecS	SRR2043986
('*', 'evidence/MC_SIDE_1_1350.html')	('*', 'evidence/MC_SIDE_2_1350.html')	('÷', 'evidence/MC_PLOT_1350.html')	PA0313	1240	1252	13	4 [0]	[0] 2	N_A	L‑cysteine ABC transporter protein YecS	SRR2043986
('*', 'evidence/MC_SIDE_1_1351.html')	('*', 'evidence/MC_SIDE_2_1351.html')	('÷', 'evidence/MC_PLOT_1351.html')	PA0313	1535	1663	129	2 [0]	[0] 2	[N_A]	[N_A]	SRR2043986
('*', 'evidence/MC_SIDE_1_1352.html')	('*', 'evidence/MC_SIDE_2_1352.html')	('÷', 'evidence/MC_PLOT_1352.html')	PA0313	1761	1962	202	2 [0]	[0] 4	N_A/–	L‑cysteine ABC transporter protein YecS/–	SRR2043986
('*', 'evidence/MC_SIDE_1_1353.html')	('*', 'evidence/MC_SIDE_2_1353.html')	('÷', 'evidence/MC_PLOT_1353.html')	PA0313	2124	2493	370	6 [0]	[0] NA	N_A/–	L‑cysteine ABC transporter protein YecS/–	SRR2043986
('*', 'evidence/MC_SIDE_1_1354.html')	('*', 'evidence/MC_SIDE_2_1354.html')	('÷', 'evidence/MC_PLOT_1354.html')	PA0366	1	33	33	NA [0]	[16] 23	–/N_A	–/coniferyl aldehyde dehydrogenase	SRR2043986
('*', 'evidence/MC_SIDE_1_1355.html')	('*', 'evidence/MC_SIDE_2_1355.html')	('÷', 'evidence/MC_PLOT_1355.html')	PA0366	662	739	78	19 [18]	[13] 22	–/N_A	–/coniferyl aldehyde dehydrogenase	SRR2043986
('*', 'evidence/MC_SIDE_1_1356.html')	('*', 'evidence/MC_SIDE_2_1356.html')	('÷', 'evidence/MC_PLOT_1356.html')	PA0366	2743	2919	177	19 [18]	[18] 19	N_A/–	coniferyl aldehyde dehydrogenase/–	SRR2043986
('*', 'evidence/MC_SIDE_1_1357.html')	('*', 'evidence/MC_SIDE_2_1357.html')	('÷', 'evidence/MC_PLOT_1357.html')	PA0366	3226	3231	6	19 [10]	[0] NA	N_A/–	coniferyl aldehyde dehydrogenase/–	SRR2043986
('*', 'evidence/MC_SIDE_1_1358.html')	('*', 'evidence/MC_SIDE_2_1358.html')	('÷', 'evidence/MC_PLOT_1358.html')	PA0425	284	572	289	61 [59]	[59] 68	–/mexA	–/multidrug resistance protein MexA	SRR2043986
('*', 'evidence/MC_SIDE_1_1359.html')	('*', 'evidence/MC_SIDE_2_1359.html')	('÷', 'evidence/MC_PLOT_1359.html')	PA0425	1448	1755	308	61 [59]	[58] 60	mexA	multidrug resistance protein MexA	SRR2043986
('*', 'evidence/MC_SIDE_1_1360.html')	('*', 'evidence/MC_SIDE_2_1360.html')	('÷', 'evidence/MC_PLOT_1360.html')	PA0425	2397	2952	556	63 [59]	[0] NA	mexA/–	multidrug resistance protein MexA/–	SRR2043986
('*', 'evidence/MC_SIDE_1_1361.html')	('*', 'evidence/MC_SIDE_2_1361.html')	('÷', 'evidence/MC_PLOT_1361.html')	PA0506	1	245	245	NA [0]	[2] 4	–/N_A	–/acyl‑CoA dehydrogenase	SRR2043986
('*', 'evidence/MC_SIDE_1_1362.html')	('*', 'evidence/MC_SIDE_2_1362.html')	('÷', 'evidence/MC_PLOT_1362.html')	PA0506	313	710	398	4 [0]	[0] 4	–/N_A	–/acyl‑CoA dehydrogenase	SRR2043986
('*', 'evidence/MC_SIDE_1_1363.html')	('*', 'evidence/MC_SIDE_2_1363.html')	('÷', 'evidence/MC_PLOT_1363.html')	PA0506	2777	2861	85	7 [0]	[2] 3	N_A/–	acyl‑CoA dehydrogenase/–	SRR2043986
('*', 'evidence/MC_SIDE_1_1364.html')	('*', 'evidence/MC_SIDE_2_1364.html')	('÷', 'evidence/MC_PLOT_1364.html')	PA0506	2879	3085	207	3 [1]	[2] 4	N_A/–	acyl‑CoA dehydrogenase/–	SRR2043986
('*', 'evidence/MC_SIDE_1_1365.html')	('*', 'evidence/MC_SIDE_2_1365.html')	('÷', 'evidence/MC_PLOT_1365.html')	PA0506	3606	3606	1	4 [0]	[0] NA	N_A/–	acyl‑CoA dehydrogenase/–	SRR2043986
('*', 'evidence/MC_SIDE_1_1366.html')	('*', 'evidence/MC_SIDE_2_1366.html')	('÷', 'evidence/MC_PLOT_1366.html')	PA0652	1	6	6	NA [0]	[0] 2	–/vfr	–/cAMP‑regulatory protein	SRR2043986
('*', 'evidence/MC_SIDE_1_1367.html')	('*', 'evidence/MC_SIDE_2_1367.html')	('÷', 'evidence/MC_PLOT_1367.html')	PA0652	363	446	84	2 [0]	[1] 4	–/vfr	–/cAMP‑regulatory protein	SRR2043986
('*', 'evidence/MC_SIDE_1_1368.html')	('*', 'evidence/MC_SIDE_2_1368.html')	('÷', 'evidence/MC_PLOT_1368.html')	PA0652	529	551	23	2 [0]	[0] 5	–/vfr	–/cAMP‑regulatory protein	SRR2043986
('*', 'evidence/MC_SIDE_1_1369.html')	('*', 'evidence/MC_SIDE_2_1369.html')	('÷', 'evidence/MC_PLOT_1369.html')	PA0652	1715	1768	54	2 [0]	[0] 4	vfr/–	cAMP‑regulatory protein/–	SRR2043986
('*', 'evidence/MC_SIDE_1_1370.html')	('*', 'evidence/MC_SIDE_2_1370.html')	('÷', 'evidence/MC_PLOT_1370.html')	PA0652	1928	1980	53	6 [0]	[0] 2	vfr/–	cAMP‑regulatory protein/–	SRR2043986
('*', 'evidence/MC_SIDE_1_1371.html')	('*', 'evidence/MC_SIDE_2_1371.html')	('÷', 'evidence/MC_PLOT_1371.html')	PA0652	2132	2234	103	2 [0]	[0] 4	vfr/–	cAMP‑regulatory protein/–	SRR2043986
('*', 'evidence/MC_SIDE_1_1372.html')	('*', 'evidence/MC_SIDE_2_1372.html')	('÷', 'evidence/MC_PLOT_1372.html')	PA0652	2364	2445	82	2 [0]	[0] NA	vfr/–	cAMP‑regulatory protein/–	SRR2043986
('*', 'evidence/MC_SIDE_1_1374.html')	('*', 'evidence/MC_SIDE_2_1374.html')	('÷', 'evidence/MC_PLOT_1374.html')	PA0997	1	1183	1183	NA [0]	[0] 2	[pqsB]	[pqsB]	SRR2043986
('*', 'evidence/MC_SIDE_1_1375.html')	('*', 'evidence/MC_SIDE_2_1375.html')	('÷', 'evidence/MC_PLOT_1375.html')	PA0997	1260	1366	107	2 [0]	[0] 2	pqsB	hypothetical protein	SRR2043986
('*', 'evidence/MC_SIDE_1_1376.html')	('*', 'evidence/MC_SIDE_2_1376.html')	('÷', 'evidence/MC_PLOT_1376.html')	PA0997	1534	1672	139	2 [0]	[0] 3	pqsB	hypothetical protein	SRR2043986
('*', 'evidence/MC_SIDE_1_1377.html')	('*', 'evidence/MC_SIDE_2_1377.html')	('÷', 'evidence/MC_PLOT_1377.html')	PA0997	2157	2200	44	2 [0]	[0] 2	pqsB/–	hypothetical protein/–	SRR2043986
('*', 'evidence/MC_SIDE_1_1378.html')	('*', 'evidence/MC_SIDE_2_1378.html')	('÷', 'evidence/MC_PLOT_1378.html')	PA0997	2319	2350	32	2 [0]	[0] 2	pqsB/–	hypothetical protein/–	SRR2043986
('*', 'evidence/MC_SIDE_1_1379.html')	('*', 'evidence/MC_SIDE_2_1379.html')	('÷', 'evidence/MC_PLOT_1379.html')	PA0997	2459	2652	194	2 [0]	[0] NA	pqsB/–	hypothetical protein/–	SRR2043986
('*', 'evidence/MC_SIDE_1_1380.html')	('*', 'evidence/MC_SIDE_2_1380.html')	('÷', 'evidence/MC_PLOT_1380.html')	PA1097	1	771	771	NA [0]	[1] 3	–/fleQ	–/transcriptional regulator FleQ	SRR2043986
('*', 'evidence/MC_SIDE_1_1381.html')	('*', 'evidence/MC_SIDE_2_1381.html')	('÷', 'evidence/MC_PLOT_1381.html')	PA1097	852	879	28	3 [1]	[0] 4	–/fleQ	–/transcriptional regulator FleQ	SRR2043986
('*', 'evidence/MC_SIDE_1_1382.html')	('*', 'evidence/MC_SIDE_2_1382.html')	('÷', 'evidence/MC_PLOT_1382.html')	PA1097	1020	1315	296	2 [0]	[0] 2	fleQ	transcriptional regulator FleQ	SRR2043986
('*', 'evidence/MC_SIDE_1_1383.html')	('*', 'evidence/MC_SIDE_2_1383.html')	('÷', 'evidence/MC_PLOT_1383.html')	PA1097	1464	1654	191	2 [0]	[0] 2	fleQ	transcriptional regulator FleQ	SRR2043986
('*', 'evidence/MC_SIDE_1_1384.html')	('*', 'evidence/MC_SIDE_2_1384.html')	('÷', 'evidence/MC_PLOT_1384.html')	PA1097	1818	1855	38	2 [0]	[0] 2	fleQ	transcriptional regulator FleQ	SRR2043986
('*', 'evidence/MC_SIDE_1_1385.html')	('*', 'evidence/MC_SIDE_2_1385.html')	('÷', 'evidence/MC_PLOT_1385.html')	PA1097	2238	3273	1036	2 [0]	[0] NA	[fleQ]	[fleQ]	SRR2043986
('*', 'evidence/MC_SIDE_1_1386.html')	('*', 'evidence/MC_SIDE_2_1386.html')	('÷', 'evidence/MC_PLOT_1386.html')	PA1179	1	88	88	NA [0]	[0] 4	–/phoP	–/two‑component response regulator PhoP	SRR2043986
('*', 'evidence/MC_SIDE_1_1387.html')	('*', 'evidence/MC_SIDE_2_1387.html')	('÷', 'evidence/MC_PLOT_1387.html')	PA1179	261	266	6	2 [0]	[0] 2	–/phoP	–/two‑component response regulator PhoP	SRR2043986
('*', 'evidence/MC_SIDE_1_1388.html')	('*', 'evidence/MC_SIDE_2_1388.html')	('÷', 'evidence/MC_PLOT_1388.html')	PA1179	1036	1036	1	2 [0]	[0] 2	phoP	two‑component response regulator PhoP	SRR2043986
('*', 'evidence/MC_SIDE_1_1389.html')	('*', 'evidence/MC_SIDE_2_1389.html')	('÷', 'evidence/MC_PLOT_1389.html')	PA1179	1573	1884	312	2 [0]	[0] 10	[phoP]	[phoP]	SRR2043986
('*', 'evidence/MC_SIDE_1_1390.html')	('*', 'evidence/MC_SIDE_2_1390.html')	('÷', 'evidence/MC_PLOT_1390.html')	PA1179	2077	2478	402	2 [0]	[0] NA	phoP/–	two‑component response regulator PhoP/–	SRR2043986
('*', 'evidence/MC_SIDE_1_1391.html')	('*', 'evidence/MC_SIDE_2_1391.html')	('÷', 'evidence/MC_PLOT_1391.html')	PA1333	1	335	335	NA [0]	[0] 2	–/N_A	–/hypothetical protein	SRR2043986
('*', 'evidence/MC_SIDE_1_1392.html')	('*', 'evidence/MC_SIDE_2_1392.html')	('÷', 'evidence/MC_PLOT_1392.html')	PA1333	621	802	182	2 [0]	[0] 2	–/N_A	–/hypothetical protein	SRR2043986
('*', 'evidence/MC_SIDE_1_1393.html')	('*', 'evidence/MC_SIDE_2_1393.html')	('÷', 'evidence/MC_PLOT_1393.html')	PA1333	873	983	111	2 [0]	[0] 8	[N_A]	[N_A]	SRR2043986
('*', 'evidence/MC_SIDE_1_1394.html')	('*', 'evidence/MC_SIDE_2_1394.html')	('÷', 'evidence/MC_PLOT_1394.html')	PA1333	1141	1176	36	2 [0]	[0] 2	N_A/–	hypothetical protein/–	SRR2043986
('*', 'evidence/MC_SIDE_1_1395.html')	('*', 'evidence/MC_SIDE_2_1395.html')	('÷', 'evidence/MC_PLOT_1395.html')	PA1333	1232	2007	776	2 [0]	[0] NA	N_A/–	hypothetical protein/–	SRR2043986
('*', 'evidence/MC_SIDE_1_1396.html')	('*', 'evidence/MC_SIDE_2_1396.html')	('÷', 'evidence/MC_PLOT_1396.html')	PA1430	1	628	628	NA [0]	[2] 11	–/lasR	–/transcriptional regulator LasR	SRR2043986
('*', 'evidence/MC_SIDE_1_1397.html')	('*', 'evidence/MC_SIDE_2_1397.html')	('÷', 'evidence/MC_PLOT_1397.html')	PA1430	976	1582	607	6 [0]	[3] 8	lasR	transcriptional regulator LasR	SRR2043986
('*', 'evidence/MC_SIDE_1_1398.html')	('*', 'evidence/MC_SIDE_2_1398.html')	('÷', 'evidence/MC_PLOT_1398.html')	PA1430	2084	2116	33	4 [2]	[0] 4	lasR/–	transcriptional regulator LasR/–	SRR2043986
('*', 'evidence/MC_SIDE_1_1399.html')	('*', 'evidence/MC_SIDE_2_1399.html')	('÷', 'evidence/MC_PLOT_1399.html')	PA1430	2240	2341	102	4 [2]	[2] 4	lasR/–	transcriptional regulator LasR/–	SRR2043986
('*', 'evidence/MC_SIDE_1_1400.html')	('*', 'evidence/MC_SIDE_2_1400.html')	('÷', 'evidence/MC_PLOT_1400.html')	PA1430	2458	2520	63	5 [0]	[0] NA	lasR/–	transcriptional regulator LasR/–	SRR2043986
('*', 'evidence/MC_SIDE_1_1401.html')	('*', 'evidence/MC_SIDE_2_1401.html')	('÷', 'evidence/MC_PLOT_1401.html')	PA1544	1	817	817	NA [0]	[6] 14	–/anr	–/transcriptional regulator Anr	SRR2043986
('*', 'evidence/MC_SIDE_1_1402.html')	('*', 'evidence/MC_SIDE_2_1402.html')	('÷', 'evidence/MC_PLOT_1402.html')	PA1544	1176	1411	236	7 [6]	[6] 8	anr	transcriptional regulator Anr	SRR2043986
('*', 'evidence/MC_SIDE_1_1403.html')	('*', 'evidence/MC_SIDE_2_1403.html')	('÷', 'evidence/MC_PLOT_1403.html')	PA1544	1599	2535	937	8 [6]	[0] NA	[anr]	[anr]	SRR2043986
('*', 'evidence/MC_SIDE_1_1405.html')	('*', 'evidence/MC_SIDE_2_1405.html')	('÷', 'evidence/MC_PLOT_1405.html')	PA2020	1	41	41	NA [0]	[0] 2	–/N_A	–/transcriptional regulator	SRR2043986
('*', 'evidence/MC_SIDE_1_1406.html')	('*', 'evidence/MC_SIDE_2_1406.html')	('÷', 'evidence/MC_PLOT_1406.html')	PA2020	129	293	165	2 [0]	[0] 2	–/N_A	–/transcriptional regulator	SRR2043986
('*', 'evidence/MC_SIDE_1_1407.html')	('*', 'evidence/MC_SIDE_2_1407.html')	('÷', 'evidence/MC_PLOT_1407.html')	PA2020	436	671	236	2 [0]	[0] 2	–/N_A	–/transcriptional regulator	SRR2043986
('*', 'evidence/MC_SIDE_1_1408.html')	('*', 'evidence/MC_SIDE_2_1408.html')	('÷', 'evidence/MC_PLOT_1408.html')	PA2020	736	785	50	2 [0]	[0] 2	–/N_A	–/transcriptional regulator	SRR2043986
('*', 'evidence/MC_SIDE_1_1409.html')	('*', 'evidence/MC_SIDE_2_1409.html')	('÷', 'evidence/MC_PLOT_1409.html')	PA2020	982	1408	427	2 [0]	[0] 2	N_A	transcriptional regulator	SRR2043986
('*', 'evidence/MC_SIDE_1_1410.html')	('*', 'evidence/MC_SIDE_2_1410.html')	('÷', 'evidence/MC_PLOT_1410.html')	PA2020	1459	2279	821	2 [0]	[0] 2	[N_A]	[N_A]	SRR2043986
('*', 'evidence/MC_SIDE_1_1411.html')	('*', 'evidence/MC_SIDE_2_1411.html')	('÷', 'evidence/MC_PLOT_1411.html')	PA2020	2401	2433	33	2 [0]	[0] NA	N_A/–	transcriptional regulator/–	SRR2043986
('*', 'evidence/MC_SIDE_1_1412.html')	('*', 'evidence/MC_SIDE_2_1412.html')	('÷', 'evidence/MC_PLOT_1412.html')	PA2121	1	372	372	NA [0]	[5] 7	–/N_A	–/transcriptional regulator	SRR2043986
('*', 'evidence/MC_SIDE_1_1413.html')	('*', 'evidence/MC_SIDE_2_1413.html')	('÷', 'evidence/MC_PLOT_1413.html')	PA2121	705	1492	788	9 [5]	[4] 6	[N_A]	[N_A]	SRR2043986
('*', 'evidence/MC_SIDE_1_1415.html')	('*', 'evidence/MC_SIDE_2_1415.html')	('÷', 'evidence/MC_PLOT_1415.html')	PA2121	1994	2121	128	7 [5]	[2] 14	N_A/–	transcriptional regulator/–	SRR2043986
('*', 'evidence/MC_SIDE_1_1416.html')	('*', 'evidence/MC_SIDE_2_1416.html')	('÷', 'evidence/MC_PLOT_1416.html')	PA2121	2313	2706	394	8 [2]	[0] NA	N_A/–	transcriptional regulator/–	SRR2043986
('*', 'evidence/MC_SIDE_1_1418.html')	('*', 'evidence/MC_SIDE_2_1418.html')	('÷', 'evidence/MC_PLOT_1418.html')	PA2435	1	564	564	NA [0]	[0] 2	–/N_A	–/cation‑transporting P‑type ATPase	SRR2043986
('*', 'evidence/MC_SIDE_1_1419.html')	('*', 'evidence/MC_SIDE_2_1419.html')	('÷', 'evidence/MC_PLOT_1419.html')	PA2435	656	855	200	2 [0]	[1] 2	–/N_A	–/cation‑transporting P‑type ATPase	SRR2043986
('*', 'evidence/MC_SIDE_1_1420.html')	('*', 'evidence/MC_SIDE_2_1420.html')	('÷', 'evidence/MC_PLOT_1420.html')	PA2435	1166	1209	44	2 [0]	[0] 2	N_A	cation‑transporting P‑type ATPase	SRR2043986
('*', 'evidence/MC_SIDE_1_1421.html')	('*', 'evidence/MC_SIDE_2_1421.html')	('÷', 'evidence/MC_PLOT_1421.html')	PA2435	1313	1367	55	2 [0]	[0] 2	N_A	cation‑transporting P‑type ATPase	SRR2043986
('*', 'evidence/MC_SIDE_1_1422.html')	('*', 'evidence/MC_SIDE_2_1422.html')	('÷', 'evidence/MC_PLOT_1422.html')	PA2435	1475	1542	68	2 [0]	[0] 2	N_A	cation‑transporting P‑type ATPase	SRR2043986
('*', 'evidence/MC_SIDE_1_1423.html')	('*', 'evidence/MC_SIDE_2_1423.html')	('÷', 'evidence/MC_PLOT_1423.html')	PA2435	1630	1871	242	2 [0]	[0] 2	N_A	cation‑transporting P‑type ATPase	SRR2043986
('*', 'evidence/MC_SIDE_1_1424.html')	('*', 'evidence/MC_SIDE_2_1424.html')	('÷', 'evidence/MC_PLOT_1424.html')	PA2435	1954	2544	591	2 [0]	[1] 18	N_A	cation‑transporting P‑type ATPase	SRR2043986
('*', 'evidence/MC_SIDE_1_1425.html')	('*', 'evidence/MC_SIDE_2_1425.html')	('÷', 'evidence/MC_PLOT_1425.html')	PA2435	2830	3786	957	2 [1]	[0] NA	[N_A]	[N_A]	SRR2043986
('*', 'evidence/MC_SIDE_1_1426.html')	('*', 'evidence/MC_SIDE_2_1426.html')	('÷', 'evidence/MC_PLOT_1426.html')	PA2491	1	4	4	NA [0]	[0] 2	–/N_A	–/oxidoreductase	SRR2043986
('*', 'evidence/MC_SIDE_1_1427.html')	('*', 'evidence/MC_SIDE_2_1427.html')	('÷', 'evidence/MC_PLOT_1427.html')	PA2491	434–486	628–566	81–195	2 [0]	[0] 2	–/N_A	–/oxidoreductase	SRR2043986
('*', 'evidence/MC_SIDE_1_1428.html')	('*', 'evidence/MC_SIDE_2_1428.html')	('÷', 'evidence/MC_PLOT_1428.html')	PA2491	1066–1109	1463–1116	8–398	2 [1]	[1] 2	N_A	oxidoreductase	SRR2043986
('*', 'evidence/MC_SIDE_1_1429.html')	('*', 'evidence/MC_SIDE_2_1429.html')	('÷', 'evidence/MC_PLOT_1429.html')	PA2491	2285	2446	162	3 [1]	[0] 2	N_A/–	oxidoreductase/–	SRR2043986
('*', 'evidence/MC_SIDE_1_1430.html')	('*', 'evidence/MC_SIDE_2_1430.html')	('÷', 'evidence/MC_PLOT_1430.html')	PA2491	2510	2609	100	2 [1]	[1] 3	N_A/–	oxidoreductase/–	SRR2043986
('*', 'evidence/MC_SIDE_1_1431.html')	('*', 'evidence/MC_SIDE_2_1431.html')	('÷', 'evidence/MC_PLOT_1431.html')	PA2492	1	1479–1408	1408–1479	NA [0]	[10] 12	[mexT]	[mexT]	SRR2043986
('*', 'evidence/MC_SIDE_1_1432.html')	('*', 'evidence/MC_SIDE_2_1432.html')	('÷', 'evidence/MC_PLOT_1432.html')	PA2492	1776	2103	328	13 [11]	[11] 12	[mexT]	[mexT]	SRR2043986
('*', 'evidence/MC_SIDE_1_1433.html')	('*', 'evidence/MC_SIDE_2_1433.html')	('÷', 'evidence/MC_PLOT_1433.html')	PA2492	2701	2844	144	15 [9]	[0] NA	mexT/–	transcriptional regulator MexT/–	SRR2043986
('*', 'evidence/MC_SIDE_1_1434.html')	('*', 'evidence/MC_SIDE_2_1434.html')	('÷', 'evidence/MC_PLOT_1434.html')	PA3217	1	115	115	NA [0]	[4] 6	–/cyaB	–/protein CyaB	SRR2043986
('*', 'evidence/MC_SIDE_1_1435.html')	('*', 'evidence/MC_SIDE_2_1435.html')	('÷', 'evidence/MC_PLOT_1435.html')	PA3217	188	520	333	6 [4]	[4] 8	–/cyaB	–/protein CyaB	SRR2043986
('*', 'evidence/MC_SIDE_1_1436.html')	('*', 'evidence/MC_SIDE_2_1436.html')	('÷', 'evidence/MC_PLOT_1436.html')	PA3217	657	972	316	6 [4]	[4] 6	[cyaB]	[cyaB]	SRR2043986
('*', 'evidence/MC_SIDE_1_1437.html')	('*', 'evidence/MC_SIDE_2_1437.html')	('÷', 'evidence/MC_PLOT_1437.html')	PA3217	1092	1368	277	6 [4]	[1] 7	cyaB	protein CyaB	SRR2043986
('*', 'evidence/MC_SIDE_1_1438.html')	('*', 'evidence/MC_SIDE_2_1438.html')	('÷', 'evidence/MC_PLOT_1438.html')	PA3217	1632	1649	18	10 [4]	[4] 8	cyaB	protein CyaB	SRR2043986
('*', 'evidence/MC_SIDE_1_1439.html')	('*', 'evidence/MC_SIDE_2_1439.html')	('÷', 'evidence/MC_PLOT_1439.html')	PA3217	2290	3192	903	6 [2]	[0] NA	[cyaB]	[cyaB]	SRR2043986
('*', 'evidence/MC_SIDE_1_1440.html')	('*', 'evidence/MC_SIDE_2_1440.html')	('÷', 'evidence/MC_PLOT_1440.html')	PA3476	1	1594	1594	NA [0]	[0] 8	rhlI	rhlI	SRR2043986
('*', 'evidence/MC_SIDE_1_1441.html')	('*', 'evidence/MC_SIDE_2_1441.html')	('÷', 'evidence/MC_PLOT_1441.html')	PA3476	1669	1845	177	2 [0]	[0] 2	rhlI/–	acyl‑homoserine‑lactone synthase/–	SRR2043986
('*', 'evidence/MC_SIDE_1_1442.html')	('*', 'evidence/MC_SIDE_2_1442.html')	('÷', 'evidence/MC_PLOT_1442.html')	PA3476	2049	2310	262	2 [0]	[0] 2	rhlI/–	acyl‑homoserine‑lactone synthase/–	SRR2043986
('*', 'evidence/MC_SIDE_1_1443.html')	('*', 'evidence/MC_SIDE_2_1443.html')	('÷', 'evidence/MC_PLOT_1443.html')	PA3476	2405	2406	2	2 [0]	[0] NA	rhlI/–	acyl‑homoserine‑lactone synthase/–	SRR2043986
('*', 'evidence/MC_SIDE_1_1444.html')	('*', 'evidence/MC_SIDE_2_1444.html')	('÷', 'evidence/MC_PLOT_1444.html')	PA3477	1	108	108	NA [0]	[0] 2	–/rhlR	–/transcriptional regulator RhlR	SRR2043986
('*', 'evidence/MC_SIDE_1_1445.html')	('*', 'evidence/MC_SIDE_2_1445.html')	('÷', 'evidence/MC_PLOT_1445.html')	PA3477	204	630	427	2 [0]	[0] 2	–/rhlR	–/transcriptional regulator RhlR	SRR2043986
('*', 'evidence/MC_SIDE_1_1446.html')	('*', 'evidence/MC_SIDE_2_1446.html')	('÷', 'evidence/MC_PLOT_1446.html')	PA3477	742	817	76	8 [0]	[0] 2	–/rhlR	–/transcriptional regulator RhlR	SRR2043986
('*', 'evidence/MC_SIDE_1_1447.html')	('*', 'evidence/MC_SIDE_2_1447.html')	('÷', 'evidence/MC_PLOT_1447.html')	PA3477	1038–1095	2526	1432–1489	3 [0]	[0] NA	[rhlR]	[rhlR]	SRR2043986
('*', 'evidence/MC_SIDE_1_1448.html')	('*', 'evidence/MC_SIDE_2_1448.html')	('÷', 'evidence/MC_PLOT_1448.html')	PA3565	1	34	34	NA [0]	[1] 3	–/N_A	–/transcriptional regulator	SRR2043986
('*', 'evidence/MC_SIDE_1_1449.html')	('*', 'evidence/MC_SIDE_2_1449.html')	('÷', 'evidence/MC_PLOT_1449.html')	PA3565	191	278	88	4 [0]	[1] 3	–/N_A	–/transcriptional regulator	SRR2043986
('*', 'evidence/MC_SIDE_1_1450.html')	('*', 'evidence/MC_SIDE_2_1450.html')	('÷', 'evidence/MC_PLOT_1450.html')	PA3565	1361	1450	90	2 [0]	[0] 2	N_A	transcriptional regulator	SRR2043986
('*', 'evidence/MC_SIDE_1_1451.html')	('*', 'evidence/MC_SIDE_2_1451.html')	('÷', 'evidence/MC_PLOT_1451.html')	PA3565	1692	1777	86	3 [1]	[0] 2	N_A	transcriptional regulator	SRR2043986
('*', 'evidence/MC_SIDE_1_1452.html')	('*', 'evidence/MC_SIDE_2_1452.html')	('÷', 'evidence/MC_PLOT_1452.html')	PA3565	2669	2721	53	3 [1]	[0] NA	N_A/–	transcriptional regulator/–	SRR2043986
('*', 'evidence/MC_SIDE_1_1453.html')	('*', 'evidence/MC_SIDE_2_1453.html')	('÷', 'evidence/MC_PLOT_1453.html')	PA3574	1	40	40	NA [0]	[0] 2	–/nalD	–/transcriptional regulator	SRR2043986
('*', 'evidence/MC_SIDE_1_1454.html')	('*', 'evidence/MC_SIDE_2_1454.html')	('÷', 'evidence/MC_PLOT_1454.html')	PA3574	541	784	244	2 [0]	[0] 2	–/nalD	–/transcriptional regulator	SRR2043986
('*', 'evidence/MC_SIDE_1_1455.html')	('*', 'evidence/MC_SIDE_2_1455.html')	('÷', 'evidence/MC_PLOT_1455.html')	PA3574	1195	1283	89	5 [0]	[0] 2	nalD	transcriptional regulator	SRR2043986
('*', 'evidence/MC_SIDE_1_1456.html')	('*', 'evidence/MC_SIDE_2_1456.html')	('÷', 'evidence/MC_PLOT_1456.html')	PA3574	1326	1638	313	2 [0]	[0] 2	[nalD]	[nalD]	SRR2043986
('*', 'evidence/MC_SIDE_1_1457.html')	('*', 'evidence/MC_SIDE_2_1457.html')	('÷', 'evidence/MC_PLOT_1457.html')	PA3574	1727	1858	132	4 [0]	[0] 2	nalD/–	transcriptional regulator/–	SRR2043986
('*', 'evidence/MC_SIDE_1_1458.html')	('*', 'evidence/MC_SIDE_2_1458.html')	('÷', 'evidence/MC_PLOT_1458.html')	PA3574	2062	2170	109	3 [1]	[0] 2	nalD/–	transcriptional regulator/–	SRR2043986
('*', 'evidence/MC_SIDE_1_1459.html')	('*', 'evidence/MC_SIDE_2_1459.html')	('÷', 'evidence/MC_PLOT_1459.html')	PA3574	2399	2439	41	2 [0]	[0] NA	nalD/–	transcriptional regulator/–	SRR2043986
('*', 'evidence/MC_SIDE_1_1460.html')	('*', 'evidence/MC_SIDE_2_1460.html')	('÷', 'evidence/MC_PLOT_1460.html')	PA3703	1	50	50	NA [0]	[0] 2	–/wspF	–/chemotaxis‑specific methylesterase	SRR2043986
('*', 'evidence/MC_SIDE_1_1461.html')	('*', 'evidence/MC_SIDE_2_1461.html')	('÷', 'evidence/MC_PLOT_1461.html')	PA3703	159	418	260	2 [0]	[0] 2	–/wspF	–/chemotaxis‑specific methylesterase	SRR2043986
('*', 'evidence/MC_SIDE_1_1462.html')	('*', 'evidence/MC_SIDE_2_1462.html')	('÷', 'evidence/MC_PLOT_1462.html')	PA3703	562	619	58	2 [0]	[0] 2	–/wspF	–/chemotaxis‑specific methylesterase	SRR2043986
('*', 'evidence/MC_SIDE_1_1463.html')	('*', 'evidence/MC_SIDE_2_1463.html')	('÷', 'evidence/MC_PLOT_1463.html')	PA3703	690	721	32	2 [0]	[1] 3	–/wspF	–/chemotaxis‑specific methylesterase	SRR2043986
('*', 'evidence/MC_SIDE_1_1464.html')	('*', 'evidence/MC_SIDE_2_1464.html')	('÷', 'evidence/MC_PLOT_1464.html')	PA3703	945	1030	86	2 [0]	[0] 2	wspF	chemotaxis‑specific methylesterase	SRR2043986
('*', 'evidence/MC_SIDE_1_1465.html')	('*', 'evidence/MC_SIDE_2_1465.html')	('÷', 'evidence/MC_PLOT_1465.html')	PA3703	1176	1404	229	2 [0]	[0] 2	wspF	chemotaxis‑specific methylesterase	SRR2043986
('*', 'evidence/MC_SIDE_1_1466.html')	('*', 'evidence/MC_SIDE_2_1466.html')	('÷', 'evidence/MC_PLOT_1466.html')	PA3703	1495	1604	110	2 [0]	[0] 2	wspF	chemotaxis‑specific methylesterase	SRR2043986
('*', 'evidence/MC_SIDE_1_1467.html')	('*', 'evidence/MC_SIDE_2_1467.html')	('÷', 'evidence/MC_PLOT_1467.html')	PA3703	1733	1773	41	2 [0]	[0] 2	wspF	chemotaxis‑specific methylesterase	SRR2043986
('*', 'evidence/MC_SIDE_1_1468.html')	('*', 'evidence/MC_SIDE_2_1468.html')	('÷', 'evidence/MC_PLOT_1468.html')	PA3703	1871	1965	95	2 [0]	[0] 4	[wspF]	[wspF]	SRR2043986
('*', 'evidence/MC_SIDE_1_1469.html')	('*', 'evidence/MC_SIDE_2_1469.html')	('÷', 'evidence/MC_PLOT_1469.html')	PA3703	2407	2510	104	2 [0]	[1] 2	wspF/–	chemotaxis‑specific methylesterase/–	SRR2043986
('*', 'evidence/MC_SIDE_1_1470.html')	('*', 'evidence/MC_SIDE_2_1470.html')	('÷', 'evidence/MC_PLOT_1470.html')	PA3703	2729	2808	80	2 [0]	[0] NA	wspF/–	chemotaxis‑specific methylesterase/–	SRR2043986
('*', 'evidence/MC_SIDE_1_1471.html')	('*', 'evidence/MC_SIDE_2_1471.html')	('÷', 'evidence/MC_PLOT_1471.html')	PA3817	1	156	156	NA [0]	[1] 3	–/N_A	–/methyltransferase	SRR2043986
('*', 'evidence/MC_SIDE_1_1472.html')	('*', 'evidence/MC_SIDE_2_1472.html')	('÷', 'evidence/MC_PLOT_1472.html')	PA3817	266	335	70	4 [2]	[0] 3	–/N_A	–/methyltransferase	SRR2043986
('*', 'evidence/MC_SIDE_1_1473.html')	('*', 'evidence/MC_SIDE_2_1473.html')	('÷', 'evidence/MC_PLOT_1473.html')	PA3817	509	567	59	4 [2]	[0] 5	–/N_A	–/methyltransferase	SRR2043986
('*', 'evidence/MC_SIDE_1_1474.html')	('*', 'evidence/MC_SIDE_2_1474.html')	('÷', 'evidence/MC_PLOT_1474.html')	PA3817	977	1326	350	3 [1]	[2] 4	N_A	methyltransferase	SRR2043986
('*', 'evidence/MC_SIDE_1_1475.html')	('*', 'evidence/MC_SIDE_2_1475.html')	('÷', 'evidence/MC_PLOT_1475.html')	PA3817	1370	1490	121	4 [2]	[0] 7	N_A	methyltransferase	SRR2043986
('*', 'evidence/MC_SIDE_1_1476.html')	('*', 'evidence/MC_SIDE_2_1476.html')	('÷', 'evidence/MC_PLOT_1476.html')	PA3817	1783	2247	465	4 [2]	[2] 4	N_A/–	methyltransferase/–	SRR2043986
('*', 'evidence/MC_SIDE_1_1477.html')	('*', 'evidence/MC_SIDE_2_1477.html')	('÷', 'evidence/MC_PLOT_1477.html')	PA3817	2334	2574	241	4 [2]	[0] NA	N_A/–	methyltransferase/–	SRR2043986
('*', 'evidence/MC_SIDE_1_1478.html')	('*', 'evidence/MC_SIDE_2_1478.html')	('÷', 'evidence/MC_PLOT_1478.html')	PA4420	1	2	2	NA [0]	[0] 3	–/N_A	–/S‑adenosyl‑methyltransferase MraW	SRR2043986
('*', 'evidence/MC_SIDE_1_1479.html')	('*', 'evidence/MC_SIDE_2_1479.html')	('÷', 'evidence/MC_PLOT_1479.html')	PA4420	606	680	75	4 [0]	[0] 3	–/N_A	–/S‑adenosyl‑methyltransferase MraW	SRR2043986
('*', 'evidence/MC_SIDE_1_1480.html')	('*', 'evidence/MC_SIDE_2_1480.html')	('÷', 'evidence/MC_PLOT_1480.html')	PA4420	1192	1517	326	2 [0]	[0] 2	N_A	S‑adenosyl‑methyltransferase MraW	SRR2043986
('*', 'evidence/MC_SIDE_1_1481.html')	('*', 'evidence/MC_SIDE_2_1481.html')	('÷', 'evidence/MC_PLOT_1481.html')	PA4420	1558	1633	76	2 [0]	[0] 2	N_A	S‑adenosyl‑methyltransferase MraW	SRR2043986
('*', 'evidence/MC_SIDE_1_1482.html')	('*', 'evidence/MC_SIDE_2_1482.html')	('÷', 'evidence/MC_PLOT_1482.html')	PA4420	1821	1927	107	4 [0]	[0] 4	[N_A]	[N_A]	SRR2043986
('*', 'evidence/MC_SIDE_1_1483.html')	('*', 'evidence/MC_SIDE_2_1483.html')	('÷', 'evidence/MC_PLOT_1483.html')	PA4420	2056	2142	87	3 [1]	[0] 2	N_A/–	S‑adenosyl‑methyltransferase MraW/–	SRR2043986
('*', 'evidence/MC_SIDE_1_1484.html')	('*', 'evidence/MC_SIDE_2_1484.html')	('÷', 'evidence/MC_PLOT_1484.html')	PA4420	2341	2671	331	2 [0]	[0] 2	N_A/–	S‑adenosyl‑methyltransferase MraW/–	SRR2043986
('*', 'evidence/MC_SIDE_1_1485.html')	('*', 'evidence/MC_SIDE_2_1485.html')	('÷', 'evidence/MC_PLOT_1485.html')	PA4420	2722	2742	21	2 [0]	[0] NA	N_A/–	S‑adenosyl‑methyltransferase MraW/–	SRR2043986
('*', 'evidence/MC_SIDE_1_1486.html')	('*', 'evidence/MC_SIDE_2_1486.html')	('÷', 'evidence/MC_PLOT_1486.html')	PA4462	1	777	777	NA [0]	[31] 78	–/rpoN	–/RNA polymerase factor sigma‑54	SRR2043986
('*', 'evidence/MC_SIDE_1_1487.html')	('*', 'evidence/MC_SIDE_2_1487.html')	('÷', 'evidence/MC_PLOT_1487.html')	PA4462	1058	2083	1026	43 [40]	[40] 44	rpoN	RNA polymerase factor sigma‑54	SRR2043986
('*', 'evidence/MC_SIDE_1_1488.html')	('*', 'evidence/MC_SIDE_2_1488.html')	('÷', 'evidence/MC_PLOT_1488.html')	PA4462	2896	3294	399	51 [41]	[0] NA	rpoN/–	RNA polymerase factor sigma‑54/–	SRR2043986
('*', 'evidence/MC_SIDE_1_1489.html')	('*', 'evidence/MC_SIDE_2_1489.html')	('÷', 'evidence/MC_PLOT_1489.html')	PA4522	1	6	6	NA [0]	[0] 2	–/ampD	–/N‑acetyl‑anhydromuranmyl‑L‑alanine amidase	SRR2043986
('*', 'evidence/MC_SIDE_1_1490.html')	('*', 'evidence/MC_SIDE_2_1490.html')	('÷', 'evidence/MC_PLOT_1490.html')	PA4522	88	583	496	2 [0]	[1] 3	–/ampD	–/N‑acetyl‑anhydromuranmyl‑L‑alanine amidase	SRR2043986
('*', 'evidence/MC_SIDE_1_1491.html')	('*', 'evidence/MC_SIDE_2_1491.html')	('÷', 'evidence/MC_PLOT_1491.html')	PA4522	645	1388	744	2 [0]	[0] 2	[ampD]	[ampD]	SRR2043986
('*', 'evidence/MC_SIDE_1_1492.html')	('*', 'evidence/MC_SIDE_2_1492.html')	('÷', 'evidence/MC_PLOT_1492.html')	PA4522	1574	2210	637	2 [0]	[0] 2	ampD/–	N‑acetyl‑anhydromuranmyl‑L‑alanine amidase/–	SRR2043986
('*', 'evidence/MC_SIDE_1_1493.html')	('*', 'evidence/MC_SIDE_2_1493.html')	('÷', 'evidence/MC_PLOT_1493.html')	PA4522	2298	2367	70	4 [0]	[0] NA	ampD/–	N‑acetyl‑anhydromuranmyl‑L‑alanine amidase/–	SRR2043986
('*', 'evidence/MC_SIDE_1_1494.html')	('*', 'evidence/MC_SIDE_2_1494.html')	('÷', 'evidence/MC_PLOT_1494.html')	PA4526	1	14	14	NA [0]	[0] 2	–/pilB	–/type 4 fimbrial biogenesis protein PilB	SRR2043986
('*', 'evidence/MC_SIDE_1_1495.html')	('*', 'evidence/MC_SIDE_2_1495.html')	('÷', 'evidence/MC_PLOT_1495.html')	PA4526	108	1458	1351	2 [0]	[0] 2	[pilB]	[pilB]	SRR2043986
('*', 'evidence/MC_SIDE_1_1496.html')	('*', 'evidence/MC_SIDE_2_1496.html')	('÷', 'evidence/MC_PLOT_1496.html')	PA4526	1592	1664	73	2 [0]	[0] 2	pilB	type 4 fimbrial biogenesis protein PilB	SRR2043986
('*', 'evidence/MC_SIDE_1_1497.html')	('*', 'evidence/MC_SIDE_2_1497.html')	('÷', 'evidence/MC_PLOT_1497.html')	PA4526	1787	1814	28	2 [0]	[0] 2	pilB	type 4 fimbrial biogenesis protein PilB	SRR2043986
('*', 'evidence/MC_SIDE_1_1498.html')	('*', 'evidence/MC_SIDE_2_1498.html')	('÷', 'evidence/MC_PLOT_1498.html')	PA4526	1940	1941	2	2 [0]	[0] 2	pilB	type 4 fimbrial biogenesis protein PilB	SRR2043986
('*', 'evidence/MC_SIDE_1_1499.html')	('*', 'evidence/MC_SIDE_2_1499.html')	('÷', 'evidence/MC_PLOT_1499.html')	PA4526	2342	2416	75	3 [0]	[0] 8	pilB	type 4 fimbrial biogenesis protein PilB	SRR2043986
('*', 'evidence/MC_SIDE_1_1500.html')	('*', 'evidence/MC_SIDE_2_1500.html')	('÷', 'evidence/MC_PLOT_1500.html')	PA4526	2631	3501	871	4 [0]	[0] NA	pilB/–	type 4 fimbrial biogenesis protein PilB/–	SRR2043986
('*', 'evidence/MC_SIDE_1_1501.html')	('*', 'evidence/MC_SIDE_2_1501.html')	('÷', 'evidence/MC_PLOT_1501.html')	PA4796	1	9	9	NA [0]	[4] 6	–/N_A	–/hypothetical protein	SRR2043986
('*', 'evidence/MC_SIDE_1_1502.html')	('*', 'evidence/MC_SIDE_2_1502.html')	('÷', 'evidence/MC_PLOT_1502.html')	PA4796	229	450	222	6 [4]	[3] 7	–/N_A	–/hypothetical protein	SRR2043986
('*', 'evidence/MC_SIDE_1_1503.html')	('*', 'evidence/MC_SIDE_2_1503.html')	('÷', 'evidence/MC_PLOT_1503.html')	PA4796	980	2268	1289	5 [2]	[0] NA	[N_A]	[N_A]	SRR2043986
('*', 'evidence/MC_SIDE_1_1504.html')	('*', 'evidence/MC_SIDE_2_1504.html')	('÷', 'evidence/MC_PLOT_1504.html')	PA4848	3049	3150	102	41 [39]	[0] NA	accC/–	acetyl‑CoA carboxylase biotin carboxylase subunit/–	SRR2043986
('*', 'evidence/MC_SIDE_1_761.html')	('*', 'evidence/MC_SIDE_2_761.html')	('÷', 'evidence/MC_PLOT_761.html')	PA0425	1	145	145	NA [0]	[119] 121	–/mexA	–/multidrug resistance protein MexA	SRR21537018
('*', 'evidence/MC_SIDE_1_762.html')	('*', 'evidence/MC_SIDE_2_762.html')	('÷', 'evidence/MC_PLOT_762.html')	PA0506	3566	3606	41	70 [62]	[0] NA	N_A/–	acyl‑CoA dehydrogenase/–	SRR21537018
('*', 'evidence/MC_SIDE_1_763.html')	('*', 'evidence/MC_SIDE_2_763.html')	('÷', 'evidence/MC_PLOT_763.html')	PA1333	1	55	55	NA [0]	[28] 31	–/N_A	–/hypothetical protein	SRR21537018
('*', 'evidence/MC_SIDE_1_764.html')	('*', 'evidence/MC_SIDE_2_764.html')	('÷', 'evidence/MC_PLOT_764.html')	PA1713	1	178	178	NA [0]	[43] 44	–/exsA	–/exoenzyme S transcriptional regulator ExsA	SRR21537018
('*', 'evidence/MC_SIDE_1_765.html')	('*', 'evidence/MC_SIDE_2_765.html')	('÷', 'evidence/MC_PLOT_765.html')	PA2020	1	95	95	NA [0]	[46] 48	–/N_A	–/transcriptional regulator	SRR21537018
('*', 'evidence/MC_SIDE_1_766.html')	('*', 'evidence/MC_SIDE_2_766.html')	('÷', 'evidence/MC_PLOT_766.html')	PA2121	1	89	89	NA [0]	[42] 43	–/N_A	–/transcriptional regulator	SRR21537018
('*', 'evidence/MC_SIDE_1_767.html')	('*', 'evidence/MC_SIDE_2_767.html')	('÷', 'evidence/MC_PLOT_767.html')	PA2492	2785	2844	60	34 [32]	[0] NA	mexT/–	transcriptional regulator MexT/–	SRR21537018
('*', 'evidence/MC_SIDE_1_768.html')	('*', 'evidence/MC_SIDE_2_768.html')	('÷', 'evidence/MC_PLOT_768.html')	PA3476	1	1568–3	3–1568	NA [0]	[99] 101	rhlI	rhlI	SRR21537018
('*', 'evidence/MC_SIDE_1_769.html')	('*', 'evidence/MC_SIDE_2_769.html')	('÷', 'evidence/MC_PLOT_769.html')	PA3477	939–2524	2526	3–1588	96 [94]	[0] NA	[rhlR]	[rhlR]	SRR21537018
('*', 'evidence/MC_SIDE_1_770.html')	('*', 'evidence/MC_SIDE_2_770.html')	('÷', 'evidence/MC_PLOT_770.html')	PA3703	2683	2808	126	83 [81]	[0] NA	wspF/–	chemotaxis‑specific methylesterase/–	SRR21537018
('*', 'evidence/MC_SIDE_1_771.html')	('*', 'evidence/MC_SIDE_2_771.html')	('÷', 'evidence/MC_PLOT_771.html')	PA3817	2382	2574	193	102 [97]	[0] NA	N_A/–	methyltransferase/–	SRR21537018
('*', 'evidence/MC_SIDE_1_772.html')	('*', 'evidence/MC_SIDE_2_772.html')	('÷', 'evidence/MC_PLOT_772.html')	PA4796	1375	2268	894	52 [50]	[0] NA	N_A/–	hypothetical protein/–	SRR21537018
('*', 'evidence/MC_SIDE_1_831.html')	('*', 'evidence/MC_SIDE_2_831.html')	('÷', 'evidence/MC_PLOT_831.html')	PA0313	1	53	53	NA [0]	[50] 53	–/N_A	–/L‑cysteine ABC transporter protein YecS	SRR22024279
('*', 'evidence/MC_SIDE_1_832.html')	('*', 'evidence/MC_SIDE_2_832.html')	('÷', 'evidence/MC_PLOT_832.html')	PA0313	2401	2493	93	52 [51]	[0] NA	N_A/–	L‑cysteine ABC transporter protein YecS/–	SRR22024279
('*', 'evidence/MC_SIDE_1_833.html')	('*', 'evidence/MC_SIDE_2_833.html')	('÷', 'evidence/MC_PLOT_833.html')	PA0506	499	760	262	54 [50]	[53] 54	–/N_A	–/acyl‑CoA dehydrogenase	SRR22024279
('*', 'evidence/MC_SIDE_1_834.html')	('*', 'evidence/MC_SIDE_2_834.html')	('÷', 'evidence/MC_PLOT_834.html')	PA0506	3584	3606	23	54 [53]	[0] NA	N_A/–	acyl‑CoA dehydrogenase/–	SRR22024279
('*', 'evidence/MC_SIDE_1_835.html')	('*', 'evidence/MC_SIDE_2_835.html')	('÷', 'evidence/MC_PLOT_835.html')	PA0707	1	99	99	NA [0]	[57] 58	–/toxR	–/transcriptional regulator ToxR	SRR22024279
('*', 'evidence/MC_SIDE_1_836.html')	('*', 'evidence/MC_SIDE_2_836.html')	('÷', 'evidence/MC_PLOT_836.html')	PA0707	2498	2580	83	58 [55]	[0] NA	toxR/–	transcriptional regulator ToxR/–	SRR22024279
('*', 'evidence/MC_SIDE_1_837.html')	('*', 'evidence/MC_SIDE_2_837.html')	('÷', 'evidence/MC_PLOT_837.html')	PA1097	1	653	653	NA [0]	[37] 38	–/fleQ	–/transcriptional regulator FleQ	SRR22024279
('*', 'evidence/MC_SIDE_1_838.html')	('*', 'evidence/MC_SIDE_2_838.html')	('÷', 'evidence/MC_PLOT_838.html')	PA1544	1	96	96	NA [0]	[35] 36	–/anr	–/transcriptional regulator Anr	SRR22024279
('*', 'evidence/MC_SIDE_1_839.html')	('*', 'evidence/MC_SIDE_2_839.html')	('÷', 'evidence/MC_PLOT_839.html')	PA1544	2464	2535	72	37 [35]	[0] NA	anr/–	transcriptional regulator Anr/–	SRR22024279
('*', 'evidence/MC_SIDE_1_840.html')	('*', 'evidence/MC_SIDE_2_840.html')	('÷', 'evidence/MC_PLOT_840.html')	PA1713	1	30	30	NA [0]	[23] 29	–/exsA	–/exoenzyme S transcriptional regulator ExsA	SRR22024279
('*', 'evidence/MC_SIDE_1_841.html')	('*', 'evidence/MC_SIDE_2_841.html')	('÷', 'evidence/MC_PLOT_841.html')	PA2312	2136	2382	247	24 [23]	[0] NA	N_A/–	transcriptional regulator/–	SRR22024279
('*', 'evidence/MC_SIDE_1_842.html')	('*', 'evidence/MC_SIDE_2_842.html')	('÷', 'evidence/MC_PLOT_842.html')	PA2435	3745	3786	42	31 [29]	[0] NA	N_A/–	cation‑transporting P‑type ATPase/–	SRR22024279
('*', 'evidence/MC_SIDE_1_843.html')	('*', 'evidence/MC_SIDE_2_843.html')	('÷', 'evidence/MC_PLOT_843.html')	PA2491	1	1596–5	5–1596	NA [0]	[47] 49	[N_A]	[N_A]	SRR22024279
('*', 'evidence/MC_SIDE_1_844.html')	('*', 'evidence/MC_SIDE_2_844.html')	('÷', 'evidence/MC_PLOT_844.html')	PA2491	1915	2047	133	51 [45]	[46] 48	[N_A]	[N_A]	SRR22024279
('*', 'evidence/MC_SIDE_1_845.html')	('*', 'evidence/MC_SIDE_2_845.html')	('÷', 'evidence/MC_PLOT_845.html')	PA2492	1	1598–3	3–1598	NA [0]	[26] 28	[mexT]	[mexT]	SRR22024279
('*', 'evidence/MC_SIDE_1_846.html')	('*', 'evidence/MC_SIDE_2_846.html')	('÷', 'evidence/MC_PLOT_846.html')	PA3217	1	74	74	NA [0]	[48] 51	–/cyaB	–/protein CyaB	SRR22024279
('*', 'evidence/MC_SIDE_1_847.html')	('*', 'evidence/MC_SIDE_2_847.html')	('÷', 'evidence/MC_PLOT_847.html')	PA3476	1	1540–2	2–1540	NA [0]	[37] 39	rhlI	rhlI	SRR22024279
('*', 'evidence/MC_SIDE_1_848.html')	('*', 'evidence/MC_SIDE_2_848.html')	('÷', 'evidence/MC_PLOT_848.html')	PA3565	1	53	53	NA [0]	[28] 30	–/N_A	–/transcriptional regulator	SRR22024279
('*', 'evidence/MC_SIDE_1_849.html')	('*', 'evidence/MC_SIDE_2_849.html')	('÷', 'evidence/MC_PLOT_849.html')	PA4462	1	100	100	NA [0]	[55] 58	–/rpoN	–/RNA polymerase factor sigma‑54	SRR22024279
('*', 'evidence/MC_SIDE_1_850.html')	('*', 'evidence/MC_SIDE_2_850.html')	('÷', 'evidence/MC_PLOT_850.html')	PA4526	1	6	6	NA [0]	[0] 8	–/pilB	–/type 4 fimbrial biogenesis protein PilB	SRR22024279
('*', 'evidence/MC_SIDE_1_851.html')	('*', 'evidence/MC_SIDE_2_851.html')	('÷', 'evidence/MC_PLOT_851.html')	PA4526	155	1492	1338	7 [6]	[4] 7	[pilB]	[pilB]	SRR22024279
('*', 'evidence/MC_SIDE_1_852.html')	('*', 'evidence/MC_SIDE_2_852.html')	('÷', 'evidence/MC_PLOT_852.html')	PA4526	1788	1929	142	9 [6]	[6] 7	pilB	type 4 fimbrial biogenesis protein PilB	SRR22024279
('*', 'evidence/MC_SIDE_1_853.html')	('*', 'evidence/MC_SIDE_2_853.html')	('÷', 'evidence/MC_PLOT_853.html')	PA4526	2315	2416	102	7 [6]	[6] 8	pilB	type 4 fimbrial biogenesis protein PilB	SRR22024279
('*', 'evidence/MC_SIDE_1_854.html')	('*', 'evidence/MC_SIDE_2_854.html')	('÷', 'evidence/MC_PLOT_854.html')	PA4526	2630	3501	872	7 [6]	[0] NA	pilB/–	type 4 fimbrial biogenesis protein PilB/–	SRR22024279
('*', 'evidence/MC_SIDE_1_855.html')	('*', 'evidence/MC_SIDE_2_855.html')	('÷', 'evidence/MC_PLOT_855.html')	PA4796	1353	2268	916	58 [50]	[0] NA	[N_A]	[N_A]	SRR22024279
('*', 'evidence/MC_SIDE_1_837.html')	('*', 'evidence/MC_SIDE_2_837.html')	('÷', 'evidence/MC_PLOT_837.html')	PA0425	1	135	135	NA [0]	[95] 108	–/mexA	–/multidrug resistance protein MexA	SRR22319601
('*', 'evidence/MC_SIDE_1_838.html')	('*', 'evidence/MC_SIDE_2_838.html')	('÷', 'evidence/MC_PLOT_838.html')	PA0506	3587	3606	20	79 [72]	[0] NA	N_A/–	acyl‑CoA dehydrogenase/–	SRR22319601
('*', 'evidence/MC_SIDE_1_839.html')	('*', 'evidence/MC_SIDE_2_839.html')	('÷', 'evidence/MC_PLOT_839.html')	PA0997	1	115	115	NA [0]	[95] 98	–/pqsB	–/hypothetical protein	SRR22319601
('*', 'evidence/MC_SIDE_1_840.html')	('*', 'evidence/MC_SIDE_2_840.html')	('÷', 'evidence/MC_PLOT_840.html')	PA1097	1	655	655	NA [0]	[54] 58	–/fleQ	–/transcriptional regulator FleQ	SRR22319601
('*', 'evidence/MC_SIDE_1_841.html')	('*', 'evidence/MC_SIDE_2_841.html')	('÷', 'evidence/MC_PLOT_841.html')	PA1097	3189	3273	85	59 [55]	[0] NA	fleQ/–	transcriptional regulator FleQ/–	SRR22319601
('*', 'evidence/MC_SIDE_1_842.html')	('*', 'evidence/MC_SIDE_2_842.html')	('÷', 'evidence/MC_PLOT_842.html')	PA1333	1	58	58	NA [0]	[60] 64	–/N_A	–/hypothetical protein	SRR22319601
('*', 'evidence/MC_SIDE_1_843.html')	('*', 'evidence/MC_SIDE_2_843.html')	('÷', 'evidence/MC_PLOT_843.html')	PA1333	1844	2007	164	62 [60]	[0] NA	N_A/–	hypothetical protein/–	SRR22319601
('*', 'evidence/MC_SIDE_1_844.html')	('*', 'evidence/MC_SIDE_2_844.html')	('÷', 'evidence/MC_PLOT_844.html')	PA1713	1	61	61	NA [0]	[59] 62	–/exsA	–/exoenzyme S transcriptional regulator ExsA	SRR22319601
('*', 'evidence/MC_SIDE_1_846.html')	('*', 'evidence/MC_SIDE_2_846.html')	('÷', 'evidence/MC_PLOT_846.html')	PA2121	2326	2706	381	69 [60]	[0] NA	N_A/–	transcriptional regulator/–	SRR22319601
('*', 'evidence/MC_SIDE_1_847.html')	('*', 'evidence/MC_SIDE_2_847.html')	('÷', 'evidence/MC_PLOT_847.html')	PA2491	1	1625–3	3–1625	NA [0]	[100] 105	[N_A]	[N_A]	SRR22319601
('*', 'evidence/MC_SIDE_1_848.html')	('*', 'evidence/MC_SIDE_2_848.html')	('÷', 'evidence/MC_PLOT_848.html')	PA2492	1928	2046	119	57 [56]	[55] 58	[mexT]	[mexT]	SRR22319601
('*', 'evidence/MC_SIDE_1_849.html')	('*', 'evidence/MC_SIDE_2_849.html')	('÷', 'evidence/MC_PLOT_849.html')	PA3476	1	1566–3	3–1566	NA [0]	[93] 96	rhlI	rhlI	SRR22319601
('*', 'evidence/MC_SIDE_1_851.html')	('*', 'evidence/MC_SIDE_2_851.html')	('÷', 'evidence/MC_PLOT_851.html')	PA4526	1	2	2	NA [0]	[1] 2	–/pilB	–/type 4 fimbrial biogenesis protein PilB	SRR22319601
('*', 'evidence/MC_SIDE_1_852.html')	('*', 'evidence/MC_SIDE_2_852.html')	('÷', 'evidence/MC_PLOT_852.html')	PA4526	156	1673	1518	2 [0]	[1] 5	[pilB]	[pilB]	SRR22319601
('*', 'evidence/MC_SIDE_1_853.html')	('*', 'evidence/MC_SIDE_2_853.html')	('÷', 'evidence/MC_PLOT_853.html')	PA4526	1808	1856	49	5 [1]	[1] 2	pilB	type 4 fimbrial biogenesis protein PilB	SRR22319601
('*', 'evidence/MC_SIDE_1_854.html')	('*', 'evidence/MC_SIDE_2_854.html')	('÷', 'evidence/MC_PLOT_854.html')	PA4526	2328	2414	87	4 [1]	[0] 2	pilB	type 4 fimbrial biogenesis protein PilB	SRR22319601
('*', 'evidence/MC_SIDE_1_855.html')	('*', 'evidence/MC_SIDE_2_855.html')	('÷', 'evidence/MC_PLOT_855.html')	PA4526	2631	3501	871	6 [0]	[0] NA	pilB/–	type 4 fimbrial biogenesis protein PilB/–	SRR22319601
('*', 'evidence/MC_SIDE_1_856.html')	('*', 'evidence/MC_SIDE_2_856.html')	('÷', 'evidence/MC_PLOT_856.html')	PA4796	1349	2268	920	94 [84]	[0] NA	[N_A]	[N_A]	SRR22319601
('*', 'evidence/MC_SIDE_1_857.html')	('*', 'evidence/MC_SIDE_2_857.html')	('÷', 'evidence/MC_PLOT_857.html')	PA4848	1	89	89	NA [0]	[88] 92	–/accC	–/acetyl‑CoA carboxylase biotin carboxylase subunit	SRR22319601
('*', 'evidence/MC_SIDE_1_1387.html')	('*', 'evidence/MC_SIDE_2_1387.html')	('÷', 'evidence/MC_PLOT_1387.html')	PA0506	3593	3606	14	41 [35]	[0] NA	N_A/–	acyl‑CoA dehydrogenase/–	SRR22801516
('*', 'evidence/MC_SIDE_1_1388.html')	('*', 'evidence/MC_SIDE_2_1388.html')	('÷', 'evidence/MC_PLOT_1388.html')	PA0707	1	75	75	NA [0]	[35] 43	–/toxR	–/transcriptional regulator ToxR	SRR22801516
('*', 'evidence/MC_SIDE_1_1389.html')	('*', 'evidence/MC_SIDE_2_1389.html')	('÷', 'evidence/MC_PLOT_1389.html')	PA1097	1	598	598	NA [0]	[14] 19	–/fleQ	–/transcriptional regulator FleQ	SRR22801516
('*', 'evidence/MC_SIDE_1_1390.html')	('*', 'evidence/MC_SIDE_2_1390.html')	('÷', 'evidence/MC_PLOT_1390.html')	PA1333	1	25	25	NA [0]	[6] 19	–/N_A	–/hypothetical protein	SRR22801516
('*', 'evidence/MC_SIDE_1_1391.html')	('*', 'evidence/MC_SIDE_2_1391.html')	('÷', 'evidence/MC_PLOT_1391.html')	PA1333	1914	2007	94	16 [15]	[0] NA	N_A/–	hypothetical protein/–	SRR22801516
('*', 'evidence/MC_SIDE_1_1393.html')	('*', 'evidence/MC_SIDE_2_1393.html')	('÷', 'evidence/MC_PLOT_1393.html')	PA1544	1	58	58	NA [0]	[24] 29	–/anr	–/transcriptional regulator Anr	SRR22801516
('*', 'evidence/MC_SIDE_1_1394.html')	('*', 'evidence/MC_SIDE_2_1394.html')	('÷', 'evidence/MC_PLOT_1394.html')	PA2121	2313	2706	394	38 [36]	[0] NA	N_A/–	transcriptional regulator/–	SRR22801516
('*', 'evidence/MC_SIDE_1_1395.html')	('*', 'evidence/MC_SIDE_2_1395.html')	('÷', 'evidence/MC_PLOT_1395.html')	PA2312	2146	2382	237	34 [31]	[0] NA	N_A/–	transcriptional regulator/–	SRR22801516
('*', 'evidence/MC_SIDE_1_1396.html')	('*', 'evidence/MC_SIDE_2_1396.html')	('÷', 'evidence/MC_PLOT_1396.html')	PA2491	1	1645–574	574–1645	NA [0]	[26] 32	[N_A]	[N_A]	SRR22801516
('*', 'evidence/MC_SIDE_1_1397.html')	('*', 'evidence/MC_SIDE_2_1397.html')	('÷', 'evidence/MC_PLOT_1397.html')	PA2492	1	1649–1141	1141–1649	NA [0]	[25] 27	[mexT]	[mexT]	SRR22801516
('*', 'evidence/MC_SIDE_1_1398.html')	('*', 'evidence/MC_SIDE_2_1398.html')	('÷', 'evidence/MC_PLOT_1398.html')	PA3476	1	1604–4	4–1604	NA [0]	[33] 36	rhlI	rhlI	SRR22801516
('*', 'evidence/MC_SIDE_1_1399.html')	('*', 'evidence/MC_SIDE_2_1399.html')	('÷', 'evidence/MC_PLOT_1399.html')	PA3477	963–2520	2526	7–1564	48 [47]	[0] NA	[rhlR]	[rhlR]	SRR22801516
('*', 'evidence/MC_SIDE_1_1400.html')	('*', 'evidence/MC_SIDE_2_1400.html')	('÷', 'evidence/MC_PLOT_1400.html')	PA4526	1	10	10	NA [0]	[9] 13	–/pilB	–/type 4 fimbrial biogenesis protein PilB	SRR22801516
('*', 'evidence/MC_SIDE_1_1401.html')	('*', 'evidence/MC_SIDE_2_1401.html')	('÷', 'evidence/MC_PLOT_1401.html')	PA4526	112	1673	1562	14 [9]	[11] 13	[pilB]	[pilB]	SRR22801516
('*', 'evidence/MC_SIDE_1_1402.html')	('*', 'evidence/MC_SIDE_2_1402.html')	('÷', 'evidence/MC_PLOT_1402.html')	PA4526	1818	1866	49	15 [11]	[9] 16	pilB	type 4 fimbrial biogenesis protein PilB	SRR22801516
('*', 'evidence/MC_SIDE_1_1403.html')	('*', 'evidence/MC_SIDE_2_1403.html')	('÷', 'evidence/MC_PLOT_1403.html')	PA4526	2371	2418	48	13 [11]	[10] 13	pilB	type 4 fimbrial biogenesis protein PilB	SRR22801516
('*', 'evidence/MC_SIDE_1_1404.html')	('*', 'evidence/MC_SIDE_2_1404.html')	('÷', 'evidence/MC_PLOT_1404.html')	PA4526	2629	3501	873	16 [11]	[0] NA	pilB/–	type 4 fimbrial biogenesis protein PilB/–	SRR22801516
('*', 'evidence/MC_SIDE_1_1405.html')	('*', 'evidence/MC_SIDE_2_1405.html')	('÷', 'evidence/MC_PLOT_1405.html')	PA4796	1349	2268	920	37 [31]	[0] NA	[N_A]	[N_A]	SRR22801516
('*', 'evidence/MC_SIDE_1_1220.html')	('*', 'evidence/MC_SIDE_2_1220.html')	('÷', 'evidence/MC_PLOT_1220.html')	PA0313	1172	2493	1322	33 [29]	[0] NA	[N_A]	[N_A]	SRR24707197
('*', 'evidence/MC_SIDE_1_1221.html')	('*', 'evidence/MC_SIDE_2_1221.html')	('÷', 'evidence/MC_PLOT_1221.html')	PA0425	1	201	201	NA [0]	[31] 33	–/mexA	–/multidrug resistance protein MexA	SRR24707197
('*', 'evidence/MC_SIDE_1_1222.html')	('*', 'evidence/MC_SIDE_2_1222.html')	('÷', 'evidence/MC_PLOT_1222.html')	PA0425	2895	2952	58	34 [31]	[0] NA	mexA/–	multidrug resistance protein MexA/–	SRR24707197
('*', 'evidence/MC_SIDE_1_1223.html')	('*', 'evidence/MC_SIDE_2_1223.html')	('÷', 'evidence/MC_PLOT_1223.html')	PA0506	366	776	411	54 [51]	[53] 54	–/N_A	–/acyl‑CoA dehydrogenase	SRR24707197
('*', 'evidence/MC_SIDE_1_1224.html')	('*', 'evidence/MC_SIDE_2_1224.html')	('÷', 'evidence/MC_PLOT_1224.html')	PA0506	3502	3606	105	55 [51]	[0] NA	N_A/–	acyl‑CoA dehydrogenase/–	SRR24707197
('*', 'evidence/MC_SIDE_1_1225.html')	('*', 'evidence/MC_SIDE_2_1225.html')	('÷', 'evidence/MC_PLOT_1225.html')	PA0707	1	75	75	NA [0]	[48] 49	–/toxR	–/transcriptional regulator ToxR	SRR24707197
('*', 'evidence/MC_SIDE_1_1226.html')	('*', 'evidence/MC_SIDE_2_1226.html')	('÷', 'evidence/MC_PLOT_1226.html')	PA0707	2471	2580	110	49 [48]	[0] NA	toxR/–	transcriptional regulator ToxR/–	SRR24707197
('*', 'evidence/MC_SIDE_1_1227.html')	('*', 'evidence/MC_SIDE_2_1227.html')	('÷', 'evidence/MC_PLOT_1227.html')	PA1097	1	696	696	NA [0]	[37] 39	–/fleQ	–/transcriptional regulator FleQ	SRR24707197
('*', 'evidence/MC_SIDE_1_1228.html')	('*', 'evidence/MC_SIDE_2_1228.html')	('÷', 'evidence/MC_PLOT_1228.html')	PA1097	3211	3273	63	39 [37]	[0] NA	fleQ/–	transcriptional regulator FleQ/–	SRR24707197
('*', 'evidence/MC_SIDE_1_1229.html')	('*', 'evidence/MC_SIDE_2_1229.html')	('÷', 'evidence/MC_PLOT_1229.html')	PA1333	1	75	75	NA [0]	[34] 35	–/N_A	–/hypothetical protein	SRR24707197
('*', 'evidence/MC_SIDE_1_1230.html')	('*', 'evidence/MC_SIDE_2_1230.html')	('÷', 'evidence/MC_PLOT_1230.html')	PA1430	1	111	111	NA [0]	[39] 41	–/lasR	–/transcriptional regulator LasR	SRR24707197
('*', 'evidence/MC_SIDE_1_1231.html')	('*', 'evidence/MC_SIDE_2_1231.html')	('÷', 'evidence/MC_PLOT_1231.html')	PA1430	2430	2520	91	42 [34]	[0] NA	lasR/–	transcriptional regulator LasR/–	SRR24707197
('*', 'evidence/MC_SIDE_1_1232.html')	('*', 'evidence/MC_SIDE_2_1232.html')	('÷', 'evidence/MC_PLOT_1232.html')	PA1544	1	93	93	NA [0]	[43] 48	–/anr	–/transcriptional regulator Anr	SRR24707197
('*', 'evidence/MC_SIDE_1_1234.html')	('*', 'evidence/MC_SIDE_2_1234.html')	('÷', 'evidence/MC_PLOT_1234.html')	PA2121	1	63	63	NA [0]	[29] 33	–/N_A	–/transcriptional regulator	SRR24707197
('*', 'evidence/MC_SIDE_1_1235.html')	('*', 'evidence/MC_SIDE_2_1235.html')	('÷', 'evidence/MC_PLOT_1235.html')	PA2121	1809	1949	141	35 [24]	[31] 34	N_A/–	transcriptional regulator/–	SRR24707197
('*', 'evidence/MC_SIDE_1_1236.html')	('*', 'evidence/MC_SIDE_2_1236.html')	('÷', 'evidence/MC_PLOT_1236.html')	PA2121	2302	2706	405	42 [30]	[0] NA	N_A/–	transcriptional regulator/–	SRR24707197
('*', 'evidence/MC_SIDE_1_1237.html')	('*', 'evidence/MC_SIDE_2_1237.html')	('÷', 'evidence/MC_PLOT_1237.html')	PA2312	2119	2382	264	35 [20]	[0] NA	N_A/–	transcriptional regulator/–	SRR24707197
('*', 'evidence/MC_SIDE_1_1238.html')	('*', 'evidence/MC_SIDE_2_1238.html')	('÷', 'evidence/MC_PLOT_1238.html')	PA2435	1	109	109	NA [0]	[30] 32	–/N_A	–/cation‑transporting P‑type ATPase	SRR24707197
('*', 'evidence/MC_SIDE_1_1240.html')	('*', 'evidence/MC_SIDE_2_1240.html')	('÷', 'evidence/MC_PLOT_1240.html')	PA2491	1	1625–566	566–1625	NA [0]	[35] 37	[N_A]	[N_A]	SRR24707197
('*', 'evidence/MC_SIDE_1_1241.html')	('*', 'evidence/MC_SIDE_2_1241.html')	('÷', 'evidence/MC_PLOT_1241.html')	PA2492	1	1620–1144	1144–1620	NA [0]	[33] 37	[mexT]	[mexT]	SRR24707197
('*', 'evidence/MC_SIDE_1_1242.html')	('*', 'evidence/MC_SIDE_2_1242.html')	('÷', 'evidence/MC_PLOT_1242.html')	PA2492	1820	2079	260	36 [35]	[33] 36	[mexT]	[mexT]	SRR24707197
('*', 'evidence/MC_SIDE_1_1243.html')	('*', 'evidence/MC_SIDE_2_1243.html')	('÷', 'evidence/MC_PLOT_1243.html')	PA3476	2328	2406	79	37 [36]	[0] NA	rhlI/–	acyl‑homoserine‑lactone synthase/–	SRR24707197
('*', 'evidence/MC_SIDE_1_1244.html')	('*', 'evidence/MC_SIDE_2_1244.html')	('÷', 'evidence/MC_PLOT_1244.html')	PA3477	946–2525	2526	2–1581	58 [54]	[0] NA	[rhlR]	[rhlR]	SRR24707197
('*', 'evidence/MC_SIDE_1_1245.html')	('*', 'evidence/MC_SIDE_2_1245.html')	('÷', 'evidence/MC_PLOT_1245.html')	PA3565	1	83	83	NA [0]	[31] 33	–/N_A	–/transcriptional regulator	SRR24707197
('*', 'evidence/MC_SIDE_1_1246.html')	('*', 'evidence/MC_SIDE_2_1246.html')	('÷', 'evidence/MC_PLOT_1246.html')	PA3574	1	77	77	NA [0]	[34] 42	–/nalD	–/transcriptional regulator	SRR24707197
('*', 'evidence/MC_SIDE_1_1247.html')	('*', 'evidence/MC_SIDE_2_1247.html')	('÷', 'evidence/MC_PLOT_1247.html')	PA3703	1	94	94	NA [0]	[39] 45	–/wspF	–/chemotaxis‑specific methylesterase	SRR24707197
('*', 'evidence/MC_SIDE_1_1248.html')	('*', 'evidence/MC_SIDE_2_1248.html')	('÷', 'evidence/MC_PLOT_1248.html')	PA3703	2622	2808	187	43 [41]	[0] NA	wspF/–	chemotaxis‑specific methylesterase/–	SRR24707197
('*', 'evidence/MC_SIDE_1_1249.html')	('*', 'evidence/MC_SIDE_2_1249.html')	('÷', 'evidence/MC_PLOT_1249.html')	PA3817	1	86	86	NA [0]	[41] 42	–/N_A	–/methyltransferase	SRR24707197
('*', 'evidence/MC_SIDE_1_1250.html')	('*', 'evidence/MC_SIDE_2_1250.html')	('÷', 'evidence/MC_PLOT_1250.html')	PA3817	2298	2574	277	43 [41]	[0] NA	N_A/–	methyltransferase/–	SRR24707197
('*', 'evidence/MC_SIDE_1_1251.html')	('*', 'evidence/MC_SIDE_2_1251.html')	('÷', 'evidence/MC_PLOT_1251.html')	PA4462	3239	3294	56	33 [32]	[0] NA	rpoN/–	RNA polymerase factor sigma‑54/–	SRR24707197
('*', 'evidence/MC_SIDE_1_1252.html')	('*', 'evidence/MC_SIDE_2_1252.html')	('÷', 'evidence/MC_PLOT_1252.html')	PA4522	1	59	59	NA [0]	[40] 44	–/ampD	–/N‑acetyl‑anhydromuranmyl‑L‑alanine amidase	SRR24707197
('*', 'evidence/MC_SIDE_1_1253.html')	('*', 'evidence/MC_SIDE_2_1253.html')	('÷', 'evidence/MC_PLOT_1253.html')	PA4526	338	551	214	25 [20]	[23] 24	–/pilB	–/type 4 fimbrial biogenesis protein PilB	SRR24707197
('*', 'evidence/MC_SIDE_1_1255.html')	('*', 'evidence/MC_SIDE_2_1255.html')	('÷', 'evidence/MC_PLOT_1255.html')	PA4796	1	67	67	NA [0]	[28] 30	–/N_A	–/hypothetical protein	SRR24707197
('*', 'evidence/MC_SIDE_1_1256.html')	('*', 'evidence/MC_SIDE_2_1256.html')	('÷', 'evidence/MC_PLOT_1256.html')	PA4796	1356	2268	913	33 [29]	[0] NA	[N_A]	[N_A]	SRR24707197
('*', 'evidence/MC_SIDE_1_1257.html')	('*', 'evidence/MC_SIDE_2_1257.html')	('÷', 'evidence/MC_PLOT_1257.html')	PA4848	1	89	89	NA [0]	[45] 53	–/accC	–/acetyl‑CoA carboxylase biotin carboxylase subunit	SRR24707197
('*', 'evidence/MC_SIDE_1_641.html')	('*', 'evidence/MC_SIDE_2_641.html')	('÷', 'evidence/MC_PLOT_641.html')	PA0425	1	234	234	NA [0]	[82] 86	–/mexA	–/multidrug resistance protein MexA	SRR25119420
('*', 'evidence/MC_SIDE_1_643.html')	('*', 'evidence/MC_SIDE_2_643.html')	('÷', 'evidence/MC_PLOT_643.html')	PA0506	3571	3606	36	71 [69]	[0] NA	N_A/–	acyl‑CoA dehydrogenase/–	SRR25119420
('*', 'evidence/MC_SIDE_1_644.html')	('*', 'evidence/MC_SIDE_2_644.html')	('÷', 'evidence/MC_PLOT_644.html')	PA1097	3232	3273	42	51 [43]	[0] NA	fleQ/–	transcriptional regulator FleQ/–	SRR25119420
('*', 'evidence/MC_SIDE_1_645.html')	('*', 'evidence/MC_SIDE_2_645.html')	('÷', 'evidence/MC_PLOT_645.html')	PA1179	2406	2478	73	66 [62]	[0] NA	phoP/–	two‑component response regulator PhoP/–	SRR25119420
('*', 'evidence/MC_SIDE_1_646.html')	('*', 'evidence/MC_SIDE_2_646.html')	('÷', 'evidence/MC_PLOT_646.html')	PA1333	1	78	78	NA [0]	[43] 48	–/N_A	–/hypothetical protein	SRR25119420
('*', 'evidence/MC_SIDE_1_648.html')	('*', 'evidence/MC_SIDE_2_648.html')	('÷', 'evidence/MC_PLOT_648.html')	PA1544	1	38	38	NA [0]	[28] 30	–/anr	–/transcriptional regulator Anr	SRR25119420
('*', 'evidence/MC_SIDE_1_649.html')	('*', 'evidence/MC_SIDE_2_649.html')	('÷', 'evidence/MC_PLOT_649.html')	PA2020	1	81	81	NA [0]	[21] 28	–/N_A	–/transcriptional regulator	SRR25119420
('*', 'evidence/MC_SIDE_1_650.html')	('*', 'evidence/MC_SIDE_2_650.html')	('÷', 'evidence/MC_PLOT_650.html')	PA2121	2275	2706	432	58 [57]	[0] NA	N_A/–	transcriptional regulator/–	SRR25119420
('*', 'evidence/MC_SIDE_1_651.html')	('*', 'evidence/MC_SIDE_2_651.html')	('÷', 'evidence/MC_PLOT_651.html')	PA2312	2329	2382	54	42 [41]	[0] NA	N_A/–	transcriptional regulator/–	SRR25119420
('*', 'evidence/MC_SIDE_1_652.html')	('*', 'evidence/MC_SIDE_2_652.html')	('÷', 'evidence/MC_PLOT_652.html')	PA2435	1	159	159	NA [0]	[16] 19	–/N_A	–/cation‑transporting P‑type ATPase	SRR25119420
('*', 'evidence/MC_SIDE_1_653.html')	('*', 'evidence/MC_SIDE_2_653.html')	('÷', 'evidence/MC_PLOT_653.html')	PA2491	1	1607–567	567–1607	NA [0]	[41] 42	[N_A]	[N_A]	SRR25119420
('*', 'evidence/MC_SIDE_1_654.html')	('*', 'evidence/MC_SIDE_2_654.html')	('÷', 'evidence/MC_PLOT_654.html')	PA2492	1–1135	1594–1145	11–1594	NA [0]	[24] 26	[mexT]	[mexT]	SRR25119420
('*', 'evidence/MC_SIDE_1_655.html')	('*', 'evidence/MC_SIDE_2_655.html')	('÷', 'evidence/MC_PLOT_655.html')	PA3476	1	1500–744	744–1500	NA [0]	[32] 37	[rhlI]	[rhlI]	SRR25119420
('*', 'evidence/MC_SIDE_1_656.html')	('*', 'evidence/MC_SIDE_2_656.html')	('÷', 'evidence/MC_PLOT_656.html')	PA3477	980–1641	2526–1650	10–1547	71 [70]	[0] NA	[rhlR]	[rhlR]	SRR25119420
('*', 'evidence/MC_SIDE_1_657.html')	('*', 'evidence/MC_SIDE_2_657.html')	('÷', 'evidence/MC_PLOT_657.html')	PA3565	1863	2101	239	14 [10]	[8] 12	N_A/–	transcriptional regulator/–	SRR25119420
('*', 'evidence/MC_SIDE_1_658.html')	('*', 'evidence/MC_SIDE_2_658.html')	('÷', 'evidence/MC_PLOT_658.html')	PA3574	1	88	88	NA [0]	[71] 76	–/nalD	–/transcriptional regulator	SRR25119420
('*', 'evidence/MC_SIDE_1_659.html')	('*', 'evidence/MC_SIDE_2_659.html')	('÷', 'evidence/MC_PLOT_659.html')	PA3703	2588	2808	221	52 [44]	[0] NA	wspF/–	chemotaxis‑specific methylesterase/–	SRR25119420
('*', 'evidence/MC_SIDE_1_660.html')	('*', 'evidence/MC_SIDE_2_660.html')	('÷', 'evidence/MC_PLOT_660.html')	PA3817	2292	2574	283	65 [63]	[0] NA	N_A/–	methyltransferase/–	SRR25119420
('*', 'evidence/MC_SIDE_1_661.html')	('*', 'evidence/MC_SIDE_2_661.html')	('÷', 'evidence/MC_PLOT_661.html')	PA4420	2593	2742	150	57 [48]	[0] NA	N_A/–	S‑adenosyl‑methyltransferase MraW/–	SRR25119420
('*', 'evidence/MC_SIDE_1_662.html')	('*', 'evidence/MC_SIDE_2_662.html')	('÷', 'evidence/MC_PLOT_662.html')	PA4526	1	1673	1673	NA [0]	[7] 13	[pilB]	[pilB]	SRR25119420
('*', 'evidence/MC_SIDE_1_663.html')	('*', 'evidence/MC_SIDE_2_663.html')	('÷', 'evidence/MC_PLOT_663.html')	PA4526	1823	1998	176	12 [9]	[7] 10	pilB	type 4 fimbrial biogenesis protein PilB	SRR25119420
('*', 'evidence/MC_SIDE_1_664.html')	('*', 'evidence/MC_SIDE_2_664.html')	('÷', 'evidence/MC_PLOT_664.html')	PA4526	2286	2390	105	14 [9]	[7] 17	pilB	type 4 fimbrial biogenesis protein PilB	SRR25119420
('*', 'evidence/MC_SIDE_1_665.html')	('*', 'evidence/MC_SIDE_2_665.html')	('÷', 'evidence/MC_PLOT_665.html')	PA4526	2625	3501	877	11 [4]	[0] NA	pilB/–	type 4 fimbrial biogenesis protein PilB/–	SRR25119420
('*', 'evidence/MC_SIDE_1_666.html')	('*', 'evidence/MC_SIDE_2_666.html')	('÷', 'evidence/MC_PLOT_666.html')	PA4796	1351	2268	918	65 [62]	[0] NA	[N_A]	[N_A]	SRR25119420
('*', 'evidence/MC_SIDE_1_706.html')	('*', 'evidence/MC_SIDE_2_706.html')	('÷', 'evidence/MC_PLOT_706.html')	PA0425	1	147	147	NA [0]	[45] 47	–/mexA	–/multidrug resistance protein MexA	SRR25320327
('*', 'evidence/MC_SIDE_1_707.html')	('*', 'evidence/MC_SIDE_2_707.html')	('÷', 'evidence/MC_PLOT_707.html')	PA0425	2857	2952	96	48 [45]	[0] NA	mexA/–	multidrug resistance protein MexA/–	SRR25320327
('*', 'evidence/MC_SIDE_1_708.html')	('*', 'evidence/MC_SIDE_2_708.html')	('÷', 'evidence/MC_PLOT_708.html')	PA0506	3550	3606	57	48 [47]	[0] NA	N_A/–	acyl‑CoA dehydrogenase/–	SRR25320327
('*', 'evidence/MC_SIDE_1_709.html')	('*', 'evidence/MC_SIDE_2_709.html')	('÷', 'evidence/MC_PLOT_709.html')	PA0997	2597	2652	56	36 [35]	[0] NA	pqsB/–	hypothetical protein/–	SRR25320327
('*', 'evidence/MC_SIDE_1_710.html')	('*', 'evidence/MC_SIDE_2_710.html')	('÷', 'evidence/MC_PLOT_710.html')	PA1097	3172	3273	102	36 [33]	[0] NA	fleQ/–	transcriptional regulator FleQ/–	SRR25320327
('*', 'evidence/MC_SIDE_1_711.html')	('*', 'evidence/MC_SIDE_2_711.html')	('÷', 'evidence/MC_PLOT_711.html')	PA1179	1	23	23	NA [0]	[23] 28	–/phoP	–/two‑component response regulator PhoP	SRR25320327
('*', 'evidence/MC_SIDE_1_712.html')	('*', 'evidence/MC_SIDE_2_712.html')	('÷', 'evidence/MC_PLOT_712.html')	PA1333	1	75	75	NA [0]	[19] 24	–/N_A	–/hypothetical protein	SRR25320327
('*', 'evidence/MC_SIDE_1_713.html')	('*', 'evidence/MC_SIDE_2_713.html')	('÷', 'evidence/MC_PLOT_713.html')	PA1333	1880	2007	128	24 [19]	[0] NA	N_A/–	hypothetical protein/–	SRR25320327
('*', 'evidence/MC_SIDE_1_714.html')	('*', 'evidence/MC_SIDE_2_714.html')	('÷', 'evidence/MC_PLOT_714.html')	PA1544	2474	2535	62	29 [27]	[0] NA	anr/–	transcriptional regulator Anr/–	SRR25320327
('*', 'evidence/MC_SIDE_1_715.html')	('*', 'evidence/MC_SIDE_2_715.html')	('÷', 'evidence/MC_PLOT_715.html')	PA1713	1	148	148	NA [0]	[27] 34	–/exsA	–/exoenzyme S transcriptional regulator ExsA	SRR25320327
('*', 'evidence/MC_SIDE_1_716.html')	('*', 'evidence/MC_SIDE_2_716.html')	('÷', 'evidence/MC_PLOT_716.html')	PA2020	1	93	93	NA [0]	[19] 20	–/N_A	–/transcriptional regulator	SRR25320327
('*', 'evidence/MC_SIDE_1_717.html')	('*', 'evidence/MC_SIDE_2_717.html')	('÷', 'evidence/MC_PLOT_717.html')	PA2121	1	80	80	NA [0]	[32] 33	–/N_A	–/transcriptional regulator	SRR25320327
('*', 'evidence/MC_SIDE_1_718.html')	('*', 'evidence/MC_SIDE_2_718.html')	('÷', 'evidence/MC_PLOT_718.html')	PA2121	2565	2706	142	33 [32]	[0] NA	N_A/–	transcriptional regulator/–	SRR25320327
('*', 'evidence/MC_SIDE_1_719.html')	('*', 'evidence/MC_SIDE_2_719.html')	('÷', 'evidence/MC_PLOT_719.html')	PA2312	1	67	67	NA [0]	[18] 21	–/N_A	–/transcriptional regulator	SRR25320327
('*', 'evidence/MC_SIDE_1_720.html')	('*', 'evidence/MC_SIDE_2_720.html')	('÷', 'evidence/MC_PLOT_720.html')	PA2435	1	127	127	NA [0]	[20] 21	–/N_A	–/cation‑transporting P‑type ATPase	SRR25320327
('*', 'evidence/MC_SIDE_1_721.html')	('*', 'evidence/MC_SIDE_2_721.html')	('÷', 'evidence/MC_PLOT_721.html')	PA2491	1	1586–4	4–1586	NA [0]	[22] 25	[N_A]	[N_A]	SRR25320327
('*', 'evidence/MC_SIDE_1_722.html')	('*', 'evidence/MC_SIDE_2_722.html')	('÷', 'evidence/MC_PLOT_722.html')	PA2491	2718	2820	103	23 [22]	[0] NA	N_A/–	oxidoreductase/–	SRR25320327
('*', 'evidence/MC_SIDE_1_723.html')	('*', 'evidence/MC_SIDE_2_723.html')	('÷', 'evidence/MC_PLOT_723.html')	PA2492	1	1639–2	2–1639	NA [0]	[29] 31	[mexT]	[mexT]	SRR25320327
('*', 'evidence/MC_SIDE_1_724.html')	('*', 'evidence/MC_SIDE_2_724.html')	('÷', 'evidence/MC_PLOT_724.html')	PA3476	1	1541–740	740–1541	NA [0]	[33] 35	rhlI	rhlI	SRR25320327
('*', 'evidence/MC_SIDE_1_725.html')	('*', 'evidence/MC_SIDE_2_725.html')	('÷', 'evidence/MC_PLOT_725.html')	PA3477	936–1643	2526–1646	4–1591	48 [42]	[0] NA	[rhlR]	[rhlR]	SRR25320327
('*', 'evidence/MC_SIDE_1_726.html')	('*', 'evidence/MC_SIDE_2_726.html')	('÷', 'evidence/MC_PLOT_726.html')	PA3574	1	86	86	NA [0]	[39] 40	–/nalD	–/transcriptional regulator	SRR25320327
('*', 'evidence/MC_SIDE_1_727.html')	('*', 'evidence/MC_SIDE_2_727.html')	('÷', 'evidence/MC_PLOT_727.html')	PA3574	2384	2439	56	41 [39]	[0] NA	nalD/–	transcriptional regulator/–	SRR25320327
('*', 'evidence/MC_SIDE_1_728.html')	('*', 'evidence/MC_SIDE_2_728.html')	('÷', 'evidence/MC_PLOT_728.html')	PA3817	2503	2574	72	53 [48]	[0] NA	N_A/–	methyltransferase/–	SRR25320327
('*', 'evidence/MC_SIDE_1_729.html')	('*', 'evidence/MC_SIDE_2_729.html')	('÷', 'evidence/MC_PLOT_729.html')	PA4462	1	104	104	NA [0]	[39] 46	–/rpoN	–/RNA polymerase factor sigma‑54	SRR25320327
('*', 'evidence/MC_SIDE_1_730.html')	('*', 'evidence/MC_SIDE_2_730.html')	('÷', 'evidence/MC_PLOT_730.html')	PA4462	3182	3294	113	46 [40]	[0] NA	rpoN/–	RNA polymerase factor sigma‑54/–	SRR25320327
('*', 'evidence/MC_SIDE_1_731.html')	('*', 'evidence/MC_SIDE_2_731.html')	('÷', 'evidence/MC_PLOT_731.html')	PA4522	2290	2367	78	27 [25]	[0] NA	ampD/–	N‑acetyl‑anhydromuranmyl‑L‑alanine amidase/–	SRR25320327
('*', 'evidence/MC_SIDE_1_732.html')	('*', 'evidence/MC_SIDE_2_732.html')	('÷', 'evidence/MC_PLOT_732.html')	PA4526	146	1675	1530	3 [1]	[1] 2	[pilB]	[pilB]	SRR25320327
('*', 'evidence/MC_SIDE_1_733.html')	('*', 'evidence/MC_SIDE_2_733.html')	('÷', 'evidence/MC_PLOT_733.html')	PA4526	1873	1914	42	5 [1]	[0] 2	pilB	type 4 fimbrial biogenesis protein PilB	SRR25320327
('*', 'evidence/MC_SIDE_1_734.html')	('*', 'evidence/MC_SIDE_2_734.html')	('÷', 'evidence/MC_PLOT_734.html')	PA4526	2308	2378	71	2 [1]	[1] 2	pilB	type 4 fimbrial biogenesis protein PilB	SRR25320327
('*', 'evidence/MC_SIDE_1_735.html')	('*', 'evidence/MC_SIDE_2_735.html')	('÷', 'evidence/MC_PLOT_735.html')	PA4526	2526	3501	976	2 [1]	[0] NA	[pilB]	[pilB]	SRR25320327
('*', 'evidence/MC_SIDE_1_736.html')	('*', 'evidence/MC_SIDE_2_736.html')	('÷', 'evidence/MC_PLOT_736.html')	PA4796	1349	2268	920	37 [31]	[0] NA	[N_A]	[N_A]	SRR25320327
('*', 'evidence/MC_SIDE_1_737.html')	('*', 'evidence/MC_SIDE_2_737.html')	('÷', 'evidence/MC_PLOT_737.html')	PA4848	1	51	51	NA [0]	[37] 39	–/accC	–/acetyl‑CoA carboxylase biotin carboxylase subunit	SRR25320327
('*', 'evidence/MC_SIDE_1_815.html')	('*', 'evidence/MC_SIDE_2_815.html')	('÷', 'evidence/MC_PLOT_815.html')	PA0425	1	183	183	NA [0]	[189] 193	–/mexA	–/multidrug resistance protein MexA	SRR25422541
('*', 'evidence/MC_SIDE_1_816.html')	('*', 'evidence/MC_SIDE_2_816.html')	('÷', 'evidence/MC_PLOT_816.html')	PA0506	3541	3606	66	171 [163]	[0] NA	N_A/–	acyl‑CoA dehydrogenase/–	SRR25422541
('*', 'evidence/MC_SIDE_1_817.html')	('*', 'evidence/MC_SIDE_2_817.html')	('÷', 'evidence/MC_PLOT_817.html')	PA0707	2483	2580	98	177 [170]	[0] NA	toxR/–	transcriptional regulator ToxR/–	SRR25422541
('*', 'evidence/MC_SIDE_1_818.html')	('*', 'evidence/MC_SIDE_2_818.html')	('÷', 'evidence/MC_PLOT_818.html')	PA1097	1	704	704	NA [0]	[140] 144	–/fleQ	–/transcriptional regulator FleQ	SRR25422541
('*', 'evidence/MC_SIDE_1_820.html')	('*', 'evidence/MC_SIDE_2_820.html')	('÷', 'evidence/MC_PLOT_820.html')	PA2492	1	1591–2	2–1591	NA [0]	[45] 52	[mexT]	[mexT]	SRR25422541
('*', 'evidence/MC_SIDE_1_821.html')	('*', 'evidence/MC_SIDE_2_821.html')	('÷', 'evidence/MC_PLOT_821.html')	PA2492	1946	2031	86	54 [47]	[25] 53	mexT/–	transcriptional regulator MexT/–	SRR25422541
('*', 'evidence/MC_SIDE_1_822.html')	('*', 'evidence/MC_SIDE_2_822.html')	('÷', 'evidence/MC_PLOT_822.html')	PA3476	1742	1935	194	162 [158]	[150] 189	rhlI/–	acyl‑homoserine‑lactone synthase/–	SRR25422541
('*', 'evidence/MC_SIDE_1_823.html')	('*', 'evidence/MC_SIDE_2_823.html')	('÷', 'evidence/MC_PLOT_823.html')	PA3574	1	93	93	NA [0]	[154] 157	–/nalD	–/transcriptional regulator	SRR25422541
('*', 'evidence/MC_SIDE_1_824.html')	('*', 'evidence/MC_SIDE_2_824.html')	('÷', 'evidence/MC_PLOT_824.html')	PA3703	1795	2015	221	144 [133]	[125] 144	[wspF]	[wspF]	SRR25422541
('*', 'evidence/MC_SIDE_1_825.html')	('*', 'evidence/MC_SIDE_2_825.html')	('÷', 'evidence/MC_PLOT_825.html')	PA4526	1	1623	1623	NA [0]	[5] 9	[pilB]	[pilB]	SRR25422541
('*', 'evidence/MC_SIDE_1_826.html')	('*', 'evidence/MC_SIDE_2_826.html')	('÷', 'evidence/MC_PLOT_826.html')	PA4526	1778	1977	200	7 [6]	[6] 7	pilB	type 4 fimbrial biogenesis protein PilB	SRR25422541
('*', 'evidence/MC_SIDE_1_827.html')	('*', 'evidence/MC_SIDE_2_827.html')	('÷', 'evidence/MC_PLOT_827.html')	PA4526	2328	2416	89	8 [6]	[2] 8	pilB	type 4 fimbrial biogenesis protein PilB	SRR25422541
('*', 'evidence/MC_SIDE_1_828.html')	('*', 'evidence/MC_SIDE_2_828.html')	('÷', 'evidence/MC_PLOT_828.html')	PA4526	2629	3501	873	9 [6]	[0] NA	pilB/–	type 4 fimbrial biogenesis protein PilB/–	SRR25422541
('*', 'evidence/MC_SIDE_1_829.html')	('*', 'evidence/MC_SIDE_2_829.html')	('÷', 'evidence/MC_PLOT_829.html')	PA4796	1329	2268	940	161 [156]	[0] NA	[N_A]	[N_A]	SRR25422541
('*', 'evidence/MC_SIDE_1_1287.html')	('*', 'evidence/MC_SIDE_2_1287.html')	('÷', 'evidence/MC_PLOT_1287.html')	PA0366	3156	3231	76	39 [34]	[0] NA	N_A/–	coniferyl aldehyde dehydrogenase/–	SRR25436271
('*', 'evidence/MC_SIDE_1_1288.html')	('*', 'evidence/MC_SIDE_2_1288.html')	('÷', 'evidence/MC_PLOT_1288.html')	PA0425	1	162	162	NA [0]	[42] 43	–/mexA	–/multidrug resistance protein MexA	SRR25436271
('*', 'evidence/MC_SIDE_1_1289.html')	('*', 'evidence/MC_SIDE_2_1289.html')	('÷', 'evidence/MC_PLOT_1289.html')	PA0506	328	781	454	58 [57]	[56] 58	–/N_A	–/acyl‑CoA dehydrogenase	SRR25436271
('*', 'evidence/MC_SIDE_1_1290.html')	('*', 'evidence/MC_SIDE_2_1290.html')	('÷', 'evidence/MC_PLOT_1290.html')	PA0506	3555	3606	52	60 [52]	[0] NA	N_A/–	acyl‑CoA dehydrogenase/–	SRR25436271
('*', 'evidence/MC_SIDE_1_1291.html')	('*', 'evidence/MC_SIDE_2_1291.html')	('÷', 'evidence/MC_PLOT_1291.html')	PA1097	3234	3273	40	18 [17]	[0] NA	fleQ/–	transcriptional regulator FleQ/–	SRR25436271
('*', 'evidence/MC_SIDE_1_1292.html')	('*', 'evidence/MC_SIDE_2_1292.html')	('÷', 'evidence/MC_PLOT_1292.html')	PA1333	1884	2007	124	27 [26]	[0] NA	N_A/–	hypothetical protein/–	SRR25436271
('*', 'evidence/MC_SIDE_1_1293.html')	('*', 'evidence/MC_SIDE_2_1293.html')	('÷', 'evidence/MC_PLOT_1293.html')	PA1544	1	73	73	NA [0]	[18] 22	–/anr	–/transcriptional regulator Anr	SRR25436271
('*', 'evidence/MC_SIDE_1_1294.html')	('*', 'evidence/MC_SIDE_2_1294.html')	('÷', 'evidence/MC_PLOT_1294.html')	PA1713	1	8	8	NA [0]	[1] 4	–/exsA	–/exoenzyme S transcriptional regulator ExsA	SRR25436271
('*', 'evidence/MC_SIDE_1_1295.html')	('*', 'evidence/MC_SIDE_2_1295.html')	('÷', 'evidence/MC_PLOT_1295.html')	PA1713	2628	2637	10	6 [2]	[0] NA	exsA/–	exoenzyme S transcriptional regulator ExsA/–	SRR25436271
('*', 'evidence/MC_SIDE_1_1297.html')	('*', 'evidence/MC_SIDE_2_1297.html')	('÷', 'evidence/MC_PLOT_1297.html')	PA2121	1	87	87	NA [0]	[23] 26	–/N_A	–/transcriptional regulator	SRR25436271
('*', 'evidence/MC_SIDE_1_1298.html')	('*', 'evidence/MC_SIDE_2_1298.html')	('÷', 'evidence/MC_PLOT_1298.html')	PA2121	2326	2706	381	26 [19]	[0] NA	N_A/–	transcriptional regulator/–	SRR25436271
('*', 'evidence/MC_SIDE_1_1299.html')	('*', 'evidence/MC_SIDE_2_1299.html')	('÷', 'evidence/MC_PLOT_1299.html')	PA2312	2107	2382	276	35 [34]	[0] NA	N_A/–	transcriptional regulator/–	SRR25436271
('*', 'evidence/MC_SIDE_1_1300.html')	('*', 'evidence/MC_SIDE_2_1300.html')	('÷', 'evidence/MC_PLOT_1300.html')	PA2491	1	1617–567	567–1617	NA [0]	[37] 39	[N_A]	[N_A]	SRR25436271
('*', 'evidence/MC_SIDE_1_1301.html')	('*', 'evidence/MC_SIDE_2_1301.html')	('÷', 'evidence/MC_PLOT_1301.html')	PA2492	1–1135	1562–1137	3–1562	NA [0]	[12] 13	[mexT]	[mexT]	SRR25436271
('*', 'evidence/MC_SIDE_1_1302.html')	('*', 'evidence/MC_SIDE_2_1302.html')	('÷', 'evidence/MC_PLOT_1302.html')	PA2492	1861	2023	163	13 [12]	[12] 13	[mexT]	[mexT]	SRR25436271
('*', 'evidence/MC_SIDE_1_1303.html')	('*', 'evidence/MC_SIDE_2_1303.html')	('÷', 'evidence/MC_PLOT_1303.html')	PA3217	1	83	83	NA [0]	[29] 30	–/cyaB	–/protein CyaB	SRR25436271
('*', 'evidence/MC_SIDE_1_1304.html')	('*', 'evidence/MC_SIDE_2_1304.html')	('÷', 'evidence/MC_PLOT_1304.html')	PA3476	2305	2406	102	42 [40]	[0] NA	rhlI/–	acyl‑homoserine‑lactone synthase/–	SRR25436271
('*', 'evidence/MC_SIDE_1_1305.html')	('*', 'evidence/MC_SIDE_2_1305.html')	('÷', 'evidence/MC_PLOT_1305.html')	PA3477	996–2524	2526	3–1531	68 [63]	[0] NA	[rhlR]	[rhlR]	SRR25436271
('*', 'evidence/MC_SIDE_1_1306.html')	('*', 'evidence/MC_SIDE_2_1306.html')	('÷', 'evidence/MC_PLOT_1306.html')	PA3565	1	70	70	NA [0]	[33] 35	–/N_A	–/transcriptional regulator	SRR25436271
('*', 'evidence/MC_SIDE_1_1307.html')	('*', 'evidence/MC_SIDE_2_1307.html')	('÷', 'evidence/MC_PLOT_1307.html')	PA3703	1	76	76	NA [0]	[29] 33	–/wspF	–/chemotaxis‑specific methylesterase	SRR25436271
('*', 'evidence/MC_SIDE_1_1308.html')	('*', 'evidence/MC_SIDE_2_1308.html')	('÷', 'evidence/MC_PLOT_1308.html')	PA3817	1	12	12	NA [0]	[2] 5	–/N_A	–/methyltransferase	SRR25436271
('*', 'evidence/MC_SIDE_1_1309.html')	('*', 'evidence/MC_SIDE_2_1309.html')	('÷', 'evidence/MC_PLOT_1309.html')	PA4462	1	105	105	NA [0]	[40] 43	–/rpoN	–/RNA polymerase factor sigma‑54	SRR25436271
('*', 'evidence/MC_SIDE_1_1310.html')	('*', 'evidence/MC_SIDE_2_1310.html')	('÷', 'evidence/MC_PLOT_1310.html')	PA4526	1	1617	1617	NA [0]	[0] 2	[pilB]	[pilB]	SRR25436271
('*', 'evidence/MC_SIDE_1_1311.html')	('*', 'evidence/MC_SIDE_2_1311.html')	('÷', 'evidence/MC_PLOT_1311.html')	PA4526	1877	1912	36	3 [1]	[1] 3	pilB	type 4 fimbrial biogenesis protein PilB	SRR25436271
('*', 'evidence/MC_SIDE_1_1312.html')	('*', 'evidence/MC_SIDE_2_1312.html')	('÷', 'evidence/MC_PLOT_1312.html')	PA4526	2646	2800	155	3 [0]	[0] 2	pilB/–	type 4 fimbrial biogenesis protein PilB/–	SRR25436271
('*', 'evidence/MC_SIDE_1_1313.html')	('*', 'evidence/MC_SIDE_2_1313.html')	('÷', 'evidence/MC_PLOT_1313.html')	PA4526	2842	3501	660	2 [0]	[0] NA	pilB/–	type 4 fimbrial biogenesis protein PilB/–	SRR25436271
('*', 'evidence/MC_SIDE_1_1314.html')	('*', 'evidence/MC_SIDE_2_1314.html')	('÷', 'evidence/MC_PLOT_1314.html')	PA4796	1347	2268	922	33 [29]	[0] NA	[N_A]	[N_A]	SRR25436271
('*', 'evidence/MC_SIDE_1_1315.html')	('*', 'evidence/MC_SIDE_2_1315.html')	('÷', 'evidence/MC_PLOT_1315.html')	PA4848	1	38	38	NA [0]	[28] 30	–/accC	–/acetyl‑CoA carboxylase biotin carboxylase subunit	SRR25436271
('*', 'evidence/MC_SIDE_1_808.html')	('*', 'evidence/MC_SIDE_2_808.html')	('÷', 'evidence/MC_PLOT_808.html')	PA0313	1543	1739	197	239 [232]	[234] 236	[N_A]	[N_A]	SRR25684270
('*', 'evidence/MC_SIDE_1_809.html')	('*', 'evidence/MC_SIDE_2_809.html')	('÷', 'evidence/MC_PLOT_809.html')	PA1097	1	685	685	NA [0]	[234] 235	–/fleQ	–/transcriptional regulator FleQ	SRR25684270
('*', 'evidence/MC_SIDE_1_810.html')	('*', 'evidence/MC_SIDE_2_810.html')	('÷', 'evidence/MC_PLOT_810.html')	PA3476	1798	1886	89	104 [101]	[103] 121	rhlI/–	acyl‑homoserine‑lactone synthase/–	SRR25684270
('*', 'evidence/MC_SIDE_1_811.html')	('*', 'evidence/MC_SIDE_2_811.html')	('÷', 'evidence/MC_PLOT_811.html')	PA4526	1	1674	1674	NA [15]	[27] 30	[pilB]	[pilB]	SRR25684270
('*', 'evidence/MC_SIDE_1_812.html')	('*', 'evidence/MC_SIDE_2_812.html')	('÷', 'evidence/MC_PLOT_812.html')	PA4526	1824	1917	94	31 [28]	[27] 30	pilB	type 4 fimbrial biogenesis protein PilB	SRR25684270
('*', 'evidence/MC_SIDE_1_813.html')	('*', 'evidence/MC_SIDE_2_813.html')	('÷', 'evidence/MC_PLOT_813.html')	PA4526	2275	2359	85	31 [28]	[29] 32	pilB	type 4 fimbrial biogenesis protein PilB	SRR25684270
('*', 'evidence/MC_SIDE_1_814.html')	('*', 'evidence/MC_SIDE_2_814.html')	('÷', 'evidence/MC_PLOT_814.html')	PA4526	2631	3501	871	34 [23]	[0] NA	pilB/–	type 4 fimbrial biogenesis protein PilB/–	SRR25684270
('*', 'evidence/MC_SIDE_1_815.html')	('*', 'evidence/MC_SIDE_2_815.html')	('÷', 'evidence/MC_PLOT_815.html')	PA4796	1328	2268	941	302 [290]	[0] NA	[N_A]	[N_A]	SRR25684270
('*', 'evidence/MC_SIDE_1_598.html')	('*', 'evidence/MC_SIDE_2_598.html')	('÷', 'evidence/MC_PLOT_598.html')	PA0313	2368	2493	126	32 [31]	[0] NA	N_A/–	L‑cysteine ABC transporter protein YecS/–	SRR25798612
('*', 'evidence/MC_SIDE_1_599.html')	('*', 'evidence/MC_SIDE_2_599.html')	('÷', 'evidence/MC_PLOT_599.html')	PA0425	1	121	121	NA [0]	[57] 58	–/mexA	–/multidrug resistance protein MexA	SRR25798612
('*', 'evidence/MC_SIDE_1_600.html')	('*', 'evidence/MC_SIDE_2_600.html')	('÷', 'evidence/MC_PLOT_600.html')	PA0506	1	780	780	NA [1]	[46] 47	–/N_A	–/acyl‑CoA dehydrogenase	SRR25798612
('*', 'evidence/MC_SIDE_1_601.html')	('*', 'evidence/MC_SIDE_2_601.html')	('÷', 'evidence/MC_PLOT_601.html')	PA0506	3495	3606	112	51 [46]	[0] NA	N_A/–	acyl‑CoA dehydrogenase/–	SRR25798612
('*', 'evidence/MC_SIDE_1_602.html')	('*', 'evidence/MC_SIDE_2_602.html')	('÷', 'evidence/MC_PLOT_602.html')	PA0707	1	136	136	NA [0]	[18] 19	–/toxR	–/transcriptional regulator ToxR	SRR25798612
('*', 'evidence/MC_SIDE_1_603.html')	('*', 'evidence/MC_SIDE_2_603.html')	('÷', 'evidence/MC_PLOT_603.html')	PA0707	2439	2580	142	19 [18]	[0] NA	toxR/–	transcriptional regulator ToxR/–	SRR25798612
('*', 'evidence/MC_SIDE_1_604.html')	('*', 'evidence/MC_SIDE_2_604.html')	('÷', 'evidence/MC_PLOT_604.html')	PA0997	2610	2652	43	19 [10]	[0] NA	pqsB/–	hypothetical protein/–	SRR25798612
('*', 'evidence/MC_SIDE_1_605.html')	('*', 'evidence/MC_SIDE_2_605.html')	('÷', 'evidence/MC_PLOT_605.html')	PA1097	1	691	691	NA [0]	[20] 23	–/fleQ	–/transcriptional regulator FleQ	SRR25798612
('*', 'evidence/MC_SIDE_1_606.html')	('*', 'evidence/MC_SIDE_2_606.html')	('÷', 'evidence/MC_PLOT_606.html')	PA1097	3097	3273	177	22 [21]	[0] NA	fleQ/–	transcriptional regulator FleQ/–	SRR25798612
('*', 'evidence/MC_SIDE_1_607.html')	('*', 'evidence/MC_SIDE_2_607.html')	('÷', 'evidence/MC_PLOT_607.html')	PA1179	2360	2478	119	13 [12]	[0] NA	phoP/–	two‑component response regulator PhoP/–	SRR25798612
('*', 'evidence/MC_SIDE_1_608.html')	('*', 'evidence/MC_SIDE_2_608.html')	('÷', 'evidence/MC_PLOT_608.html')	PA1333	1	1	1	NA [0]	[0] 4	–/N_A	–/hypothetical protein	SRR25798612
('*', 'evidence/MC_SIDE_1_609.html')	('*', 'evidence/MC_SIDE_2_609.html')	('÷', 'evidence/MC_PLOT_609.html')	PA1333	2005	2007	3	2 [1]	[0] NA	N_A/–	hypothetical protein/–	SRR25798612
('*', 'evidence/MC_SIDE_1_610.html')	('*', 'evidence/MC_SIDE_2_610.html')	('÷', 'evidence/MC_PLOT_610.html')	PA1430	2341	2520	180	40 [38]	[0] NA	lasR/–	transcriptional regulator LasR/–	SRR25798612
('*', 'evidence/MC_SIDE_1_611.html')	('*', 'evidence/MC_SIDE_2_611.html')	('÷', 'evidence/MC_PLOT_611.html')	PA1544	1	109	109	NA [0]	[20] 21	–/anr	–/transcriptional regulator Anr	SRR25798612
('*', 'evidence/MC_SIDE_1_612.html')	('*', 'evidence/MC_SIDE_2_612.html')	('÷', 'evidence/MC_PLOT_612.html')	PA1544	2435	2535	101	21 [20]	[0] NA	anr/–	transcriptional regulator Anr/–	SRR25798612
('*', 'evidence/MC_SIDE_1_613.html')	('*', 'evidence/MC_SIDE_2_613.html')	('÷', 'evidence/MC_PLOT_613.html')	PA1713	1	115	115	NA [0]	[19] 25	–/exsA	–/exoenzyme S transcriptional regulator ExsA	SRR25798612
('*', 'evidence/MC_SIDE_1_614.html')	('*', 'evidence/MC_SIDE_2_614.html')	('÷', 'evidence/MC_PLOT_614.html')	PA1713	2461	2637	177	22 [21]	[0] NA	exsA/–	exoenzyme S transcriptional regulator ExsA/–	SRR25798612
('*', 'evidence/MC_SIDE_1_615.html')	('*', 'evidence/MC_SIDE_2_615.html')	('÷', 'evidence/MC_PLOT_615.html')	PA2020	1	163	163	NA [0]	[20] 22	–/N_A	–/transcriptional regulator	SRR25798612
('*', 'evidence/MC_SIDE_1_616.html')	('*', 'evidence/MC_SIDE_2_616.html')	('÷', 'evidence/MC_PLOT_616.html')	PA2020	2158	2433	276	22 [21]	[0] NA	N_A/–	transcriptional regulator/–	SRR25798612
('*', 'evidence/MC_SIDE_1_617.html')	('*', 'evidence/MC_SIDE_2_617.html')	('÷', 'evidence/MC_PLOT_617.html')	PA2121	1	137	137	NA [0]	[13] 14	–/N_A	–/transcriptional regulator	SRR25798612
('*', 'evidence/MC_SIDE_1_618.html')	('*', 'evidence/MC_SIDE_2_618.html')	('÷', 'evidence/MC_PLOT_618.html')	PA2312	2056	2382	327	17 [12]	[0] NA	N_A/–	transcriptional regulator/–	SRR25798612
('*', 'evidence/MC_SIDE_1_619.html')	('*', 'evidence/MC_SIDE_2_619.html')	('÷', 'evidence/MC_PLOT_619.html')	PA2435	3707	3786	80	16 [15]	[0] NA	N_A/–	cation‑transporting P‑type ATPase/–	SRR25798612
('*', 'evidence/MC_SIDE_1_620.html')	('*', 'evidence/MC_SIDE_2_620.html')	('÷', 'evidence/MC_PLOT_620.html')	PA2491	1–551	1475–570	20–1475	NA [0]	[1] 2	[N_A]	[N_A]	SRR25798612
('*', 'evidence/MC_SIDE_1_621.html')	('*', 'evidence/MC_SIDE_2_621.html')	('÷', 'evidence/MC_PLOT_621.html')	PA2491	1971	1992	22	2 [1]	[1] 2	N_A/–	oxidoreductase/–	SRR25798612
('*', 'evidence/MC_SIDE_1_622.html')	('*', 'evidence/MC_SIDE_2_622.html')	('÷', 'evidence/MC_PLOT_622.html')	PA2491	2803	2820	18	3 [1]	[0] NA	N_A/–	oxidoreductase/–	SRR25798612
('*', 'evidence/MC_SIDE_1_623.html')	('*', 'evidence/MC_SIDE_2_623.html')	('÷', 'evidence/MC_PLOT_623.html')	PA2492	1	1556–1151	1151–1556	NA [0]	[18] 19	[mexT]	[mexT]	SRR25798612
('*', 'evidence/MC_SIDE_1_624.html')	('*', 'evidence/MC_SIDE_2_624.html')	('÷', 'evidence/MC_PLOT_624.html')	PA3476	1	1377–746	746–1377	NA [0]	[0] 2	[rhlI]	[rhlI]	SRR25798612
('*', 'evidence/MC_SIDE_1_625.html')	('*', 'evidence/MC_SIDE_2_625.html')	('÷', 'evidence/MC_PLOT_625.html')	PA3476	1834	1849	16	2 [0]	[0] 4	rhlI/–	acyl‑homoserine‑lactone synthase/–	SRR25798612
('*', 'evidence/MC_SIDE_1_626.html')	('*', 'evidence/MC_SIDE_2_626.html')	('÷', 'evidence/MC_PLOT_626.html')	PA3476	2404	2406	3	2 [1]	[0] NA	rhlI/–	acyl‑homoserine‑lactone synthase/–	SRR25798612
('*', 'evidence/MC_SIDE_1_627.html')	('*', 'evidence/MC_SIDE_2_627.html')	('÷', 'evidence/MC_PLOT_627.html')	PA3477	1053–1616	2526	911–1474	37 [36]	[0] NA	[rhlR]	[rhlR]	SRR25798612
('*', 'evidence/MC_SIDE_1_628.html')	('*', 'evidence/MC_SIDE_2_628.html')	('÷', 'evidence/MC_PLOT_628.html')	PA3565	1	119	119	NA [0]	[13] 15	–/N_A	–/transcriptional regulator	SRR25798612
('*', 'evidence/MC_SIDE_1_629.html')	('*', 'evidence/MC_SIDE_2_629.html')	('÷', 'evidence/MC_PLOT_629.html')	PA3565	1596	2144	549	16 [13]	[14] 15	[N_A]	[N_A]	SRR25798612
('*', 'evidence/MC_SIDE_1_630.html')	('*', 'evidence/MC_SIDE_2_630.html')	('÷', 'evidence/MC_PLOT_630.html')	PA3574	1	46	46	NA [0]	[8] 9	–/nalD	–/transcriptional regulator	SRR25798612
('*', 'evidence/MC_SIDE_1_631.html')	('*', 'evidence/MC_SIDE_2_631.html')	('÷', 'evidence/MC_PLOT_631.html')	PA3574	2419	2439	21	9 [7]	[0] NA	nalD/–	transcriptional regulator/–	SRR25798612
('*', 'evidence/MC_SIDE_1_632.html')	('*', 'evidence/MC_SIDE_2_632.html')	('÷', 'evidence/MC_PLOT_632.html')	PA3817	1	94	94	NA [0]	[30] 35	–/N_A	–/methyltransferase	SRR25798612
('*', 'evidence/MC_SIDE_1_633.html')	('*', 'evidence/MC_SIDE_2_633.html')	('÷', 'evidence/MC_PLOT_633.html')	PA4462	1	208	208	NA [0]	[44] 46	–/rpoN	–/RNA polymerase factor sigma‑54	SRR25798612
('*', 'evidence/MC_SIDE_1_634.html')	('*', 'evidence/MC_SIDE_2_634.html')	('÷', 'evidence/MC_PLOT_634.html')	PA4522	1	37	37	NA [0]	[5] 7	–/ampD	–/N‑acetyl‑anhydromuranmyl‑L‑alanine amidase	SRR25798612
('*', 'evidence/MC_SIDE_1_635.html')	('*', 'evidence/MC_SIDE_2_635.html')	('÷', 'evidence/MC_PLOT_635.html')	PA4526	1	1642	1642	NA [0]	[0] 3	[pilB]	[pilB]	SRR25798612
('*', 'evidence/MC_SIDE_1_636.html')	('*', 'evidence/MC_SIDE_2_636.html')	('÷', 'evidence/MC_PLOT_636.html')	PA4526	1725	1792	68	3 [1]	[0] 2	pilB	type 4 fimbrial biogenesis protein PilB	SRR25798612
('*', 'evidence/MC_SIDE_1_637.html')	('*', 'evidence/MC_SIDE_2_637.html')	('÷', 'evidence/MC_PLOT_637.html')	PA4526	1868	1978	111	2 [0]	[0] 2	pilB	type 4 fimbrial biogenesis protein PilB	SRR25798612
('*', 'evidence/MC_SIDE_1_638.html')	('*', 'evidence/MC_SIDE_2_638.html')	('÷', 'evidence/MC_PLOT_638.html')	PA4526	2318	3501	1184	2 [1]	[0] NA	[pilB]	[pilB]	SRR25798612
('*', 'evidence/MC_SIDE_1_639.html')	('*', 'evidence/MC_SIDE_2_639.html')	('÷', 'evidence/MC_PLOT_639.html')	PA4796	1287	2268	982	28 [27]	[0] NA	[N_A]	[N_A]	SRR25798612
('*', 'evidence/MC_SIDE_1_640.html')	('*', 'evidence/MC_SIDE_2_640.html')	('÷', 'evidence/MC_PLOT_640.html')	PA4848	3003	3150	148	25 [24]	[0] NA	accC/–	acetyl‑CoA carboxylase biotin carboxylase subunit/–	SRR25798612
('*', 'evidence/MC_SIDE_1_1480.html')	('*', 'evidence/MC_SIDE_2_1480.html')	('÷', 'evidence/MC_PLOT_1480.html')	PA0313	1573	1705	133	93 [88]	[87] 90	[N_A]	[N_A]	SRR25818364
('*', 'evidence/MC_SIDE_1_1481.html')	('*', 'evidence/MC_SIDE_2_1481.html')	('÷', 'evidence/MC_PLOT_1481.html')	PA0506	477	769	293	159 [155]	[157] 159	–/N_A	–/acyl‑CoA dehydrogenase	SRR25818364
('*', 'evidence/MC_SIDE_1_1482.html')	('*', 'evidence/MC_SIDE_2_1482.html')	('÷', 'evidence/MC_PLOT_1482.html')	PA0707	2470	2580	111	119 [117]	[0] NA	toxR/–	transcriptional regulator ToxR/–	SRR25818364
('*', 'evidence/MC_SIDE_1_1483.html')	('*', 'evidence/MC_SIDE_2_1483.html')	('÷', 'evidence/MC_PLOT_1483.html')	PA1097	1	948	948	NA [0]	[157] 160	[fleQ]	[fleQ]	SRR25818364
('*', 'evidence/MC_SIDE_1_1485.html')	('*', 'evidence/MC_SIDE_2_1485.html')	('÷', 'evidence/MC_PLOT_1485.html')	PA2121	1	147	147	NA [0]	[153] 155	–/N_A	–/transcriptional regulator	SRR25818364
('*', 'evidence/MC_SIDE_1_1486.html')	('*', 'evidence/MC_SIDE_2_1486.html')	('÷', 'evidence/MC_PLOT_1486.html')	PA2121	2214	2706	493	155 [154]	[0] NA	N_A/–	transcriptional regulator/–	SRR25818364
('*', 'evidence/MC_SIDE_1_1487.html')	('*', 'evidence/MC_SIDE_2_1487.html')	('÷', 'evidence/MC_PLOT_1487.html')	PA2312	2130	2382	253	160 [154]	[0] NA	N_A/–	transcriptional regulator/–	SRR25818364
('*', 'evidence/MC_SIDE_1_1488.html')	('*', 'evidence/MC_SIDE_2_1488.html')	('÷', 'evidence/MC_PLOT_1488.html')	PA2491	1872	2082	211	138 [137]	[136] 138	[N_A]	[N_A]	SRR25818364
('*', 'evidence/MC_SIDE_1_1489.html')	('*', 'evidence/MC_SIDE_2_1489.html')	('÷', 'evidence/MC_PLOT_1489.html')	PA2492	1932	2090	159	118 [114]	[114] 115	[mexT]	[mexT]	SRR25818364
('*', 'evidence/MC_SIDE_1_1490.html')	('*', 'evidence/MC_SIDE_2_1490.html')	('÷', 'evidence/MC_PLOT_1490.html')	PA3477	927–2525	2526	2–1600	171 [167]	[0] NA	[rhlR]	[rhlR]	SRR25818364
('*', 'evidence/MC_SIDE_1_1491.html')	('*', 'evidence/MC_SIDE_2_1491.html')	('÷', 'evidence/MC_PLOT_1491.html')	PA4526	1	1937	1937	NA [4]	[20] 24	[pilB]	[pilB]	SRR25818364
('*', 'evidence/MC_SIDE_1_1492.html')	('*', 'evidence/MC_SIDE_2_1492.html')	('÷', 'evidence/MC_PLOT_1492.html')	PA4526	2287	2424	138	23 [21]	[22] 23	pilB	type 4 fimbrial biogenesis protein PilB	SRR25818364
('*', 'evidence/MC_SIDE_1_1493.html')	('*', 'evidence/MC_SIDE_2_1493.html')	('÷', 'evidence/MC_PLOT_1493.html')	PA4526	2614	3501	888	24 [19]	[0] NA	pilB/–	type 4 fimbrial biogenesis protein PilB/–	SRR25818364
('*', 'evidence/MC_SIDE_1_1494.html')	('*', 'evidence/MC_SIDE_2_1494.html')	('÷', 'evidence/MC_PLOT_1494.html')	PA4848	2171	3150	980	224 [221]	[0] NA	[accC]	[accC]	SRR25818364
('*', 'evidence/MC_SIDE_1_645.html')	('*', 'evidence/MC_SIDE_2_645.html')	('÷', 'evidence/MC_PLOT_645.html')	PA0506	3555	3606	52	628 [586]	[0] NA	N_A/–	acyl‑CoA dehydrogenase/–	SRR26058668
('*', 'evidence/MC_SIDE_1_646.html')	('*', 'evidence/MC_SIDE_2_646.html')	('÷', 'evidence/MC_PLOT_646.html')	PA1333	1	116	116	NA [0]	[649] 652	–/N_A	–/hypothetical protein	SRR26058668
('*', 'evidence/MC_SIDE_1_647.html')	('*', 'evidence/MC_SIDE_2_647.html')	('÷', 'evidence/MC_PLOT_647.html')	PA2491	1	1715	1715	NA [0]	[660] 667	[N_A]	[N_A]	SRR26058668
('*', 'evidence/MC_SIDE_1_648.html')	('*', 'evidence/MC_SIDE_2_648.html')	('÷', 'evidence/MC_PLOT_648.html')	PA4526	149	1627	1479	74 [35]	[39] 43	[pilB]	[pilB]	SRR26058668
('*', 'evidence/MC_SIDE_1_649.html')	('*', 'evidence/MC_SIDE_2_649.html')	('÷', 'evidence/MC_PLOT_649.html')	PA4526	1773	1978	206	50 [39]	[24] 57	pilB	type 4 fimbrial biogenesis protein PilB	SRR26058668
('*', 'evidence/MC_SIDE_1_650.html')	('*', 'evidence/MC_SIDE_2_650.html')	('÷', 'evidence/MC_PLOT_650.html')	PA4526	2318	2418	101	45 [27]	[33] 43	pilB	type 4 fimbrial biogenesis protein PilB	SRR26058668
('*', 'evidence/MC_SIDE_1_651.html')	('*', 'evidence/MC_SIDE_2_651.html')	('÷', 'evidence/MC_PLOT_651.html')	PA4526	2625	3501	877	53 [27]	[0] NA	pilB/–	type 4 fimbrial biogenesis protein PilB/–	SRR26058668
('*', 'evidence/MC_SIDE_1_652.html')	('*', 'evidence/MC_SIDE_2_652.html')	('÷', 'evidence/MC_PLOT_652.html')	PA4796	1319	2268	950	639 [637]	[0] NA	[N_A]	[N_A]	SRR26058668
('*', 'evidence/MC_SIDE_1_1568.html')	('*', 'evidence/MC_SIDE_2_1568.html')	('÷', 'evidence/MC_PLOT_1568.html')	PA0313	1532	1695	164	37 [32]	[27] 33	[N_A]	[N_A]	SRR26953609
('*', 'evidence/MC_SIDE_1_1569.html')	('*', 'evidence/MC_SIDE_2_1569.html')	('÷', 'evidence/MC_PLOT_1569.html')	PA0425	1	135	135	NA [0]	[59] 62	–/mexA	–/multidrug resistance protein MexA	SRR26953609
('*', 'evidence/MC_SIDE_1_1570.html')	('*', 'evidence/MC_SIDE_2_1570.html')	('÷', 'evidence/MC_PLOT_1570.html')	PA0506	460	747	288	56 [55]	[53] 56	–/N_A	–/acyl‑CoA dehydrogenase	SRR26953609
('*', 'evidence/MC_SIDE_1_1571.html')	('*', 'evidence/MC_SIDE_2_1571.html')	('÷', 'evidence/MC_PLOT_1571.html')	PA0707	1	53	53	NA [0]	[39] 41	–/toxR	–/transcriptional regulator ToxR	SRR26953609
('*', 'evidence/MC_SIDE_1_1572.html')	('*', 'evidence/MC_SIDE_2_1572.html')	('÷', 'evidence/MC_PLOT_1572.html')	PA0707	2513	2580	68	41 [39]	[0] NA	toxR/–	transcriptional regulator ToxR/–	SRR26953609
('*', 'evidence/MC_SIDE_1_1573.html')	('*', 'evidence/MC_SIDE_2_1573.html')	('÷', 'evidence/MC_PLOT_1573.html')	PA1097	3159	3273	115	38 [35]	[0] NA	fleQ/–	transcriptional regulator FleQ/–	SRR26953609
('*', 'evidence/MC_SIDE_1_1574.html')	('*', 'evidence/MC_SIDE_2_1574.html')	('÷', 'evidence/MC_PLOT_1574.html')	PA1179	1	29	29	NA [0]	[22] 28	–/phoP	–/two‑component response regulator PhoP	SRR26953609
('*', 'evidence/MC_SIDE_1_1575.html')	('*', 'evidence/MC_SIDE_2_1575.html')	('÷', 'evidence/MC_PLOT_1575.html')	PA1333	1	76	76	NA [0]	[42] 45	–/N_A	–/hypothetical protein	SRR26953609
('*', 'evidence/MC_SIDE_1_1576.html')	('*', 'evidence/MC_SIDE_2_1576.html')	('÷', 'evidence/MC_PLOT_1576.html')	PA1333	1876	2007	132	45 [42]	[0] NA	N_A/–	hypothetical protein/–	SRR26953609
('*', 'evidence/MC_SIDE_1_1577.html')	('*', 'evidence/MC_SIDE_2_1577.html')	('÷', 'evidence/MC_PLOT_1577.html')	PA1430	1	91	91	NA [0]	[46] 52	–/lasR	–/transcriptional regulator LasR	SRR26953609
('*', 'evidence/MC_SIDE_1_1578.html')	('*', 'evidence/MC_SIDE_2_1578.html')	('÷', 'evidence/MC_PLOT_1578.html')	PA1544	1	63	63	NA [0]	[36] 38	–/anr	–/transcriptional regulator Anr	SRR26953609
('*', 'evidence/MC_SIDE_1_1579.html')	('*', 'evidence/MC_SIDE_2_1579.html')	('÷', 'evidence/MC_PLOT_1579.html')	PA1713	1	50	50	NA [0]	[32] 33	–/exsA	–/exoenzyme S transcriptional regulator ExsA	SRR26953609
('*', 'evidence/MC_SIDE_1_1581.html')	('*', 'evidence/MC_SIDE_2_1581.html')	('÷', 'evidence/MC_PLOT_1581.html')	PA2121	1	145	145	NA [0]	[28] 33	–/N_A	–/transcriptional regulator	SRR26953609
('*', 'evidence/MC_SIDE_1_1582.html')	('*', 'evidence/MC_SIDE_2_1582.html')	('÷', 'evidence/MC_PLOT_1582.html')	PA2121	2262	2706	445	29 [28]	[0] NA	N_A/–	transcriptional regulator/–	SRR26953609
('*', 'evidence/MC_SIDE_1_1583.html')	('*', 'evidence/MC_SIDE_2_1583.html')	('÷', 'evidence/MC_PLOT_1583.html')	PA2312	2094	2382	289	37 [35]	[0] NA	N_A/–	transcriptional regulator/–	SRR26953609
('*', 'evidence/MC_SIDE_1_1584.html')	('*', 'evidence/MC_SIDE_2_1584.html')	('÷', 'evidence/MC_PLOT_1584.html')	PA2435	1	213	213	NA [0]	[36] 37	–/N_A	–/cation‑transporting P‑type ATPase	SRR26953609
('*', 'evidence/MC_SIDE_1_1585.html')	('*', 'evidence/MC_SIDE_2_1585.html')	('÷', 'evidence/MC_PLOT_1585.html')	PA2491	1	1656–3	3–1656	NA [0]	[50] 53	[N_A]	[N_A]	SRR26953609
('*', 'evidence/MC_SIDE_1_1586.html')	('*', 'evidence/MC_SIDE_2_1586.html')	('÷', 'evidence/MC_PLOT_1586.html')	PA2491	1872	2089	218	53 [51]	[51] 59	[N_A]	[N_A]	SRR26953609
('*', 'evidence/MC_SIDE_1_1587.html')	('*', 'evidence/MC_SIDE_2_1587.html')	('÷', 'evidence/MC_PLOT_1587.html')	PA2492	1	1598–5	5–1598	NA [0]	[21] 24	[mexT]	[mexT]	SRR26953609
('*', 'evidence/MC_SIDE_1_1588.html')	('*', 'evidence/MC_SIDE_2_1588.html')	('÷', 'evidence/MC_PLOT_1588.html')	PA2492	1946	2046	101	24 [22]	[22] 24	mexT/–	transcriptional regulator MexT/–	SRR26953609
('*', 'evidence/MC_SIDE_1_1589.html')	('*', 'evidence/MC_SIDE_2_1589.html')	('÷', 'evidence/MC_PLOT_1589.html')	PA3217	1	46	46	NA [0]	[27] 36	–/cyaB	–/protein CyaB	SRR26953609
('*', 'evidence/MC_SIDE_1_1590.html')	('*', 'evidence/MC_SIDE_2_1590.html')	('÷', 'evidence/MC_PLOT_1590.html')	PA3476	1	1546–4	4–1546	NA [0]	[41] 42	rhlI	rhlI	SRR26953609
('*', 'evidence/MC_SIDE_1_1591.html')	('*', 'evidence/MC_SIDE_2_1591.html')	('÷', 'evidence/MC_PLOT_1591.html')	PA3477	939–2525	2526	2–1588	65 [62]	[0] NA	[rhlR]	[rhlR]	SRR26953609
('*', 'evidence/MC_SIDE_1_1592.html')	('*', 'evidence/MC_SIDE_2_1592.html')	('÷', 'evidence/MC_PLOT_1592.html')	PA3565	1824	2115	292	39 [34]	[34] 37	N_A/–	transcriptional regulator/–	SRR26953609
('*', 'evidence/MC_SIDE_1_1593.html')	('*', 'evidence/MC_SIDE_2_1593.html')	('÷', 'evidence/MC_PLOT_1593.html')	PA3574	1	64	64	NA [0]	[50] 51	–/nalD	–/transcriptional regulator	SRR26953609
('*', 'evidence/MC_SIDE_1_1594.html')	('*', 'evidence/MC_SIDE_2_1594.html')	('÷', 'evidence/MC_PLOT_1594.html')	PA3703	1	73	73	NA [0]	[53] 56	–/wspF	–/chemotaxis‑specific methylesterase	SRR26953609
('*', 'evidence/MC_SIDE_1_1595.html')	('*', 'evidence/MC_SIDE_2_1595.html')	('÷', 'evidence/MC_PLOT_1595.html')	PA3703	2567	2808	242	54 [52]	[0] NA	wspF/–	chemotaxis‑specific methylesterase/–	SRR26953609
('*', 'evidence/MC_SIDE_1_1596.html')	('*', 'evidence/MC_SIDE_2_1596.html')	('÷', 'evidence/MC_PLOT_1596.html')	PA3817	1	76	76	NA [0]	[23] 28	–/N_A	–/methyltransferase	SRR26953609
('*', 'evidence/MC_SIDE_1_1597.html')	('*', 'evidence/MC_SIDE_2_1597.html')	('÷', 'evidence/MC_PLOT_1597.html')	PA4462	1	133	133	NA [0]	[59] 60	–/rpoN	–/RNA polymerase factor sigma‑54	SRR26953609
('*', 'evidence/MC_SIDE_1_1598.html')	('*', 'evidence/MC_SIDE_2_1598.html')	('÷', 'evidence/MC_PLOT_1598.html')	PA4462	3182	3294	113	60 [58]	[0] NA	rpoN/–	RNA polymerase factor sigma‑54/–	SRR26953609
('*', 'evidence/MC_SIDE_1_1599.html')	('*', 'evidence/MC_SIDE_2_1599.html')	('÷', 'evidence/MC_PLOT_1599.html')	PA4526	1	1676	1676	NA [0]	[5] 8	[pilB]	[pilB]	SRR26953609
('*', 'evidence/MC_SIDE_1_1600.html')	('*', 'evidence/MC_SIDE_2_1600.html')	('÷', 'evidence/MC_PLOT_1600.html')	PA4526	1834	1914	81	6 [5]	[3] 9	pilB	type 4 fimbrial biogenesis protein PilB	SRR26953609
('*', 'evidence/MC_SIDE_1_1601.html')	('*', 'evidence/MC_SIDE_2_1601.html')	('÷', 'evidence/MC_PLOT_1601.html')	PA4526	2292	2353	62	7 [4]	[2] 6	pilB	type 4 fimbrial biogenesis protein PilB	SRR26953609
('*', 'evidence/MC_SIDE_1_1602.html')	('*', 'evidence/MC_SIDE_2_1602.html')	('÷', 'evidence/MC_PLOT_1602.html')	PA4526	2625	3501	877	9 [5]	[0] NA	pilB/–	type 4 fimbrial biogenesis protein PilB/–	SRR26953609
('*', 'evidence/MC_SIDE_1_1603.html')	('*', 'evidence/MC_SIDE_2_1603.html')	('÷', 'evidence/MC_PLOT_1603.html')	PA4796	1	137	137	NA [0]	[58] 60	–/N_A	–/hypothetical protein	SRR26953609
('*', 'evidence/MC_SIDE_1_1604.html')	('*', 'evidence/MC_SIDE_2_1604.html')	('÷', 'evidence/MC_PLOT_1604.html')	PA4796	1548	2268	721	59 [58]	[0] NA	N_A/–	hypothetical protein/–	SRR26953609
('*', 'evidence/MC_SIDE_1_1085.html')	('*', 'evidence/MC_SIDE_2_1085.html')	('÷', 'evidence/MC_PLOT_1085.html')	PA0313	1	78	78	NA [0]	[29] 30	–/N_A	–/L‑cysteine ABC transporter protein YecS	SRR27140059
('*', 'evidence/MC_SIDE_1_1086.html')	('*', 'evidence/MC_SIDE_2_1086.html')	('÷', 'evidence/MC_PLOT_1086.html')	PA0313	1431	1729	299	30 [28]	[29] 30	[N_A]	[N_A]	SRR27140059
('*', 'evidence/MC_SIDE_1_1087.html')	('*', 'evidence/MC_SIDE_2_1087.html')	('÷', 'evidence/MC_PLOT_1087.html')	PA0366	3019	3231	213	63 [62]	[0] NA	N_A/–	coniferyl aldehyde dehydrogenase/–	SRR27140059
('*', 'evidence/MC_SIDE_1_1088.html')	('*', 'evidence/MC_SIDE_2_1088.html')	('÷', 'evidence/MC_PLOT_1088.html')	PA0425	1	389	389	NA [0]	[50] 52	–/mexA	–/multidrug resistance protein MexA	SRR27140059
('*', 'evidence/MC_SIDE_1_1089.html')	('*', 'evidence/MC_SIDE_2_1089.html')	('÷', 'evidence/MC_PLOT_1089.html')	PA0506	1	799	799	NA [0]	[30] 32	–/N_A	–/acyl‑CoA dehydrogenase	SRR27140059
('*', 'evidence/MC_SIDE_1_1090.html')	('*', 'evidence/MC_SIDE_2_1090.html')	('÷', 'evidence/MC_PLOT_1090.html')	PA0652	1	116	116	NA [0]	[34] 35	–/vfr	–/cAMP‑regulatory protein	SRR27140059
('*', 'evidence/MC_SIDE_1_1091.html')	('*', 'evidence/MC_SIDE_2_1091.html')	('÷', 'evidence/MC_PLOT_1091.html')	PA0707	2320	2580	261	16 [14]	[0] NA	toxR/–	transcriptional regulator ToxR/–	SRR27140059
('*', 'evidence/MC_SIDE_1_1092.html')	('*', 'evidence/MC_SIDE_2_1092.html')	('÷', 'evidence/MC_PLOT_1092.html')	PA0997	1	165	165	NA [0]	[50] 52	–/pqsB	–/hypothetical protein	SRR27140059
('*', 'evidence/MC_SIDE_1_1093.html')	('*', 'evidence/MC_SIDE_2_1093.html')	('÷', 'evidence/MC_PLOT_1093.html')	PA0997	2492	2652	161	52 [51]	[0] NA	pqsB/–	hypothetical protein/–	SRR27140059
('*', 'evidence/MC_SIDE_1_1094.html')	('*', 'evidence/MC_SIDE_2_1094.html')	('÷', 'evidence/MC_PLOT_1094.html')	PA1179	1	210	210	NA [0]	[43] 44	–/phoP	–/two‑component response regulator PhoP	SRR27140059
('*', 'evidence/MC_SIDE_1_1095.html')	('*', 'evidence/MC_SIDE_2_1095.html')	('÷', 'evidence/MC_PLOT_1095.html')	PA1179	2147	2478	332	44 [43]	[0] NA	phoP/–	two‑component response regulator PhoP/–	SRR27140059
('*', 'evidence/MC_SIDE_1_1097.html')	('*', 'evidence/MC_SIDE_2_1097.html')	('÷', 'evidence/MC_PLOT_1097.html')	PA1430	2372	2520	149	52 [51]	[0] NA	lasR/–	transcriptional regulator LasR/–	SRR27140059
('*', 'evidence/MC_SIDE_1_1098.html')	('*', 'evidence/MC_SIDE_2_1098.html')	('÷', 'evidence/MC_PLOT_1098.html')	PA1713	1	144	144	NA [0]	[46] 48	–/exsA	–/exoenzyme S transcriptional regulator ExsA	SRR27140059
('*', 'evidence/MC_SIDE_1_1099.html')	('*', 'evidence/MC_SIDE_2_1099.html')	('÷', 'evidence/MC_PLOT_1099.html')	PA1713	2473	2637	165	47 [46]	[0] NA	exsA/–	exoenzyme S transcriptional regulator ExsA/–	SRR27140059
('*', 'evidence/MC_SIDE_1_1100.html')	('*', 'evidence/MC_SIDE_2_1100.html')	('÷', 'evidence/MC_PLOT_1100.html')	PA2121	1	194	194	NA [0]	[53] 54	–/N_A	–/transcriptional regulator	SRR27140059
('*', 'evidence/MC_SIDE_1_1101.html')	('*', 'evidence/MC_SIDE_2_1101.html')	('÷', 'evidence/MC_PLOT_1101.html')	PA2121	1140	2055	916	55 [53]	[52] 56	[N_A]	[N_A]	SRR27140059
('*', 'evidence/MC_SIDE_1_1102.html')	('*', 'evidence/MC_SIDE_2_1102.html')	('÷', 'evidence/MC_PLOT_1102.html')	PA2121	2198	2706	509	54 [53]	[0] NA	N_A/–	transcriptional regulator/–	SRR27140059
('*', 'evidence/MC_SIDE_1_1103.html')	('*', 'evidence/MC_SIDE_2_1103.html')	('÷', 'evidence/MC_PLOT_1103.html')	PA2312	1	68	68	NA [0]	[19] 20	–/N_A	–/transcriptional regulator	SRR27140059
('*', 'evidence/MC_SIDE_1_1104.html')	('*', 'evidence/MC_SIDE_2_1104.html')	('÷', 'evidence/MC_PLOT_1104.html')	PA2312	2107	2382	276	21 [19]	[0] NA	N_A/–	transcriptional regulator/–	SRR27140059
('*', 'evidence/MC_SIDE_1_1105.html')	('*', 'evidence/MC_SIDE_2_1105.html')	('÷', 'evidence/MC_PLOT_1105.html')	PA2435	1	97	97	NA [0]	[27] 28	–/N_A	–/cation‑transporting P‑type ATPase	SRR27140059
('*', 'evidence/MC_SIDE_1_1106.html')	('*', 'evidence/MC_SIDE_2_1106.html')	('÷', 'evidence/MC_PLOT_1106.html')	PA2491	1	1499–564	564–1499	NA [0]	[14] 15	[N_A]	[N_A]	SRR27140059
('*', 'evidence/MC_SIDE_1_1107.html')	('*', 'evidence/MC_SIDE_2_1107.html')	('÷', 'evidence/MC_PLOT_1107.html')	PA2491	1934	2034	101	15 [14]	[14] 15	N_A/–	oxidoreductase/–	SRR27140059
('*', 'evidence/MC_SIDE_1_1108.html')	('*', 'evidence/MC_SIDE_2_1108.html')	('÷', 'evidence/MC_PLOT_1108.html')	PA2492	1	1502–1142	1142–1502	NA [0]	[21] 22	[mexT]	[mexT]	SRR27140059
('*', 'evidence/MC_SIDE_1_1109.html')	('*', 'evidence/MC_SIDE_2_1109.html')	('÷', 'evidence/MC_PLOT_1109.html')	PA2492	1782	2056	275	22 [21]	[21] 23	[mexT]	[mexT]	SRR27140059
('*', 'evidence/MC_SIDE_1_1110.html')	('*', 'evidence/MC_SIDE_2_1110.html')	('÷', 'evidence/MC_PLOT_1110.html')	PA3217	1	90	90	NA [0]	[31] 32	–/cyaB	–/protein CyaB	SRR27140059
('*', 'evidence/MC_SIDE_1_1111.html')	('*', 'evidence/MC_SIDE_2_1111.html')	('÷', 'evidence/MC_PLOT_1111.html')	PA3217	515	869	355	32 [31]	[31] 32	–/cyaB	–/protein CyaB	SRR27140059
('*', 'evidence/MC_SIDE_1_1112.html')	('*', 'evidence/MC_SIDE_2_1112.html')	('÷', 'evidence/MC_PLOT_1112.html')	PA3217	3109	3192	84	32 [31]	[0] NA	cyaB/–	protein CyaB/–	SRR27140059
('*', 'evidence/MC_SIDE_1_1113.html')	('*', 'evidence/MC_SIDE_2_1113.html')	('÷', 'evidence/MC_PLOT_1113.html')	PA3476	1	554	554	NA [0]	[0] 66	–/rhlI	–/acyl‑homoserine‑lactone synthase	SRR27140059
('*', 'evidence/MC_SIDE_1_1114.html')	('*', 'evidence/MC_SIDE_2_1114.html')	('÷', 'evidence/MC_PLOT_1114.html')	PA3476	2343	2406	64	22 [21]	[0] NA	rhlI/–	acyl‑homoserine‑lactone synthase/–	SRR27140059
('*', 'evidence/MC_SIDE_1_1115.html')	('*', 'evidence/MC_SIDE_2_1115.html')	('÷', 'evidence/MC_PLOT_1115.html')	PA3477	925–1447	2526	1080–1602	81 [80]	[0] NA	[rhlR]	[rhlR]	SRR27140059
('*', 'evidence/MC_SIDE_1_1116.html')	('*', 'evidence/MC_SIDE_2_1116.html')	('÷', 'evidence/MC_PLOT_1116.html')	PA3565	2635	2721	87	46 [43]	[0] NA	N_A/–	transcriptional regulator/–	SRR27140059
('*', 'evidence/MC_SIDE_1_1117.html')	('*', 'evidence/MC_SIDE_2_1117.html')	('÷', 'evidence/MC_PLOT_1117.html')	PA3574	2356	2439	84	28 [26]	[0] NA	nalD/–	transcriptional regulator/–	SRR27140059
('*', 'evidence/MC_SIDE_1_1118.html')	('*', 'evidence/MC_SIDE_2_1118.html')	('÷', 'evidence/MC_PLOT_1118.html')	PA3703	1	402	402	NA [0]	[42] 44	–/wspF	–/chemotaxis‑specific methylesterase	SRR27140059
('*', 'evidence/MC_SIDE_1_1119.html')	('*', 'evidence/MC_SIDE_2_1119.html')	('÷', 'evidence/MC_PLOT_1119.html')	PA3703	1726	2037	312	43 [41]	[42] 43	[wspF]	[wspF]	SRR27140059
('*', 'evidence/MC_SIDE_1_1120.html')	('*', 'evidence/MC_SIDE_2_1120.html')	('÷', 'evidence/MC_PLOT_1120.html')	PA3703	2648	2808	161	43 [42]	[0] NA	wspF/–	chemotaxis‑specific methylesterase/–	SRR27140059
('*', 'evidence/MC_SIDE_1_1121.html')	('*', 'evidence/MC_SIDE_2_1121.html')	('÷', 'evidence/MC_PLOT_1121.html')	PA3817	1962	2574	613	59 [57]	[0] NA	N_A/–	methyltransferase/–	SRR27140059
('*', 'evidence/MC_SIDE_1_1122.html')	('*', 'evidence/MC_SIDE_2_1122.html')	('÷', 'evidence/MC_PLOT_1122.html')	PA4420	1248	1701	454	65 [64]	[63] 65	N_A	S‑adenosyl‑methyltransferase MraW	SRR27140059
('*', 'evidence/MC_SIDE_1_1123.html')	('*', 'evidence/MC_SIDE_2_1123.html')	('÷', 'evidence/MC_PLOT_1123.html')	PA4462	1	184	184	NA [0]	[51] 52	–/rpoN	–/RNA polymerase factor sigma‑54	SRR27140059
('*', 'evidence/MC_SIDE_1_1124.html')	('*', 'evidence/MC_SIDE_2_1124.html')	('÷', 'evidence/MC_PLOT_1124.html')	PA4522	1	141	141	NA [0]	[52] 53	–/ampD	–/N‑acetyl‑anhydromuranmyl‑L‑alanine amidase	SRR27140059
('*', 'evidence/MC_SIDE_1_1125.html')	('*', 'evidence/MC_SIDE_2_1125.html')	('÷', 'evidence/MC_PLOT_1125.html')	PA4522	2220	2367	148	53 [51]	[0] NA	ampD/–	N‑acetyl‑anhydromuranmyl‑L‑alanine amidase/–	SRR27140059
('*', 'evidence/MC_SIDE_1_1127.html')	('*', 'evidence/MC_SIDE_2_1127.html')	('÷', 'evidence/MC_PLOT_1127.html')	PA4796	1	180	180	NA [0]	[62] 63	–/N_A	–/hypothetical protein	SRR27140059
('*', 'evidence/MC_SIDE_1_1128.html')	('*', 'evidence/MC_SIDE_2_1128.html')	('÷', 'evidence/MC_PLOT_1128.html')	PA4796	1235	2268	1034	63 [61]	[0] NA	[N_A]	[N_A]	SRR27140059
('*', 'evidence/MC_SIDE_1_1129.html')	('*', 'evidence/MC_SIDE_2_1129.html')	('÷', 'evidence/MC_PLOT_1129.html')	PA4848	1	128	128	NA [0]	[47] 49	–/accC	–/acetyl‑CoA carboxylase biotin carboxylase subunit	SRR27140059
('*', 'evidence/MC_SIDE_1_756.html')	('*', 'evidence/MC_SIDE_2_756.html')	('÷', 'evidence/MC_PLOT_756.html')	PA0506	3572	3606	35	184 [179]	[0] NA	N_A/–	acyl‑CoA dehydrogenase/–	SRR27501761
('*', 'evidence/MC_SIDE_1_757.html')	('*', 'evidence/MC_SIDE_2_757.html')	('÷', 'evidence/MC_PLOT_757.html')	PA1097	1	660	660	NA [0]	[112] 117	–/fleQ	–/transcriptional regulator FleQ	SRR27501761
('*', 'evidence/MC_SIDE_1_758.html')	('*', 'evidence/MC_SIDE_2_758.html')	('÷', 'evidence/MC_PLOT_758.html')	PA1333	1843	2007	165	146 [125]	[0] NA	N_A/–	hypothetical protein/–	SRR27501761
('*', 'evidence/MC_SIDE_1_760.html')	('*', 'evidence/MC_SIDE_2_760.html')	('÷', 'evidence/MC_PLOT_760.html')	PA2491	1	1613–3	3–1613	NA [0]	[132] 133	[N_A]	[N_A]	SRR27501761
('*', 'evidence/MC_SIDE_1_761.html')	('*', 'evidence/MC_SIDE_2_761.html')	('÷', 'evidence/MC_PLOT_761.html')	PA3476	1	1537–3	3–1537	NA [0]	[93] 99	rhlI	rhlI	SRR27501761
('*', 'evidence/MC_SIDE_1_762.html')	('*', 'evidence/MC_SIDE_2_762.html')	('÷', 'evidence/MC_PLOT_762.html')	PA3476	1798	1888	91	97 [93]	[94] 100	rhlI/–	acyl‑homoserine‑lactone synthase/–	SRR27501761
('*', 'evidence/MC_SIDE_1_763.html')	('*', 'evidence/MC_SIDE_2_763.html')	('÷', 'evidence/MC_PLOT_763.html')	PA3477	959–2525	2526	2–1568	204 [201]	[0] NA	[rhlR]	[rhlR]	SRR27501761
('*', 'evidence/MC_SIDE_1_764.html')	('*', 'evidence/MC_SIDE_2_764.html')	('÷', 'evidence/MC_PLOT_764.html')	PA3703	1	86	86	NA [0]	[154] 158	–/wspF	–/chemotaxis‑specific methylesterase	SRR27501761
('*', 'evidence/MC_SIDE_1_765.html')	('*', 'evidence/MC_SIDE_2_765.html')	('÷', 'evidence/MC_PLOT_765.html')	PA4526	148	1673	1526	26 [9]	[13] 17	[pilB]	[pilB]	SRR27501761
('*', 'evidence/MC_SIDE_1_766.html')	('*', 'evidence/MC_SIDE_2_766.html')	('÷', 'evidence/MC_PLOT_766.html')	PA4526	1836	1918	83	14 [11]	[13] 14	pilB	type 4 fimbrial biogenesis protein PilB	SRR27501761
('*', 'evidence/MC_SIDE_1_767.html')	('*', 'evidence/MC_SIDE_2_767.html')	('÷', 'evidence/MC_PLOT_767.html')	PA4526	2292	2355	64	29 [7]	[13] 15	pilB	type 4 fimbrial biogenesis protein PilB	SRR27501761
('*', 'evidence/MC_SIDE_1_768.html')	('*', 'evidence/MC_SIDE_2_768.html')	('÷', 'evidence/MC_PLOT_768.html')	PA4526	2646	3501	856	14 [7]	[0] NA	pilB/–	type 4 fimbrial biogenesis protein PilB/–	SRR27501761
('*', 'evidence/MC_SIDE_1_769.html')	('*', 'evidence/MC_SIDE_2_769.html')	('÷', 'evidence/MC_PLOT_769.html')	PA4796	1324	2268	945	204 [189]	[0] NA	[N_A]	[N_A]	SRR27501761
('*', 'evidence/MC_SIDE_1_143.html')	('*', 'evidence/MC_SIDE_2_143.html')	('÷', 'evidence/MC_PLOT_143.html')	PA0506	3553	3606	54	206 [202]	[0] NA	N_A/–	acyl‑CoA dehydrogenase/–	SRR27842630
('*', 'evidence/MC_SIDE_1_759.html')	('*', 'evidence/MC_SIDE_2_759.html')	('÷', 'evidence/MC_PLOT_759.html')	PA0425	1	217	217	NA [0]	[193] 214	–/mexA	–/multidrug resistance protein MexA	SRR28533055
('*', 'evidence/MC_SIDE_1_760.html')	('*', 'evidence/MC_SIDE_2_760.html')	('÷', 'evidence/MC_PLOT_760.html')	PA0506	3546	3606	61	230 [220]	[0] NA	N_A/–	acyl‑CoA dehydrogenase/–	SRR28533055
('*', 'evidence/MC_SIDE_1_761.html')	('*', 'evidence/MC_SIDE_2_761.html')	('÷', 'evidence/MC_PLOT_761.html')	PA1097	1	702	702	NA [0]	[169] 177	–/fleQ	–/transcriptional regulator FleQ	SRR28533055
('*', 'evidence/MC_SIDE_1_763.html')	('*', 'evidence/MC_SIDE_2_763.html')	('÷', 'evidence/MC_PLOT_763.html')	PA1097	3140	3273	134	176 [166]	[0] NA	fleQ/–	transcriptional regulator FleQ/–	SRR28533055
('*', 'evidence/MC_SIDE_1_764.html')	('*', 'evidence/MC_SIDE_2_764.html')	('÷', 'evidence/MC_PLOT_764.html')	PA1713	1	115	115	NA [0]	[165] 197	–/exsA	–/exoenzyme S transcriptional regulator ExsA	SRR28533055
('*', 'evidence/MC_SIDE_1_766.html')	('*', 'evidence/MC_SIDE_2_766.html')	('÷', 'evidence/MC_PLOT_766.html')	PA2121	2313	2706	394	155 [145]	[0] NA	N_A/–	transcriptional regulator/–	SRR28533055
('*', 'evidence/MC_SIDE_1_767.html')	('*', 'evidence/MC_SIDE_2_767.html')	('÷', 'evidence/MC_PLOT_767.html')	PA2435	1	255	255	NA [0]	[73] 79	–/N_A	–/cation‑transporting P‑type ATPase	SRR28533055
('*', 'evidence/MC_SIDE_1_768.html')	('*', 'evidence/MC_SIDE_2_768.html')	('÷', 'evidence/MC_PLOT_768.html')	PA2491	1–561	1623–565	5–1623	NA [0]	[148] 159	[N_A]	[N_A]	SRR28533055
('*', 'evidence/MC_SIDE_1_769.html')	('*', 'evidence/MC_SIDE_2_769.html')	('÷', 'evidence/MC_PLOT_769.html')	PA2492	1–1137	1606–1141	5–1606	NA [0]	[79] 81	[mexT]	[mexT]	SRR28533055
('*', 'evidence/MC_SIDE_1_770.html')	('*', 'evidence/MC_SIDE_2_770.html')	('÷', 'evidence/MC_PLOT_770.html')	PA2492	1954	2031	78	80 [72]	[17] 95	mexT/–	transcriptional regulator MexT/–	SRR28533055
('*', 'evidence/MC_SIDE_1_771.html')	('*', 'evidence/MC_SIDE_2_771.html')	('÷', 'evidence/MC_PLOT_771.html')	PA3476	1	1557–4	4–1557	NA [0]	[196] 200	rhlI	rhlI	SRR28533055
('*', 'evidence/MC_SIDE_1_772.html')	('*', 'evidence/MC_SIDE_2_772.html')	('÷', 'evidence/MC_PLOT_772.html')	PA3477	931–2525	2526	2–1596	268 [245]	[0] NA	[rhlR]	[rhlR]	SRR28533055
('*', 'evidence/MC_SIDE_1_773.html')	('*', 'evidence/MC_SIDE_2_773.html')	('÷', 'evidence/MC_PLOT_773.html')	PA3565	1848	2158	311	99 [96]	[97] 99	N_A/–	transcriptional regulator/–	SRR28533055
('*', 'evidence/MC_SIDE_1_774.html')	('*', 'evidence/MC_SIDE_2_774.html')	('÷', 'evidence/MC_PLOT_774.html')	PA4462	3175	3294	120	210 [195]	[0] NA	rpoN/–	RNA polymerase factor sigma‑54/–	SRR28533055
('*', 'evidence/MC_SIDE_1_775.html')	('*', 'evidence/MC_SIDE_2_775.html')	('÷', 'evidence/MC_PLOT_775.html')	PA4526	1	1680	1680	NA [0]	[23] 34	[pilB]	[pilB]	SRR28533055
('*', 'evidence/MC_SIDE_1_776.html')	('*', 'evidence/MC_SIDE_2_776.html')	('÷', 'evidence/MC_PLOT_776.html')	PA4526	1828	1987	160	31 [30]	[20] 33	pilB	type 4 fimbrial biogenesis protein PilB	SRR28533055
('*', 'evidence/MC_SIDE_1_777.html')	('*', 'evidence/MC_SIDE_2_777.html')	('÷', 'evidence/MC_PLOT_777.html')	PA4526	2292	3501	1210	31 [19]	[0] NA	[pilB]	[pilB]	SRR28533055
('*', 'evidence/MC_SIDE_1_778.html')	('*', 'evidence/MC_SIDE_2_778.html')	('÷', 'evidence/MC_PLOT_778.html')	PA4796	1363	2268	906	139 [123]	[0] NA	[N_A]	[N_A]	SRR28533055
('*', 'evidence/MC_SIDE_1_1396.html')	('*', 'evidence/MC_SIDE_2_1396.html')	('÷', 'evidence/MC_PLOT_1396.html')	PA0313	1544	1747	204	582 [578]	[578] 659	[N_A]	[N_A]	SRR28862967
('*', 'evidence/MC_SIDE_1_1397.html')	('*', 'evidence/MC_SIDE_2_1397.html')	('÷', 'evidence/MC_PLOT_1397.html')	PA0506	1	809	809	NA [11]	[852] 867	–/N_A	–/acyl‑CoA dehydrogenase	SRR28862967
('*', 'evidence/MC_SIDE_1_1398.html')	('*', 'evidence/MC_SIDE_2_1398.html')	('÷', 'evidence/MC_PLOT_1398.html')	PA0707	2277	2580	304	543 [529]	[0] NA	toxR/–	transcriptional regulator ToxR/–	SRR28862967
('*', 'evidence/MC_SIDE_1_1399.html')	('*', 'evidence/MC_SIDE_2_1399.html')	('÷', 'evidence/MC_PLOT_1399.html')	PA1097	1	654	654	NA [0]	[456] 460	–/fleQ	–/transcriptional regulator FleQ	SRR28862967
('*', 'evidence/MC_SIDE_1_1400.html')	('*', 'evidence/MC_SIDE_2_1400.html')	('÷', 'evidence/MC_PLOT_1400.html')	PA2121	2280	2706	427	459 [445]	[0] NA	N_A/–	transcriptional regulator/–	SRR28862967
('*', 'evidence/MC_SIDE_1_1401.html')	('*', 'evidence/MC_SIDE_2_1401.html')	('÷', 'evidence/MC_PLOT_1401.html')	PA2312	2087	2382	296	422 [418]	[0] NA	N_A/–	transcriptional regulator/–	SRR28862967
('*', 'evidence/MC_SIDE_1_1402.html')	('*', 'evidence/MC_SIDE_2_1402.html')	('÷', 'evidence/MC_PLOT_1402.html')	PA2491	1894	2050	157	383 [375]	[376] 407	[N_A]	[N_A]	SRR28862967
('*', 'evidence/MC_SIDE_1_1403.html')	('*', 'evidence/MC_SIDE_2_1403.html')	('÷', 'evidence/MC_PLOT_1403.html')	PA2492	1842	2031	190	224 [212]	[149] 322	[mexT]	[mexT]	SRR28862967
('*', 'evidence/MC_SIDE_1_1404.html')	('*', 'evidence/MC_SIDE_2_1404.html')	('÷', 'evidence/MC_PLOT_1404.html')	PA4526	1	1876	1876	NA [9]	[99] 102	[pilB]	[pilB]	SRR28862967
('*', 'evidence/MC_SIDE_1_1405.html')	('*', 'evidence/MC_SIDE_2_1405.html')	('÷', 'evidence/MC_PLOT_1405.html')	PA4526	2363	2419	57	117 [88]	[91] 117	pilB	type 4 fimbrial biogenesis protein PilB	SRR28862967
('*', 'evidence/MC_SIDE_1_1406.html')	('*', 'evidence/MC_SIDE_2_1406.html')	('÷', 'evidence/MC_PLOT_1406.html')	PA4526	2618	3501	884	102 [85]	[0] NA	pilB/–	type 4 fimbrial biogenesis protein PilB/–	SRR28862967
('*', 'evidence/MC_SIDE_1_1407.html')	('*', 'evidence/MC_SIDE_2_1407.html')	('÷', 'evidence/MC_PLOT_1407.html')	PA4796	1305	2268	964	693 [681]	[0] NA	[N_A]	[N_A]	SRR28862967
('*', 'evidence/MC_SIDE_1_108.html')	('*', 'evidence/MC_SIDE_2_108.html')	('÷', 'evidence/MC_PLOT_108.html')	PA0506	3586	3606	21	75 [74]	[0] NA	N_A/–	acyl‑CoA dehydrogenase/–	SRR2939282
('*', 'evidence/MC_SIDE_1_109.html')	('*', 'evidence/MC_SIDE_2_109.html')	('÷', 'evidence/MC_PLOT_109.html')	PA2491	1925	2035	111	53 [48]	[50] 54	N_A/–	oxidoreductase/–	SRR2939282
('*', 'evidence/MC_SIDE_1_110.html')	('*', 'evidence/MC_SIDE_2_110.html')	('÷', 'evidence/MC_PLOT_110.html')	PA3476	1	1578–4	4–1578	NA [0]	[102] 107	rhlI	rhlI	SRR2939282
('*', 'evidence/MC_SIDE_1_753.html')	('*', 'evidence/MC_SIDE_2_753.html')	('÷', 'evidence/MC_PLOT_753.html')	PA0313	1	62	62	NA [0]	[6] 7	–/N_A	–/L‑cysteine ABC transporter protein YecS	SRR30156008
('*', 'evidence/MC_SIDE_1_754.html')	('*', 'evidence/MC_SIDE_2_754.html')	('÷', 'evidence/MC_PLOT_754.html')	PA0313	1537	1700	164	7 [6]	[6] 7	[N_A]	[N_A]	SRR30156008
('*', 'evidence/MC_SIDE_1_755.html')	('*', 'evidence/MC_SIDE_2_755.html')	('÷', 'evidence/MC_PLOT_755.html')	PA0313	2443	2493	51	7 [6]	[0] NA	N_A/–	L‑cysteine ABC transporter protein YecS/–	SRR30156008
('*', 'evidence/MC_SIDE_1_756.html')	('*', 'evidence/MC_SIDE_2_756.html')	('÷', 'evidence/MC_PLOT_756.html')	PA0366	1	35	35	NA [0]	[5] 7	–/N_A	–/coniferyl aldehyde dehydrogenase	SRR30156008
('*', 'evidence/MC_SIDE_1_757.html')	('*', 'evidence/MC_SIDE_2_757.html')	('÷', 'evidence/MC_PLOT_757.html')	PA0425	1	304	304	NA [0]	[11] 13	–/mexA	–/multidrug resistance protein MexA	SRR30156008
('*', 'evidence/MC_SIDE_1_759.html')	('*', 'evidence/MC_SIDE_2_759.html')	('÷', 'evidence/MC_PLOT_759.html')	PA0425	2893	2952	60	13 [11]	[0] NA	mexA/–	multidrug resistance protein MexA/–	SRR30156008
('*', 'evidence/MC_SIDE_1_760.html')	('*', 'evidence/MC_SIDE_2_760.html')	('÷', 'evidence/MC_PLOT_760.html')	PA0506	1	802	802	NA [0]	[8] 9	–/N_A	–/acyl‑CoA dehydrogenase	SRR30156008
('*', 'evidence/MC_SIDE_1_761.html')	('*', 'evidence/MC_SIDE_2_761.html')	('÷', 'evidence/MC_PLOT_761.html')	PA0652	1	96	96	NA [0]	[5] 6	–/vfr	–/cAMP‑regulatory protein	SRR30156008
('*', 'evidence/MC_SIDE_1_762.html')	('*', 'evidence/MC_SIDE_2_762.html')	('÷', 'evidence/MC_PLOT_762.html')	PA0652	2418	2445	28	6 [5]	[0] NA	vfr/–	cAMP‑regulatory protein/–	SRR30156008
('*', 'evidence/MC_SIDE_1_763.html')	('*', 'evidence/MC_SIDE_2_763.html')	('÷', 'evidence/MC_PLOT_763.html')	PA0707	248	315	68	5 [4]	[4] 5	–/toxR	–/transcriptional regulator ToxR	SRR30156008
('*', 'evidence/MC_SIDE_1_764.html')	('*', 'evidence/MC_SIDE_2_764.html')	('÷', 'evidence/MC_PLOT_764.html')	PA0707	2304	2580	277	6 [4]	[0] NA	toxR/–	transcriptional regulator ToxR/–	SRR30156008
('*', 'evidence/MC_SIDE_1_765.html')	('*', 'evidence/MC_SIDE_2_765.html')	('÷', 'evidence/MC_PLOT_765.html')	PA0997	1	72	72	NA [0]	[4] 5	–/pqsB	–/hypothetical protein	SRR30156008
('*', 'evidence/MC_SIDE_1_766.html')	('*', 'evidence/MC_SIDE_2_766.html')	('÷', 'evidence/MC_PLOT_766.html')	PA0997	2625	2652	28	5 [4]	[0] NA	pqsB/–	hypothetical protein/–	SRR30156008
('*', 'evidence/MC_SIDE_1_767.html')	('*', 'evidence/MC_SIDE_2_767.html')	('÷', 'evidence/MC_PLOT_767.html')	PA1097	1	601	601	NA [0]	[1] 2	–/fleQ	–/transcriptional regulator FleQ	SRR30156008
('*', 'evidence/MC_SIDE_1_768.html')	('*', 'evidence/MC_SIDE_2_768.html')	('÷', 'evidence/MC_PLOT_768.html')	PA1097	3257	3273	17	2 [1]	[0] NA	fleQ/–	transcriptional regulator FleQ/–	SRR30156008
('*', 'evidence/MC_SIDE_1_769.html')	('*', 'evidence/MC_SIDE_2_769.html')	('÷', 'evidence/MC_PLOT_769.html')	PA1179	1	69	69	NA [0]	[9] 10	–/phoP	–/two‑component response regulator PhoP	SRR30156008
('*', 'evidence/MC_SIDE_1_770.html')	('*', 'evidence/MC_SIDE_2_770.html')	('÷', 'evidence/MC_PLOT_770.html')	PA1179	2338	2478	141	10 [9]	[0] NA	phoP/–	two‑component response regulator PhoP/–	SRR30156008
('*', 'evidence/MC_SIDE_1_771.html')	('*', 'evidence/MC_SIDE_2_771.html')	('÷', 'evidence/MC_PLOT_771.html')	PA1333	1	42	42	NA [0]	[4] 5	–/N_A	–/hypothetical protein	SRR30156008
('*', 'evidence/MC_SIDE_1_772.html')	('*', 'evidence/MC_SIDE_2_772.html')	('÷', 'evidence/MC_PLOT_772.html')	PA1333	1967	2007	41	5 [4]	[0] NA	N_A/–	hypothetical protein/–	SRR30156008
('*', 'evidence/MC_SIDE_1_773.html')	('*', 'evidence/MC_SIDE_2_773.html')	('÷', 'evidence/MC_PLOT_773.html')	PA1430	1	25	25	NA [0]	[1] 2	–/lasR	–/transcriptional regulator LasR	SRR30156008
('*', 'evidence/MC_SIDE_1_774.html')	('*', 'evidence/MC_SIDE_2_774.html')	('÷', 'evidence/MC_PLOT_774.html')	PA1430	421	530	110	2 [1]	[1] 2	–/lasR	–/transcriptional regulator LasR	SRR30156008
('*', 'evidence/MC_SIDE_1_775.html')	('*', 'evidence/MC_SIDE_2_775.html')	('÷', 'evidence/MC_PLOT_775.html')	PA1544	1	31	31	NA [0]	[2] 3	–/anr	–/transcriptional regulator Anr	SRR30156008
('*', 'evidence/MC_SIDE_1_776.html')	('*', 'evidence/MC_SIDE_2_776.html')	('÷', 'evidence/MC_PLOT_776.html')	PA1544	2465	2535	71	3 [2]	[0] NA	anr/–	transcriptional regulator Anr/–	SRR30156008
('*', 'evidence/MC_SIDE_1_777.html')	('*', 'evidence/MC_SIDE_2_777.html')	('÷', 'evidence/MC_PLOT_777.html')	PA1713	1	84	84	NA [0]	[4] 5	–/exsA	–/exoenzyme S transcriptional regulator ExsA	SRR30156008
('*', 'evidence/MC_SIDE_1_778.html')	('*', 'evidence/MC_SIDE_2_778.html')	('÷', 'evidence/MC_PLOT_778.html')	PA1713	384	646	263	5 [4]	[4] 5	–/exsA	–/exoenzyme S transcriptional regulator ExsA	SRR30156008
('*', 'evidence/MC_SIDE_1_779.html')	('*', 'evidence/MC_SIDE_2_779.html')	('÷', 'evidence/MC_PLOT_779.html')	PA1713	2557	2637	81	6 [4]	[0] NA	exsA/–	exoenzyme S transcriptional regulator ExsA/–	SRR30156008
('*', 'evidence/MC_SIDE_1_780.html')	('*', 'evidence/MC_SIDE_2_780.html')	('÷', 'evidence/MC_PLOT_780.html')	PA2020	1	4	4	NA [0]	[0] 2	–/N_A	–/transcriptional regulator	SRR30156008
('*', 'evidence/MC_SIDE_1_782.html')	('*', 'evidence/MC_SIDE_2_782.html')	('÷', 'evidence/MC_PLOT_782.html')	PA2020	2425	2433	9	2 [1]	[0] NA	N_A/–	transcriptional regulator/–	SRR30156008
('*', 'evidence/MC_SIDE_1_783.html')	('*', 'evidence/MC_SIDE_2_783.html')	('÷', 'evidence/MC_PLOT_783.html')	PA2121	1	125	125	NA [0]	[1] 3	–/N_A	–/transcriptional regulator	SRR30156008
('*', 'evidence/MC_SIDE_1_784.html')	('*', 'evidence/MC_SIDE_2_784.html')	('÷', 'evidence/MC_PLOT_784.html')	PA2121	1637	1930	294	2 [1]	[1] 2	[N_A]	[N_A]	SRR30156008
('*', 'evidence/MC_SIDE_1_785.html')	('*', 'evidence/MC_SIDE_2_785.html')	('÷', 'evidence/MC_PLOT_785.html')	PA2121	2340	2706	367	2 [1]	[0] NA	N_A/–	transcriptional regulator/–	SRR30156008
('*', 'evidence/MC_SIDE_1_786.html')	('*', 'evidence/MC_SIDE_2_786.html')	('÷', 'evidence/MC_PLOT_786.html')	PA2312	406	568	163	3 [2]	[2] 3	–/N_A	–/transcriptional regulator	SRR30156008
('*', 'evidence/MC_SIDE_1_787.html')	('*', 'evidence/MC_SIDE_2_787.html')	('÷', 'evidence/MC_PLOT_787.html')	PA2312	1758	1771	14	25 [0]	[2] 3	N_A/–	transcriptional regulator/–	SRR30156008
('*', 'evidence/MC_SIDE_1_788.html')	('*', 'evidence/MC_SIDE_2_788.html')	('÷', 'evidence/MC_PLOT_788.html')	PA2312	2074	2382	309	3 [2]	[0] NA	N_A/–	transcriptional regulator/–	SRR30156008
('*', 'evidence/MC_SIDE_1_790.html')	('*', 'evidence/MC_SIDE_2_790.html')	('÷', 'evidence/MC_PLOT_790.html')	PA2435	3398	3539	142	2 [1]	[1] 2	N_A/–	cation‑transporting P‑type ATPase/–	SRR30156008
('*', 'evidence/MC_SIDE_1_791.html')	('*', 'evidence/MC_SIDE_2_791.html')	('÷', 'evidence/MC_PLOT_791.html')	PA2435	3760	3786	27	2 [1]	[0] NA	N_A/–	cation‑transporting P‑type ATPase/–	SRR30156008
('*', 'evidence/MC_SIDE_1_792.html')	('*', 'evidence/MC_SIDE_2_792.html')	('÷', 'evidence/MC_PLOT_792.html')	PA2491	1	1551–564	564–1551	NA [0]	[3] 4	[N_A]	[N_A]	SRR30156008
('*', 'evidence/MC_SIDE_1_793.html')	('*', 'evidence/MC_SIDE_2_793.html')	('÷', 'evidence/MC_PLOT_793.html')	PA2492	1	1508–1140	1140–1508	NA [0]	[1] 2	[mexT]	[mexT]	SRR30156008
('*', 'evidence/MC_SIDE_1_794.html')	('*', 'evidence/MC_SIDE_2_794.html')	('÷', 'evidence/MC_PLOT_794.html')	PA2492	1821	2031	211	2 [1]	[1] 2	[mexT]	[mexT]	SRR30156008
('*', 'evidence/MC_SIDE_1_795.html')	('*', 'evidence/MC_SIDE_2_795.html')	('÷', 'evidence/MC_PLOT_795.html')	PA3217	1	12	12	NA [0]	[1] 2	–/cyaB	–/protein CyaB	SRR30156008
('*', 'evidence/MC_SIDE_1_796.html')	('*', 'evidence/MC_SIDE_2_796.html')	('÷', 'evidence/MC_PLOT_796.html')	PA3476	1	645–3	3–645	NA [0]	[0] 7	–/rhlI	–/acyl‑homoserine‑lactone synthase	SRR30156008
('*', 'evidence/MC_SIDE_1_797.html')	('*', 'evidence/MC_SIDE_2_797.html')	('÷', 'evidence/MC_PLOT_797.html')	PA3476	2269	2406	138	5 [4]	[0] NA	rhlI/–	acyl‑homoserine‑lactone synthase/–	SRR30156008
('*', 'evidence/MC_SIDE_1_798.html')	('*', 'evidence/MC_SIDE_2_798.html')	('÷', 'evidence/MC_PLOT_798.html')	PA3477	1	108	108	NA [0]	[12] 13	–/rhlR	–/transcriptional regulator RhlR	SRR30156008
('*', 'evidence/MC_SIDE_1_799.html')	('*', 'evidence/MC_SIDE_2_799.html')	('÷', 'evidence/MC_PLOT_799.html')	PA3477	1039–2520	2526	7–1488	13 [12]	[0] NA	[rhlR]	[rhlR]	SRR30156008
('*', 'evidence/MC_SIDE_1_800.html')	('*', 'evidence/MC_SIDE_2_800.html')	('÷', 'evidence/MC_PLOT_800.html')	PA3565	1	57	57	NA [0]	[4] 5	–/N_A	–/transcriptional regulator	SRR30156008
('*', 'evidence/MC_SIDE_1_801.html')	('*', 'evidence/MC_SIDE_2_801.html')	('÷', 'evidence/MC_PLOT_801.html')	PA3565	2669	2721	53	5 [4]	[0] NA	N_A/–	transcriptional regulator/–	SRR30156008
('*', 'evidence/MC_SIDE_1_802.html')	('*', 'evidence/MC_SIDE_2_802.html')	('÷', 'evidence/MC_PLOT_802.html')	PA3574	1	5	5	NA [0]	[2] 3	–/nalD	–/transcriptional regulator	SRR30156008
('*', 'evidence/MC_SIDE_1_803.html')	('*', 'evidence/MC_SIDE_2_803.html')	('÷', 'evidence/MC_PLOT_803.html')	PA3574	2425	2439	15	3 [2]	[0] NA	nalD/–	transcriptional regulator/–	SRR30156008
('*', 'evidence/MC_SIDE_1_804.html')	('*', 'evidence/MC_SIDE_2_804.html')	('÷', 'evidence/MC_PLOT_804.html')	PA3703	2759	2808	50	3 [1]	[0] NA	wspF/–	chemotaxis‑specific methylesterase/–	SRR30156008
('*', 'evidence/MC_SIDE_1_805.html')	('*', 'evidence/MC_SIDE_2_805.html')	('÷', 'evidence/MC_PLOT_805.html')	PA3817	1	93	93	NA [0]	[6] 7	–/N_A	–/methyltransferase	SRR30156008
('*', 'evidence/MC_SIDE_1_806.html')	('*', 'evidence/MC_SIDE_2_806.html')	('÷', 'evidence/MC_PLOT_806.html')	PA3817	1952	2290	339	7 [6]	[6] 7	N_A/–	methyltransferase/–	SRR30156008
('*', 'evidence/MC_SIDE_1_807.html')	('*', 'evidence/MC_SIDE_2_807.html')	('÷', 'evidence/MC_PLOT_807.html')	PA3817	2396	2574	179	7 [6]	[0] NA	N_A/–	methyltransferase/–	SRR30156008
('*', 'evidence/MC_SIDE_1_808.html')	('*', 'evidence/MC_SIDE_2_808.html')	('÷', 'evidence/MC_PLOT_808.html')	PA4420	1	39	39	NA [0]	[4] 6	–/N_A	–/S‑adenosyl‑methyltransferase MraW	SRR30156008
('*', 'evidence/MC_SIDE_1_809.html')	('*', 'evidence/MC_SIDE_2_809.html')	('÷', 'evidence/MC_PLOT_809.html')	PA4420	1420	1605	186	6 [5]	[5] 6	N_A	S‑adenosyl‑methyltransferase MraW	SRR30156008
('*', 'evidence/MC_SIDE_1_810.html')	('*', 'evidence/MC_SIDE_2_810.html')	('÷', 'evidence/MC_PLOT_810.html')	PA4420	2684	2742	59	6 [5]	[0] NA	N_A/–	S‑adenosyl‑methyltransferase MraW/–	SRR30156008
('*', 'evidence/MC_SIDE_1_811.html')	('*', 'evidence/MC_SIDE_2_811.html')	('÷', 'evidence/MC_PLOT_811.html')	PA4522	1636	1710	75	3 [2]	[2] 3	ampD/–	N‑acetyl‑anhydromuranmyl‑L‑alanine amidase/–	SRR30156008
('*', 'evidence/MC_SIDE_1_812.html')	('*', 'evidence/MC_SIDE_2_812.html')	('÷', 'evidence/MC_PLOT_812.html')	PA4522	2333	2367	35	3 [2]	[0] NA	ampD/–	N‑acetyl‑anhydromuranmyl‑L‑alanine amidase/–	SRR30156008
('*', 'evidence/MC_SIDE_1_813.html')	('*', 'evidence/MC_SIDE_2_813.html')	('÷', 'evidence/MC_PLOT_813.html')	PA4526	1	1974	1974	NA [0]	[1] 2	[pilB]	[pilB]	SRR30156008
('*', 'evidence/MC_SIDE_1_814.html')	('*', 'evidence/MC_SIDE_2_814.html')	('÷', 'evidence/MC_PLOT_814.html')	PA4526	2292	3501	1210	2 [1]	[0] NA	[pilB]	[pilB]	SRR30156008
('*', 'evidence/MC_SIDE_1_815.html')	('*', 'evidence/MC_SIDE_2_815.html')	('÷', 'evidence/MC_PLOT_815.html')	PA4796	1	131	131	NA [0]	[3] 4	–/N_A	–/hypothetical protein	SRR30156008
('*', 'evidence/MC_SIDE_1_816.html')	('*', 'evidence/MC_SIDE_2_816.html')	('÷', 'evidence/MC_PLOT_816.html')	PA4796	1356	2268	913	4 [3]	[0] NA	[N_A]	[N_A]	SRR30156008
('*', 'evidence/MC_SIDE_1_817.html')	('*', 'evidence/MC_SIDE_2_817.html')	('÷', 'evidence/MC_PLOT_817.html')	PA4848	1	52	52	NA [0]	[6] 7	–/accC	–/acetyl‑CoA carboxylase biotin carboxylase subunit	SRR30156008
('*', 'evidence/MC_SIDE_1_818.html')	('*', 'evidence/MC_SIDE_2_818.html')	('÷', 'evidence/MC_PLOT_818.html')	PA4848	3101	3150	50	7 [6]	[0] NA	accC/–	acetyl‑CoA carboxylase biotin carboxylase subunit/–	SRR30156008
('*', 'evidence/MC_SIDE_1_633.html')	('*', 'evidence/MC_SIDE_2_633.html')	('÷', 'evidence/MC_PLOT_633.html')	PA0506	3516	3606	91	263 [259]	[0] NA	N_A/–	acyl‑CoA dehydrogenase/–	SRR30916324
('*', 'evidence/MC_SIDE_1_635.html')	('*', 'evidence/MC_SIDE_2_635.html')	('÷', 'evidence/MC_PLOT_635.html')	PA2491	1	1614–3	3–1614	NA [0]	[146] 150	[N_A]	[N_A]	SRR30916324
('*', 'evidence/MC_SIDE_1_636.html')	('*', 'evidence/MC_SIDE_2_636.html')	('÷', 'evidence/MC_PLOT_636.html')	PA2491	1916	2038	123	149 [147]	[146] 148	[N_A]	[N_A]	SRR30916324
('*', 'evidence/MC_SIDE_1_637.html')	('*', 'evidence/MC_SIDE_2_637.html')	('÷', 'evidence/MC_PLOT_637.html')	PA4420	1293	1653	361	309 [304]	[299] 308	N_A	S‑adenosyl‑methyltransferase MraW	SRR30916324
('*', 'evidence/MC_SIDE_1_638.html')	('*', 'evidence/MC_SIDE_2_638.html')	('÷', 'evidence/MC_PLOT_638.html')	PA4526	156	1618	1463	16 [0]	[2] 10	[pilB]	[pilB]	SRR30916324
('*', 'evidence/MC_SIDE_1_639.html')	('*', 'evidence/MC_SIDE_2_639.html')	('÷', 'evidence/MC_PLOT_639.html')	PA4526	1781	1969	189	8 [1]	[3] 7	pilB	type 4 fimbrial biogenesis protein PilB	SRR30916324
('*', 'evidence/MC_SIDE_1_640.html')	('*', 'evidence/MC_SIDE_2_640.html')	('÷', 'evidence/MC_PLOT_640.html')	PA4526	2326	2414	89	13 [3]	[4] 14	pilB	type 4 fimbrial biogenesis protein PilB	SRR30916324
('*', 'evidence/MC_SIDE_1_641.html')	('*', 'evidence/MC_SIDE_2_641.html')	('÷', 'evidence/MC_PLOT_641.html')	PA4526	2625	3501	877	17 [6]	[0] NA	pilB/–	type 4 fimbrial biogenesis protein PilB/–	SRR30916324
('*', 'evidence/MC_SIDE_1_642.html')	('*', 'evidence/MC_SIDE_2_642.html')	('÷', 'evidence/MC_PLOT_642.html')	PA4796	1327	2268	942	256 [252]	[0] NA	[N_A]	[N_A]	SRR30916324
('*', 'evidence/MC_SIDE_1_737.html')	('*', 'evidence/MC_SIDE_2_737.html')	('÷', 'evidence/MC_PLOT_737.html')	PA2020	1	91	91	NA [0]	[101] 103	–/N_A	–/transcriptional regulator	SRR3121784
('*', 'evidence/MC_SIDE_1_738.html')	('*', 'evidence/MC_SIDE_2_738.html')	('÷', 'evidence/MC_PLOT_738.html')	PA2491	1878	2072	195	111 [110]	[109] 111	[N_A]	[N_A]	SRR3121784
('*', 'evidence/MC_SIDE_1_739.html')	('*', 'evidence/MC_SIDE_2_739.html')	('÷', 'evidence/MC_PLOT_739.html')	PA4526	144	1665	1522	12 [7]	[10] 11	[pilB]	[pilB]	SRR3121784
('*', 'evidence/MC_SIDE_1_740.html')	('*', 'evidence/MC_SIDE_2_740.html')	('÷', 'evidence/MC_PLOT_740.html')	PA4526	1834	1942	109	11 [7]	[10] 11	pilB	type 4 fimbrial biogenesis protein PilB	SRR3121784
('*', 'evidence/MC_SIDE_1_741.html')	('*', 'evidence/MC_SIDE_2_741.html')	('÷', 'evidence/MC_PLOT_741.html')	PA4526	2292	2353	62	11 [8]	[9] 11	pilB	type 4 fimbrial biogenesis protein PilB	SRR3121784
('*', 'evidence/MC_SIDE_1_742.html')	('*', 'evidence/MC_SIDE_2_742.html')	('÷', 'evidence/MC_PLOT_742.html')	PA4526	2571	3501	931	14 [8]	[0] NA	[pilB]	[pilB]	SRR3121784
('*', 'evidence/MC_SIDE_1_743.html')	('*', 'evidence/MC_SIDE_2_743.html')	('÷', 'evidence/MC_PLOT_743.html')	PA4796	1348	2268	921	100 [99]	[0] NA	[N_A]	[N_A]	SRR3121784
('*', 'evidence/MC_SIDE_1_694.html')	('*', 'evidence/MC_SIDE_2_694.html')	('÷', 'evidence/MC_PLOT_694.html')	PA0425	1	97	97	NA [0]	[79] 80	–/mexA	–/multidrug resistance protein MexA	SRR31254167
('*', 'evidence/MC_SIDE_1_695.html')	('*', 'evidence/MC_SIDE_2_695.html')	('÷', 'evidence/MC_PLOT_695.html')	PA0506	3565	3606	42	93 [90]	[0] NA	N_A/–	acyl‑CoA dehydrogenase/–	SRR31254167
('*', 'evidence/MC_SIDE_1_696.html')	('*', 'evidence/MC_SIDE_2_696.html')	('÷', 'evidence/MC_PLOT_696.html')	PA1097	1	697	697	NA [0]	[66] 68	–/fleQ	–/transcriptional regulator FleQ	SRR31254167
('*', 'evidence/MC_SIDE_1_697.html')	('*', 'evidence/MC_SIDE_2_697.html')	('÷', 'evidence/MC_PLOT_697.html')	PA1713	1	45	45	NA [0]	[40] 43	–/exsA	–/exoenzyme S transcriptional regulator ExsA	SRR31254167
('*', 'evidence/MC_SIDE_1_699.html')	('*', 'evidence/MC_SIDE_2_699.html')	('÷', 'evidence/MC_PLOT_699.html')	PA2491	1–561	1584–563	3–1584	NA [0]	[39] 43	[N_A]	[N_A]	SRR31254167
('*', 'evidence/MC_SIDE_1_700.html')	('*', 'evidence/MC_SIDE_2_700.html')	('÷', 'evidence/MC_PLOT_700.html')	PA2491	1912	2021	110	43 [41]	[39] 43	[N_A]	[N_A]	SRR31254167
('*', 'evidence/MC_SIDE_1_701.html')	('*', 'evidence/MC_SIDE_2_701.html')	('÷', 'evidence/MC_PLOT_701.html')	PA2492	1	1667–1141	1141–1667	NA [0]	[88] 90	[mexT]	[mexT]	SRR31254167
('*', 'evidence/MC_SIDE_1_702.html')	('*', 'evidence/MC_SIDE_2_702.html')	('÷', 'evidence/MC_PLOT_702.html')	PA3217	1	84	84	NA [0]	[89] 92	–/cyaB	–/protein CyaB	SRR31254167
('*', 'evidence/MC_SIDE_1_703.html')	('*', 'evidence/MC_SIDE_2_703.html')	('÷', 'evidence/MC_PLOT_703.html')	PA3476	1	1532–3	3–1532	NA [0]	[68] 73	rhlI	rhlI	SRR31254167
('*', 'evidence/MC_SIDE_1_704.html')	('*', 'evidence/MC_SIDE_2_704.html')	('÷', 'evidence/MC_PLOT_704.html')	PA3817	1	427	427	NA [0]	[118] 119	–/N_A	–/methyltransferase	SRR31254167
('*', 'evidence/MC_SIDE_1_705.html')	('*', 'evidence/MC_SIDE_2_705.html')	('÷', 'evidence/MC_PLOT_705.html')	PA4526	156	1492	1337	7 [0]	[5] 8	[pilB]	[pilB]	SRR31254167
('*', 'evidence/MC_SIDE_1_706.html')	('*', 'evidence/MC_SIDE_2_706.html')	('÷', 'evidence/MC_PLOT_706.html')	PA4526	1794	1918	125	15 [0]	[2] 7	pilB	type 4 fimbrial biogenesis protein PilB	SRR31254167
('*', 'evidence/MC_SIDE_1_707.html')	('*', 'evidence/MC_SIDE_2_707.html')	('÷', 'evidence/MC_PLOT_707.html')	PA4526	2327	2416	90	7 [6]	[4] 18	pilB	type 4 fimbrial biogenesis protein PilB	SRR31254167
('*', 'evidence/MC_SIDE_1_708.html')	('*', 'evidence/MC_SIDE_2_708.html')	('÷', 'evidence/MC_PLOT_708.html')	PA4526	2625	3501	877	14 [5]	[0] NA	pilB/–	type 4 fimbrial biogenesis protein PilB/–	SRR31254167
('*', 'evidence/MC_SIDE_1_709.html')	('*', 'evidence/MC_SIDE_2_709.html')	('÷', 'evidence/MC_PLOT_709.html')	PA4796	1388	2268	881	47 [46]	[0] NA	N_A/–	hypothetical protein/–	SRR31254167
('*', 'evidence/MC_SIDE_1_628.html')	('*', 'evidence/MC_SIDE_2_628.html')	('÷', 'evidence/MC_PLOT_628.html')	PA0313	1	43	43	NA [0]	[24] 28	–/N_A	–/L‑cysteine ABC transporter protein YecS	SRR31417083
('*', 'evidence/MC_SIDE_1_629.html')	('*', 'evidence/MC_SIDE_2_629.html')	('÷', 'evidence/MC_PLOT_629.html')	PA0425	1	105	105	NA [0]	[22] 23	–/mexA	–/multidrug resistance protein MexA	SRR31417083
('*', 'evidence/MC_SIDE_1_630.html')	('*', 'evidence/MC_SIDE_2_630.html')	('÷', 'evidence/MC_PLOT_630.html')	PA0425	2916	2952	37	26 [22]	[0] NA	mexA/–	multidrug resistance protein MexA/–	SRR31417083
('*', 'evidence/MC_SIDE_1_631.html')	('*', 'evidence/MC_SIDE_2_631.html')	('÷', 'evidence/MC_PLOT_631.html')	PA0652	1	61	61	NA [0]	[26] 27	–/vfr	–/cAMP‑regulatory protein	SRR31417083
('*', 'evidence/MC_SIDE_1_632.html')	('*', 'evidence/MC_SIDE_2_632.html')	('÷', 'evidence/MC_PLOT_632.html')	PA0997	2597	2652	56	33 [30]	[0] NA	pqsB/–	hypothetical protein/–	SRR31417083
('*', 'evidence/MC_SIDE_1_633.html')	('*', 'evidence/MC_SIDE_2_633.html')	('÷', 'evidence/MC_PLOT_633.html')	PA1097	1	625	625	NA [0]	[12] 26	–/fleQ	–/transcriptional regulator FleQ	SRR31417083
('*', 'evidence/MC_SIDE_1_634.html')	('*', 'evidence/MC_SIDE_2_634.html')	('÷', 'evidence/MC_PLOT_634.html')	PA1097	3194	3273	80	25 [23]	[0] NA	fleQ/–	transcriptional regulator FleQ/–	SRR31417083
('*', 'evidence/MC_SIDE_1_635.html')	('*', 'evidence/MC_SIDE_2_635.html')	('÷', 'evidence/MC_PLOT_635.html')	PA1179	2387	2478	92	29 [27]	[0] NA	phoP/–	two‑component response regulator PhoP/–	SRR31417083
('*', 'evidence/MC_SIDE_1_636.html')	('*', 'evidence/MC_SIDE_2_636.html')	('÷', 'evidence/MC_PLOT_636.html')	PA1333	1	71	71	NA [0]	[25] 26	–/N_A	–/hypothetical protein	SRR31417083
('*', 'evidence/MC_SIDE_1_637.html')	('*', 'evidence/MC_SIDE_2_637.html')	('÷', 'evidence/MC_PLOT_637.html')	PA1430	1	49	49	NA [0]	[20] 24	–/lasR	–/transcriptional regulator LasR	SRR31417083
('*', 'evidence/MC_SIDE_1_638.html')	('*', 'evidence/MC_SIDE_2_638.html')	('÷', 'evidence/MC_PLOT_638.html')	PA2020	1	109	109	NA [0]	[18] 19	–/N_A	–/transcriptional regulator	SRR31417083
('*', 'evidence/MC_SIDE_1_640.html')	('*', 'evidence/MC_SIDE_2_640.html')	('÷', 'evidence/MC_PLOT_640.html')	PA2121	2662	2706	45	15 [12]	[0] NA	N_A/–	transcriptional regulator/–	SRR31417083
('*', 'evidence/MC_SIDE_1_641.html')	('*', 'evidence/MC_SIDE_2_641.html')	('÷', 'evidence/MC_PLOT_641.html')	PA2312	2272	2382	111	22 [21]	[0] NA	N_A/–	transcriptional regulator/–	SRR31417083
('*', 'evidence/MC_SIDE_1_642.html')	('*', 'evidence/MC_SIDE_2_642.html')	('÷', 'evidence/MC_PLOT_642.html')	PA2435	1	35	35	NA [0]	[5] 6	–/N_A	–/cation‑transporting P‑type ATPase	SRR31417083
('*', 'evidence/MC_SIDE_1_644.html')	('*', 'evidence/MC_SIDE_2_644.html')	('÷', 'evidence/MC_PLOT_644.html')	PA2491	1	1595–565	565–1595	NA [0]	[10] 14	[N_A]	[N_A]	SRR31417083
('*', 'evidence/MC_SIDE_1_645.html')	('*', 'evidence/MC_SIDE_2_645.html')	('÷', 'evidence/MC_PLOT_645.html')	PA2492	1	1646–1159	1159–1646	NA [0]	[23] 24	[mexT]	[mexT]	SRR31417083
('*', 'evidence/MC_SIDE_1_646.html')	('*', 'evidence/MC_SIDE_2_646.html')	('÷', 'evidence/MC_PLOT_646.html')	PA3217	1	143	143	NA [0]	[24] 27	–/cyaB	–/protein CyaB	SRR31417083
('*', 'evidence/MC_SIDE_1_647.html')	('*', 'evidence/MC_SIDE_2_647.html')	('÷', 'evidence/MC_PLOT_647.html')	PA3476	1	1503–740	740–1503	NA [0]	[15] 19	[rhlI]	[rhlI]	SRR31417083
('*', 'evidence/MC_SIDE_1_648.html')	('*', 'evidence/MC_SIDE_2_648.html')	('÷', 'evidence/MC_PLOT_648.html')	PA3476	2339	2406	68	16 [14]	[0] NA	rhlI/–	acyl‑homoserine‑lactone synthase/–	SRR31417083
('*', 'evidence/MC_SIDE_1_649.html')	('*', 'evidence/MC_SIDE_2_649.html')	('÷', 'evidence/MC_PLOT_649.html')	PA3477	1	19	19	NA [0]	[8] 9	–/rhlR	–/transcriptional regulator RhlR	SRR31417083
('*', 'evidence/MC_SIDE_1_650.html')	('*', 'evidence/MC_SIDE_2_650.html')	('÷', 'evidence/MC_PLOT_650.html')	PA3477	1038–1643	2526	884–1489	14 [3]	[0] NA	[rhlR]	[rhlR]	SRR31417083
('*', 'evidence/MC_SIDE_1_651.html')	('*', 'evidence/MC_SIDE_2_651.html')	('÷', 'evidence/MC_PLOT_651.html')	PA3574	1	77	77	NA [0]	[30] 32	–/nalD	–/transcriptional regulator	SRR31417083
('*', 'evidence/MC_SIDE_1_652.html')	('*', 'evidence/MC_SIDE_2_652.html')	('÷', 'evidence/MC_PLOT_652.html')	PA3574	2341	2439	99	31 [30]	[0] NA	nalD/–	transcriptional regulator/–	SRR31417083
('*', 'evidence/MC_SIDE_1_653.html')	('*', 'evidence/MC_SIDE_2_653.html')	('÷', 'evidence/MC_PLOT_653.html')	PA3703	1	28	28	NA [0]	[24] 29	–/wspF	–/chemotaxis‑specific methylesterase	SRR31417083
('*', 'evidence/MC_SIDE_1_654.html')	('*', 'evidence/MC_SIDE_2_654.html')	('÷', 'evidence/MC_PLOT_654.html')	PA3703	1819	2013	195	32 [23]	[28] 32	[wspF]	[wspF]	SRR31417083
('*', 'evidence/MC_SIDE_1_655.html')	('*', 'evidence/MC_SIDE_2_655.html')	('÷', 'evidence/MC_PLOT_655.html')	PA3703	2680	2808	129	29 [28]	[0] NA	wspF/–	chemotaxis‑specific methylesterase/–	SRR31417083
('*', 'evidence/MC_SIDE_1_656.html')	('*', 'evidence/MC_SIDE_2_656.html')	('÷', 'evidence/MC_PLOT_656.html')	PA4522	1	63	63	NA [0]	[18] 23	–/ampD	–/N‑acetyl‑anhydromuranmyl‑L‑alanine amidase	SRR31417083
('*', 'evidence/MC_SIDE_1_657.html')	('*', 'evidence/MC_SIDE_2_657.html')	('÷', 'evidence/MC_PLOT_657.html')	PA4526	1	1498	1498	NA [0]	[10] 12	[pilB]	[pilB]	SRR31417083
('*', 'evidence/MC_SIDE_1_658.html')	('*', 'evidence/MC_SIDE_2_658.html')	('÷', 'evidence/MC_PLOT_658.html')	PA4526	1782	1998	217	12 [10]	[7] 11	pilB	type 4 fimbrial biogenesis protein PilB	SRR31417083
('*', 'evidence/MC_SIDE_1_659.html')	('*', 'evidence/MC_SIDE_2_659.html')	('÷', 'evidence/MC_PLOT_659.html')	PA4526	2290	2434	145	16 [10]	[10] 11	pilB	type 4 fimbrial biogenesis protein PilB	SRR31417083
('*', 'evidence/MC_SIDE_1_660.html')	('*', 'evidence/MC_SIDE_2_660.html')	('÷', 'evidence/MC_PLOT_660.html')	PA4526	2613	3501	889	12 [8]	[0] NA	pilB/–	type 4 fimbrial biogenesis protein PilB/–	SRR31417083
('*', 'evidence/MC_SIDE_1_661.html')	('*', 'evidence/MC_SIDE_2_661.html')	('÷', 'evidence/MC_PLOT_661.html')	PA4796	1347	2268	922	35 [33]	[0] NA	[N_A]	[N_A]	SRR31417083
('*', 'evidence/MC_SIDE_1_560.html')	('*', 'evidence/MC_SIDE_2_560.html')	('÷', 'evidence/MC_PLOT_560.html')	PA3477	928–2525	2526	2–1599	178 [176]	[0] NA	[rhlR]	[rhlR]	SRR31613341
('*', 'evidence/MC_SIDE_1_561.html')	('*', 'evidence/MC_SIDE_2_561.html')	('÷', 'evidence/MC_PLOT_561.html')	PA4796	1340	2268	929	153 [145]	[0] NA	[N_A]	[N_A]	SRR31613341
('*', 'evidence/MC_SIDE_1_1368.html')	('*', 'evidence/MC_SIDE_2_1368.html')	('÷', 'evidence/MC_PLOT_1368.html')	PA0506	3554	3606	53	170 [164]	[0] NA	N_A/–	acyl‑CoA dehydrogenase/–	SRR31904122
('*', 'evidence/MC_SIDE_1_1369.html')	('*', 'evidence/MC_SIDE_2_1369.html')	('÷', 'evidence/MC_PLOT_1369.html')	PA1430	1	141	141	NA [0]	[122] 127	–/lasR	–/transcriptional regulator LasR	SRR31904122
('*', 'evidence/MC_SIDE_1_1370.html')	('*', 'evidence/MC_SIDE_2_1370.html')	('÷', 'evidence/MC_PLOT_1370.html')	PA1544	1	80	80	NA [0]	[86] 87	–/anr	–/transcriptional regulator Anr	SRR31904122
('*', 'evidence/MC_SIDE_1_1371.html')	('*', 'evidence/MC_SIDE_2_1371.html')	('÷', 'evidence/MC_PLOT_1371.html')	PA2121	2287	2706	420	100 [95]	[0] NA	N_A/–	transcriptional regulator/–	SRR31904122
('*', 'evidence/MC_SIDE_1_1372.html')	('*', 'evidence/MC_SIDE_2_1372.html')	('÷', 'evidence/MC_PLOT_1372.html')	PA2312	2119	2382	264	59 [39]	[0] NA	N_A/–	transcriptional regulator/–	SRR31904122
('*', 'evidence/MC_SIDE_1_1373.html')	('*', 'evidence/MC_SIDE_2_1373.html')	('÷', 'evidence/MC_PLOT_1373.html')	PA2435	1	93	93	NA [0]	[51] 54	–/N_A	–/cation‑transporting P‑type ATPase	SRR31904122
('*', 'evidence/MC_SIDE_1_1374.html')	('*', 'evidence/MC_SIDE_2_1374.html')	('÷', 'evidence/MC_PLOT_1374.html')	PA2491	1	1629–3	3–1629	NA [0]	[77] 86	[N_A]	[N_A]	SRR31904122
('*', 'evidence/MC_SIDE_1_1375.html')	('*', 'evidence/MC_SIDE_2_1375.html')	('÷', 'evidence/MC_PLOT_1375.html')	PA2492	1	1636–2	2–1636	NA [0]	[89] 94	[mexT]	[mexT]	SRR31904122
('*', 'evidence/MC_SIDE_1_1376.html')	('*', 'evidence/MC_SIDE_2_1376.html')	('÷', 'evidence/MC_PLOT_1376.html')	PA3476	1	1564–3	3–1564	NA [0]	[121] 125	rhlI	rhlI	SRR31904122
('*', 'evidence/MC_SIDE_1_1377.html')	('*', 'evidence/MC_SIDE_2_1377.html')	('÷', 'evidence/MC_PLOT_1377.html')	PA3476	2350	2406	57	123 [120]	[0] NA	rhlI/–	acyl‑homoserine‑lactone synthase/–	SRR31904122
('*', 'evidence/MC_SIDE_1_1378.html')	('*', 'evidence/MC_SIDE_2_1378.html')	('÷', 'evidence/MC_PLOT_1378.html')	PA3574	1	115	115	NA [0]	[147] 151	–/nalD	–/transcriptional regulator	SRR31904122
('*', 'evidence/MC_SIDE_1_1379.html')	('*', 'evidence/MC_SIDE_2_1379.html')	('÷', 'evidence/MC_PLOT_1379.html')	PA4526	1	2008	2008	NA [2]	[115] 125	[pilB]	[pilB]	SRR31904122
('*', 'evidence/MC_SIDE_1_1380.html')	('*', 'evidence/MC_SIDE_2_1380.html')	('÷', 'evidence/MC_PLOT_1380.html')	PA4526	2550	3501	952	125 [119]	[0] NA	[pilB]	[pilB]	SRR31904122
('*', 'evidence/MC_SIDE_1_1381.html')	('*', 'evidence/MC_SIDE_2_1381.html')	('÷', 'evidence/MC_PLOT_1381.html')	PA4796	1368	2268	901	117 [95]	[0] NA	[N_A]	[N_A]	SRR31904122
('*', 'evidence/MC_SIDE_1_112.html')	('*', 'evidence/MC_SIDE_2_112.html')	('÷', 'evidence/MC_PLOT_112.html')	PA0313	2411	2493	83	42 [11]	[0] NA	N_A/–	L‑cysteine ABC transporter protein YecS/–	SRR33368507
('*', 'evidence/MC_SIDE_1_113.html')	('*', 'evidence/MC_SIDE_2_113.html')	('÷', 'evidence/MC_PLOT_113.html')	PA0366	3181	3231	51	6 [4]	[0] NA	N_A/–	coniferyl aldehyde dehydrogenase/–	SRR33368507
('*', 'evidence/MC_SIDE_1_114.html')	('*', 'evidence/MC_SIDE_2_114.html')	('÷', 'evidence/MC_PLOT_114.html')	PA0506	1	396	396	NA [0]	[400] 435	–/N_A	–/acyl‑CoA dehydrogenase	SRR33368507
('*', 'evidence/MC_SIDE_1_115.html')	('*', 'evidence/MC_SIDE_2_115.html')	('÷', 'evidence/MC_PLOT_115.html')	PA0506	2739	3606	868	612 [213]	[0] NA	N_A/–	acyl‑CoA dehydrogenase/–	SRR33368507
('*', 'evidence/MC_SIDE_1_116.html')	('*', 'evidence/MC_SIDE_2_116.html')	('÷', 'evidence/MC_PLOT_116.html')	PA0707	1	19	19	NA [0]	[3] 6	–/toxR	–/transcriptional regulator ToxR	SRR33368507
('*', 'evidence/MC_SIDE_1_117.html')	('*', 'evidence/MC_SIDE_2_117.html')	('÷', 'evidence/MC_PLOT_117.html')	PA0997	1	35	35	NA [0]	[4] 7	–/pqsB	–/hypothetical protein	SRR33368507
('*', 'evidence/MC_SIDE_1_118.html')	('*', 'evidence/MC_SIDE_2_118.html')	('÷', 'evidence/MC_PLOT_118.html')	PA1097	3267	3273	7	8 [1]	[0] NA	fleQ/–	transcriptional regulator FleQ/–	SRR33368507
('*', 'evidence/MC_SIDE_1_119.html')	('*', 'evidence/MC_SIDE_2_119.html')	('÷', 'evidence/MC_PLOT_119.html')	PA1179	2296	2478	183	80 [71]	[0] NA	phoP/–	two‑component response regulator PhoP/–	SRR33368507
('*', 'evidence/MC_SIDE_1_120.html')	('*', 'evidence/MC_SIDE_2_120.html')	('÷', 'evidence/MC_PLOT_120.html')	PA1333	1	208	208	NA [0]	[0] 3	–/N_A	–/hypothetical protein	SRR33368507
('*', 'evidence/MC_SIDE_1_121.html')	('*', 'evidence/MC_SIDE_2_121.html')	('÷', 'evidence/MC_PLOT_121.html')	PA1333	1994	2007	14	5 [0]	[0] NA	N_A/–	hypothetical protein/–	SRR33368507
('*', 'evidence/MC_SIDE_1_122.html')	('*', 'evidence/MC_SIDE_2_122.html')	('÷', 'evidence/MC_PLOT_122.html')	PA1713	2627	2637	11	5 [3]	[0] NA	exsA/–	exoenzyme S transcriptional regulator ExsA/–	SRR33368507
('*', 'evidence/MC_SIDE_1_123.html')	('*', 'evidence/MC_SIDE_2_123.html')	('÷', 'evidence/MC_PLOT_123.html')	PA2020	2379	2433	55	15 [3]	[0] NA	N_A/–	transcriptional regulator/–	SRR33368507
('*', 'evidence/MC_SIDE_1_124.html')	('*', 'evidence/MC_SIDE_2_124.html')	('÷', 'evidence/MC_PLOT_124.html')	PA2121	1	36	36	NA [0]	[1] 2	–/N_A	–/transcriptional regulator	SRR33368507
('*', 'evidence/MC_SIDE_1_125.html')	('*', 'evidence/MC_SIDE_2_125.html')	('÷', 'evidence/MC_PLOT_125.html')	PA2121	110	343	234	2 [1]	[1] 2	–/N_A	–/transcriptional regulator	SRR33368507
('*', 'evidence/MC_SIDE_1_126.html')	('*', 'evidence/MC_SIDE_2_126.html')	('÷', 'evidence/MC_PLOT_126.html')	PA2121	815	844	30	4 [1]	[0] 4	–/N_A	–/transcriptional regulator	SRR33368507
('*', 'evidence/MC_SIDE_1_127.html')	('*', 'evidence/MC_SIDE_2_127.html')	('÷', 'evidence/MC_PLOT_127.html')	PA2121	1384	1444	61	2 [0]	[1] 2	N_A	transcriptional regulator	SRR33368507
('*', 'evidence/MC_SIDE_1_128.html')	('*', 'evidence/MC_SIDE_2_128.html')	('÷', 'evidence/MC_PLOT_128.html')	PA2121	1605	1786	182	2 [1]	[1] 3	N_A	transcriptional regulator	SRR33368507
('*', 'evidence/MC_SIDE_1_129.html')	('*', 'evidence/MC_SIDE_2_129.html')	('÷', 'evidence/MC_PLOT_129.html')	PA2121	2572	2706	135	2 [1]	[0] NA	N_A/–	transcriptional regulator/–	SRR33368507
('*', 'evidence/MC_SIDE_1_130.html')	('*', 'evidence/MC_SIDE_2_130.html')	('÷', 'evidence/MC_PLOT_130.html')	PA2312	1	123	123	NA [0]	[1] 2	–/N_A	–/transcriptional regulator	SRR33368507
('*', 'evidence/MC_SIDE_1_131.html')	('*', 'evidence/MC_SIDE_2_131.html')	('÷', 'evidence/MC_PLOT_131.html')	PA2312	412	570	159	2 [0]	[1] 3	–/N_A	–/transcriptional regulator	SRR33368507
('*', 'evidence/MC_SIDE_1_132.html')	('*', 'evidence/MC_SIDE_2_132.html')	('÷', 'evidence/MC_PLOT_132.html')	PA2312	1533	1627	95	2 [0]	[1] 2	N_A/–	transcriptional regulator/–	SRR33368507
('*', 'evidence/MC_SIDE_1_133.html')	('*', 'evidence/MC_SIDE_2_133.html')	('÷', 'evidence/MC_PLOT_133.html')	PA2312	2105	2181	77	2 [0]	[0] 2	N_A/–	transcriptional regulator/–	SRR33368507
('*', 'evidence/MC_SIDE_1_134.html')	('*', 'evidence/MC_SIDE_2_134.html')	('÷', 'evidence/MC_PLOT_134.html')	PA2312	2333	2382	50	2 [0]	[0] NA	N_A/–	transcriptional regulator/–	SRR33368507
('*', 'evidence/MC_SIDE_1_135.html')	('*', 'evidence/MC_SIDE_2_135.html')	('÷', 'evidence/MC_PLOT_135.html')	PA2435	1	97	97	NA [0]	[0] 2	–/N_A	–/cation‑transporting P‑type ATPase	SRR33368507
('*', 'evidence/MC_SIDE_1_136.html')	('*', 'evidence/MC_SIDE_2_136.html')	('÷', 'evidence/MC_PLOT_136.html')	PA2435	249	299	51	2 [0]	[0] 2	–/N_A	–/cation‑transporting P‑type ATPase	SRR33368507
('*', 'evidence/MC_SIDE_1_137.html')	('*', 'evidence/MC_SIDE_2_137.html')	('÷', 'evidence/MC_PLOT_137.html')	PA2435	2905	2944	40	2 [0]	[1] 2	N_A/–	cation‑transporting P‑type ATPase/–	SRR33368507
('*', 'evidence/MC_SIDE_1_138.html')	('*', 'evidence/MC_SIDE_2_138.html')	('÷', 'evidence/MC_PLOT_138.html')	PA2491	1	1551–79	79–1551	NA [0]	[0] 8	[N_A]	[N_A]	SRR33368507
('*', 'evidence/MC_SIDE_1_139.html')	('*', 'evidence/MC_SIDE_2_139.html')	('÷', 'evidence/MC_PLOT_139.html')	PA2491	1934	1962	29	7 [0]	[0] 2	N_A/–	oxidoreductase/–	SRR33368507
('*', 'evidence/MC_SIDE_1_140.html')	('*', 'evidence/MC_SIDE_2_140.html')	('÷', 'evidence/MC_PLOT_140.html')	PA2491	2758	2820	63	2 [1]	[0] NA	N_A/–	oxidoreductase/–	SRR33368507
('*', 'evidence/MC_SIDE_1_141.html')	('*', 'evidence/MC_SIDE_2_141.html')	('÷', 'evidence/MC_PLOT_141.html')	PA2492	1953	1968	16	2 [1]	[0] 2	mexT/–	transcriptional regulator MexT/–	SRR33368507
('*', 'evidence/MC_SIDE_1_142.html')	('*', 'evidence/MC_SIDE_2_142.html')	('÷', 'evidence/MC_PLOT_142.html')	PA2492	2270	2375	106	2 [1]	[0] 2	mexT/–	transcriptional regulator MexT/–	SRR33368507
('*', 'evidence/MC_SIDE_1_143.html')	('*', 'evidence/MC_SIDE_2_143.html')	('÷', 'evidence/MC_PLOT_143.html')	PA2492	2527	2691	165	2 [0]	[1] 2	mexT/–	transcriptional regulator MexT/–	SRR33368507
('*', 'evidence/MC_SIDE_1_144.html')	('*', 'evidence/MC_SIDE_2_144.html')	('÷', 'evidence/MC_PLOT_144.html')	PA2492	2766	2844	79	2 [1]	[0] NA	mexT/–	transcriptional regulator MexT/–	SRR33368507
('*', 'evidence/MC_SIDE_1_145.html')	('*', 'evidence/MC_SIDE_2_145.html')	('÷', 'evidence/MC_PLOT_145.html')	PA3217	2780	2844	65	2 [0]	[1] 2	cyaB/–	protein CyaB/–	SRR33368507
('*', 'evidence/MC_SIDE_1_146.html')	('*', 'evidence/MC_SIDE_2_146.html')	('÷', 'evidence/MC_PLOT_146.html')	PA3217	3175	3192	18	2 [0]	[0] NA	cyaB/–	protein CyaB/–	SRR33368507
('*', 'evidence/MC_SIDE_1_147.html')	('*', 'evidence/MC_SIDE_2_147.html')	('÷', 'evidence/MC_PLOT_147.html')	PA3476	1	1500–3	3–1500	NA [0]	[1] 3	[rhlI]	[rhlI]	SRR33368507
('*', 'evidence/MC_SIDE_1_148.html')	('*', 'evidence/MC_SIDE_2_148.html')	('÷', 'evidence/MC_PLOT_148.html')	PA3476	2355	2406	52	2 [0]	[0] NA	rhlI/–	acyl‑homoserine‑lactone synthase/–	SRR33368507
('*', 'evidence/MC_SIDE_1_149.html')	('*', 'evidence/MC_SIDE_2_149.html')	('÷', 'evidence/MC_PLOT_149.html')	PA3477	1	55	55	NA [0]	[13] 14	–/rhlR	–/transcriptional regulator RhlR	SRR33368507
('*', 'evidence/MC_SIDE_1_150.html')	('*', 'evidence/MC_SIDE_2_150.html')	('÷', 'evidence/MC_PLOT_150.html')	PA3477	917–2521	2526	6–1610	16 [12]	[0] NA	[rhlR]	[rhlR]	SRR33368507
('*', 'evidence/MC_SIDE_1_151.html')	('*', 'evidence/MC_SIDE_2_151.html')	('÷', 'evidence/MC_PLOT_151.html')	PA3565	1	34	34	NA [0]	[3] 6	–/N_A	–/transcriptional regulator	SRR33368507
('*', 'evidence/MC_SIDE_1_152.html')	('*', 'evidence/MC_SIDE_2_152.html')	('÷', 'evidence/MC_PLOT_152.html')	PA3703	2799	2808	10	2 [0]	[0] NA	wspF/–	chemotaxis‑specific methylesterase/–	SRR33368507
('*', 'evidence/MC_SIDE_1_153.html')	('*', 'evidence/MC_SIDE_2_153.html')	('÷', 'evidence/MC_PLOT_153.html')	PA4522	1	3	3	NA [0]	[0] 2	–/ampD	–/N‑acetyl‑anhydromuranmyl‑L‑alanine amidase	SRR33368507
('*', 'evidence/MC_SIDE_1_154.html')	('*', 'evidence/MC_SIDE_2_154.html')	('÷', 'evidence/MC_PLOT_154.html')	PA4522	2360	2367	8	9 [1]	[0] NA	ampD/–	N‑acetyl‑anhydromuranmyl‑L‑alanine amidase/–	SRR33368507
('*', 'evidence/MC_SIDE_1_155.html')	('*', 'evidence/MC_SIDE_2_155.html')	('÷', 'evidence/MC_PLOT_155.html')	PA4526	1	52	52	NA [0]	[0] 3	–/pilB	–/type 4 fimbrial biogenesis protein PilB	SRR33368507
('*', 'evidence/MC_SIDE_1_156.html')	('*', 'evidence/MC_SIDE_2_156.html')	('÷', 'evidence/MC_PLOT_156.html')	PA4526	3475	3501	27	4 [1]	[0] NA	pilB/–	type 4 fimbrial biogenesis protein PilB/–	SRR33368507
('*', 'evidence/MC_SIDE_1_157.html')	('*', 'evidence/MC_SIDE_2_157.html')	('÷', 'evidence/MC_PLOT_157.html')	PA4796	2215	2268	54	23 [18]	[0] NA	N_A/–	hypothetical protein/–	SRR33368507
('*', 'evidence/MC_SIDE_1_158.html')	('*', 'evidence/MC_SIDE_2_158.html')	('÷', 'evidence/MC_PLOT_158.html')	PA4848	2545	3150	606	54 [46]	[0] NA	accC/–	acetyl‑CoA carboxylase biotin carboxylase subunit/–	SRR33368507
('*', 'evidence/MC_SIDE_1_2740.html')	('*', 'evidence/MC_SIDE_2_2740.html')	('÷', 'evidence/MC_PLOT_2740.html')	PA0313	253	258	6	3 [1]	[0] 6	–/N_A	–/L‑cysteine ABC transporter protein YecS	SRR33388173
('*', 'evidence/MC_SIDE_1_2741.html')	('*', 'evidence/MC_SIDE_2_2741.html')	('÷', 'evidence/MC_PLOT_2741.html')	PA0313	778	868	91	2 [1]	[0] 7	–/N_A	–/L‑cysteine ABC transporter protein YecS	SRR33388173
('*', 'evidence/MC_SIDE_1_2742.html')	('*', 'evidence/MC_SIDE_2_2742.html')	('÷', 'evidence/MC_PLOT_2742.html')	PA0313	1052	1088	37	8 [0]	[1] 10	N_A	L‑cysteine ABC transporter protein YecS	SRR33388173
('*', 'evidence/MC_SIDE_1_2743.html')	('*', 'evidence/MC_SIDE_2_2743.html')	('÷', 'evidence/MC_PLOT_2743.html')	PA0313	1240	1247	8	8 [1]	[1] 2	N_A	L‑cysteine ABC transporter protein YecS	SRR33388173
('*', 'evidence/MC_SIDE_1_2744.html')	('*', 'evidence/MC_SIDE_2_2744.html')	('÷', 'evidence/MC_PLOT_2744.html')	PA0313	1545	1615	71	11 [0]	[0] 2	[N_A]	[N_A]	SRR33388173
('*', 'evidence/MC_SIDE_1_2745.html')	('*', 'evidence/MC_SIDE_2_2745.html')	('÷', 'evidence/MC_PLOT_2745.html')	PA0313	1785	1846	62	2 [0]	[0] 2	N_A/–	L‑cysteine ABC transporter protein YecS/–	SRR33388173
('*', 'evidence/MC_SIDE_1_2746.html')	('*', 'evidence/MC_SIDE_2_2746.html')	('÷', 'evidence/MC_PLOT_2746.html')	PA0313	2158	2493	336	2 [0]	[0] NA	N_A/–	L‑cysteine ABC transporter protein YecS/–	SRR33388173
('*', 'evidence/MC_SIDE_1_2747.html')	('*', 'evidence/MC_SIDE_2_2747.html')	('÷', 'evidence/MC_PLOT_2747.html')	PA0366	661	780	120	105 [92]	[100] 102	–/N_A	–/coniferyl aldehyde dehydrogenase	SRR33388173
('*', 'evidence/MC_SIDE_1_2748.html')	('*', 'evidence/MC_SIDE_2_2748.html')	('÷', 'evidence/MC_PLOT_2748.html')	PA0425	209	594	386	92 [91]	[88] 94	–/mexA	–/multidrug resistance protein MexA	SRR33388173
('*', 'evidence/MC_SIDE_1_2749.html')	('*', 'evidence/MC_SIDE_2_2749.html')	('÷', 'evidence/MC_PLOT_2749.html')	PA0425	1497	1742	246	93 [91]	[89] 95	mexA	multidrug resistance protein MexA	SRR33388173
('*', 'evidence/MC_SIDE_1_2750.html')	('*', 'evidence/MC_SIDE_2_2750.html')	('÷', 'evidence/MC_PLOT_2750.html')	PA0506	1	752	752	NA [0]	[78] 89	–/N_A	–/acyl‑CoA dehydrogenase	SRR33388173
('*', 'evidence/MC_SIDE_1_2751.html')	('*', 'evidence/MC_SIDE_2_2751.html')	('÷', 'evidence/MC_PLOT_2751.html')	PA0506	2696	3159	464	92 [84]	[87] 98	[N_A]	[N_A]	SRR33388173
('*', 'evidence/MC_SIDE_1_2752.html')	('*', 'evidence/MC_SIDE_2_2752.html')	('÷', 'evidence/MC_PLOT_2752.html')	PA0652	397	399	3	7 [0]	[0] 7	–/vfr	–/cAMP‑regulatory protein	SRR33388173
('*', 'evidence/MC_SIDE_1_2753.html')	('*', 'evidence/MC_SIDE_2_2753.html')	('÷', 'evidence/MC_PLOT_2753.html')	PA0652	1724	1790	67	7 [5]	[4] 11	vfr/–	cAMP‑regulatory protein/–	SRR33388173
('*', 'evidence/MC_SIDE_1_2754.html')	('*', 'evidence/MC_SIDE_2_2754.html')	('÷', 'evidence/MC_PLOT_2754.html')	PA0652	1927	1961	35	7 [6]	[0] 9	vfr/–	cAMP‑regulatory protein/–	SRR33388173
('*', 'evidence/MC_SIDE_1_2755.html')	('*', 'evidence/MC_SIDE_2_2755.html')	('÷', 'evidence/MC_PLOT_2755.html')	PA0652	2134	2236	103	8 [6]	[4] 7	vfr/–	cAMP‑regulatory protein/–	SRR33388173
('*', 'evidence/MC_SIDE_1_2756.html')	('*', 'evidence/MC_SIDE_2_2756.html')	('÷', 'evidence/MC_PLOT_2756.html')	PA0652	2404	2445	42	7 [6]	[0] NA	vfr/–	cAMP‑regulatory protein/–	SRR33388173
('*', 'evidence/MC_SIDE_1_2757.html')	('*', 'evidence/MC_SIDE_2_2757.html')	('÷', 'evidence/MC_PLOT_2757.html')	PA0707	1	875	875	NA [0]	[3] 4	–/toxR	–/transcriptional regulator ToxR	SRR33388173
('*', 'evidence/MC_SIDE_1_2758.html')	('*', 'evidence/MC_SIDE_2_2758.html')	('÷', 'evidence/MC_PLOT_2758.html')	PA0707	1074	1834	761	4 [2]	[2] 9	[toxR]	[toxR]	SRR33388173
('*', 'evidence/MC_SIDE_1_2759.html')	('*', 'evidence/MC_SIDE_2_2759.html')	('÷', 'evidence/MC_PLOT_2759.html')	PA0707	1865	1873	9	16 [0]	[3] 5	toxR/–	transcriptional regulator ToxR/–	SRR33388173
('*', 'evidence/MC_SIDE_1_2760.html')	('*', 'evidence/MC_SIDE_2_2760.html')	('÷', 'evidence/MC_PLOT_2760.html')	PA0707	2008	2580	573	10 [0]	[0] NA	toxR/–	transcriptional regulator ToxR/–	SRR33388173
('*', 'evidence/MC_SIDE_1_2761.html')	('*', 'evidence/MC_SIDE_2_2761.html')	('÷', 'evidence/MC_PLOT_2761.html')	PA0997	1	839	839	NA [0]	[10] 13	–/pqsB	–/hypothetical protein	SRR33388173
('*', 'evidence/MC_SIDE_1_2762.html')	('*', 'evidence/MC_SIDE_2_2762.html')	('÷', 'evidence/MC_PLOT_2762.html')	PA0997	946	1337	392	23 [10]	[11] 14	pqsB	hypothetical protein	SRR33388173
('*', 'evidence/MC_SIDE_1_2763.html')	('*', 'evidence/MC_SIDE_2_2763.html')	('÷', 'evidence/MC_PLOT_2763.html')	PA0997	1626	1680	55	13 [8]	[8] 12	pqsB	hypothetical protein	SRR33388173
('*', 'evidence/MC_SIDE_1_2764.html')	('*', 'evidence/MC_SIDE_2_2764.html')	('÷', 'evidence/MC_PLOT_2764.html')	PA0997	2312	2349	38	13 [10]	[8] 14	pqsB/–	hypothetical protein/–	SRR33388173
('*', 'evidence/MC_SIDE_1_2765.html')	('*', 'evidence/MC_SIDE_2_2765.html')	('÷', 'evidence/MC_PLOT_2765.html')	PA0997	2464	2652	189	15 [10]	[0] NA	pqsB/–	hypothetical protein/–	SRR33388173
('*', 'evidence/MC_SIDE_1_2766.html')	('*', 'evidence/MC_SIDE_2_2766.html')	('÷', 'evidence/MC_PLOT_2766.html')	PA1097	1	743	743	NA [0]	[0] 4	–/fleQ	–/transcriptional regulator FleQ	SRR33388173
('*', 'evidence/MC_SIDE_1_2767.html')	('*', 'evidence/MC_SIDE_2_2767.html')	('÷', 'evidence/MC_PLOT_2767.html')	PA1097	866	879	14	2 [0]	[0] 6	–/fleQ	–/transcriptional regulator FleQ	SRR33388173
('*', 'evidence/MC_SIDE_1_2768.html')	('*', 'evidence/MC_SIDE_2_2768.html')	('÷', 'evidence/MC_PLOT_2768.html')	PA1097	1020	1123	104	4 [1]	[0] 3	fleQ	transcriptional regulator FleQ	SRR33388173
('*', 'evidence/MC_SIDE_1_2769.html')	('*', 'evidence/MC_SIDE_2_2769.html')	('÷', 'evidence/MC_PLOT_2769.html')	PA1097	1248	1253	6	3 [0]	[0] 3	fleQ	transcriptional regulator FleQ	SRR33388173
('*', 'evidence/MC_SIDE_1_2770.html')	('*', 'evidence/MC_SIDE_2_2770.html')	('÷', 'evidence/MC_PLOT_2770.html')	PA1097	1479	1589	111	7 [0]	[1] 3	fleQ	transcriptional regulator FleQ	SRR33388173
('*', 'evidence/MC_SIDE_1_2771.html')	('*', 'evidence/MC_SIDE_2_2771.html')	('÷', 'evidence/MC_PLOT_2771.html')	PA1097	2245	2335	91	3 [0]	[0] 2	fleQ	transcriptional regulator FleQ	SRR33388173
('*', 'evidence/MC_SIDE_1_2772.html')	('*', 'evidence/MC_SIDE_2_2772.html')	('÷', 'evidence/MC_PLOT_2772.html')	PA1097	2375	2525	151	2 [0]	[1] 4	fleQ/–	transcriptional regulator FleQ/–	SRR33388173
('*', 'evidence/MC_SIDE_1_2773.html')	('*', 'evidence/MC_SIDE_2_2773.html')	('÷', 'evidence/MC_PLOT_2773.html')	PA1097	2629	2644	16	4 [0]	[0] 2	fleQ/–	transcriptional regulator FleQ/–	SRR33388173
('*', 'evidence/MC_SIDE_1_2774.html')	('*', 'evidence/MC_SIDE_2_2774.html')	('÷', 'evidence/MC_PLOT_2774.html')	PA1097	2746	2829	84	2 [0]	[0] 2	fleQ/–	transcriptional regulator FleQ/–	SRR33388173
('*', 'evidence/MC_SIDE_1_2775.html')	('*', 'evidence/MC_SIDE_2_2775.html')	('÷', 'evidence/MC_PLOT_2775.html')	PA1097	2931	3196	266	2 [0]	[0] 2	fleQ/–	transcriptional regulator FleQ/–	SRR33388173
('*', 'evidence/MC_SIDE_1_2776.html')	('*', 'evidence/MC_SIDE_2_2776.html')	('÷', 'evidence/MC_PLOT_2776.html')	PA1097	3263	3273	11	2 [0]	[0] NA	fleQ/–	transcriptional regulator FleQ/–	SRR33388173
('*', 'evidence/MC_SIDE_1_2777.html')	('*', 'evidence/MC_SIDE_2_2777.html')	('÷', 'evidence/MC_PLOT_2777.html')	PA1179	1	84	84	NA [0]	[11] 18	–/phoP	–/two‑component response regulator PhoP	SRR33388173
('*', 'evidence/MC_SIDE_1_2778.html')	('*', 'evidence/MC_SIDE_2_2778.html')	('÷', 'evidence/MC_PLOT_2778.html')	PA1179	256	284	29	14 [7]	[12] 14	–/phoP	–/two‑component response regulator PhoP	SRR33388173
('*', 'evidence/MC_SIDE_1_2779.html')	('*', 'evidence/MC_SIDE_2_2779.html')	('÷', 'evidence/MC_PLOT_2779.html')	PA1179	1781	1884	104	14 [12]	[11] 27	phoP/–	two‑component response regulator PhoP/–	SRR33388173
('*', 'evidence/MC_SIDE_1_2780.html')	('*', 'evidence/MC_SIDE_2_2780.html')	('÷', 'evidence/MC_PLOT_2780.html')	PA1179	2077	2374	298	15 [11]	[13] 16	phoP/–	two‑component response regulator PhoP/–	SRR33388173
('*', 'evidence/MC_SIDE_1_2781.html')	('*', 'evidence/MC_SIDE_2_2781.html')	('÷', 'evidence/MC_PLOT_2781.html')	PA1179	2456	2478	23	14 [12]	[0] NA	phoP/–	two‑component response regulator PhoP/–	SRR33388173
('*', 'evidence/MC_SIDE_1_2782.html')	('*', 'evidence/MC_SIDE_2_2782.html')	('÷', 'evidence/MC_PLOT_2782.html')	PA1333	1	88	88	NA [0]	[1] 5	–/N_A	–/hypothetical protein	SRR33388173
('*', 'evidence/MC_SIDE_1_2783.html')	('*', 'evidence/MC_SIDE_2_2783.html')	('÷', 'evidence/MC_PLOT_2783.html')	PA1333	189	204	16	4 [0]	[0] 2	–/N_A	–/hypothetical protein	SRR33388173
('*', 'evidence/MC_SIDE_1_2784.html')	('*', 'evidence/MC_SIDE_2_2784.html')	('÷', 'evidence/MC_PLOT_2784.html')	PA1333	626	826	201	2 [0]	[0] 2	–/N_A	–/hypothetical protein	SRR33388173
('*', 'evidence/MC_SIDE_1_2785.html')	('*', 'evidence/MC_SIDE_2_2785.html')	('÷', 'evidence/MC_PLOT_2785.html')	PA1333	881	970	90	2 [0]	[0] 2	[N_A]	[N_A]	SRR33388173
('*', 'evidence/MC_SIDE_1_2786.html')	('*', 'evidence/MC_SIDE_2_2786.html')	('÷', 'evidence/MC_PLOT_2786.html')	PA1333	1232	1373	142	2 [0]	[0] 4	N_A/–	hypothetical protein/–	SRR33388173
('*', 'evidence/MC_SIDE_1_2787.html')	('*', 'evidence/MC_SIDE_2_2787.html')	('÷', 'evidence/MC_PLOT_2787.html')	PA1333	1505	1598	94	3 [0]	[0] 4	N_A/–	hypothetical protein/–	SRR33388173
('*', 'evidence/MC_SIDE_1_2788.html')	('*', 'evidence/MC_SIDE_2_2788.html')	('÷', 'evidence/MC_PLOT_2788.html')	PA1333	1700	2007	308	5 [1]	[0] NA	N_A/–	hypothetical protein/–	SRR33388173
('*', 'evidence/MC_SIDE_1_2789.html')	('*', 'evidence/MC_SIDE_2_2789.html')	('÷', 'evidence/MC_PLOT_2789.html')	PA1430	1	146	146	NA [0]	[4] 6	–/lasR	–/transcriptional regulator LasR	SRR33388173
('*', 'evidence/MC_SIDE_1_2790.html')	('*', 'evidence/MC_SIDE_2_2790.html')	('÷', 'evidence/MC_PLOT_2790.html')	PA1430	191	594	404	6 [5]	[3] 9	–/lasR	–/transcriptional regulator LasR	SRR33388173
('*', 'evidence/MC_SIDE_1_2791.html')	('*', 'evidence/MC_SIDE_2_2791.html')	('÷', 'evidence/MC_PLOT_2791.html')	PA1430	990	1025	36	11 [0]	[0] 10	lasR	transcriptional regulator LasR	SRR33388173
('*', 'evidence/MC_SIDE_1_2792.html')	('*', 'evidence/MC_SIDE_2_2792.html')	('÷', 'evidence/MC_PLOT_2792.html')	PA1430	1127	1453	327	14 [4]	[4] 11	lasR	transcriptional regulator LasR	SRR33388173
('*', 'evidence/MC_SIDE_1_2793.html')	('*', 'evidence/MC_SIDE_2_2793.html')	('÷', 'evidence/MC_PLOT_2793.html')	PA1430	2244	2299	56	6 [4]	[4] 8	lasR/–	transcriptional regulator LasR/–	SRR33388173
('*', 'evidence/MC_SIDE_1_2794.html')	('*', 'evidence/MC_SIDE_2_2794.html')	('÷', 'evidence/MC_PLOT_2794.html')	PA1430	2476	2520	45	6 [5]	[0] NA	lasR/–	transcriptional regulator LasR/–	SRR33388173
('*', 'evidence/MC_SIDE_1_2795.html')	('*', 'evidence/MC_SIDE_2_2795.html')	('÷', 'evidence/MC_PLOT_2795.html')	PA1544	1	1	1	NA [0]	[0] 4	–/anr	–/transcriptional regulator Anr	SRR33388173
('*', 'evidence/MC_SIDE_1_2796.html')	('*', 'evidence/MC_SIDE_2_2796.html')	('÷', 'evidence/MC_PLOT_2796.html')	PA1544	103	803	701	5 [1]	[3] 6	–/anr	–/transcriptional regulator Anr	SRR33388173
('*', 'evidence/MC_SIDE_1_2797.html')	('*', 'evidence/MC_SIDE_2_2797.html')	('÷', 'evidence/MC_PLOT_2797.html')	PA1544	1278	1315	38	4 [3]	[2] 4	anr	transcriptional regulator Anr	SRR33388173
('*', 'evidence/MC_SIDE_1_2798.html')	('*', 'evidence/MC_SIDE_2_2798.html')	('÷', 'evidence/MC_PLOT_2798.html')	PA1544	1636	1707	72	4 [0]	[0] 17	anr/–	transcriptional regulator Anr/–	SRR33388173
('*', 'evidence/MC_SIDE_1_2799.html')	('*', 'evidence/MC_SIDE_2_2799.html')	('÷', 'evidence/MC_PLOT_2799.html')	PA1544	1901	1934	34	4 [3]	[2] 7	anr/–	transcriptional regulator Anr/–	SRR33388173
('*', 'evidence/MC_SIDE_1_2800.html')	('*', 'evidence/MC_SIDE_2_2800.html')	('÷', 'evidence/MC_PLOT_2800.html')	PA1544	2121	2535	415	4 [2]	[0] NA	anr/–	transcriptional regulator Anr/–	SRR33388173
('*', 'evidence/MC_SIDE_1_2802.html')	('*', 'evidence/MC_SIDE_2_2802.html')	('÷', 'evidence/MC_PLOT_2802.html')	PA2020	1	8	8	NA [0]	[2] 4	–/N_A	–/transcriptional regulator	SRR33388173
('*', 'evidence/MC_SIDE_1_2803.html')	('*', 'evidence/MC_SIDE_2_2803.html')	('÷', 'evidence/MC_PLOT_2803.html')	PA2020	225	294	70	3 [2]	[2] 3	–/N_A	–/transcriptional regulator	SRR33388173
('*', 'evidence/MC_SIDE_1_2804.html')	('*', 'evidence/MC_SIDE_2_2804.html')	('÷', 'evidence/MC_PLOT_2804.html')	PA2020	404	791	388	3 [2]	[2] 6	–/N_A	–/transcriptional regulator	SRR33388173
('*', 'evidence/MC_SIDE_1_2805.html')	('*', 'evidence/MC_SIDE_2_2805.html')	('÷', 'evidence/MC_PLOT_2805.html')	PA2020	1100	1543	444	4 [2]	[0] 3	[N_A]	[N_A]	SRR33388173
('*', 'evidence/MC_SIDE_1_2806.html')	('*', 'evidence/MC_SIDE_2_2806.html')	('÷', 'evidence/MC_PLOT_2806.html')	PA2020	1670	1894	225	3 [2]	[1] 3	N_A/–	transcriptional regulator/–	SRR33388173
('*', 'evidence/MC_SIDE_1_2807.html')	('*', 'evidence/MC_SIDE_2_2807.html')	('÷', 'evidence/MC_PLOT_2807.html')	PA2020	2030	2246	217	3 [0]	[0] 10	N_A/–	transcriptional regulator/–	SRR33388173
('*', 'evidence/MC_SIDE_1_2808.html')	('*', 'evidence/MC_SIDE_2_2808.html')	('÷', 'evidence/MC_PLOT_2808.html')	PA2020	2426	2433	8	4 [1]	[0] NA	N_A/–	transcriptional regulator/–	SRR33388173
('*', 'evidence/MC_SIDE_1_2809.html')	('*', 'evidence/MC_SIDE_2_2809.html')	('÷', 'evidence/MC_PLOT_2809.html')	PA2121	1	279	279	NA [0]	[13] 17	–/N_A	–/transcriptional regulator	SRR33388173
('*', 'evidence/MC_SIDE_1_2810.html')	('*', 'evidence/MC_SIDE_2_2810.html')	('÷', 'evidence/MC_PLOT_2810.html')	PA2121	739	1494	756	17 [4]	[12] 17	[N_A]	[N_A]	SRR33388173
('*', 'evidence/MC_SIDE_1_2811.html')	('*', 'evidence/MC_SIDE_2_2811.html')	('÷', 'evidence/MC_PLOT_2811.html')	PA2121	1792	2064	273	18 [15]	[16] 19	[N_A]	[N_A]	SRR33388173
('*', 'evidence/MC_SIDE_1_2812.html')	('*', 'evidence/MC_SIDE_2_2812.html')	('÷', 'evidence/MC_PLOT_2812.html')	PA2121	2369	2706	338	20 [15]	[0] NA	N_A/–	transcriptional regulator/–	SRR33388173
('*', 'evidence/MC_SIDE_1_2814.html')	('*', 'evidence/MC_SIDE_2_2814.html')	('÷', 'evidence/MC_PLOT_2814.html')	PA2435	1	148	148	NA [0]	[1] 4	–/N_A	–/cation‑transporting P‑type ATPase	SRR33388173
('*', 'evidence/MC_SIDE_1_2815.html')	('*', 'evidence/MC_SIDE_2_2815.html')	('÷', 'evidence/MC_PLOT_2815.html')	PA2435	271	537	267	4 [0]	[0] 10	–/N_A	–/cation‑transporting P‑type ATPase	SRR33388173
('*', 'evidence/MC_SIDE_1_2816.html')	('*', 'evidence/MC_SIDE_2_2816.html')	('÷', 'evidence/MC_PLOT_2816.html')	PA2435	675	823	149	3 [1]	[0] 5	–/N_A	–/cation‑transporting P‑type ATPase	SRR33388173
('*', 'evidence/MC_SIDE_1_2817.html')	('*', 'evidence/MC_SIDE_2_2817.html')	('÷', 'evidence/MC_PLOT_2817.html')	PA2435	1116	1152	37	4 [1]	[1] 9	N_A	cation‑transporting P‑type ATPase	SRR33388173
('*', 'evidence/MC_SIDE_1_2818.html')	('*', 'evidence/MC_SIDE_2_2818.html')	('÷', 'evidence/MC_PLOT_2818.html')	PA2435	1505	1608	104	2 [0]	[0] 2	N_A	cation‑transporting P‑type ATPase	SRR33388173
('*', 'evidence/MC_SIDE_1_2819.html')	('*', 'evidence/MC_SIDE_2_2819.html')	('÷', 'evidence/MC_PLOT_2819.html')	PA2435	1671	2287	617	2 [0]	[0] 2	N_A	cation‑transporting P‑type ATPase	SRR33388173
('*', 'evidence/MC_SIDE_1_2820.html')	('*', 'evidence/MC_SIDE_2_2820.html')	('÷', 'evidence/MC_PLOT_2820.html')	PA2435	2326	2421	96	2 [0]	[0] 2	N_A	cation‑transporting P‑type ATPase	SRR33388173
('*', 'evidence/MC_SIDE_1_2821.html')	('*', 'evidence/MC_SIDE_2_2821.html')	('÷', 'evidence/MC_PLOT_2821.html')	PA2435	2848	3015	168	4 [1]	[1] 3	[N_A]	[N_A]	SRR33388173
('*', 'evidence/MC_SIDE_1_2822.html')	('*', 'evidence/MC_SIDE_2_2822.html')	('÷', 'evidence/MC_PLOT_2822.html')	PA2435	3128	3261	134	5 [0]	[0] 6	N_A/–	cation‑transporting P‑type ATPase/–	SRR33388173
('*', 'evidence/MC_SIDE_1_2823.html')	('*', 'evidence/MC_SIDE_2_2823.html')	('÷', 'evidence/MC_PLOT_2823.html')	PA2435	3366	3567	202	3 [0]	[0] 2	N_A/–	cation‑transporting P‑type ATPase/–	SRR33388173
('*', 'evidence/MC_SIDE_1_2824.html')	('*', 'evidence/MC_SIDE_2_2824.html')	('÷', 'evidence/MC_PLOT_2824.html')	PA2435	3630	3666	37	2 [0]	[1] 2	N_A/–	cation‑transporting P‑type ATPase/–	SRR33388173
('*', 'evidence/MC_SIDE_1_2825.html')	('*', 'evidence/MC_SIDE_2_2825.html')	('÷', 'evidence/MC_PLOT_2825.html')	PA2435	3777	3786	10	5 [1]	[0] NA	N_A/–	cation‑transporting P‑type ATPase/–	SRR33388173
('*', 'evidence/MC_SIDE_1_2826.html')	('*', 'evidence/MC_SIDE_2_2826.html')	('÷', 'evidence/MC_PLOT_2826.html')	PA2491	1	371–6	6–371	NA [0]	[1] 5	–/N_A	–/oxidoreductase	SRR33388173
('*', 'evidence/MC_SIDE_1_2827.html')	('*', 'evidence/MC_SIDE_2_2827.html')	('÷', 'evidence/MC_PLOT_2827.html')	PA2491	434–561	1607–563	3–1174	5 [4]	[3] 6	[N_A]	[N_A]	SRR33388173
('*', 'evidence/MC_SIDE_1_2828.html')	('*', 'evidence/MC_SIDE_2_2828.html')	('÷', 'evidence/MC_PLOT_2828.html')	PA2491	2336	2411	76	8 [0]	[3] 14	N_A/–	oxidoreductase/–	SRR33388173
('*', 'evidence/MC_SIDE_1_2829.html')	('*', 'evidence/MC_SIDE_2_2829.html')	('÷', 'evidence/MC_PLOT_2829.html')	PA2492	1	278–2	2–278	NA [0]	[3] 7	–/mexT	–/transcriptional regulator MexT	SRR33388173
('*', 'evidence/MC_SIDE_1_2830.html')	('*', 'evidence/MC_SIDE_2_2830.html')	('÷', 'evidence/MC_PLOT_2830.html')	PA2492	302–1139	1610–1141	3–1309	8 [6]	[6] 7	[mexT]	[mexT]	SRR33388173
('*', 'evidence/MC_SIDE_1_2831.html')	('*', 'evidence/MC_SIDE_2_2831.html')	('÷', 'evidence/MC_PLOT_2831.html')	PA2492	1926	2069	144	7 [6]	[6] 7	[mexT]	[mexT]	SRR33388173
('*', 'evidence/MC_SIDE_1_2832.html')	('*', 'evidence/MC_SIDE_2_2832.html')	('÷', 'evidence/MC_PLOT_2832.html')	PA3217	1	103	103	NA [0]	[17] 19	–/cyaB	–/protein CyaB	SRR33388173
('*', 'evidence/MC_SIDE_1_2833.html')	('*', 'evidence/MC_SIDE_2_2833.html')	('÷', 'evidence/MC_PLOT_2833.html')	PA3217	226	458	233	19 [18]	[16] 21	–/cyaB	–/protein CyaB	SRR33388173
('*', 'evidence/MC_SIDE_1_2834.html')	('*', 'evidence/MC_SIDE_2_2834.html')	('÷', 'evidence/MC_PLOT_2834.html')	PA3217	666	873	208	21 [16]	[14] 20	–/cyaB	–/protein CyaB	SRR33388173
('*', 'evidence/MC_SIDE_1_2835.html')	('*', 'evidence/MC_SIDE_2_2835.html')	('÷', 'evidence/MC_PLOT_2835.html')	PA3217	1092	1376	285	20 [16]	[17] 20	cyaB	protein CyaB	SRR33388173
('*', 'evidence/MC_SIDE_1_2836.html')	('*', 'evidence/MC_SIDE_2_2836.html')	('÷', 'evidence/MC_PLOT_2836.html')	PA3217	2260	3192	933	20 [18]	[0] NA	[cyaB]	[cyaB]	SRR33388173
('*', 'evidence/MC_SIDE_1_2837.html')	('*', 'evidence/MC_SIDE_2_2837.html')	('÷', 'evidence/MC_PLOT_2837.html')	PA3476	1	1845	1845	NA [0]	[3] 4	rhlI	rhlI	SRR33388173
('*', 'evidence/MC_SIDE_1_2838.html')	('*', 'evidence/MC_SIDE_2_2838.html')	('÷', 'evidence/MC_PLOT_2838.html')	PA3476	2049	2276	228	11 [1]	[3] 5	rhlI/–	acyl‑homoserine‑lactone synthase/–	SRR33388173
('*', 'evidence/MC_SIDE_1_2839.html')	('*', 'evidence/MC_SIDE_2_2839.html')	('÷', 'evidence/MC_PLOT_2839.html')	PA3476	2397	2406	10	7 [0]	[0] NA	rhlI/–	acyl‑homoserine‑lactone synthase/–	SRR33388173
('*', 'evidence/MC_SIDE_1_2840.html')	('*', 'evidence/MC_SIDE_2_2840.html')	('÷', 'evidence/MC_PLOT_2840.html')	PA3477	1	648	648	NA [0]	[8] 16	–/rhlR	–/transcriptional regulator RhlR	SRR33388173
('*', 'evidence/MC_SIDE_1_2841.html')	('*', 'evidence/MC_SIDE_2_2841.html')	('÷', 'evidence/MC_PLOT_2841.html')	PA3477	751	846	96	16 [10]	[10] 36	–/rhlR	–/transcriptional regulator RhlR	SRR33388173
('*', 'evidence/MC_SIDE_1_2842.html')	('*', 'evidence/MC_SIDE_2_2842.html')	('÷', 'evidence/MC_PLOT_2842.html')	PA3477	991–1927	2526	600–1536	17 [13]	[0] NA	[rhlR]	[rhlR]	SRR33388173
('*', 'evidence/MC_SIDE_1_2843.html')	('*', 'evidence/MC_SIDE_2_2843.html')	('÷', 'evidence/MC_PLOT_2843.html')	PA3565	1	2	2	NA [0]	[0] 3	–/N_A	–/transcriptional regulator	SRR33388173
('*', 'evidence/MC_SIDE_1_2844.html')	('*', 'evidence/MC_SIDE_2_2844.html')	('÷', 'evidence/MC_PLOT_2844.html')	PA3565	234	247	14	7 [1]	[1] 2	–/N_A	–/transcriptional regulator	SRR33388173
('*', 'evidence/MC_SIDE_1_2845.html')	('*', 'evidence/MC_SIDE_2_2845.html')	('÷', 'evidence/MC_PLOT_2845.html')	PA3565	1404	1443	40	5 [0]	[1] 2	N_A	transcriptional regulator	SRR33388173
('*', 'evidence/MC_SIDE_1_2846.html')	('*', 'evidence/MC_SIDE_2_2846.html')	('÷', 'evidence/MC_PLOT_2846.html')	PA3565	1695	1755	61	5 [1]	[0] 3	N_A	transcriptional regulator	SRR33388173
('*', 'evidence/MC_SIDE_1_2848.html')	('*', 'evidence/MC_SIDE_2_2848.html')	('÷', 'evidence/MC_PLOT_2848.html')	PA3565	2693	2721	29	4 [1]	[0] NA	N_A/–	transcriptional regulator/–	SRR33388173
('*', 'evidence/MC_SIDE_1_2849.html')	('*', 'evidence/MC_SIDE_2_2849.html')	('÷', 'evidence/MC_PLOT_2849.html')	PA3574	1	40	40	NA [0]	[9] 11	–/nalD	–/transcriptional regulator	SRR33388173
('*', 'evidence/MC_SIDE_1_2850.html')	('*', 'evidence/MC_SIDE_2_2850.html')	('÷', 'evidence/MC_PLOT_2850.html')	PA3574	545	798	254	14 [7]	[4] 38	–/nalD	–/transcriptional regulator	SRR33388173
('*', 'evidence/MC_SIDE_1_2851.html')	('*', 'evidence/MC_SIDE_2_2851.html')	('÷', 'evidence/MC_PLOT_2851.html')	PA3574	1192	1617	426	11 [8]	[5] 13	[nalD]	[nalD]	SRR33388173
('*', 'evidence/MC_SIDE_1_2852.html')	('*', 'evidence/MC_SIDE_2_2852.html')	('÷', 'evidence/MC_PLOT_2852.html')	PA3574	1726	1858	133	12 [7]	[7] 12	nalD/–	transcriptional regulator/–	SRR33388173
('*', 'evidence/MC_SIDE_1_2853.html')	('*', 'evidence/MC_SIDE_2_2853.html')	('÷', 'evidence/MC_PLOT_2853.html')	PA3574	1992	2172	181	10 [9]	[5] 17	nalD/–	transcriptional regulator/–	SRR33388173
('*', 'evidence/MC_SIDE_1_2854.html')	('*', 'evidence/MC_SIDE_2_2854.html')	('÷', 'evidence/MC_PLOT_2854.html')	PA3574	2402	2439	38	11 [8]	[0] NA	nalD/–	transcriptional regulator/–	SRR33388173
('*', 'evidence/MC_SIDE_1_2855.html')	('*', 'evidence/MC_SIDE_2_2855.html')	('÷', 'evidence/MC_PLOT_2855.html')	PA3703	1	35	35	NA [0]	[0] 5	–/wspF	–/chemotaxis‑specific methylesterase	SRR33388173
('*', 'evidence/MC_SIDE_1_2856.html')	('*', 'evidence/MC_SIDE_2_2856.html')	('÷', 'evidence/MC_PLOT_2856.html')	PA3703	160	386	227	5 [3]	[3] 6	–/wspF	–/chemotaxis‑specific methylesterase	SRR33388173
('*', 'evidence/MC_SIDE_1_2857.html')	('*', 'evidence/MC_SIDE_2_2857.html')	('÷', 'evidence/MC_PLOT_2857.html')	PA3703	701	721	21	9 [4]	[0] 5	–/wspF	–/chemotaxis‑specific methylesterase	SRR33388173
('*', 'evidence/MC_SIDE_1_2858.html')	('*', 'evidence/MC_SIDE_2_2858.html')	('÷', 'evidence/MC_PLOT_2858.html')	PA3703	951	1010	60	5 [0]	[4] 6	wspF	chemotaxis‑specific methylesterase	SRR33388173
('*', 'evidence/MC_SIDE_1_2859.html')	('*', 'evidence/MC_SIDE_2_2859.html')	('÷', 'evidence/MC_PLOT_2859.html')	PA3703	1191	1394	204	16 [2]	[4] 5	wspF	chemotaxis‑specific methylesterase	SRR33388173
('*', 'evidence/MC_SIDE_1_2860.html')	('*', 'evidence/MC_SIDE_2_2860.html')	('÷', 'evidence/MC_PLOT_2860.html')	PA3703	1911	1927	17	18 [3]	[3] 5	wspF/–	chemotaxis‑specific methylesterase/–	SRR33388173
('*', 'evidence/MC_SIDE_1_2861.html')	('*', 'evidence/MC_SIDE_2_2861.html')	('÷', 'evidence/MC_PLOT_2861.html')	PA3703	2547	2564	18	6 [0]	[0] 6	wspF/–	chemotaxis‑specific methylesterase/–	SRR33388173
('*', 'evidence/MC_SIDE_1_2862.html')	('*', 'evidence/MC_SIDE_2_2862.html')	('÷', 'evidence/MC_PLOT_2862.html')	PA3703	2738	2808	71	20 [2]	[0] NA	wspF/–	chemotaxis‑specific methylesterase/–	SRR33388173
('*', 'evidence/MC_SIDE_1_2863.html')	('*', 'evidence/MC_SIDE_2_2863.html')	('÷', 'evidence/MC_PLOT_2863.html')	PA3817	1	126	126	NA [0]	[1] 3	–/N_A	–/methyltransferase	SRR33388173
('*', 'evidence/MC_SIDE_1_2864.html')	('*', 'evidence/MC_SIDE_2_2864.html')	('÷', 'evidence/MC_PLOT_2864.html')	PA3817	561	567	7	8 [0]	[0] 4	–/N_A	–/methyltransferase	SRR33388173
('*', 'evidence/MC_SIDE_1_2865.html')	('*', 'evidence/MC_SIDE_2_2865.html')	('÷', 'evidence/MC_PLOT_2865.html')	PA3817	1056	1120	65	5 [0]	[1] 3	N_A	methyltransferase	SRR33388173
('*', 'evidence/MC_SIDE_1_2866.html')	('*', 'evidence/MC_SIDE_2_2866.html')	('÷', 'evidence/MC_PLOT_2866.html')	PA3817	1213	1317	105	3 [1]	[1] 9	N_A	methyltransferase	SRR33388173
('*', 'evidence/MC_SIDE_1_2867.html')	('*', 'evidence/MC_SIDE_2_2867.html')	('÷', 'evidence/MC_PLOT_2867.html')	PA3817	1473	1482	10	3 [0]	[1] 2	N_A	methyltransferase	SRR33388173
('*', 'evidence/MC_SIDE_1_2868.html')	('*', 'evidence/MC_SIDE_2_2868.html')	('÷', 'evidence/MC_PLOT_2868.html')	PA3817	1802	1903	102	3 [0]	[0] 2	N_A/–	methyltransferase/–	SRR33388173
('*', 'evidence/MC_SIDE_1_2869.html')	('*', 'evidence/MC_SIDE_2_2869.html')	('÷', 'evidence/MC_PLOT_2869.html')	PA3817	1961	2034	74	2 [0]	[0] 2	N_A/–	methyltransferase/–	SRR33388173
('*', 'evidence/MC_SIDE_1_2870.html')	('*', 'evidence/MC_SIDE_2_2870.html')	('÷', 'evidence/MC_PLOT_2870.html')	PA3817	2135	2174	40	2 [0]	[1] 4	N_A/–	methyltransferase/–	SRR33388173
('*', 'evidence/MC_SIDE_1_2871.html')	('*', 'evidence/MC_SIDE_2_2871.html')	('÷', 'evidence/MC_PLOT_2871.html')	PA3817	2370	2574	205	2 [1]	[0] NA	N_A/–	methyltransferase/–	SRR33388173
('*', 'evidence/MC_SIDE_1_2872.html')	('*', 'evidence/MC_SIDE_2_2872.html')	('÷', 'evidence/MC_PLOT_2872.html')	PA4420	623	709	87	6 [4]	[0] 8	–/N_A	–/S‑adenosyl‑methyltransferase MraW	SRR33388173
('*', 'evidence/MC_SIDE_1_2873.html')	('*', 'evidence/MC_SIDE_2_2873.html')	('÷', 'evidence/MC_PLOT_2873.html')	PA4420	1324	1614	291	5 [4]	[3] 7	N_A	S‑adenosyl‑methyltransferase MraW	SRR33388173
('*', 'evidence/MC_SIDE_1_2874.html')	('*', 'evidence/MC_SIDE_2_2874.html')	('÷', 'evidence/MC_PLOT_2874.html')	PA4420	1821	1904	84	8 [3]	[0] 6	[N_A]	[N_A]	SRR33388173
('*', 'evidence/MC_SIDE_1_2875.html')	('*', 'evidence/MC_SIDE_2_2875.html')	('÷', 'evidence/MC_PLOT_2875.html')	PA4420	2371	2742	372	6 [4]	[0] NA	N_A/–	S‑adenosyl‑methyltransferase MraW/–	SRR33388173
('*', 'evidence/MC_SIDE_1_2876.html')	('*', 'evidence/MC_SIDE_2_2876.html')	('÷', 'evidence/MC_PLOT_2876.html')	PA4462	703	756	54	10 [8]	[0] 17	–/rpoN	–/RNA polymerase factor sigma‑54	SRR33388173
('*', 'evidence/MC_SIDE_1_2877.html')	('*', 'evidence/MC_SIDE_2_2877.html')	('÷', 'evidence/MC_PLOT_2877.html')	PA4462	1093	1204	112	10 [8]	[6] 11	rpoN	RNA polymerase factor sigma‑54	SRR33388173
('*', 'evidence/MC_SIDE_1_2878.html')	('*', 'evidence/MC_SIDE_2_2878.html')	('÷', 'evidence/MC_PLOT_2878.html')	PA4462	1568	1622	55	14 [9]	[9] 12	rpoN	RNA polymerase factor sigma‑54	SRR33388173
('*', 'evidence/MC_SIDE_1_2879.html')	('*', 'evidence/MC_SIDE_2_2879.html')	('÷', 'evidence/MC_PLOT_2879.html')	PA4462	1729	1859	131	17 [4]	[8] 10	rpoN	RNA polymerase factor sigma‑54	SRR33388173
('*', 'evidence/MC_SIDE_1_2880.html')	('*', 'evidence/MC_SIDE_2_2880.html')	('÷', 'evidence/MC_PLOT_2880.html')	PA4462	2004	2028	25	10 [4]	[7] 10	rpoN	RNA polymerase factor sigma‑54	SRR33388173
('*', 'evidence/MC_SIDE_1_2881.html')	('*', 'evidence/MC_SIDE_2_2881.html')	('÷', 'evidence/MC_PLOT_2881.html')	PA4462	3033	3066	34	13 [6]	[9] 14	rpoN/–	RNA polymerase factor sigma‑54/–	SRR33388173
('*', 'evidence/MC_SIDE_1_2882.html')	('*', 'evidence/MC_SIDE_2_2882.html')	('÷', 'evidence/MC_PLOT_2882.html')	PA4462	3292	3294	3	12 [0]	[0] NA	rpoN/–	RNA polymerase factor sigma‑54/–	SRR33388173
('*', 'evidence/MC_SIDE_1_2883.html')	('*', 'evidence/MC_SIDE_2_2883.html')	('÷', 'evidence/MC_PLOT_2883.html')	PA4522	1	440	440	NA [0]	[0] 3	–/ampD	–/N‑acetyl‑anhydromuranmyl‑L‑alanine amidase	SRR33388173
('*', 'evidence/MC_SIDE_1_2884.html')	('*', 'evidence/MC_SIDE_2_2884.html')	('÷', 'evidence/MC_PLOT_2884.html')	PA4522	645	1089	445	2 [0]	[0] 2	[ampD]	[ampD]	SRR33388173
('*', 'evidence/MC_SIDE_1_2885.html')	('*', 'evidence/MC_SIDE_2_2885.html')	('÷', 'evidence/MC_PLOT_2885.html')	PA4522	1212	1254	43	2 [0]	[0] 2	ampD	N‑acetyl‑anhydromuranmyl‑L‑alanine amidase	SRR33388173
('*', 'evidence/MC_SIDE_1_2886.html')	('*', 'evidence/MC_SIDE_2_2886.html')	('÷', 'evidence/MC_PLOT_2886.html')	PA4522	1307	1388	82	2 [0]	[0] 8	ampD	N‑acetyl‑anhydromuranmyl‑L‑alanine amidase	SRR33388173
('*', 'evidence/MC_SIDE_1_2887.html')	('*', 'evidence/MC_SIDE_2_2887.html')	('÷', 'evidence/MC_PLOT_2887.html')	PA4522	1598	1837	240	3 [1]	[0] 2	ampD/–	N‑acetyl‑anhydromuranmyl‑L‑alanine amidase/–	SRR33388173
('*', 'evidence/MC_SIDE_1_2888.html')	('*', 'evidence/MC_SIDE_2_2888.html')	('÷', 'evidence/MC_PLOT_2888.html')	PA4522	1953	2187	235	4 [0]	[0] 3	ampD/–	N‑acetyl‑anhydromuranmyl‑L‑alanine amidase/–	SRR33388173
('*', 'evidence/MC_SIDE_1_2889.html')	('*', 'evidence/MC_SIDE_2_2889.html')	('÷', 'evidence/MC_PLOT_2889.html')	PA4522	2304	2367	64	3 [0]	[0] NA	ampD/–	N‑acetyl‑anhydromuranmyl‑L‑alanine amidase/–	SRR33388173
('*', 'evidence/MC_SIDE_1_2890.html')	('*', 'evidence/MC_SIDE_2_2890.html')	('÷', 'evidence/MC_PLOT_2890.html')	PA4526	143	1461	1319	14 [4]	[9] 10	[pilB]	[pilB]	SRR33388173
('*', 'evidence/MC_SIDE_1_2891.html')	('*', 'evidence/MC_SIDE_2_2891.html')	('÷', 'evidence/MC_PLOT_2891.html')	PA4526	1626	1659	34	12 [0]	[0] 10	pilB	type 4 fimbrial biogenesis protein PilB	SRR33388173
('*', 'evidence/MC_SIDE_1_2892.html')	('*', 'evidence/MC_SIDE_2_2892.html')	('÷', 'evidence/MC_PLOT_2892.html')	PA4526	1776	1812	37	10 [9]	[7] 16	pilB	type 4 fimbrial biogenesis protein PilB	SRR33388173
('*', 'evidence/MC_SIDE_1_2893.html')	('*', 'evidence/MC_SIDE_2_2893.html')	('÷', 'evidence/MC_PLOT_2893.html')	PA4526	2342	2416	75	13 [4]	[8] 12	pilB	type 4 fimbrial biogenesis protein PilB	SRR33388173
('*', 'evidence/MC_SIDE_1_2894.html')	('*', 'evidence/MC_SIDE_2_2894.html')	('÷', 'evidence/MC_PLOT_2894.html')	PA4526	2631	3501	871	19 [0]	[0] NA	pilB/–	type 4 fimbrial biogenesis protein PilB/–	SRR33388173
('*', 'evidence/MC_SIDE_1_2895.html')	('*', 'evidence/MC_SIDE_2_2895.html')	('÷', 'evidence/MC_PLOT_2895.html')	PA4796	1	111	111	NA [0]	[1] 19	–/N_A	–/hypothetical protein	SRR33388173
('*', 'evidence/MC_SIDE_1_2896.html')	('*', 'evidence/MC_SIDE_2_2896.html')	('÷', 'evidence/MC_PLOT_2896.html')	PA4796	231	260	30	8 [0]	[3] 4	–/N_A	–/hypothetical protein	SRR33388173
('*', 'evidence/MC_SIDE_1_2897.html')	('*', 'evidence/MC_SIDE_2_2897.html')	('÷', 'evidence/MC_PLOT_2897.html')	PA4796	835	896	62	5 [3]	[2] 4	–/N_A	–/hypothetical protein	SRR33388173
('*', 'evidence/MC_SIDE_1_2898.html')	('*', 'evidence/MC_SIDE_2_2898.html')	('÷', 'evidence/MC_PLOT_2898.html')	PA4796	914	1012	99	4 [2]	[3] 6	N_A	hypothetical protein	SRR33388173
('*', 'evidence/MC_SIDE_1_2899.html')	('*', 'evidence/MC_SIDE_2_2899.html')	('÷', 'evidence/MC_PLOT_2899.html')	PA4796	1281	2268	988	5 [3]	[0] NA	[N_A]	[N_A]	SRR33388173
('*', 'evidence/MC_SIDE_1_2900.html')	('*', 'evidence/MC_SIDE_2_2900.html')	('÷', 'evidence/MC_PLOT_2900.html')	PA4848	2986	3150	165	36 [32]	[0] NA	accC/–	acetyl‑CoA carboxylase biotin carboxylase subunit/–	SRR33388173
('*', 'evidence/MC_SIDE_1_632.html')	('*', 'evidence/MC_SIDE_2_632.html')	('÷', 'evidence/MC_PLOT_632.html')	PA1097	1	637	637	NA [0]	[65] 67	–/fleQ	–/transcriptional regulator FleQ	SRR33574348
('*', 'evidence/MC_SIDE_1_634.html')	('*', 'evidence/MC_SIDE_2_634.html')	('÷', 'evidence/MC_PLOT_634.html')	PA2492	1	1671–3	3–1671	NA [0]	[74] 77	[mexT]	[mexT]	SRR33574348
('*', 'evidence/MC_SIDE_1_635.html')	('*', 'evidence/MC_SIDE_2_635.html')	('÷', 'evidence/MC_PLOT_635.html')	PA3476	1	1519–2	2–1519	NA [0]	[55] 60	rhlI	rhlI	SRR33574348
('*', 'evidence/MC_SIDE_1_636.html')	('*', 'evidence/MC_SIDE_2_636.html')	('÷', 'evidence/MC_PLOT_636.html')	PA3476	1779	1903	125	60 [55]	[55] 56	rhlI/–	acyl‑homoserine‑lactone synthase/–	SRR33574348
('*', 'evidence/MC_SIDE_1_637.html')	('*', 'evidence/MC_SIDE_2_637.html')	('÷', 'evidence/MC_PLOT_637.html')	PA3477	1015–2524	2526	3–1512	60 [57]	[0] NA	[rhlR]	[rhlR]	SRR33574348
('*', 'evidence/MC_SIDE_1_638.html')	('*', 'evidence/MC_SIDE_2_638.html')	('÷', 'evidence/MC_PLOT_638.html')	PA3565	1834	2139	306	43 [42]	[42] 44	N_A/–	transcriptional regulator/–	SRR33574348
('*', 'evidence/MC_SIDE_1_639.html')	('*', 'evidence/MC_SIDE_2_639.html')	('÷', 'evidence/MC_PLOT_639.html')	PA3565	2662	2721	60	44 [42]	[0] NA	N_A/–	transcriptional regulator/–	SRR33574348
('*', 'evidence/MC_SIDE_1_640.html')	('*', 'evidence/MC_SIDE_2_640.html')	('÷', 'evidence/MC_PLOT_640.html')	PA3703	2661	2808	148	94 [91]	[0] NA	wspF/–	chemotaxis‑specific methylesterase/–	SRR33574348
('*', 'evidence/MC_SIDE_1_641.html')	('*', 'evidence/MC_SIDE_2_641.html')	('÷', 'evidence/MC_PLOT_641.html')	PA4420	2639	2742	104	100 [98]	[0] NA	N_A/–	S‑adenosyl‑methyltransferase MraW/–	SRR33574348
('*', 'evidence/MC_SIDE_1_642.html')	('*', 'evidence/MC_SIDE_2_642.html')	('÷', 'evidence/MC_PLOT_642.html')	PA4526	1	1491	1491	NA [0]	[0] 8	[pilB]	[pilB]	SRR33574348
('*', 'evidence/MC_SIDE_1_643.html')	('*', 'evidence/MC_SIDE_2_643.html')	('÷', 'evidence/MC_PLOT_643.html')	PA4526	1798	1923	126	7 [4]	[4] 6	pilB	type 4 fimbrial biogenesis protein PilB	SRR33574348
('*', 'evidence/MC_SIDE_1_644.html')	('*', 'evidence/MC_SIDE_2_644.html')	('÷', 'evidence/MC_PLOT_644.html')	PA4526	2324	2413	90	6 [3]	[4] 5	pilB	type 4 fimbrial biogenesis protein PilB	SRR33574348
('*', 'evidence/MC_SIDE_1_645.html')	('*', 'evidence/MC_SIDE_2_645.html')	('÷', 'evidence/MC_PLOT_645.html')	PA4526	2625	3501	877	19 [4]	[0] NA	pilB/–	type 4 fimbrial biogenesis protein PilB/–	SRR33574348
('*', 'evidence/MC_SIDE_1_646.html')	('*', 'evidence/MC_SIDE_2_646.html')	('÷', 'evidence/MC_PLOT_646.html')	PA4796	1359	2268	910	62 [60]	[0] NA	[N_A]	[N_A]	SRR33574348
('*', 'evidence/MC_SIDE_1_188.html')	('*', 'evidence/MC_SIDE_2_188.html')	('÷', 'evidence/MC_PLOT_188.html')	PA0366	3208	3231	24	4 [2]	[0] NA	N_A/–	coniferyl aldehyde dehydrogenase/–	SRR33597899
('*', 'evidence/MC_SIDE_1_189.html')	('*', 'evidence/MC_SIDE_2_189.html')	('÷', 'evidence/MC_PLOT_189.html')	PA0506	1	319	319	NA [0]	[240] 243	–/N_A	–/acyl‑CoA dehydrogenase	SRR33597899
('*', 'evidence/MC_SIDE_1_190.html')	('*', 'evidence/MC_SIDE_2_190.html')	('÷', 'evidence/MC_PLOT_190.html')	PA0506	2737	3606	870	243 [222]	[0] NA	N_A/–	acyl‑CoA dehydrogenase/–	SRR33597899
('*', 'evidence/MC_SIDE_1_191.html')	('*', 'evidence/MC_SIDE_2_191.html')	('÷', 'evidence/MC_PLOT_191.html')	PA0707	1	49	49	NA [0]	[16] 20	–/toxR	–/transcriptional regulator ToxR	SRR33597899
('*', 'evidence/MC_SIDE_1_192.html')	('*', 'evidence/MC_SIDE_2_192.html')	('÷', 'evidence/MC_PLOT_192.html')	PA1097	701	733	33	3 [0]	[2] 3	–/fleQ	–/transcriptional regulator FleQ	SRR33597899
('*', 'evidence/MC_SIDE_1_193.html')	('*', 'evidence/MC_SIDE_2_193.html')	('÷', 'evidence/MC_PLOT_193.html')	PA1179	1138	2478	1341	1593 [1497]	[0] NA	[phoP]	[phoP]	SRR33597899
('*', 'evidence/MC_SIDE_1_194.html')	('*', 'evidence/MC_SIDE_2_194.html')	('÷', 'evidence/MC_PLOT_194.html')	PA1333	1	141	141	NA [0]	[4] 5	–/N_A	–/hypothetical protein	SRR33597899
('*', 'evidence/MC_SIDE_1_195.html')	('*', 'evidence/MC_SIDE_2_195.html')	('÷', 'evidence/MC_PLOT_195.html')	PA1430	2442	2520	79	272 [260]	[0] NA	lasR/–	transcriptional regulator LasR/–	SRR33597899
('*', 'evidence/MC_SIDE_1_196.html')	('*', 'evidence/MC_SIDE_2_196.html')	('÷', 'evidence/MC_PLOT_196.html')	PA1713	2627	2637	11	14 [3]	[0] NA	exsA/–	exoenzyme S transcriptional regulator ExsA/–	SRR33597899
('*', 'evidence/MC_SIDE_1_197.html')	('*', 'evidence/MC_SIDE_2_197.html')	('÷', 'evidence/MC_PLOT_197.html')	PA2020	1782	2433	652	104 [71]	[0] NA	N_A/–	transcriptional regulator/–	SRR33597899
('*', 'evidence/MC_SIDE_1_198.html')	('*', 'evidence/MC_SIDE_2_198.html')	('÷', 'evidence/MC_PLOT_198.html')	PA2121	2637	2706	70	5 [4]	[0] NA	N_A/–	transcriptional regulator/–	SRR33597899
('*', 'evidence/MC_SIDE_1_199.html')	('*', 'evidence/MC_SIDE_2_199.html')	('÷', 'evidence/MC_PLOT_199.html')	PA2312	2329	2382	54	6 [4]	[0] NA	N_A/–	transcriptional regulator/–	SRR33597899
('*', 'evidence/MC_SIDE_1_200.html')	('*', 'evidence/MC_SIDE_2_200.html')	('÷', 'evidence/MC_PLOT_200.html')	PA2435	1	344	344	NA [0]	[15] 16	–/N_A	–/cation‑transporting P‑type ATPase	SRR33597899
('*', 'evidence/MC_SIDE_1_201.html')	('*', 'evidence/MC_SIDE_2_201.html')	('÷', 'evidence/MC_PLOT_201.html')	PA2491	1	1551–3	3–1551	NA [0]	[0] 47	[N_A]	[N_A]	SRR33597899
('*', 'evidence/MC_SIDE_1_202.html')	('*', 'evidence/MC_SIDE_2_202.html')	('÷', 'evidence/MC_PLOT_202.html')	PA2491	2788	2820	33	7 [6]	[0] NA	N_A/–	oxidoreductase/–	SRR33597899
('*', 'evidence/MC_SIDE_1_203.html')	('*', 'evidence/MC_SIDE_2_203.html')	('÷', 'evidence/MC_PLOT_203.html')	PA2492	2696	2844	149	5 [4]	[0] NA	mexT/–	transcriptional regulator MexT/–	SRR33597899
('*', 'evidence/MC_SIDE_1_204.html')	('*', 'evidence/MC_SIDE_2_204.html')	('÷', 'evidence/MC_PLOT_204.html')	PA3217	2380	3192	813	35 [12]	[0] NA	cyaB/–	protein CyaB/–	SRR33597899
('*', 'evidence/MC_SIDE_1_205.html')	('*', 'evidence/MC_SIDE_2_205.html')	('÷', 'evidence/MC_PLOT_205.html')	PA3476	2311	2406	96	18 [16]	[0] NA	rhlI/–	acyl‑homoserine‑lactone synthase/–	SRR33597899
('*', 'evidence/MC_SIDE_1_206.html')	('*', 'evidence/MC_SIDE_2_206.html')	('÷', 'evidence/MC_PLOT_206.html')	PA3477	1018–2505	2526	22–1509	127 [122]	[0] NA	[rhlR]	[rhlR]	SRR33597899
('*', 'evidence/MC_SIDE_1_207.html')	('*', 'evidence/MC_SIDE_2_207.html')	('÷', 'evidence/MC_PLOT_207.html')	PA3565	1	33	33	NA [0]	[1] 3	–/N_A	–/transcriptional regulator	SRR33597899
('*', 'evidence/MC_SIDE_1_208.html')	('*', 'evidence/MC_SIDE_2_208.html')	('÷', 'evidence/MC_PLOT_208.html')	PA3574	2438	2439	2	3 [1]	[0] NA	nalD/–	transcriptional regulator/–	SRR33597899
('*', 'evidence/MC_SIDE_1_209.html')	('*', 'evidence/MC_SIDE_2_209.html')	('÷', 'evidence/MC_PLOT_209.html')	PA3703	2802	2808	7	2 [0]	[0] NA	wspF/–	chemotaxis‑specific methylesterase/–	SRR33597899
('*', 'evidence/MC_SIDE_1_210.html')	('*', 'evidence/MC_SIDE_2_210.html')	('÷', 'evidence/MC_PLOT_210.html')	PA4526	1	65	65	NA [0]	[186] 2035	–/pilB	–/type 4 fimbrial biogenesis protein PilB	SRR33597899
('*', 'evidence/MC_SIDE_1_212.html')	('*', 'evidence/MC_SIDE_2_212.html')	('÷', 'evidence/MC_PLOT_212.html')	PA4526	2860	3501	642	403 [402]	[0] NA	pilB/–	type 4 fimbrial biogenesis protein PilB/–	SRR33597899
('*', 'evidence/MC_SIDE_1_733.html')	('*', 'evidence/MC_SIDE_2_733.html')	('÷', 'evidence/MC_PLOT_733.html')	PA0425	1	247	247	NA [0]	[133] 137	–/mexA	–/multidrug resistance protein MexA	SRR33848949
('*', 'evidence/MC_SIDE_1_734.html')	('*', 'evidence/MC_SIDE_2_734.html')	('÷', 'evidence/MC_PLOT_734.html')	PA0506	487	789	303	130 [128]	[128] 129	–/N_A	–/acyl‑CoA dehydrogenase	SRR33848949
('*', 'evidence/MC_SIDE_1_735.html')	('*', 'evidence/MC_SIDE_2_735.html')	('÷', 'evidence/MC_PLOT_735.html')	PA0506	3550	3606	57	130 [126]	[0] NA	N_A/–	acyl‑CoA dehydrogenase/–	SRR33848949
('*', 'evidence/MC_SIDE_1_736.html')	('*', 'evidence/MC_SIDE_2_736.html')	('÷', 'evidence/MC_PLOT_736.html')	PA0707	2507	2580	74	81 [79]	[0] NA	toxR/–	transcriptional regulator ToxR/–	SRR33848949
('*', 'evidence/MC_SIDE_1_737.html')	('*', 'evidence/MC_SIDE_2_737.html')	('÷', 'evidence/MC_PLOT_737.html')	PA2020	1	132	132	NA [0]	[93] 105	–/N_A	–/transcriptional regulator	SRR33848949
('*', 'evidence/MC_SIDE_1_738.html')	('*', 'evidence/MC_SIDE_2_738.html')	('÷', 'evidence/MC_PLOT_738.html')	PA2435	3687	3786	100	106 [105]	[0] NA	N_A/–	cation‑transporting P‑type ATPase/–	SRR33848949
('*', 'evidence/MC_SIDE_1_739.html')	('*', 'evidence/MC_SIDE_2_739.html')	('÷', 'evidence/MC_PLOT_739.html')	PA2491	1	1731	1731	NA [0]	[111] 113	[N_A]	[N_A]	SRR33848949
('*', 'evidence/MC_SIDE_1_740.html')	('*', 'evidence/MC_SIDE_2_740.html')	('÷', 'evidence/MC_PLOT_740.html')	PA2492	1	1635–1143	1143–1635	NA [0]	[116] 123	[mexT]	[mexT]	SRR33848949
('*', 'evidence/MC_SIDE_1_741.html')	('*', 'evidence/MC_SIDE_2_741.html')	('÷', 'evidence/MC_PLOT_741.html')	PA3476	1	1490–744	744–1490	NA [0]	[32] 45	[rhlI]	[rhlI]	SRR33848949
('*', 'evidence/MC_SIDE_1_742.html')	('*', 'evidence/MC_SIDE_2_742.html')	('÷', 'evidence/MC_PLOT_742.html')	PA3476	1819	1874	56	40 [33]	[34] 38	rhlI/–	acyl‑homoserine‑lactone synthase/–	SRR33848949
('*', 'evidence/MC_SIDE_1_743.html')	('*', 'evidence/MC_SIDE_2_743.html')	('÷', 'evidence/MC_PLOT_743.html')	PA3477	970–1643	2526–1650	8–1557	117 [104]	[0] NA	[rhlR]	[rhlR]	SRR33848949
('*', 'evidence/MC_SIDE_1_744.html')	('*', 'evidence/MC_SIDE_2_744.html')	('÷', 'evidence/MC_PLOT_744.html')	PA3565	1	90	90	NA [0]	[49] 50	–/N_A	–/transcriptional regulator	SRR33848949
('*', 'evidence/MC_SIDE_1_745.html')	('*', 'evidence/MC_SIDE_2_745.html')	('÷', 'evidence/MC_PLOT_745.html')	PA3565	1863	2131	269	56 [40]	[48] 52	N_A/–	transcriptional regulator/–	SRR33848949
('*', 'evidence/MC_SIDE_1_746.html')	('*', 'evidence/MC_SIDE_2_746.html')	('÷', 'evidence/MC_PLOT_746.html')	PA3703	1	106	106	NA [0]	[110] 115	–/wspF	–/chemotaxis‑specific methylesterase	SRR33848949
('*', 'evidence/MC_SIDE_1_747.html')	('*', 'evidence/MC_SIDE_2_747.html')	('÷', 'evidence/MC_PLOT_747.html')	PA4526	1	1511	1511	NA [9]	[48] 59	[pilB]	[pilB]	SRR33848949
('*', 'evidence/MC_SIDE_1_748.html')	('*', 'evidence/MC_SIDE_2_748.html')	('÷', 'evidence/MC_PLOT_748.html')	PA4526	1760	1998	239	58 [57]	[55] 59	pilB	type 4 fimbrial biogenesis protein PilB	SRR33848949
('*', 'evidence/MC_SIDE_1_749.html')	('*', 'evidence/MC_SIDE_2_749.html')	('÷', 'evidence/MC_PLOT_749.html')	PA4526	2292	2459	168	58 [48]	[57] 59	pilB	type 4 fimbrial biogenesis protein PilB	SRR33848949
('*', 'evidence/MC_SIDE_1_750.html')	('*', 'evidence/MC_SIDE_2_750.html')	('÷', 'evidence/MC_PLOT_750.html')	PA4526	2598	3501	904	58 [57]	[0] NA	[pilB]	[pilB]	SRR33848949
('*', 'evidence/MC_SIDE_1_751.html')	('*', 'evidence/MC_SIDE_2_751.html')	('÷', 'evidence/MC_PLOT_751.html')	PA4796	1329	2268	940	125 [118]	[0] NA	[N_A]	[N_A]	SRR33848949
('*', 'evidence/MC_SIDE_1_1412.html')	('*', 'evidence/MC_SIDE_2_1412.html')	('÷', 'evidence/MC_PLOT_1412.html')	PA0506	3542	3606	65	291 [284]	[0] NA	N_A/–	acyl‑CoA dehydrogenase/–	SRR34269087
('*', 'evidence/MC_SIDE_1_1413.html')	('*', 'evidence/MC_SIDE_2_1413.html')	('÷', 'evidence/MC_PLOT_1413.html')	PA0707	2486	2580	95	230 [217]	[0] NA	toxR/–	transcriptional regulator ToxR/–	SRR34269087
('*', 'evidence/MC_SIDE_1_1414.html')	('*', 'evidence/MC_SIDE_2_1414.html')	('÷', 'evidence/MC_PLOT_1414.html')	PA0997	1	121	121	NA [0]	[243] 249	–/pqsB	–/hypothetical protein	SRR34269087
('*', 'evidence/MC_SIDE_1_1415.html')	('*', 'evidence/MC_SIDE_2_1415.html')	('÷', 'evidence/MC_PLOT_1415.html')	PA0997	2562	2652	91	247 [238]	[0] NA	pqsB/–	hypothetical protein/–	SRR34269087
('*', 'evidence/MC_SIDE_1_1416.html')	('*', 'evidence/MC_SIDE_2_1416.html')	('÷', 'evidence/MC_PLOT_1416.html')	PA1097	1	692	692	NA [1]	[198] 200	–/fleQ	–/transcriptional regulator FleQ	SRR34269087
('*', 'evidence/MC_SIDE_1_1417.html')	('*', 'evidence/MC_SIDE_2_1417.html')	('÷', 'evidence/MC_PLOT_1417.html')	PA1333	1	109	109	NA [0]	[211] 213	–/N_A	–/hypothetical protein	SRR34269087
('*', 'evidence/MC_SIDE_1_1419.html')	('*', 'evidence/MC_SIDE_2_1419.html')	('÷', 'evidence/MC_PLOT_1419.html')	PA2121	1	160	160	NA [0]	[206] 210	–/N_A	–/transcriptional regulator	SRR34269087
('*', 'evidence/MC_SIDE_1_1420.html')	('*', 'evidence/MC_SIDE_2_1420.html')	('÷', 'evidence/MC_PLOT_1420.html')	PA2312	2082	2382	301	230 [211]	[0] NA	N_A/–	transcriptional regulator/–	SRR34269087
('*', 'evidence/MC_SIDE_1_1421.html')	('*', 'evidence/MC_SIDE_2_1421.html')	('÷', 'evidence/MC_PLOT_1421.html')	PA2491	1	1639–3	3–1639	NA [0]	[222] 225	[N_A]	[N_A]	SRR34269087
('*', 'evidence/MC_SIDE_1_1422.html')	('*', 'evidence/MC_SIDE_2_1422.html')	('÷', 'evidence/MC_PLOT_1422.html')	PA3476	1	1557–3	3–1557	NA [0]	[243] 251	rhlI	rhlI	SRR34269087
('*', 'evidence/MC_SIDE_1_1423.html')	('*', 'evidence/MC_SIDE_2_1423.html')	('÷', 'evidence/MC_PLOT_1423.html')	PA3477	931–2525	2526	2–1596	332 [302]	[0] NA	[rhlR]	[rhlR]	SRR34269087
('*', 'evidence/MC_SIDE_1_1424.html')	('*', 'evidence/MC_SIDE_2_1424.html')	('÷', 'evidence/MC_PLOT_1424.html')	PA4526	1	1866	1866	NA [2]	[43] 59	[pilB]	[pilB]	SRR34269087
('*', 'evidence/MC_SIDE_1_1425.html')	('*', 'evidence/MC_SIDE_2_1425.html')	('÷', 'evidence/MC_PLOT_1425.html')	PA4526	2363	2430	68	59 [38]	[41] 51	pilB	type 4 fimbrial biogenesis protein PilB	SRR34269087
('*', 'evidence/MC_SIDE_1_1426.html')	('*', 'evidence/MC_SIDE_2_1426.html')	('÷', 'evidence/MC_PLOT_1426.html')	PA4526	2613	3501	889	51 [45]	[0] NA	pilB/–	type 4 fimbrial biogenesis protein PilB/–	SRR34269087
('*', 'evidence/MC_SIDE_1_1427.html')	('*', 'evidence/MC_SIDE_2_1427.html')	('÷', 'evidence/MC_PLOT_1427.html')	PA4796	1334	2268	935	262 [250]	[0] NA	[N_A]	[N_A]	SRR34269087
('*', 'evidence/MC_SIDE_1_1506.html')	('*', 'evidence/MC_SIDE_2_1506.html')	('÷', 'evidence/MC_PLOT_1506.html')	PA0707	2467	2580	114	81 [77]	[0] NA	toxR/–	transcriptional regulator ToxR/–	SRR34771002
('*', 'evidence/MC_SIDE_1_1507.html')	('*', 'evidence/MC_SIDE_2_1507.html')	('÷', 'evidence/MC_PLOT_1507.html')	PA0997	1	54	54	NA [0]	[65] 66	–/pqsB	–/hypothetical protein	SRR34771002
('*', 'evidence/MC_SIDE_1_1508.html')	('*', 'evidence/MC_SIDE_2_1508.html')	('÷', 'evidence/MC_PLOT_1508.html')	PA0997	2575	2652	78	66 [64]	[0] NA	pqsB/–	hypothetical protein/–	SRR34771002
('*', 'evidence/MC_SIDE_1_1509.html')	('*', 'evidence/MC_SIDE_2_1509.html')	('÷', 'evidence/MC_PLOT_1509.html')	PA1097	1	678	678	NA [0]	[69] 71	–/fleQ	–/transcriptional regulator FleQ	SRR34771002
('*', 'evidence/MC_SIDE_1_1510.html')	('*', 'evidence/MC_SIDE_2_1510.html')	('÷', 'evidence/MC_PLOT_1510.html')	PA1333	1	49	49	NA [0]	[54] 61	–/N_A	–/hypothetical protein	SRR34771002
('*', 'evidence/MC_SIDE_1_1511.html')	('*', 'evidence/MC_SIDE_2_1511.html')	('÷', 'evidence/MC_PLOT_1511.html')	PA1333	1971	2007	37	62 [56]	[0] NA	N_A/–	hypothetical protein/–	SRR34771002
('*', 'evidence/MC_SIDE_1_1512.html')	('*', 'evidence/MC_SIDE_2_1512.html')	('÷', 'evidence/MC_PLOT_1512.html')	PA1544	2463	2535	73	41 [33]	[0] NA	anr/–	transcriptional regulator Anr/–	SRR34771002
('*', 'evidence/MC_SIDE_1_1513.html')	('*', 'evidence/MC_SIDE_2_1513.html')	('÷', 'evidence/MC_PLOT_1513.html')	PA2121	2324	2706	383	59 [54]	[0] NA	N_A/–	transcriptional regulator/–	SRR34771002
('*', 'evidence/MC_SIDE_1_1514.html')	('*', 'evidence/MC_SIDE_2_1514.html')	('÷', 'evidence/MC_PLOT_1514.html')	PA2312	1	54	54	NA [0]	[56] 58	–/N_A	–/transcriptional regulator	SRR34771002
('*', 'evidence/MC_SIDE_1_1515.html')	('*', 'evidence/MC_SIDE_2_1515.html')	('÷', 'evidence/MC_PLOT_1515.html')	PA2312	2098	2382	285	57 [55]	[0] NA	N_A/–	transcriptional regulator/–	SRR34771002
('*', 'evidence/MC_SIDE_1_1517.html')	('*', 'evidence/MC_SIDE_2_1517.html')	('÷', 'evidence/MC_PLOT_1517.html')	PA2491	2757	2820	64	54 [52]	[0] NA	N_A/–	oxidoreductase/–	SRR34771002
('*', 'evidence/MC_SIDE_1_1518.html')	('*', 'evidence/MC_SIDE_2_1518.html')	('÷', 'evidence/MC_PLOT_1518.html')	PA2492	1	1611–3	3–1611	NA [0]	[31] 33	[mexT]	[mexT]	SRR34771002
('*', 'evidence/MC_SIDE_1_1519.html')	('*', 'evidence/MC_SIDE_2_1519.html')	('÷', 'evidence/MC_PLOT_1519.html')	PA2492	1962	2057	96	33 [30]	[30] 32	mexT/–	transcriptional regulator MexT/–	SRR34771002
('*', 'evidence/MC_SIDE_1_1520.html')	('*', 'evidence/MC_SIDE_2_1520.html')	('÷', 'evidence/MC_PLOT_1520.html')	PA4526	127	1627	1501	21 [17]	[12] 18	[pilB]	[pilB]	SRR34771002
('*', 'evidence/MC_SIDE_1_1521.html')	('*', 'evidence/MC_SIDE_2_1521.html')	('÷', 'evidence/MC_PLOT_1521.html')	PA4526	2289	2378	90	18 [14]	[17] 20	pilB	type 4 fimbrial biogenesis protein PilB	SRR34771002
('*', 'evidence/MC_SIDE_1_1522.html')	('*', 'evidence/MC_SIDE_2_1522.html')	('÷', 'evidence/MC_PLOT_1522.html')	PA4526	2631	3501	871	21 [15]	[0] NA	pilB/–	type 4 fimbrial biogenesis protein PilB/–	SRR34771002
('*', 'evidence/MC_SIDE_1_1523.html')	('*', 'evidence/MC_SIDE_2_1523.html')	('÷', 'evidence/MC_PLOT_1523.html')	PA4796	1366	2268	903	66 [64]	[0] NA	[N_A]	[N_A]	SRR34771002
('*', 'evidence/MC_SIDE_1_42.html')	('*', 'evidence/MC_SIDE_2_42.html')	('÷', 'evidence/MC_PLOT_42.html')	PA0313	2189	2493	305	27 [24]	[0] NA	N_A/–	L‑cysteine ABC transporter protein YecS/–	SRR34876309
('*', 'evidence/MC_SIDE_1_43.html')	('*', 'evidence/MC_SIDE_2_43.html')	('÷', 'evidence/MC_PLOT_43.html')	PA0366	3178	3231	54	16 [15]	[0] NA	N_A/–	coniferyl aldehyde dehydrogenase/–	SRR34876309
('*', 'evidence/MC_SIDE_1_44.html')	('*', 'evidence/MC_SIDE_2_44.html')	('÷', 'evidence/MC_PLOT_44.html')	PA0506	1	339	339	NA [0]	[56] 60	–/N_A	–/acyl‑CoA dehydrogenase	SRR34876309
('*', 'evidence/MC_SIDE_1_45.html')	('*', 'evidence/MC_SIDE_2_45.html')	('÷', 'evidence/MC_PLOT_45.html')	PA0506	2738	3606	869	102 [55]	[0] NA	N_A/–	acyl‑CoA dehydrogenase/–	SRR34876309
('*', 'evidence/MC_SIDE_1_46.html')	('*', 'evidence/MC_SIDE_2_46.html')	('÷', 'evidence/MC_PLOT_46.html')	PA0707	1	43	43	NA [0]	[7] 9	–/toxR	–/transcriptional regulator ToxR	SRR34876309
('*', 'evidence/MC_SIDE_1_47.html')	('*', 'evidence/MC_SIDE_2_47.html')	('÷', 'evidence/MC_PLOT_47.html')	PA1333	1	17	17	NA [0]	[2] 3	–/N_A	–/hypothetical protein	SRR34876309
('*', 'evidence/MC_SIDE_1_48.html')	('*', 'evidence/MC_SIDE_2_48.html')	('÷', 'evidence/MC_PLOT_48.html')	PA2121	1	24	24	NA [0]	[1] 2	–/N_A	–/transcriptional regulator	SRR34876309
('*', 'evidence/MC_SIDE_1_49.html')	('*', 'evidence/MC_SIDE_2_49.html')	('÷', 'evidence/MC_PLOT_49.html')	PA2312	1	27	27	NA [0]	[1] 2	–/N_A	–/transcriptional regulator	SRR34876309
('*', 'evidence/MC_SIDE_1_50.html')	('*', 'evidence/MC_SIDE_2_50.html')	('÷', 'evidence/MC_PLOT_50.html')	PA2312	430	492	63	2 [1]	[1] 2	–/N_A	–/transcriptional regulator	SRR34876309
('*', 'evidence/MC_SIDE_1_51.html')	('*', 'evidence/MC_SIDE_2_51.html')	('÷', 'evidence/MC_PLOT_51.html')	PA2312	2214	2382	169	2 [1]	[0] NA	N_A/–	transcriptional regulator/–	SRR34876309
('*', 'evidence/MC_SIDE_1_52.html')	('*', 'evidence/MC_SIDE_2_52.html')	('÷', 'evidence/MC_PLOT_52.html')	PA2435	1	146	146	NA [0]	[3] 4	–/N_A	–/cation‑transporting P‑type ATPase	SRR34876309
('*', 'evidence/MC_SIDE_1_53.html')	('*', 'evidence/MC_SIDE_2_53.html')	('÷', 'evidence/MC_PLOT_53.html')	PA2491	1	1551–13	13–1551	NA [0]	[0] 21	[N_A]	[N_A]	SRR34876309
('*', 'evidence/MC_SIDE_1_54.html')	('*', 'evidence/MC_SIDE_2_54.html')	('÷', 'evidence/MC_PLOT_54.html')	PA2491	2747	2820	74	9 [8]	[0] NA	N_A/–	oxidoreductase/–	SRR34876309
('*', 'evidence/MC_SIDE_1_55.html')	('*', 'evidence/MC_SIDE_2_55.html')	('÷', 'evidence/MC_PLOT_55.html')	PA2492	2809	2844	36	2 [1]	[0] NA	mexT/–	transcriptional regulator MexT/–	SRR34876309
('*', 'evidence/MC_SIDE_1_56.html')	('*', 'evidence/MC_SIDE_2_56.html')	('÷', 'evidence/MC_PLOT_56.html')	PA3217	2572	3192	621	9 [7]	[0] NA	cyaB/–	protein CyaB/–	SRR34876309
('*', 'evidence/MC_SIDE_1_57.html')	('*', 'evidence/MC_SIDE_2_57.html')	('÷', 'evidence/MC_PLOT_57.html')	PA3476	2393	2406	14	5 [4]	[0] NA	rhlI/–	acyl‑homoserine‑lactone synthase/–	SRR34876309
('*', 'evidence/MC_SIDE_1_58.html')	('*', 'evidence/MC_SIDE_2_58.html')	('÷', 'evidence/MC_PLOT_58.html')	PA3477	1	41	41	NA [0]	[1] 2	–/rhlR	–/transcriptional regulator RhlR	SRR34876309
('*', 'evidence/MC_SIDE_1_59.html')	('*', 'evidence/MC_SIDE_2_59.html')	('÷', 'evidence/MC_PLOT_59.html')	PA3477	1057–2506	2526	21–1470	3 [0]	[0] NA	[rhlR]	[rhlR]	SRR34876309
('*', 'evidence/MC_SIDE_1_60.html')	('*', 'evidence/MC_SIDE_2_60.html')	('÷', 'evidence/MC_PLOT_60.html')	PA4522	1	31	31	NA [0]	[10] 16	–/ampD	–/N‑acetyl‑anhydromuranmyl‑L‑alanine amidase	SRR34876309
('*', 'evidence/MC_SIDE_1_61.html')	('*', 'evidence/MC_SIDE_2_61.html')	('÷', 'evidence/MC_PLOT_61.html')	PA4526	1	65	65	NA [0]	[20] 415	–/pilB	–/type 4 fimbrial biogenesis protein PilB	SRR34876309
('*', 'evidence/MC_SIDE_1_62.html')	('*', 'evidence/MC_SIDE_2_62.html')	('÷', 'evidence/MC_PLOT_62.html')	PA4526	3369	3501	133	126 [120]	[0] NA	pilB/–	type 4 fimbrial biogenesis protein PilB/–	SRR34876309
('*', 'evidence/MC_SIDE_1_63.html')	('*', 'evidence/MC_SIDE_2_63.html')	('÷', 'evidence/MC_PLOT_63.html')	PA4848	2193	3150	958	159 [158]	[0] NA	[accC]	[accC]	SRR34876309
('*', 'evidence/MC_SIDE_1_1295.html')	('*', 'evidence/MC_SIDE_2_1295.html')	('÷', 'evidence/MC_PLOT_1295.html')	PA0313	1555	1684	130	29 [28]	[28] 29	[N_A]	[N_A]	SRR35166706
('*', 'evidence/MC_SIDE_1_1296.html')	('*', 'evidence/MC_SIDE_2_1296.html')	('÷', 'evidence/MC_PLOT_1296.html')	PA0425	1	147	147	NA [0]	[33] 35	–/mexA	–/multidrug resistance protein MexA	SRR35166706
('*', 'evidence/MC_SIDE_1_1297.html')	('*', 'evidence/MC_SIDE_2_1297.html')	('÷', 'evidence/MC_PLOT_1297.html')	PA0425	2890	2952	63	36 [30]	[0] NA	mexA/–	multidrug resistance protein MexA/–	SRR35166706
('*', 'evidence/MC_SIDE_1_1298.html')	('*', 'evidence/MC_SIDE_2_1298.html')	('÷', 'evidence/MC_PLOT_1298.html')	PA0506	480	748	269	36 [28]	[32] 34	–/N_A	–/acyl‑CoA dehydrogenase	SRR35166706
('*', 'evidence/MC_SIDE_1_1299.html')	('*', 'evidence/MC_SIDE_2_1299.html')	('÷', 'evidence/MC_PLOT_1299.html')	PA0506	3574	3606	33	34 [33]	[0] NA	N_A/–	acyl‑CoA dehydrogenase/–	SRR35166706
('*', 'evidence/MC_SIDE_1_1300.html')	('*', 'evidence/MC_SIDE_2_1300.html')	('÷', 'evidence/MC_PLOT_1300.html')	PA0707	1	63	63	NA [0]	[20] 25	–/toxR	–/transcriptional regulator ToxR	SRR35166706
('*', 'evidence/MC_SIDE_1_1301.html')	('*', 'evidence/MC_SIDE_2_1301.html')	('÷', 'evidence/MC_PLOT_1301.html')	PA0997	1	95	95	NA [0]	[24] 25	–/pqsB	–/hypothetical protein	SRR35166706
('*', 'evidence/MC_SIDE_1_1302.html')	('*', 'evidence/MC_SIDE_2_1302.html')	('÷', 'evidence/MC_PLOT_1302.html')	PA0997	2590	2652	63	25 [23]	[0] NA	pqsB/–	hypothetical protein/–	SRR35166706
('*', 'evidence/MC_SIDE_1_1303.html')	('*', 'evidence/MC_SIDE_2_1303.html')	('÷', 'evidence/MC_PLOT_1303.html')	PA1097	3138	3273	136	35 [33]	[0] NA	fleQ/–	transcriptional regulator FleQ/–	SRR35166706
('*', 'evidence/MC_SIDE_1_1304.html')	('*', 'evidence/MC_SIDE_2_1304.html')	('÷', 'evidence/MC_PLOT_1304.html')	PA1179	1	36	36	NA [0]	[39] 41	–/phoP	–/two‑component response regulator PhoP	SRR35166706
('*', 'evidence/MC_SIDE_1_1305.html')	('*', 'evidence/MC_SIDE_2_1305.html')	('÷', 'evidence/MC_PLOT_1305.html')	PA1179	2384	2478	95	41 [38]	[0] NA	phoP/–	two‑component response regulator PhoP/–	SRR35166706
('*', 'evidence/MC_SIDE_1_1306.html')	('*', 'evidence/MC_SIDE_2_1306.html')	('÷', 'evidence/MC_PLOT_1306.html')	PA1713	1	48	48	NA [0]	[25] 29	–/exsA	–/exoenzyme S transcriptional regulator ExsA	SRR35166706
('*', 'evidence/MC_SIDE_1_1308.html')	('*', 'evidence/MC_SIDE_2_1308.html')	('÷', 'evidence/MC_PLOT_1308.html')	PA2121	1	30	30	NA [0]	[18] 20	–/N_A	–/transcriptional regulator	SRR35166706
('*', 'evidence/MC_SIDE_1_1309.html')	('*', 'evidence/MC_SIDE_2_1309.html')	('÷', 'evidence/MC_PLOT_1309.html')	PA2121	2326	2706	381	20 [13]	[0] NA	N_A/–	transcriptional regulator/–	SRR35166706
('*', 'evidence/MC_SIDE_1_1310.html')	('*', 'evidence/MC_SIDE_2_1310.html')	('÷', 'evidence/MC_PLOT_1310.html')	PA2312	2082	2382	301	27 [23]	[0] NA	N_A/–	transcriptional regulator/–	SRR35166706
('*', 'evidence/MC_SIDE_1_1311.html')	('*', 'evidence/MC_SIDE_2_1311.html')	('÷', 'evidence/MC_PLOT_1311.html')	PA2435	1	117	117	NA [0]	[19] 20	–/N_A	–/cation‑transporting P‑type ATPase	SRR35166706
('*', 'evidence/MC_SIDE_1_1312.html')	('*', 'evidence/MC_SIDE_2_1312.html')	('÷', 'evidence/MC_PLOT_1312.html')	PA2435	3757	3786	30	20 [19]	[0] NA	N_A/–	cation‑transporting P‑type ATPase/–	SRR35166706
('*', 'evidence/MC_SIDE_1_1313.html')	('*', 'evidence/MC_SIDE_2_1313.html')	('÷', 'evidence/MC_PLOT_1313.html')	PA2491	1	1623–3	3–1623	NA [0]	[32] 38	[N_A]	[N_A]	SRR35166706
('*', 'evidence/MC_SIDE_1_1314.html')	('*', 'evidence/MC_SIDE_2_1314.html')	('÷', 'evidence/MC_PLOT_1314.html')	PA2492	1	1640–2	2–1640	NA [0]	[32] 37	[mexT]	[mexT]	SRR35166706
('*', 'evidence/MC_SIDE_1_1315.html')	('*', 'evidence/MC_SIDE_2_1315.html')	('÷', 'evidence/MC_PLOT_1315.html')	PA2492	1800	2055	256	35 [34]	[32] 36	[mexT]	[mexT]	SRR35166706
('*', 'evidence/MC_SIDE_1_1316.html')	('*', 'evidence/MC_SIDE_2_1316.html')	('÷', 'evidence/MC_PLOT_1316.html')	PA3217	1	56	56	NA [0]	[24] 27	–/cyaB	–/protein CyaB	SRR35166706
('*', 'evidence/MC_SIDE_1_1317.html')	('*', 'evidence/MC_SIDE_2_1317.html')	('÷', 'evidence/MC_PLOT_1317.html')	PA3476	1	1527–740	740–1527	NA [0]	[26] 27	rhlI	rhlI	SRR35166706
('*', 'evidence/MC_SIDE_1_1318.html')	('*', 'evidence/MC_SIDE_2_1318.html')	('÷', 'evidence/MC_PLOT_1318.html')	PA3477	970–1628	2526–1646	19–1557	48 [42]	[0] NA	[rhlR]	[rhlR]	SRR35166706
('*', 'evidence/MC_SIDE_1_1319.html')	('*', 'evidence/MC_SIDE_2_1319.html')	('÷', 'evidence/MC_PLOT_1319.html')	PA3574	2348	2439	92	54 [52]	[0] NA	nalD/–	transcriptional regulator/–	SRR35166706
('*', 'evidence/MC_SIDE_1_1320.html')	('*', 'evidence/MC_SIDE_2_1320.html')	('÷', 'evidence/MC_PLOT_1320.html')	PA3703	1	129	129	NA [0]	[36] 37	–/wspF	–/chemotaxis‑specific methylesterase	SRR35166706
('*', 'evidence/MC_SIDE_1_1321.html')	('*', 'evidence/MC_SIDE_2_1321.html')	('÷', 'evidence/MC_PLOT_1321.html')	PA4526	1	4	4	NA [0]	[0] 4	–/pilB	–/type 4 fimbrial biogenesis protein PilB	SRR35166706
('*', 'evidence/MC_SIDE_1_1322.html')	('*', 'evidence/MC_SIDE_2_1322.html')	('÷', 'evidence/MC_PLOT_1322.html')	PA4526	148	1678	1531	4 [0]	[3] 4	[pilB]	[pilB]	SRR35166706
('*', 'evidence/MC_SIDE_1_1323.html')	('*', 'evidence/MC_SIDE_2_1323.html')	('÷', 'evidence/MC_PLOT_1323.html')	PA4526	1873	1921	49	4 [2]	[3] 5	pilB	type 4 fimbrial biogenesis protein PilB	SRR35166706
('*', 'evidence/MC_SIDE_1_1324.html')	('*', 'evidence/MC_SIDE_2_1324.html')	('÷', 'evidence/MC_PLOT_1324.html')	PA4526	2641	3501	861	5 [3]	[0] NA	pilB/–	type 4 fimbrial biogenesis protein PilB/–	SRR35166706
('*', 'evidence/MC_SIDE_1_1325.html')	('*', 'evidence/MC_SIDE_2_1325.html')	('÷', 'evidence/MC_PLOT_1325.html')	PA4796	1	51	51	NA [0]	[19] 21	–/N_A	–/hypothetical protein	SRR35166706
('*', 'evidence/MC_SIDE_1_1326.html')	('*', 'evidence/MC_SIDE_2_1326.html')	('÷', 'evidence/MC_PLOT_1326.html')	PA4796	1363	2268	906	21 [20]	[0] NA	[N_A]	[N_A]	SRR35166706
('*', 'evidence/MC_SIDE_1_1327.html')	('*', 'evidence/MC_SIDE_2_1327.html')	('÷', 'evidence/MC_PLOT_1327.html')	PA4848	3061	3150	90	37 [35]	[0] NA	accC/–	acetyl‑CoA carboxylase biotin carboxylase subunit/–	SRR35166706
('*', 'evidence/MC_SIDE_1_246.html')	('*', 'evidence/MC_SIDE_2_246.html')	('÷', 'evidence/MC_PLOT_246.html')	PA0366	3180	3231	52	87 [27]	[0] NA	N_A/–	coniferyl aldehyde dehydrogenase/–	SRR35316738
('*', 'evidence/MC_SIDE_1_247.html')	('*', 'evidence/MC_SIDE_2_247.html')	('÷', 'evidence/MC_PLOT_247.html')	PA0425	1	206	206	NA [11]	[263] 280	–/mexA	–/multidrug resistance protein MexA	SRR35316738
('*', 'evidence/MC_SIDE_1_248.html')	('*', 'evidence/MC_SIDE_2_248.html')	('÷', 'evidence/MC_PLOT_248.html')	PA0506	2659	3606	948	540 [490]	[0] NA	[N_A]	[N_A]	SRR35316738
('*', 'evidence/MC_SIDE_1_249.html')	('*', 'evidence/MC_SIDE_2_249.html')	('÷', 'evidence/MC_PLOT_249.html')	PA0652	1555	1609	55	216 [24]	[139] 158	vfr/–	cAMP‑regulatory protein/–	SRR35316738
('*', 'evidence/MC_SIDE_1_250.html')	('*', 'evidence/MC_SIDE_2_250.html')	('÷', 'evidence/MC_PLOT_250.html')	PA0707	1	11	11	NA [0]	[1] 3	–/toxR	–/transcriptional regulator ToxR	SRR35316738
('*', 'evidence/MC_SIDE_1_251.html')	('*', 'evidence/MC_SIDE_2_251.html')	('÷', 'evidence/MC_PLOT_251.html')	PA1097	2595	3273	679	732 [528]	[0] NA	fleQ/–	transcriptional regulator FleQ/–	SRR35316738
('*', 'evidence/MC_SIDE_1_252.html')	('*', 'evidence/MC_SIDE_2_252.html')	('÷', 'evidence/MC_PLOT_252.html')	PA1333	1	823	823	NA [0]	[37] 148	–/N_A	–/hypothetical protein	SRR35316738
('*', 'evidence/MC_SIDE_1_253.html')	('*', 'evidence/MC_SIDE_2_253.html')	('÷', 'evidence/MC_PLOT_253.html')	PA2020	2066	2433	368	102 [73]	[0] NA	N_A/–	transcriptional regulator/–	SRR35316738
('*', 'evidence/MC_SIDE_1_254.html')	('*', 'evidence/MC_SIDE_2_254.html')	('÷', 'evidence/MC_PLOT_254.html')	PA2121	2560	2706	147	35 [25]	[0] NA	N_A/–	transcriptional regulator/–	SRR35316738
('*', 'evidence/MC_SIDE_1_255.html')	('*', 'evidence/MC_SIDE_2_255.html')	('÷', 'evidence/MC_PLOT_255.html')	PA2312	1	70	70	NA [0]	[0] 2	–/N_A	–/transcriptional regulator	SRR35316738
('*', 'evidence/MC_SIDE_1_256.html')	('*', 'evidence/MC_SIDE_2_256.html')	('÷', 'evidence/MC_PLOT_256.html')	PA2312	418	674	257	7 [1]	[0] 2	–/N_A	–/transcriptional regulator	SRR35316738
('*', 'evidence/MC_SIDE_1_257.html')	('*', 'evidence/MC_SIDE_2_257.html')	('÷', 'evidence/MC_PLOT_257.html')	PA2312	1500	1534	35	5 [0]	[0] 2	N_A/–	transcriptional regulator/–	SRR35316738
('*', 'evidence/MC_SIDE_1_258.html')	('*', 'evidence/MC_SIDE_2_258.html')	('÷', 'evidence/MC_PLOT_258.html')	PA2312	2360	2382	23	3 [1]	[0] NA	N_A/–	transcriptional regulator/–	SRR35316738
('*', 'evidence/MC_SIDE_1_259.html')	('*', 'evidence/MC_SIDE_2_259.html')	('÷', 'evidence/MC_PLOT_259.html')	PA2435	1	48	48	NA [0]	[0] 2	–/N_A	–/cation‑transporting P‑type ATPase	SRR35316738
('*', 'evidence/MC_SIDE_1_260.html')	('*', 'evidence/MC_SIDE_2_260.html')	('÷', 'evidence/MC_PLOT_260.html')	PA2491	1	1551–3	3–1551	NA [0]	[0] 39	[N_A]	[N_A]	SRR35316738
('*', 'evidence/MC_SIDE_1_261.html')	('*', 'evidence/MC_SIDE_2_261.html')	('÷', 'evidence/MC_PLOT_261.html')	PA2491	2757	2820	64	12 [11]	[0] NA	N_A/–	oxidoreductase/–	SRR35316738
('*', 'evidence/MC_SIDE_1_262.html')	('*', 'evidence/MC_SIDE_2_262.html')	('÷', 'evidence/MC_PLOT_262.html')	PA2492	2513	2844	332	4 [3]	[0] NA	mexT/–	transcriptional regulator MexT/–	SRR35316738
('*', 'evidence/MC_SIDE_1_263.html')	('*', 'evidence/MC_SIDE_2_263.html')	('÷', 'evidence/MC_PLOT_263.html')	PA3217	2380	3192	813	44 [20]	[0] NA	cyaB/–	protein CyaB/–	SRR35316738
('*', 'evidence/MC_SIDE_1_264.html')	('*', 'evidence/MC_SIDE_2_264.html')	('÷', 'evidence/MC_PLOT_264.html')	PA3476	2310	2406	97	53 [51]	[0] NA	rhlI/–	acyl‑homoserine‑lactone synthase/–	SRR35316738
('*', 'evidence/MC_SIDE_1_265.html')	('*', 'evidence/MC_SIDE_2_265.html')	('÷', 'evidence/MC_PLOT_265.html')	PA3574	2439	2439	1	3 [0]	[0] NA	nalD/–	transcriptional regulator/–	SRR35316738
('*', 'evidence/MC_SIDE_1_266.html')	('*', 'evidence/MC_SIDE_2_266.html')	('÷', 'evidence/MC_PLOT_266.html')	PA4526	1	65	65	NA [0]	[147] 1474	–/pilB	–/type 4 fimbrial biogenesis protein PilB	SRR35316738
('*', 'evidence/MC_SIDE_1_267.html')	('*', 'evidence/MC_SIDE_2_267.html')	('÷', 'evidence/MC_PLOT_267.html')	PA4848	2164	3150	987	197 [166]	[0] NA	[accC]	[accC]	SRR35316738
('*', 'evidence/MC_SIDE_1_1345.html')	('*', 'evidence/MC_SIDE_2_1345.html')	('÷', 'evidence/MC_PLOT_1345.html')	PA0313	1	30	30	NA [0]	[36] 38	–/N_A	–/L‑cysteine ABC transporter protein YecS	SRR35957298
('*', 'evidence/MC_SIDE_1_1346.html')	('*', 'evidence/MC_SIDE_2_1346.html')	('÷', 'evidence/MC_PLOT_1346.html')	PA0506	257	774	518	56 [52]	[54] 56	–/N_A	–/acyl‑CoA dehydrogenase	SRR35957298
('*', 'evidence/MC_SIDE_1_1347.html')	('*', 'evidence/MC_SIDE_2_1347.html')	('÷', 'evidence/MC_PLOT_1347.html')	PA0707	1	35	35	NA [0]	[26] 28	–/toxR	–/transcriptional regulator ToxR	SRR35957298
('*', 'evidence/MC_SIDE_1_1348.html')	('*', 'evidence/MC_SIDE_2_1348.html')	('÷', 'evidence/MC_PLOT_1348.html')	PA0707	2533	2580	48	28 [26]	[0] NA	toxR/–	transcriptional regulator ToxR/–	SRR35957298
('*', 'evidence/MC_SIDE_1_1349.html')	('*', 'evidence/MC_SIDE_2_1349.html')	('÷', 'evidence/MC_PLOT_1349.html')	PA0997	1	105	105	NA [0]	[42] 46	–/pqsB	–/hypothetical protein	SRR35957298
('*', 'evidence/MC_SIDE_1_1350.html')	('*', 'evidence/MC_SIDE_2_1350.html')	('÷', 'evidence/MC_PLOT_1350.html')	PA1097	1	644	644	NA [0]	[20] 25	–/fleQ	–/transcriptional regulator FleQ	SRR35957298
('*', 'evidence/MC_SIDE_1_1351.html')	('*', 'evidence/MC_SIDE_2_1351.html')	('÷', 'evidence/MC_PLOT_1351.html')	PA1097	3191	3273	83	25 [23]	[0] NA	fleQ/–	transcriptional regulator FleQ/–	SRR35957298
('*', 'evidence/MC_SIDE_1_1352.html')	('*', 'evidence/MC_SIDE_2_1352.html')	('÷', 'evidence/MC_PLOT_1352.html')	PA1333	1	37	37	NA [0]	[30] 37	–/N_A	–/hypothetical protein	SRR35957298
('*', 'evidence/MC_SIDE_1_1353.html')	('*', 'evidence/MC_SIDE_2_1353.html')	('÷', 'evidence/MC_PLOT_1353.html')	PA1333	1912	2007	96	35 [31]	[0] NA	N_A/–	hypothetical protein/–	SRR35957298
('*', 'evidence/MC_SIDE_1_1354.html')	('*', 'evidence/MC_SIDE_2_1354.html')	('÷', 'evidence/MC_PLOT_1354.html')	PA1544	1	130	130	NA [0]	[39] 40	–/anr	–/transcriptional regulator Anr	SRR35957298
('*', 'evidence/MC_SIDE_1_1355.html')	('*', 'evidence/MC_SIDE_2_1355.html')	('÷', 'evidence/MC_PLOT_1355.html')	PA1713	1	36	36	NA [0]	[11] 12	–/exsA	–/exoenzyme S transcriptional regulator ExsA	SRR35957298
('*', 'evidence/MC_SIDE_1_1356.html')	('*', 'evidence/MC_SIDE_2_1356.html')	('÷', 'evidence/MC_PLOT_1356.html')	PA2020	1	89	89	NA [0]	[33] 34	–/N_A	–/transcriptional regulator	SRR35957298
('*', 'evidence/MC_SIDE_1_1357.html')	('*', 'evidence/MC_SIDE_2_1357.html')	('÷', 'evidence/MC_PLOT_1357.html')	PA2121	2326	2706	381	38 [32]	[0] NA	N_A/–	transcriptional regulator/–	SRR35957298
('*', 'evidence/MC_SIDE_1_1358.html')	('*', 'evidence/MC_SIDE_2_1358.html')	('÷', 'evidence/MC_PLOT_1358.html')	PA2312	2119	2382	264	30 [21]	[0] NA	N_A/–	transcriptional regulator/–	SRR35957298
('*', 'evidence/MC_SIDE_1_1359.html')	('*', 'evidence/MC_SIDE_2_1359.html')	('÷', 'evidence/MC_PLOT_1359.html')	PA2435	1	55	55	NA [0]	[13] 14	–/N_A	–/cation‑transporting P‑type ATPase	SRR35957298
('*', 'evidence/MC_SIDE_1_1361.html')	('*', 'evidence/MC_SIDE_2_1361.html')	('÷', 'evidence/MC_PLOT_1361.html')	PA2491	1	1639–5	5–1639	NA [0]	[48] 49	[N_A]	[N_A]	SRR35957298
('*', 'evidence/MC_SIDE_1_1362.html')	('*', 'evidence/MC_SIDE_2_1362.html')	('÷', 'evidence/MC_PLOT_1362.html')	PA2491	1854	2044	191	49 [46]	[47] 49	[N_A]	[N_A]	SRR35957298
('*', 'evidence/MC_SIDE_1_1363.html')	('*', 'evidence/MC_SIDE_2_1363.html')	('÷', 'evidence/MC_PLOT_1363.html')	PA2492	1	1595–5	5–1595	NA [0]	[12] 16	[mexT]	[mexT]	SRR35957298
('*', 'evidence/MC_SIDE_1_1364.html')	('*', 'evidence/MC_SIDE_2_1364.html')	('÷', 'evidence/MC_PLOT_1364.html')	PA3217	3116	3192	77	36 [29]	[0] NA	cyaB/–	protein CyaB/–	SRR35957298
('*', 'evidence/MC_SIDE_1_1365.html')	('*', 'evidence/MC_SIDE_2_1365.html')	('÷', 'evidence/MC_PLOT_1365.html')	PA3476	1	1541–4	4–1541	NA [0]	[31] 32	rhlI	rhlI	SRR35957298
('*', 'evidence/MC_SIDE_1_1366.html')	('*', 'evidence/MC_SIDE_2_1366.html')	('÷', 'evidence/MC_PLOT_1366.html')	PA3477	997–2520	2526	7–1530	43 [39]	[0] NA	[rhlR]	[rhlR]	SRR35957298
('*', 'evidence/MC_SIDE_1_1367.html')	('*', 'evidence/MC_SIDE_2_1367.html')	('÷', 'evidence/MC_PLOT_1367.html')	PA3565	1	75	75	NA [0]	[18] 19	–/N_A	–/transcriptional regulator	SRR35957298
('*', 'evidence/MC_SIDE_1_1368.html')	('*', 'evidence/MC_SIDE_2_1368.html')	('÷', 'evidence/MC_PLOT_1368.html')	PA3574	1	168	168	NA [0]	[55] 60	–/nalD	–/transcriptional regulator	SRR35957298
('*', 'evidence/MC_SIDE_1_1369.html')	('*', 'evidence/MC_SIDE_2_1369.html')	('÷', 'evidence/MC_PLOT_1369.html')	PA3574	2372	2439	68	58 [57]	[0] NA	nalD/–	transcriptional regulator/–	SRR35957298
('*', 'evidence/MC_SIDE_1_1370.html')	('*', 'evidence/MC_SIDE_2_1370.html')	('÷', 'evidence/MC_PLOT_1370.html')	PA3703	1	40	40	NA [0]	[22] 24	–/wspF	–/chemotaxis‑specific methylesterase	SRR35957298
('*', 'evidence/MC_SIDE_1_1371.html')	('*', 'evidence/MC_SIDE_2_1371.html')	('÷', 'evidence/MC_PLOT_1371.html')	PA3703	2739	2808	70	24 [23]	[0] NA	wspF/–	chemotaxis‑specific methylesterase/–	SRR35957298
('*', 'evidence/MC_SIDE_1_1372.html')	('*', 'evidence/MC_SIDE_2_1372.html')	('÷', 'evidence/MC_PLOT_1372.html')	PA3817	1	81	81	NA [0]	[27] 30	–/N_A	–/methyltransferase	SRR35957298
('*', 'evidence/MC_SIDE_1_1373.html')	('*', 'evidence/MC_SIDE_2_1373.html')	('÷', 'evidence/MC_PLOT_1373.html')	PA4462	1	47	47	NA [0]	[23] 25	–/rpoN	–/RNA polymerase factor sigma‑54	SRR35957298
('*', 'evidence/MC_SIDE_1_1374.html')	('*', 'evidence/MC_SIDE_2_1374.html')	('÷', 'evidence/MC_PLOT_1374.html')	PA4462	3259	3294	36	25 [18]	[0] NA	rpoN/–	RNA polymerase factor sigma‑54/–	SRR35957298
('*', 'evidence/MC_SIDE_1_1375.html')	('*', 'evidence/MC_SIDE_2_1375.html')	('÷', 'evidence/MC_PLOT_1375.html')	PA4526	1	623	623	NA [0]	[59] 60	–/pilB	–/type 4 fimbrial biogenesis protein PilB	SRR35957298
('*', 'evidence/MC_SIDE_1_1376.html')	('*', 'evidence/MC_SIDE_2_1376.html')	('÷', 'evidence/MC_PLOT_1376.html')	PA4796	1349	2268	920	35 [31]	[0] NA	[N_A]	[N_A]	SRR35957298
('*', 'evidence/MC_SIDE_1_1377.html')	('*', 'evidence/MC_SIDE_2_1377.html')	('÷', 'evidence/MC_PLOT_1377.html')	PA4848	3099	3150	52	26 [23]	[0] NA	accC/–	acetyl‑CoA carboxylase biotin carboxylase subunit/–	SRR35957298
('*', 'evidence/MC_SIDE_1_791.html')	('*', 'evidence/MC_SIDE_2_791.html')	('÷', 'evidence/MC_PLOT_791.html')	PA0506	3542	3606	65	95 [93]	[0] NA	N_A/–	acyl‑CoA dehydrogenase/–	SRR36346580
('*', 'evidence/MC_SIDE_1_792.html')	('*', 'evidence/MC_SIDE_2_792.html')	('÷', 'evidence/MC_PLOT_792.html')	PA1097	1	643	643	NA [0]	[78] 84	–/fleQ	–/transcriptional regulator FleQ	SRR36346580
('*', 'evidence/MC_SIDE_1_793.html')	('*', 'evidence/MC_SIDE_2_793.html')	('÷', 'evidence/MC_PLOT_793.html')	PA1713	1	76	76	NA [0]	[36] 39	–/exsA	–/exoenzyme S transcriptional regulator ExsA	SRR36346580
('*', 'evidence/MC_SIDE_1_794.html')	('*', 'evidence/MC_SIDE_2_794.html')	('÷', 'evidence/MC_PLOT_794.html')	PA2020	1	115	115	NA [0]	[58] 61	–/N_A	–/transcriptional regulator	SRR36346580
('*', 'evidence/MC_SIDE_1_795.html')	('*', 'evidence/MC_SIDE_2_795.html')	('÷', 'evidence/MC_PLOT_795.html')	PA2020	2380	2433	54	62 [57]	[0] NA	N_A/–	transcriptional regulator/–	SRR36346580
('*', 'evidence/MC_SIDE_1_797.html')	('*', 'evidence/MC_SIDE_2_797.html')	('÷', 'evidence/MC_PLOT_797.html')	PA2491	1	1668	1668	NA [0]	[72] 76	[N_A]	[N_A]	SRR36346580
('*', 'evidence/MC_SIDE_1_798.html')	('*', 'evidence/MC_SIDE_2_798.html')	('÷', 'evidence/MC_PLOT_798.html')	PA2491	1882	2059	178	77 [75]	[71] 77	[N_A]	[N_A]	SRR36346580
('*', 'evidence/MC_SIDE_1_799.html')	('*', 'evidence/MC_SIDE_2_799.html')	('÷', 'evidence/MC_PLOT_799.html')	PA2492	80	1618–84	5–1539	65 [0]	[49] 52	[mexT]	[mexT]	SRR36346580
('*', 'evidence/MC_SIDE_1_800.html')	('*', 'evidence/MC_SIDE_2_800.html')	('÷', 'evidence/MC_PLOT_800.html')	PA3476	1775	1886	112	55 [54]	[47] 55	rhlI/–	acyl‑homoserine‑lactone synthase/–	SRR36346580
('*', 'evidence/MC_SIDE_1_801.html')	('*', 'evidence/MC_SIDE_2_801.html')	('÷', 'evidence/MC_PLOT_801.html')	PA3477	1022–2525	2526	2–1505	63 [61]	[0] NA	[rhlR]	[rhlR]	SRR36346580
('*', 'evidence/MC_SIDE_1_802.html')	('*', 'evidence/MC_SIDE_2_802.html')	('÷', 'evidence/MC_PLOT_802.html')	PA4526	1	899	899	NA [1]	[17] 22	–/pilB	–/type 4 fimbrial biogenesis protein PilB	SRR36346580
('*', 'evidence/MC_SIDE_1_803.html')	('*', 'evidence/MC_SIDE_2_803.html')	('÷', 'evidence/MC_PLOT_803.html')	PA4526	1172	1510	339	22 [21]	[20] 23	pilB	type 4 fimbrial biogenesis protein PilB	SRR36346580
('*', 'evidence/MC_SIDE_1_804.html')	('*', 'evidence/MC_SIDE_2_804.html')	('÷', 'evidence/MC_PLOT_804.html')	PA4526	2284	2354	71	25 [21]	[19] 24	pilB	type 4 fimbrial biogenesis protein PilB	SRR36346580
('*', 'evidence/MC_SIDE_1_805.html')	('*', 'evidence/MC_SIDE_2_805.html')	('÷', 'evidence/MC_PLOT_805.html')	PA4526	2918	3334	417	28 [18]	[17] 23	pilB/–	type 4 fimbrial biogenesis protein PilB/–	SRR36346580
('*', 'evidence/MC_SIDE_1_806.html')	('*', 'evidence/MC_SIDE_2_806.html')	('÷', 'evidence/MC_PLOT_806.html')	PA4796	1370	2268	899	82 [73]	[0] NA	N_A/–	hypothetical protein/–	SRR36346580
('*', 'evidence/MC_SIDE_1_641.html')	('*', 'evidence/MC_SIDE_2_641.html')	('÷', 'evidence/MC_PLOT_641.html')	PA0506	1	332	332	NA [0]	[278] 388	–/N_A	–/acyl‑CoA dehydrogenase	SRR36366199
('*', 'evidence/MC_SIDE_1_642.html')	('*', 'evidence/MC_SIDE_2_642.html')	('÷', 'evidence/MC_PLOT_642.html')	PA0506	2666	3606	941	303 [294]	[0] NA	[N_A]	[N_A]	SRR36366199
('*', 'evidence/MC_SIDE_1_643.html')	('*', 'evidence/MC_SIDE_2_643.html')	('÷', 'evidence/MC_PLOT_643.html')	PA0707	1	7	7	NA [0]	[1] 3	–/toxR	–/transcriptional regulator ToxR	SRR36366199
('*', 'evidence/MC_SIDE_1_644.html')	('*', 'evidence/MC_SIDE_2_644.html')	('÷', 'evidence/MC_PLOT_644.html')	PA0997	1	62	62	NA [0]	[22] 24	–/pqsB	–/hypothetical protein	SRR36366199
('*', 'evidence/MC_SIDE_1_645.html')	('*', 'evidence/MC_SIDE_2_645.html')	('÷', 'evidence/MC_PLOT_645.html')	PA1097	3223	3273	51	11 [10]	[0] NA	fleQ/–	transcriptional regulator FleQ/–	SRR36366199
('*', 'evidence/MC_SIDE_1_646.html')	('*', 'evidence/MC_SIDE_2_646.html')	('÷', 'evidence/MC_PLOT_646.html')	PA1179	1	224	224	NA [0]	[9] 13	–/phoP	–/two‑component response regulator PhoP	SRR36366199
('*', 'evidence/MC_SIDE_1_647.html')	('*', 'evidence/MC_SIDE_2_647.html')	('÷', 'evidence/MC_PLOT_647.html')	PA1179	2240	2478	239	12 [10]	[0] NA	phoP/–	two‑component response regulator PhoP/–	SRR36366199
('*', 'evidence/MC_SIDE_1_648.html')	('*', 'evidence/MC_SIDE_2_648.html')	('÷', 'evidence/MC_PLOT_648.html')	PA1333	1	12	12	NA [0]	[5] 10	–/N_A	–/hypothetical protein	SRR36366199
('*', 'evidence/MC_SIDE_1_649.html')	('*', 'evidence/MC_SIDE_2_649.html')	('÷', 'evidence/MC_PLOT_649.html')	PA1333	1994	2007	14	10 [4]	[0] NA	N_A/–	hypothetical protein/–	SRR36366199
('*', 'evidence/MC_SIDE_1_650.html')	('*', 'evidence/MC_SIDE_2_650.html')	('÷', 'evidence/MC_PLOT_650.html')	PA1544	2246	2535	290	72 [66]	[0] NA	anr/–	transcriptional regulator Anr/–	SRR36366199
('*', 'evidence/MC_SIDE_1_651.html')	('*', 'evidence/MC_SIDE_2_651.html')	('÷', 'evidence/MC_PLOT_651.html')	PA1713	1	7	7	NA [0]	[1] 3	–/exsA	–/exoenzyme S transcriptional regulator ExsA	SRR36366199
('*', 'evidence/MC_SIDE_1_652.html')	('*', 'evidence/MC_SIDE_2_652.html')	('÷', 'evidence/MC_PLOT_652.html')	PA1713	825	913	89	2 [1]	[0] 2	[exsA]	[exsA]	SRR36366199
('*', 'evidence/MC_SIDE_1_653.html')	('*', 'evidence/MC_SIDE_2_653.html')	('÷', 'evidence/MC_PLOT_653.html')	PA2020	2382	2433	52	34 [33]	[0] NA	N_A/–	transcriptional regulator/–	SRR36366199
('*', 'evidence/MC_SIDE_1_654.html')	('*', 'evidence/MC_SIDE_2_654.html')	('÷', 'evidence/MC_PLOT_654.html')	PA2121	1	3	3	NA [0]	[0] 2	–/N_A	–/transcriptional regulator	SRR36366199
('*', 'evidence/MC_SIDE_1_655.html')	('*', 'evidence/MC_SIDE_2_655.html')	('÷', 'evidence/MC_PLOT_655.html')	PA2121	83	178	96	2 [0]	[0] 2	–/N_A	–/transcriptional regulator	SRR36366199
('*', 'evidence/MC_SIDE_1_656.html')	('*', 'evidence/MC_SIDE_2_656.html')	('÷', 'evidence/MC_PLOT_656.html')	PA2312	1	43	43	NA [0]	[1] 2	–/N_A	–/transcriptional regulator	SRR36366199
('*', 'evidence/MC_SIDE_1_657.html')	('*', 'evidence/MC_SIDE_2_657.html')	('÷', 'evidence/MC_PLOT_657.html')	PA2312	1206	1213	8	2 [0]	[0] 2	N_A	transcriptional regulator	SRR36366199
('*', 'evidence/MC_SIDE_1_658.html')	('*', 'evidence/MC_SIDE_2_658.html')	('÷', 'evidence/MC_PLOT_658.html')	PA2312	1597	1732	136	2 [0]	[1] 3	N_A/–	transcriptional regulator/–	SRR36366199
('*', 'evidence/MC_SIDE_1_659.html')	('*', 'evidence/MC_SIDE_2_659.html')	('÷', 'evidence/MC_PLOT_659.html')	PA2312	2340	2382	43	2 [1]	[0] NA	N_A/–	transcriptional regulator/–	SRR36366199
('*', 'evidence/MC_SIDE_1_660.html')	('*', 'evidence/MC_SIDE_2_660.html')	('÷', 'evidence/MC_PLOT_660.html')	PA2435	2927	3074	148	2 [1]	[1] 2	N_A/–	cation‑transporting P‑type ATPase/–	SRR36366199
('*', 'evidence/MC_SIDE_1_661.html')	('*', 'evidence/MC_SIDE_2_661.html')	('÷', 'evidence/MC_PLOT_661.html')	PA2491	1	1557–2	2–1557	NA [0]	[3] 10	[N_A]	[N_A]	SRR36366199
('*', 'evidence/MC_SIDE_1_662.html')	('*', 'evidence/MC_SIDE_2_662.html')	('÷', 'evidence/MC_PLOT_662.html')	PA2491	1942	1993	52	9 [6]	[2] 8	N_A/–	oxidoreductase/–	SRR36366199
('*', 'evidence/MC_SIDE_1_663.html')	('*', 'evidence/MC_SIDE_2_663.html')	('÷', 'evidence/MC_PLOT_663.html')	PA3217	1	27	27	NA [0]	[5] 7	–/cyaB	–/protein CyaB	SRR36366199
('*', 'evidence/MC_SIDE_1_664.html')	('*', 'evidence/MC_SIDE_2_664.html')	('÷', 'evidence/MC_PLOT_664.html')	PA3476	1–724	1510–746	23–1510	NA [0]	[18] 19	rhlI	rhlI	SRR36366199
('*', 'evidence/MC_SIDE_1_665.html')	('*', 'evidence/MC_SIDE_2_665.html')	('÷', 'evidence/MC_PLOT_665.html')	PA3476	1798	1867	70	19 [18]	[18] 19	rhlI/–	acyl‑homoserine‑lactone synthase/–	SRR36366199
('*', 'evidence/MC_SIDE_1_666.html')	('*', 'evidence/MC_SIDE_2_666.html')	('÷', 'evidence/MC_PLOT_666.html')	PA3476	2357	2406	50	19 [18]	[0] NA	rhlI/–	acyl‑homoserine‑lactone synthase/–	SRR36366199
('*', 'evidence/MC_SIDE_1_667.html')	('*', 'evidence/MC_SIDE_2_667.html')	('÷', 'evidence/MC_PLOT_667.html')	PA3477	991–1630	2526	897–1536	10 [9]	[0] NA	[rhlR]	[rhlR]	SRR36366199
('*', 'evidence/MC_SIDE_1_668.html')	('*', 'evidence/MC_SIDE_2_668.html')	('÷', 'evidence/MC_PLOT_668.html')	PA4526	1	1687	1687	NA [0]	[3] 5	[pilB]	[pilB]	SRR36366199
('*', 'evidence/MC_SIDE_1_669.html')	('*', 'evidence/MC_SIDE_2_669.html')	('÷', 'evidence/MC_PLOT_669.html')	PA4526	1837	1962	126	4 [2]	[3] 4	pilB	type 4 fimbrial biogenesis protein PilB	SRR36366199
('*', 'evidence/MC_SIDE_1_670.html')	('*', 'evidence/MC_SIDE_2_670.html')	('÷', 'evidence/MC_PLOT_670.html')	PA4526	2295	2378	84	5 [0]	[1] 5	pilB	type 4 fimbrial biogenesis protein PilB	SRR36366199
('*', 'evidence/MC_SIDE_1_671.html')	('*', 'evidence/MC_SIDE_2_671.html')	('÷', 'evidence/MC_PLOT_671.html')	PA4526	2614	3501	888	4 [2]	[0] NA	pilB/–	type 4 fimbrial biogenesis protein PilB/–	SRR36366199
('*', 'evidence/MC_SIDE_1_672.html')	('*', 'evidence/MC_SIDE_2_672.html')	('÷', 'evidence/MC_PLOT_672.html')	PA4796	1431	2268	838	7 [0]	[0] NA	N_A/–	hypothetical protein/–	SRR36366199
('*', 'evidence/MC_SIDE_1_673.html')	('*', 'evidence/MC_SIDE_2_673.html')	('÷', 'evidence/MC_PLOT_673.html')	PA4848	2206	3150	945	53 [49]	[0] NA	[accC]	[accC]	SRR36366199
('*', 'evidence/MC_SIDE_1_788.html')	('*', 'evidence/MC_SIDE_2_788.html')	('÷', 'evidence/MC_PLOT_788.html')	PA0707	1	62	62	NA [0]	[96] 100	–/toxR	–/transcriptional regulator ToxR	SRR36421863
('*', 'evidence/MC_SIDE_1_790.html')	('*', 'evidence/MC_SIDE_2_790.html')	('÷', 'evidence/MC_PLOT_790.html')	PA0707	2492	2580	89	101 [96]	[0] NA	toxR/–	transcriptional regulator ToxR/–	SRR36421863
('*', 'evidence/MC_SIDE_1_791.html')	('*', 'evidence/MC_SIDE_2_791.html')	('÷', 'evidence/MC_PLOT_791.html')	PA1097	1	836	836	NA [0]	[100] 113	–/fleQ	–/transcriptional regulator FleQ	SRR36421863
('*', 'evidence/MC_SIDE_1_792.html')	('*', 'evidence/MC_SIDE_2_792.html')	('÷', 'evidence/MC_PLOT_792.html')	PA2121	2349	2706	358	60 [52]	[0] NA	N_A/–	transcriptional regulator/–	SRR36421863
('*', 'evidence/MC_SIDE_1_793.html')	('*', 'evidence/MC_SIDE_2_793.html')	('÷', 'evidence/MC_PLOT_793.html')	PA2491	1934	2025	92	98 [46]	[91] 95	N_A/–	oxidoreductase/–	SRR36421863
('*', 'evidence/MC_SIDE_1_794.html')	('*', 'evidence/MC_SIDE_2_794.html')	('÷', 'evidence/MC_PLOT_794.html')	PA2492	1	1581–2	2–1581	NA [0]	[26] 28	[mexT]	[mexT]	SRR36421863
('*', 'evidence/MC_SIDE_1_795.html')	('*', 'evidence/MC_SIDE_2_795.html')	('÷', 'evidence/MC_PLOT_795.html')	PA2492	1836	1918	83	30 [22]	[27] 29	mexT	transcriptional regulator MexT	SRR36421863
('*', 'evidence/MC_SIDE_1_796.html')	('*', 'evidence/MC_SIDE_2_796.html')	('÷', 'evidence/MC_PLOT_796.html')	PA4526	1	73	73	NA [0]	[0] 2	–/pilB	–/type 4 fimbrial biogenesis protein PilB	SRR36421863
('*', 'evidence/MC_SIDE_1_797.html')	('*', 'evidence/MC_SIDE_2_797.html')	('÷', 'evidence/MC_PLOT_797.html')	PA4526	143	444	302	4 [0]	[1] 3	–/pilB	–/type 4 fimbrial biogenesis protein PilB	SRR36421863
('*', 'evidence/MC_SIDE_1_798.html')	('*', 'evidence/MC_SIDE_2_798.html')	('÷', 'evidence/MC_PLOT_798.html')	PA4526	696	1245	550	2 [0]	[0] 2	[pilB]	[pilB]	SRR36421863
('*', 'evidence/MC_SIDE_1_799.html')	('*', 'evidence/MC_SIDE_2_799.html')	('÷', 'evidence/MC_PLOT_799.html')	PA4526	1397	1407	11	2 [0]	[0] 2	pilB	type 4 fimbrial biogenesis protein PilB	SRR36421863
('*', 'evidence/MC_SIDE_1_800.html')	('*', 'evidence/MC_SIDE_2_800.html')	('÷', 'evidence/MC_PLOT_800.html')	PA4526	1559	1617	59	2 [0]	[0] 5	pilB	type 4 fimbrial biogenesis protein PilB	SRR36421863
('*', 'evidence/MC_SIDE_1_801.html')	('*', 'evidence/MC_SIDE_2_801.html')	('÷', 'evidence/MC_PLOT_801.html')	PA4526	1811	1820	10	2 [0]	[0] 2	pilB	type 4 fimbrial biogenesis protein PilB	SRR36421863
('*', 'evidence/MC_SIDE_1_802.html')	('*', 'evidence/MC_SIDE_2_802.html')	('÷', 'evidence/MC_PLOT_802.html')	PA4526	1929	1968	40	2 [0]	[0] 4	pilB	type 4 fimbrial biogenesis protein PilB	SRR36421863
('*', 'evidence/MC_SIDE_1_803.html')	('*', 'evidence/MC_SIDE_2_803.html')	('÷', 'evidence/MC_PLOT_803.html')	PA4526	2328	2412	85	3 [0]	[0] 3	pilB	type 4 fimbrial biogenesis protein PilB	SRR36421863
('*', 'evidence/MC_SIDE_1_804.html')	('*', 'evidence/MC_SIDE_2_804.html')	('÷', 'evidence/MC_PLOT_804.html')	PA4526	2631	3501	871	3 [0]	[0] NA	pilB/–	type 4 fimbrial biogenesis protein PilB/–	SRR36421863
('*', 'evidence/MC_SIDE_1_805.html')	('*', 'evidence/MC_SIDE_2_805.html')	('÷', 'evidence/MC_PLOT_805.html')	PA4796	1385	1615	231	93 [87]	[86] 88	N_A/–	hypothetical protein/–	SRR36421863
('*', 'evidence/MC_SIDE_1_806.html')	('*', 'evidence/MC_SIDE_2_806.html')	('÷', 'evidence/MC_PLOT_806.html')	PA4796	2207	2268	62	88 [87]	[0] NA	N_A/–	hypothetical protein/–	SRR36421863
('*', 'evidence/MC_SIDE_1_720.html')	('*', 'evidence/MC_SIDE_2_720.html')	('÷', 'evidence/MC_PLOT_720.html')	PA0707	2473	2580	108	239 [228]	[0] NA	toxR/–	transcriptional regulator ToxR/–	SRR36760477
('*', 'evidence/MC_SIDE_1_721.html')	('*', 'evidence/MC_SIDE_2_721.html')	('÷', 'evidence/MC_PLOT_721.html')	PA2491	1	1610–2	2–1610	NA [0]	[155] 160	[N_A]	[N_A]	SRR36760477
('*', 'evidence/MC_SIDE_1_722.html')	('*', 'evidence/MC_SIDE_2_722.html')	('÷', 'evidence/MC_PLOT_722.html')	PA2491	1903	2044	142	161 [159]	[154] 166	[N_A]	[N_A]	SRR36760477
('*', 'evidence/MC_SIDE_1_723.html')	('*', 'evidence/MC_SIDE_2_723.html')	('÷', 'evidence/MC_PLOT_723.html')	PA3477	935–2525	2526	2–1592	334 [332]	[0] NA	[rhlR]	[rhlR]	SRR36760477
('*', 'evidence/MC_SIDE_1_724.html')	('*', 'evidence/MC_SIDE_2_724.html')	('÷', 'evidence/MC_PLOT_724.html')	PA4526	1707	2081	375	343 [341]	[335] 347	pilB	type 4 fimbrial biogenesis protein PilB	SRR36760477
('*', 'evidence/MC_SIDE_1_725.html')	('*', 'evidence/MC_SIDE_2_725.html')	('÷', 'evidence/MC_PLOT_725.html')	PA4526	2160	2458	299	343 [339]	[338] 342	pilB	type 4 fimbrial biogenesis protein PilB	SRR36760477
('*', 'evidence/MC_SIDE_1_726.html')	('*', 'evidence/MC_SIDE_2_726.html')	('÷', 'evidence/MC_PLOT_726.html')	PA4796	1387	2268	882	131 [128]	[0] NA	N_A/–	hypothetical protein/–	SRR36760477
('*', 'evidence/MC_SIDE_1_727.html')	('*', 'evidence/MC_SIDE_2_727.html')	('÷', 'evidence/MC_PLOT_727.html')	PA4848	2178	3150	973	346 [343]	[0] NA	[accC]	[accC]	SRR36760477
('*', 'evidence/MC_SIDE_1_2426.html')	('*', 'evidence/MC_SIDE_2_2426.html')	('÷', 'evidence/MC_PLOT_2426.html')	PA0425	1	81	81	NA [0]	[80] 86	–/mexA	–/multidrug resistance protein MexA	SRR36784808
('*', 'evidence/MC_SIDE_1_2427.html')	('*', 'evidence/MC_SIDE_2_2427.html')	('÷', 'evidence/MC_PLOT_2427.html')	PA0506	1	785	785	NA [1]	[141] 145	–/N_A	–/acyl‑CoA dehydrogenase	SRR36784808
('*', 'evidence/MC_SIDE_1_2428.html')	('*', 'evidence/MC_SIDE_2_2428.html')	('÷', 'evidence/MC_PLOT_2428.html')	PA0506	1754	2040	287	145 [142]	[140] 148	N_A	acyl‑CoA dehydrogenase	SRR36784808
('*', 'evidence/MC_SIDE_1_2429.html')	('*', 'evidence/MC_SIDE_2_2429.html')	('÷', 'evidence/MC_PLOT_2429.html')	PA0707	1330	1390	61	2 [0]	[0] 4	toxR	transcriptional regulator ToxR	SRR36784808
('*', 'evidence/MC_SIDE_1_2430.html')	('*', 'evidence/MC_SIDE_2_2430.html')	('÷', 'evidence/MC_PLOT_2430.html')	PA0707	2567	2580	14	7 [1]	[0] NA	toxR/–	transcriptional regulator ToxR/–	SRR36784808
('*', 'evidence/MC_SIDE_1_2431.html')	('*', 'evidence/MC_SIDE_2_2431.html')	('÷', 'evidence/MC_PLOT_2431.html')	PA0997	1	97	97	NA [0]	[53] 54	–/pqsB	–/hypothetical protein	SRR36784808
('*', 'evidence/MC_SIDE_1_2432.html')	('*', 'evidence/MC_SIDE_2_2432.html')	('÷', 'evidence/MC_PLOT_2432.html')	PA0997	1457	1704	248	56 [53]	[34] 55	pqsB	hypothetical protein	SRR36784808
('*', 'evidence/MC_SIDE_1_2433.html')	('*', 'evidence/MC_SIDE_2_2433.html')	('÷', 'evidence/MC_PLOT_2433.html')	PA1097	600	688	89	10 [8]	[5] 10	–/fleQ	–/transcriptional regulator FleQ	SRR36784808
('*', 'evidence/MC_SIDE_1_2434.html')	('*', 'evidence/MC_SIDE_2_2434.html')	('÷', 'evidence/MC_PLOT_2434.html')	PA1097	2208	2360	153	10 [7]	[7] 10	fleQ	transcriptional regulator FleQ	SRR36784808
('*', 'evidence/MC_SIDE_1_2435.html')	('*', 'evidence/MC_SIDE_2_2435.html')	('÷', 'evidence/MC_PLOT_2435.html')	PA1179	1	36	36	NA [0]	[64] 67	–/phoP	–/two‑component response regulator PhoP	SRR36784808
('*', 'evidence/MC_SIDE_1_2436.html')	('*', 'evidence/MC_SIDE_2_2436.html')	('÷', 'evidence/MC_PLOT_2436.html')	PA1179	2328	2478	151	67 [65]	[0] NA	phoP/–	two‑component response regulator PhoP/–	SRR36784808
('*', 'evidence/MC_SIDE_1_2437.html')	('*', 'evidence/MC_SIDE_2_2437.html')	('÷', 'evidence/MC_PLOT_2437.html')	PA1333	1	165	165	NA [0]	[48] 49	–/N_A	–/hypothetical protein	SRR36784808
('*', 'evidence/MC_SIDE_1_2438.html')	('*', 'evidence/MC_SIDE_2_2438.html')	('÷', 'evidence/MC_PLOT_2438.html')	PA1333	1588	1695	108	50 [46]	[46] 49	N_A/–	hypothetical protein/–	SRR36784808
('*', 'evidence/MC_SIDE_1_2439.html')	('*', 'evidence/MC_SIDE_2_2439.html')	('÷', 'evidence/MC_PLOT_2439.html')	PA1333	1912	2007	96	49 [43]	[0] NA	N_A/–	hypothetical protein/–	SRR36784808
('*', 'evidence/MC_SIDE_1_2440.html')	('*', 'evidence/MC_SIDE_2_2440.html')	('÷', 'evidence/MC_PLOT_2440.html')	PA1544	1	83	83	NA [0]	[33] 35	–/anr	–/transcriptional regulator Anr	SRR36784808
('*', 'evidence/MC_SIDE_1_2441.html')	('*', 'evidence/MC_SIDE_2_2441.html')	('÷', 'evidence/MC_PLOT_2441.html')	PA1544	525	792	268	34 [32]	[33] 34	–/anr	–/transcriptional regulator Anr	SRR36784808
('*', 'evidence/MC_SIDE_1_2442.html')	('*', 'evidence/MC_SIDE_2_2442.html')	('÷', 'evidence/MC_PLOT_2442.html')	PA1544	2509	2535	27	36 [30]	[0] NA	anr/–	transcriptional regulator Anr/–	SRR36784808
('*', 'evidence/MC_SIDE_1_2444.html')	('*', 'evidence/MC_SIDE_2_2444.html')	('÷', 'evidence/MC_PLOT_2444.html')	PA2020	1	89	89	NA [0]	[45] 46	–/N_A	–/transcriptional regulator	SRR36784808
('*', 'evidence/MC_SIDE_1_2446.html')	('*', 'evidence/MC_SIDE_2_2446.html')	('÷', 'evidence/MC_PLOT_2446.html')	PA2435	1	81	81	NA [0]	[4] 9	–/N_A	–/cation‑transporting P‑type ATPase	SRR36784808
('*', 'evidence/MC_SIDE_1_2449.html')	('*', 'evidence/MC_SIDE_2_2449.html')	('÷', 'evidence/MC_PLOT_2449.html')	PA2435	3480	3525	46	11 [8]	[8] 9	N_A/–	cation‑transporting P‑type ATPase/–	SRR36784808
('*', 'evidence/MC_SIDE_1_2450.html')	('*', 'evidence/MC_SIDE_2_2450.html')	('÷', 'evidence/MC_PLOT_2450.html')	PA2435	3774	3786	13	14 [7]	[0] NA	N_A/–	cation‑transporting P‑type ATPase/–	SRR36784808
('*', 'evidence/MC_SIDE_1_2451.html')	('*', 'evidence/MC_SIDE_2_2451.html')	('÷', 'evidence/MC_PLOT_2451.html')	PA2491	1	1728	1728	NA [0]	[35] 36	[N_A]	[N_A]	SRR36784808
('*', 'evidence/MC_SIDE_1_2452.html')	('*', 'evidence/MC_SIDE_2_2452.html')	('÷', 'evidence/MC_PLOT_2452.html')	PA2492	1	1568–1208	1208–1568	NA [0]	[23] 24	[mexT]	[mexT]	SRR36784808
('*', 'evidence/MC_SIDE_1_2453.html')	('*', 'evidence/MC_SIDE_2_2453.html')	('÷', 'evidence/MC_PLOT_2453.html')	PA3217	1	62	62	NA [0]	[77] 79	–/cyaB	–/protein CyaB	SRR36784808
('*', 'evidence/MC_SIDE_1_2454.html')	('*', 'evidence/MC_SIDE_2_2454.html')	('÷', 'evidence/MC_PLOT_2454.html')	PA3217	2237	2443	207	79 [78]	[78] 80	[cyaB]	[cyaB]	SRR36784808
('*', 'evidence/MC_SIDE_1_2455.html')	('*', 'evidence/MC_SIDE_2_2455.html')	('÷', 'evidence/MC_PLOT_2455.html')	PA3217	3095	3192	98	80 [74]	[0] NA	cyaB/–	protein CyaB/–	SRR36784808
('*', 'evidence/MC_SIDE_1_2456.html')	('*', 'evidence/MC_SIDE_2_2456.html')	('÷', 'evidence/MC_PLOT_2456.html')	PA3476	1	1695	1695	NA [0]	[70] 76	rhlI	rhlI	SRR36784808
('*', 'evidence/MC_SIDE_1_2457.html')	('*', 'evidence/MC_SIDE_2_2457.html')	('÷', 'evidence/MC_PLOT_2457.html')	PA3477	1	541	541	NA [0]	[137] 141	–/rhlR	–/transcriptional regulator RhlR	SRR36784808
('*', 'evidence/MC_SIDE_1_2458.html')	('*', 'evidence/MC_SIDE_2_2458.html')	('÷', 'evidence/MC_PLOT_2458.html')	PA3477	994–1626	2526	901–1533	146 [139]	[0] NA	[rhlR]	[rhlR]	SRR36784808
('*', 'evidence/MC_SIDE_1_2459.html')	('*', 'evidence/MC_SIDE_2_2459.html')	('÷', 'evidence/MC_PLOT_2459.html')	PA3565	1	67	67	NA [0]	[36] 40	–/N_A	–/transcriptional regulator	SRR36784808
('*', 'evidence/MC_SIDE_1_2460.html')	('*', 'evidence/MC_SIDE_2_2460.html')	('÷', 'evidence/MC_PLOT_2460.html')	PA3565	1133	1239	107	60 [27]	[36] 38	N_A	transcriptional regulator	SRR36784808
('*', 'evidence/MC_SIDE_1_2461.html')	('*', 'evidence/MC_SIDE_2_2461.html')	('÷', 'evidence/MC_PLOT_2461.html')	PA3574	726	824	99	60 [53]	[55] 58	–/nalD	–/transcriptional regulator	SRR36784808
('*', 'evidence/MC_SIDE_1_2462.html')	('*', 'evidence/MC_SIDE_2_2462.html')	('÷', 'evidence/MC_PLOT_2462.html')	PA3574	2390	2439	50	58 [40]	[0] NA	nalD/–	transcriptional regulator/–	SRR36784808
('*', 'evidence/MC_SIDE_1_2463.html')	('*', 'evidence/MC_SIDE_2_2463.html')	('÷', 'evidence/MC_PLOT_2463.html')	PA3703	1	35	35	NA [0]	[6] 14	–/wspF	–/chemotaxis‑specific methylesterase	SRR36784808
('*', 'evidence/MC_SIDE_1_2464.html')	('*', 'evidence/MC_SIDE_2_2464.html')	('÷', 'evidence/MC_PLOT_2464.html')	PA3703	187	413	227	24 [11]	[12] 14	–/wspF	–/chemotaxis‑specific methylesterase	SRR36784808
('*', 'evidence/MC_SIDE_1_2465.html')	('*', 'evidence/MC_SIDE_2_2465.html')	('÷', 'evidence/MC_PLOT_2465.html')	PA3817	1	84	84	NA [0]	[44] 48	–/N_A	–/methyltransferase	SRR36784808
('*', 'evidence/MC_SIDE_1_2466.html')	('*', 'evidence/MC_SIDE_2_2466.html')	('÷', 'evidence/MC_PLOT_2466.html')	PA4420	1144	1217	74	28 [23]	[24] 26	N_A	S‑adenosyl‑methyltransferase MraW	SRR36784808
('*', 'evidence/MC_SIDE_1_2467.html')	('*', 'evidence/MC_SIDE_2_2467.html')	('÷', 'evidence/MC_PLOT_2467.html')	PA4522	1	88	88	NA [0]	[16] 17	–/ampD	–/N‑acetyl‑anhydromuranmyl‑L‑alanine amidase	SRR36784808
('*', 'evidence/MC_SIDE_1_2468.html')	('*', 'evidence/MC_SIDE_2_2468.html')	('÷', 'evidence/MC_PLOT_2468.html')	PA4522	307	572	266	17 [16]	[16] 17	–/ampD	–/N‑acetyl‑anhydromuranmyl‑L‑alanine amidase	SRR36784808
('*', 'evidence/MC_SIDE_1_2469.html')	('*', 'evidence/MC_SIDE_2_2469.html')	('÷', 'evidence/MC_PLOT_2469.html')	PA4522	1546	1672	127	17 [16]	[16] 21	ampD/–	N‑acetyl‑anhydromuranmyl‑L‑alanine amidase/–	SRR36784808
('*', 'evidence/MC_SIDE_1_2470.html')	('*', 'evidence/MC_SIDE_2_2470.html')	('÷', 'evidence/MC_PLOT_2470.html')	PA4526	1	10	10	NA [0]	[4] 7	–/pilB	–/type 4 fimbrial biogenesis protein PilB	SRR36784808
('*', 'evidence/MC_SIDE_1_2471.html')	('*', 'evidence/MC_SIDE_2_2471.html')	('÷', 'evidence/MC_PLOT_2471.html')	PA4526	1594	1626	33	14 [4]	[6] 8	pilB	type 4 fimbrial biogenesis protein PilB	SRR36784808
('*', 'evidence/MC_SIDE_1_2472.html')	('*', 'evidence/MC_SIDE_2_2472.html')	('÷', 'evidence/MC_PLOT_2472.html')	PA4526	2301	2353	53	18 [6]	[5] 14	pilB	type 4 fimbrial biogenesis protein PilB	SRR36784808
('*', 'evidence/MC_SIDE_1_2473.html')	('*', 'evidence/MC_SIDE_2_2473.html')	('÷', 'evidence/MC_PLOT_2473.html')	PA4796	1372	2268	897	71 [65]	[0] NA	N_A/–	hypothetical protein/–	SRR36784808
('*', 'evidence/MC_SIDE_1_2474.html')	('*', 'evidence/MC_SIDE_2_2474.html')	('÷', 'evidence/MC_PLOT_2474.html')	PA4848	3101	3150	50	39 [33]	[0] NA	accC/–	acetyl‑CoA carboxylase biotin carboxylase subunit/–	SRR36784808
('*', 'evidence/MC_SIDE_1_728.html')	('*', 'evidence/MC_SIDE_2_728.html')	('÷', 'evidence/MC_PLOT_728.html')	PA0707	2220	2580	361	183 [173]	[0] NA	toxR/–	transcriptional regulator ToxR/–	SRR37059562
('*', 'evidence/MC_SIDE_1_729.html')	('*', 'evidence/MC_SIDE_2_729.html')	('÷', 'evidence/MC_PLOT_729.html')	PA1179	1	164	164	NA [0]	[192] 202	–/phoP	–/two‑component response regulator PhoP	SRR37059562
('*', 'evidence/MC_SIDE_1_730.html')	('*', 'evidence/MC_SIDE_2_730.html')	('÷', 'evidence/MC_PLOT_730.html')	PA2121	2208	2706	499	227 [205]	[0] NA	N_A/–	transcriptional regulator/–	SRR37059562
('*', 'evidence/MC_SIDE_1_731.html')	('*', 'evidence/MC_SIDE_2_731.html')	('÷', 'evidence/MC_PLOT_731.html')	PA2491	1	1562–2	2–1562	NA [0]	[112] 117	[N_A]	[N_A]	SRR37059562
('*', 'evidence/MC_SIDE_1_732.html')	('*', 'evidence/MC_SIDE_2_732.html')	('÷', 'evidence/MC_PLOT_732.html')	PA2491	1874	2065	192	117 [102]	[112] 118	[N_A]	[N_A]	SRR37059562
('*', 'evidence/MC_SIDE_1_733.html')	('*', 'evidence/MC_SIDE_2_733.html')	('÷', 'evidence/MC_PLOT_733.html')	PA2492	1	1622–2	2–1622	NA [0]	[212] 214	[mexT]	[mexT]	SRR37059562
('*', 'evidence/MC_SIDE_1_734.html')	('*', 'evidence/MC_SIDE_2_734.html')	('÷', 'evidence/MC_PLOT_734.html')	PA3217	1	802	802	NA [0]	[1] 2	–/cyaB	–/protein CyaB	SRR37059562
('*', 'evidence/MC_SIDE_1_735.html')	('*', 'evidence/MC_SIDE_2_735.html')	('÷', 'evidence/MC_PLOT_735.html')	PA3217	1005	3192	2188	2 [1]	[0] NA	[cyaB]	[cyaB]	SRR37059562
('*', 'evidence/MC_SIDE_1_736.html')	('*', 'evidence/MC_SIDE_2_736.html')	('÷', 'evidence/MC_PLOT_736.html')	PA3476	1	1480–3	3–1480	NA [0]	[181] 194	[rhlI]	[rhlI]	SRR37059562
('*', 'evidence/MC_SIDE_1_737.html')	('*', 'evidence/MC_SIDE_2_737.html')	('÷', 'evidence/MC_PLOT_737.html')	PA3574	1	122	122	NA [0]	[228] 230	–/nalD	–/transcriptional regulator	SRR37059562
('*', 'evidence/MC_SIDE_1_738.html')	('*', 'evidence/MC_SIDE_2_738.html')	('÷', 'evidence/MC_PLOT_738.html')	PA3703	1	207	207	NA [0]	[227] 245	–/wspF	–/chemotaxis‑specific methylesterase	SRR37059562
('*', 'evidence/MC_SIDE_1_739.html')	('*', 'evidence/MC_SIDE_2_739.html')	('÷', 'evidence/MC_PLOT_739.html')	PA4522	1	164	164	NA [0]	[196] 212	–/ampD	–/N‑acetyl‑anhydromuranmyl‑L‑alanine amidase	SRR37059562
('*', 'evidence/MC_SIDE_1_740.html')	('*', 'evidence/MC_SIDE_2_740.html')	('÷', 'evidence/MC_PLOT_740.html')	PA4526	1	4	4	NA [0]	[1] 3	–/pilB	–/type 4 fimbrial biogenesis protein PilB	SRR37059562
('*', 'evidence/MC_SIDE_1_741.html')	('*', 'evidence/MC_SIDE_2_741.html')	('÷', 'evidence/MC_PLOT_741.html')	PA4526	131	1498	1368	2 [1]	[0] 2	[pilB]	[pilB]	SRR37059562
('*', 'evidence/MC_SIDE_1_742.html')	('*', 'evidence/MC_SIDE_2_742.html')	('÷', 'evidence/MC_PLOT_742.html')	PA4526	1812	1932	121	2 [0]	[1] 2	pilB	type 4 fimbrial biogenesis protein PilB	SRR37059562
('*', 'evidence/MC_SIDE_1_743.html')	('*', 'evidence/MC_SIDE_2_743.html')	('÷', 'evidence/MC_PLOT_743.html')	PA4526	2318	2416	99	4 [0]	[1] 3	pilB	type 4 fimbrial biogenesis protein PilB	SRR37059562
('*', 'evidence/MC_SIDE_1_744.html')	('*', 'evidence/MC_SIDE_2_744.html')	('÷', 'evidence/MC_PLOT_744.html')	PA4526	2605	3501	897	4 [0]	[0] NA	pilB/–	type 4 fimbrial biogenesis protein PilB/–	SRR37059562
('*', 'evidence/MC_SIDE_1_687.html')	('*', 'evidence/MC_SIDE_2_687.html')	('÷', 'evidence/MC_PLOT_687.html')	PA1097	1	685	685	NA [0]	[219] 226	–/fleQ	–/transcriptional regulator FleQ	SRR37069584
('*', 'evidence/MC_SIDE_1_690.html')	('*', 'evidence/MC_SIDE_2_690.html')	('÷', 'evidence/MC_PLOT_690.html')	PA2491	1949	1997	49	60 [58]	[57] 59	N_A/–	oxidoreductase/–	SRR37069584
('*', 'evidence/MC_SIDE_1_691.html')	('*', 'evidence/MC_SIDE_2_691.html')	('÷', 'evidence/MC_PLOT_691.html')	PA4526	1	965	965	NA [3]	[138] 142	[pilB]	[pilB]	SRR37069584
('*', 'evidence/MC_SIDE_1_692.html')	('*', 'evidence/MC_SIDE_2_692.html')	('÷', 'evidence/MC_PLOT_692.html')	PA4526	1095	1595	501	140 [139]	[139] 140	pilB	type 4 fimbrial biogenesis protein PilB	SRR37069584
('*', 'evidence/MC_SIDE_1_693.html')	('*', 'evidence/MC_SIDE_2_693.html')	('÷', 'evidence/MC_PLOT_693.html')	PA4526	2208	2434	227	142 [139]	[139] 144	pilB	type 4 fimbrial biogenesis protein PilB	SRR37069584
('*', 'evidence/MC_SIDE_1_694.html')	('*', 'evidence/MC_SIDE_2_694.html')	('÷', 'evidence/MC_PLOT_694.html')	PA4526	2823	3501	679	140 [137]	[8] NA	pilB/–	type 4 fimbrial biogenesis protein PilB/–	SRR37069584
('*', 'evidence/MC_SIDE_1_695.html')	('*', 'evidence/MC_SIDE_2_695.html')	('÷', 'evidence/MC_PLOT_695.html')	PA4796	1333	2268	936	353 [352]	[0] NA	[N_A]	[N_A]	SRR37069584
('*', 'evidence/MC_SIDE_1_1623.html')	('*', 'evidence/MC_SIDE_2_1623.html')	('÷', 'evidence/MC_PLOT_1623.html')	PA0313	1522	1755	234	278 [274]	[276] 279	[N_A]	[N_A]	SRR39756586
('*', 'evidence/MC_SIDE_1_1624.html')	('*', 'evidence/MC_SIDE_2_1624.html')	('÷', 'evidence/MC_PLOT_1624.html')	PA0506	245	800	556	327 [321]	[323] 328	–/N_A	–/acyl‑CoA dehydrogenase	SRR39756586
('*', 'evidence/MC_SIDE_1_1625.html')	('*', 'evidence/MC_SIDE_2_1625.html')	('÷', 'evidence/MC_PLOT_1625.html')	PA0707	2442	2580	139	260 [256]	[0] NA	toxR/–	transcriptional regulator ToxR/–	SRR39756586
('*', 'evidence/MC_SIDE_1_1626.html')	('*', 'evidence/MC_SIDE_2_1626.html')	('÷', 'evidence/MC_PLOT_1626.html')	PA1333	1861	2007	147	224 [222]	[0] NA	N_A/–	hypothetical protein/–	SRR39756586
('*', 'evidence/MC_SIDE_1_1627.html')	('*', 'evidence/MC_SIDE_2_1627.html')	('÷', 'evidence/MC_PLOT_1627.html')	PA1713	396	824	429	141 [134]	[137] 140	–/exsA	–/exoenzyme S transcriptional regulator ExsA	SRR39756586
('*', 'evidence/MC_SIDE_1_1628.html')	('*', 'evidence/MC_SIDE_2_1628.html')	('÷', 'evidence/MC_PLOT_1628.html')	PA2121	1082	1307	226	189 [184]	[185] 189	N_A	transcriptional regulator	SRR39756586
('*', 'evidence/MC_SIDE_1_1629.html')	('*', 'evidence/MC_SIDE_2_1629.html')	('÷', 'evidence/MC_PLOT_1629.html')	PA2121	2225	2706	482	188 [187]	[0] NA	N_A/–	transcriptional regulator/–	SRR39756586
('*', 'evidence/MC_SIDE_1_1630.html')	('*', 'evidence/MC_SIDE_2_1630.html')	('÷', 'evidence/MC_PLOT_1630.html')	PA2312	2076	2382	307	183 [178]	[0] NA	N_A/–	transcriptional regulator/–	SRR39756586
('*', 'evidence/MC_SIDE_1_1631.html')	('*', 'evidence/MC_SIDE_2_1631.html')	('÷', 'evidence/MC_PLOT_1631.html')	PA2491	1	1627–2	2–1627	NA [0]	[135] 143	[N_A]	[N_A]	SRR39756586
('*', 'evidence/MC_SIDE_1_1632.html')	('*', 'evidence/MC_SIDE_2_1632.html')	('÷', 'evidence/MC_PLOT_1632.html')	PA2491	1916	2046	131	139 [137]	[133] 142	[N_A]	[N_A]	SRR39756586
('*', 'evidence/MC_SIDE_1_1633.html')	('*', 'evidence/MC_SIDE_2_1633.html')	('÷', 'evidence/MC_PLOT_1633.html')	PA2492	1913	2079	167	150 [148]	[148] 149	[mexT]	[mexT]	SRR39756586
('*', 'evidence/MC_SIDE_1_1634.html')	('*', 'evidence/MC_SIDE_2_1634.html')	('÷', 'evidence/MC_PLOT_1634.html')	PA4526	1	660	660	NA [5]	[106] 224	–/pilB	–/type 4 fimbrial biogenesis protein PilB	SRR39756586
('*', 'evidence/MC_SIDE_1_1635.html')	('*', 'evidence/MC_SIDE_2_1635.html')	('÷', 'evidence/MC_PLOT_1635.html')	PA4526	2549	3501	953	209 [208]	[0] NA	[pilB]	[pilB]	SRR39756586
('*', 'evidence/MC_SIDE_1_1636.html')	('*', 'evidence/MC_SIDE_2_1636.html')	('÷', 'evidence/MC_PLOT_1636.html')	PA4796	1327	2268	942	216 [215]	[0] NA	[N_A]	[N_A]	SRR39756586
('*', 'evidence/MC_SIDE_1_1637.html')	('*', 'evidence/MC_SIDE_2_1637.html')	('÷', 'evidence/MC_PLOT_1637.html')	PA4848	2184	3150	967	287 [283]	[0] NA	[accC]	[accC]	SRR39756586
('*', 'evidence/MC_SIDE_1_719.html')	('*', 'evidence/MC_SIDE_2_719.html')	('÷', 'evidence/MC_PLOT_719.html')	PA0506	3555	3606	52	75 [72]	[0] NA	N_A/–	acyl‑CoA dehydrogenase/–	SRR40198574
('*', 'evidence/MC_SIDE_1_720.html')	('*', 'evidence/MC_SIDE_2_720.html')	('÷', 'evidence/MC_PLOT_720.html')	PA0707	2495	2580	86	42 [40]	[0] NA	toxR/–	transcriptional regulator ToxR/–	SRR40198574
('*', 'evidence/MC_SIDE_1_721.html')	('*', 'evidence/MC_SIDE_2_721.html')	('÷', 'evidence/MC_PLOT_721.html')	PA0997	2578	2652	75	60 [58]	[0] NA	pqsB/–	hypothetical protein/–	SRR40198574
('*', 'evidence/MC_SIDE_1_722.html')	('*', 'evidence/MC_SIDE_2_722.html')	('÷', 'evidence/MC_PLOT_722.html')	PA1097	1	696	696	NA [0]	[51] 53	–/fleQ	–/transcriptional regulator FleQ	SRR40198574
('*', 'evidence/MC_SIDE_1_723.html')	('*', 'evidence/MC_SIDE_2_723.html')	('÷', 'evidence/MC_PLOT_723.html')	PA1333	1	87	87	NA [0]	[46] 53	–/N_A	–/hypothetical protein	SRR40198574
('*', 'evidence/MC_SIDE_1_724.html')	('*', 'evidence/MC_SIDE_2_724.html')	('÷', 'evidence/MC_PLOT_724.html')	PA2312	2324	2382	59	32 [31]	[0] NA	N_A/–	transcriptional regulator/–	SRR40198574
('*', 'evidence/MC_SIDE_1_725.html')	('*', 'evidence/MC_SIDE_2_725.html')	('÷', 'evidence/MC_PLOT_725.html')	PA2491	1–562	1656–566	5–1656	NA [0]	[40] 49	[N_A]	[N_A]	SRR40198574
('*', 'evidence/MC_SIDE_1_726.html')	('*', 'evidence/MC_SIDE_2_726.html')	('÷', 'evidence/MC_PLOT_726.html')	PA2492	1	1595–1140	1140–1595	NA [0]	[28] 29	[mexT]	[mexT]	SRR40198574
('*', 'evidence/MC_SIDE_1_727.html')	('*', 'evidence/MC_SIDE_2_727.html')	('÷', 'evidence/MC_PLOT_727.html')	PA3476	1	1564–4	4–1564	NA [0]	[53] 55	rhlI	rhlI	SRR40198574
('*', 'evidence/MC_SIDE_1_728.html')	('*', 'evidence/MC_SIDE_2_728.html')	('÷', 'evidence/MC_PLOT_728.html')	PA3565	2595	2721	127	53 [49]	[0] NA	N_A/–	transcriptional regulator/–	SRR40198574
('*', 'evidence/MC_SIDE_1_729.html')	('*', 'evidence/MC_SIDE_2_729.html')	('÷', 'evidence/MC_PLOT_729.html')	PA3574	1	105	105	NA [0]	[62] 64	–/nalD	–/transcriptional regulator	SRR40198574
('*', 'evidence/MC_SIDE_1_730.html')	('*', 'evidence/MC_SIDE_2_730.html')	('÷', 'evidence/MC_PLOT_730.html')	PA3574	2342	2439	98	63 [60]	[0] NA	nalD/–	transcriptional regulator/–	SRR40198574
('*', 'evidence/MC_SIDE_1_731.html')	('*', 'evidence/MC_SIDE_2_731.html')	('÷', 'evidence/MC_PLOT_731.html')	PA4526	1	568	568	NA [0]	[52] 68	–/pilB	–/type 4 fimbrial biogenesis protein PilB	SRR40198574
('*', 'evidence/MC_SIDE_1_732.html')	('*', 'evidence/MC_SIDE_2_732.html')	('÷', 'evidence/MC_PLOT_732.html')	PA4796	1334	2268	935	62 [58]	[0] NA	[N_A]	[N_A]	SRR40198574
('*', 'evidence/MC_SIDE_1_733.html')	('*', 'evidence/MC_SIDE_2_733.html')	('÷', 'evidence/MC_PLOT_733.html')	PA4848	1	40	40	NA [0]	[33] 41	–/accC	–/acetyl‑CoA carboxylase biotin carboxylase subunit	SRR40198574
('*', 'evidence/MC_SIDE_1_734.html')	('*', 'evidence/MC_SIDE_2_734.html')	('÷', 'evidence/MC_PLOT_734.html')	PA4848	2225	3150	926	39 [37]	[0] NA	[accC]	[accC]	SRR40198574
('*', 'evidence/MC_SIDE_1_806.html')	('*', 'evidence/MC_SIDE_2_806.html')	('÷', 'evidence/MC_PLOT_806.html')	PA0313	1	15	15	NA [0]	[3] 5	–/N_A	–/L‑cysteine ABC transporter protein YecS	SRR8182773
('*', 'evidence/MC_SIDE_1_807.html')	('*', 'evidence/MC_SIDE_2_807.html')	('÷', 'evidence/MC_PLOT_807.html')	PA0313	1544	1742	199	5 [3]	[4] 6	[N_A]	[N_A]	SRR8182773
('*', 'evidence/MC_SIDE_1_808.html')	('*', 'evidence/MC_SIDE_2_808.html')	('÷', 'evidence/MC_PLOT_808.html')	PA0313	2466	2493	28	6 [4]	[0] NA	N_A/–	L‑cysteine ABC transporter protein YecS/–	SRR8182773
('*', 'evidence/MC_SIDE_1_809.html')	('*', 'evidence/MC_SIDE_2_809.html')	('÷', 'evidence/MC_PLOT_809.html')	PA0366	1	108	108	NA [0]	[10] 17	–/N_A	–/coniferyl aldehyde dehydrogenase	SRR8182773
('*', 'evidence/MC_SIDE_1_810.html')	('*', 'evidence/MC_SIDE_2_810.html')	('÷', 'evidence/MC_PLOT_810.html')	PA0366	3172	3231	60	15 [12]	[0] NA	N_A/–	coniferyl aldehyde dehydrogenase/–	SRR8182773
('*', 'evidence/MC_SIDE_1_811.html')	('*', 'evidence/MC_SIDE_2_811.html')	('÷', 'evidence/MC_PLOT_811.html')	PA0425	1	47	47	NA [0]	[3] 5	–/mexA	–/multidrug resistance protein MexA	SRR8182773
('*', 'evidence/MC_SIDE_1_812.html')	('*', 'evidence/MC_SIDE_2_812.html')	('÷', 'evidence/MC_PLOT_812.html')	PA0506	1	117	117	NA [0]	[18] 20	–/N_A	–/acyl‑CoA dehydrogenase	SRR8182773
('*', 'evidence/MC_SIDE_1_813.html')	('*', 'evidence/MC_SIDE_2_813.html')	('÷', 'evidence/MC_PLOT_813.html')	PA0506	3587	3606	20	22 [17]	[0] NA	N_A/–	acyl‑CoA dehydrogenase/–	SRR8182773
('*', 'evidence/MC_SIDE_1_814.html')	('*', 'evidence/MC_SIDE_2_814.html')	('÷', 'evidence/MC_PLOT_814.html')	PA0652	1	139	139	NA [0]	[10] 13	–/vfr	–/cAMP‑regulatory protein	SRR8182773
('*', 'evidence/MC_SIDE_1_815.html')	('*', 'evidence/MC_SIDE_2_815.html')	('÷', 'evidence/MC_PLOT_815.html')	PA0652	2345	2445	101	13 [11]	[0] NA	vfr/–	cAMP‑regulatory protein/–	SRR8182773
('*', 'evidence/MC_SIDE_1_816.html')	('*', 'evidence/MC_SIDE_2_816.html')	('÷', 'evidence/MC_PLOT_816.html')	PA0707	1	64	64	NA [0]	[9] 11	–/toxR	–/transcriptional regulator ToxR	SRR8182773
('*', 'evidence/MC_SIDE_1_817.html')	('*', 'evidence/MC_SIDE_2_817.html')	('÷', 'evidence/MC_PLOT_817.html')	PA0707	2488	2580	93	10 [8]	[0] NA	toxR/–	transcriptional regulator ToxR/–	SRR8182773
('*', 'evidence/MC_SIDE_1_818.html')	('*', 'evidence/MC_SIDE_2_818.html')	('÷', 'evidence/MC_PLOT_818.html')	PA0997	1	257	257	NA [0]	[14] 16	–/pqsB	–/hypothetical protein	SRR8182773
('*', 'evidence/MC_SIDE_1_819.html')	('*', 'evidence/MC_SIDE_2_819.html')	('÷', 'evidence/MC_PLOT_819.html')	PA0997	2539	2652	114	15 [13]	[0] NA	pqsB/–	hypothetical protein/–	SRR8182773
('*', 'evidence/MC_SIDE_1_820.html')	('*', 'evidence/MC_SIDE_2_820.html')	('÷', 'evidence/MC_PLOT_820.html')	PA1097	1	598	598	NA [0]	[0] 4	–/fleQ	–/transcriptional regulator FleQ	SRR8182773
('*', 'evidence/MC_SIDE_1_821.html')	('*', 'evidence/MC_SIDE_2_821.html')	('÷', 'evidence/MC_PLOT_821.html')	PA1097	3217	3273	57	4 [3]	[0] NA	fleQ/–	transcriptional regulator FleQ/–	SRR8182773
('*', 'evidence/MC_SIDE_1_822.html')	('*', 'evidence/MC_SIDE_2_822.html')	('÷', 'evidence/MC_PLOT_822.html')	PA1179	1	22	22	NA [0]	[8] 14	–/phoP	–/two‑component response regulator PhoP	SRR8182773
('*', 'evidence/MC_SIDE_1_823.html')	('*', 'evidence/MC_SIDE_2_823.html')	('÷', 'evidence/MC_PLOT_823.html')	PA1179	2417	2478	62	13 [11]	[0] NA	phoP/–	two‑component response regulator PhoP/–	SRR8182773
('*', 'evidence/MC_SIDE_1_824.html')	('*', 'evidence/MC_SIDE_2_824.html')	('÷', 'evidence/MC_PLOT_824.html')	PA1333	1	25	25	NA [0]	[0] 4	–/N_A	–/hypothetical protein	SRR8182773
('*', 'evidence/MC_SIDE_1_825.html')	('*', 'evidence/MC_SIDE_2_825.html')	('÷', 'evidence/MC_PLOT_825.html')	PA1430	1	60	60	NA [0]	[9] 10	–/lasR	–/transcriptional regulator LasR	SRR8182773
('*', 'evidence/MC_SIDE_1_826.html')	('*', 'evidence/MC_SIDE_2_826.html')	('÷', 'evidence/MC_PLOT_826.html')	PA1544	1	186	186	NA [0]	[3] 5	–/anr	–/transcriptional regulator Anr	SRR8182773
('*', 'evidence/MC_SIDE_1_827.html')	('*', 'evidence/MC_SIDE_2_827.html')	('÷', 'evidence/MC_PLOT_827.html')	PA1544	2501	2535	35	6 [2]	[0] NA	anr/–	transcriptional regulator Anr/–	SRR8182773
('*', 'evidence/MC_SIDE_1_828.html')	('*', 'evidence/MC_SIDE_2_828.html')	('÷', 'evidence/MC_PLOT_828.html')	PA2020	1	31	31	NA [0]	[0] 2	–/N_A	–/transcriptional regulator	SRR8182773
('*', 'evidence/MC_SIDE_1_830.html')	('*', 'evidence/MC_SIDE_2_830.html')	('÷', 'evidence/MC_PLOT_830.html')	PA2020	2405	2433	29	2 [1]	[0] NA	N_A/–	transcriptional regulator/–	SRR8182773
('*', 'evidence/MC_SIDE_1_831.html')	('*', 'evidence/MC_SIDE_2_831.html')	('÷', 'evidence/MC_PLOT_831.html')	PA2121	1	140	140	NA [0]	[4] 8	–/N_A	–/transcriptional regulator	SRR8182773
('*', 'evidence/MC_SIDE_1_832.html')	('*', 'evidence/MC_SIDE_2_832.html')	('÷', 'evidence/MC_PLOT_832.html')	PA2121	2367	2706	340	5 [3]	[0] NA	N_A/–	transcriptional regulator/–	SRR8182773
('*', 'evidence/MC_SIDE_1_833.html')	('*', 'evidence/MC_SIDE_2_833.html')	('÷', 'evidence/MC_PLOT_833.html')	PA2312	1	96	96	NA [0]	[9] 10	–/N_A	–/transcriptional regulator	SRR8182773
('*', 'evidence/MC_SIDE_1_834.html')	('*', 'evidence/MC_SIDE_2_834.html')	('÷', 'evidence/MC_PLOT_834.html')	PA2312	2082	2382	301	12 [8]	[0] NA	N_A/–	transcriptional regulator/–	SRR8182773
('*', 'evidence/MC_SIDE_1_835.html')	('*', 'evidence/MC_SIDE_2_835.html')	('÷', 'evidence/MC_PLOT_835.html')	PA2435	1	4	4	NA [0]	[0] 2	–/N_A	–/cation‑transporting P‑type ATPase	SRR8182773
('*', 'evidence/MC_SIDE_1_836.html')	('*', 'evidence/MC_SIDE_2_836.html')	('÷', 'evidence/MC_PLOT_836.html')	PA2435	948	949	2	8 [0]	[0] 4	N_A	cation‑transporting P‑type ATPase	SRR8182773
('*', 'evidence/MC_SIDE_1_837.html')	('*', 'evidence/MC_SIDE_2_837.html')	('÷', 'evidence/MC_PLOT_837.html')	PA2435	3736	3786	51	3 [1]	[0] NA	N_A/–	cation‑transporting P‑type ATPase/–	SRR8182773
('*', 'evidence/MC_SIDE_1_838.html')	('*', 'evidence/MC_SIDE_2_838.html')	('÷', 'evidence/MC_PLOT_838.html')	PA2491	1	1511–579	579–1511	NA [0]	[5] 6	[N_A]	[N_A]	SRR8182773
('*', 'evidence/MC_SIDE_1_839.html')	('*', 'evidence/MC_SIDE_2_839.html')	('÷', 'evidence/MC_PLOT_839.html')	PA2491	1888	2044	157	7 [5]	[5] 6	[N_A]	[N_A]	SRR8182773
('*', 'evidence/MC_SIDE_1_840.html')	('*', 'evidence/MC_SIDE_2_840.html')	('÷', 'evidence/MC_PLOT_840.html')	PA2492	1–1123	1459–1179	57–1459	NA [0]	[2] 3	[mexT]	[mexT]	SRR8182773
('*', 'evidence/MC_SIDE_1_841.html')	('*', 'evidence/MC_SIDE_2_841.html')	('÷', 'evidence/MC_PLOT_841.html')	PA2492	1917	2031	115	4 [2]	[2] 10	[mexT]	[mexT]	SRR8182773
('*', 'evidence/MC_SIDE_1_842.html')	('*', 'evidence/MC_SIDE_2_842.html')	('÷', 'evidence/MC_PLOT_842.html')	PA3217	1	66	66	NA [0]	[8] 10	–/cyaB	–/protein CyaB	SRR8182773
('*', 'evidence/MC_SIDE_1_843.html')	('*', 'evidence/MC_SIDE_2_843.html')	('÷', 'evidence/MC_PLOT_843.html')	PA3217	3171	3192	22	10 [6]	[0] NA	cyaB/–	protein CyaB/–	SRR8182773
('*', 'evidence/MC_SIDE_1_844.html')	('*', 'evidence/MC_SIDE_2_844.html')	('÷', 'evidence/MC_PLOT_844.html')	PA3477	1127–2521	2526	6–1400	8 [7]	[0] NA	[rhlR]	[rhlR]	SRR8182773
('*', 'evidence/MC_SIDE_1_845.html')	('*', 'evidence/MC_SIDE_2_845.html')	('÷', 'evidence/MC_PLOT_845.html')	PA3565	1	98	98	NA [0]	[9] 11	–/N_A	–/transcriptional regulator	SRR8182773
('*', 'evidence/MC_SIDE_1_846.html')	('*', 'evidence/MC_SIDE_2_846.html')	('÷', 'evidence/MC_PLOT_846.html')	PA3574	1	140	140	NA [0]	[17] 19	–/nalD	–/transcriptional regulator	SRR8182773
('*', 'evidence/MC_SIDE_1_847.html')	('*', 'evidence/MC_SIDE_2_847.html')	('÷', 'evidence/MC_PLOT_847.html')	PA3703	1	44	44	NA [0]	[5] 7	–/wspF	–/chemotaxis‑specific methylesterase	SRR8182773
('*', 'evidence/MC_SIDE_1_848.html')	('*', 'evidence/MC_SIDE_2_848.html')	('÷', 'evidence/MC_PLOT_848.html')	PA3703	2700	2808	109	7 [6]	[0] NA	wspF/–	chemotaxis‑specific methylesterase/–	SRR8182773
('*', 'evidence/MC_SIDE_1_849.html')	('*', 'evidence/MC_SIDE_2_849.html')	('÷', 'evidence/MC_PLOT_849.html')	PA3817	1	72	72	NA [0]	[8] 11	–/N_A	–/methyltransferase	SRR8182773
('*', 'evidence/MC_SIDE_1_850.html')	('*', 'evidence/MC_SIDE_2_850.html')	('÷', 'evidence/MC_PLOT_850.html')	PA4420	1	116	116	NA [0]	[10] 11	–/N_A	–/S‑adenosyl‑methyltransferase MraW	SRR8182773
('*', 'evidence/MC_SIDE_1_851.html')	('*', 'evidence/MC_SIDE_2_851.html')	('÷', 'evidence/MC_PLOT_851.html')	PA4420	1293	1611	319	11 [10]	[10] 11	N_A	S‑adenosyl‑methyltransferase MraW	SRR8182773
('*', 'evidence/MC_SIDE_1_852.html')	('*', 'evidence/MC_SIDE_2_852.html')	('÷', 'evidence/MC_PLOT_852.html')	PA4420	2634	2742	109	11 [9]	[0] NA	N_A/–	S‑adenosyl‑methyltransferase MraW/–	SRR8182773
('*', 'evidence/MC_SIDE_1_853.html')	('*', 'evidence/MC_SIDE_2_853.html')	('÷', 'evidence/MC_PLOT_853.html')	PA4462	3216	3294	79	11 [10]	[0] NA	rpoN/–	RNA polymerase factor sigma‑54/–	SRR8182773
('*', 'evidence/MC_SIDE_1_854.html')	('*', 'evidence/MC_SIDE_2_854.html')	('÷', 'evidence/MC_PLOT_854.html')	PA4522	2340	2367	28	10 [8]	[0] NA	ampD/–	N‑acetyl‑anhydromuranmyl‑L‑alanine amidase/–	SRR8182773
('*', 'evidence/MC_SIDE_1_855.html')	('*', 'evidence/MC_SIDE_2_855.html')	('÷', 'evidence/MC_PLOT_855.html')	PA4526	1	72	72	NA [0]	[0] 2	–/pilB	–/type 4 fimbrial biogenesis protein PilB	SRR8182773
('*', 'evidence/MC_SIDE_1_856.html')	('*', 'evidence/MC_SIDE_2_856.html')	('÷', 'evidence/MC_PLOT_856.html')	PA4526	131	1908	1778	2 [0]	[0] 2	[pilB]	[pilB]	SRR8182773
('*', 'evidence/MC_SIDE_1_857.html')	('*', 'evidence/MC_SIDE_2_857.html')	('÷', 'evidence/MC_PLOT_857.html')	PA4526	1997	1998	2	2 [0]	[0] 2	pilB	type 4 fimbrial biogenesis protein PilB	SRR8182773
('*', 'evidence/MC_SIDE_1_858.html')	('*', 'evidence/MC_SIDE_2_858.html')	('÷', 'evidence/MC_PLOT_858.html')	PA4526	2243	2415	173	2 [0]	[0] 2	pilB	type 4 fimbrial biogenesis protein PilB	SRR8182773
('*', 'evidence/MC_SIDE_1_859.html')	('*', 'evidence/MC_SIDE_2_859.html')	('÷', 'evidence/MC_PLOT_859.html')	PA4526	2629	3501	873	4 [0]	[0] NA	pilB/–	type 4 fimbrial biogenesis protein PilB/–	SRR8182773
('*', 'evidence/MC_SIDE_1_860.html')	('*', 'evidence/MC_SIDE_2_860.html')	('÷', 'evidence/MC_PLOT_860.html')	PA4796	1	131	131	NA [0]	[14] 16	–/N_A	–/hypothetical protein	SRR8182773
('*', 'evidence/MC_SIDE_1_861.html')	('*', 'evidence/MC_SIDE_2_861.html')	('÷', 'evidence/MC_PLOT_861.html')	PA4848	1	1	1	NA [0]	[0] 2	–/accC	–/acetyl‑CoA carboxylase biotin carboxylase subunit	SRR8182773
('*', 'evidence/MC_SIDE_1_738.html')	('*', 'evidence/MC_SIDE_2_738.html')	('÷', 'evidence/MC_PLOT_738.html')	PA0313	1	15	15	NA [0]	[13] 18	–/N_A	–/L‑cysteine ABC transporter protein YecS	SRR8351329
('*', 'evidence/MC_SIDE_1_739.html')	('*', 'evidence/MC_SIDE_2_739.html')	('÷', 'evidence/MC_PLOT_739.html')	PA0707	2553	2580	28	17 [13]	[0] NA	toxR/–	transcriptional regulator ToxR/–	SRR8351329
('*', 'evidence/MC_SIDE_1_740.html')	('*', 'evidence/MC_SIDE_2_740.html')	('÷', 'evidence/MC_PLOT_740.html')	PA1097	1	600	600	NA [0]	[7] 13	–/fleQ	–/transcriptional regulator FleQ	SRR8351329
('*', 'evidence/MC_SIDE_1_741.html')	('*', 'evidence/MC_SIDE_2_741.html')	('÷', 'evidence/MC_PLOT_741.html')	PA1713	1	45	45	NA [0]	[14] 16	–/exsA	–/exoenzyme S transcriptional regulator ExsA	SRR8351329
('*', 'evidence/MC_SIDE_1_743.html')	('*', 'evidence/MC_SIDE_2_743.html')	('÷', 'evidence/MC_PLOT_743.html')	PA2121	1	27	27	NA [0]	[13] 18	–/N_A	–/transcriptional regulator	SRR8351329
('*', 'evidence/MC_SIDE_1_744.html')	('*', 'evidence/MC_SIDE_2_744.html')	('÷', 'evidence/MC_PLOT_744.html')	PA2491	1	1659–573	573–1659	NA [0]	[17] 19	[N_A]	[N_A]	SRR8351329
('*', 'evidence/MC_SIDE_1_745.html')	('*', 'evidence/MC_SIDE_2_745.html')	('÷', 'evidence/MC_PLOT_745.html')	PA2492	1–1129	1659–1141	13–1659	NA [0]	[17] 18	[mexT]	[mexT]	SRR8351329
('*', 'evidence/MC_SIDE_1_746.html')	('*', 'evidence/MC_SIDE_2_746.html')	('÷', 'evidence/MC_PLOT_746.html')	PA3217	1	38	38	NA [0]	[17] 20	–/cyaB	–/protein CyaB	SRR8351329
('*', 'evidence/MC_SIDE_1_747.html')	('*', 'evidence/MC_SIDE_2_747.html')	('÷', 'evidence/MC_PLOT_747.html')	PA3476	1	1584–2	2–1584	NA [0]	[27] 30	rhlI	rhlI	SRR8351329
('*', 'evidence/MC_SIDE_1_748.html')	('*', 'evidence/MC_SIDE_2_748.html')	('÷', 'evidence/MC_PLOT_748.html')	PA3477	967–2525	2526	2–1560	21 [19]	[0] NA	[rhlR]	[rhlR]	SRR8351329
('*', 'evidence/MC_SIDE_1_749.html')	('*', 'evidence/MC_SIDE_2_749.html')	('÷', 'evidence/MC_PLOT_749.html')	PA3703	2752	2808	57	21 [20]	[0] NA	wspF/–	chemotaxis‑specific methylesterase/–	SRR8351329
('*', 'evidence/MC_SIDE_1_750.html')	('*', 'evidence/MC_SIDE_2_750.html')	('÷', 'evidence/MC_PLOT_750.html')	PA4526	1	65	65	NA [0]	[22] 23	–/pilB	–/type 4 fimbrial biogenesis protein PilB	SRR8351329
('*', 'evidence/MC_SIDE_1_751.html')	('*', 'evidence/MC_SIDE_2_751.html')	('÷', 'evidence/MC_PLOT_751.html')	PA4526	82	506	425	25 [22]	[20] 26	–/pilB	–/type 4 fimbrial biogenesis protein PilB	SRR8351329
('*', 'evidence/MC_SIDE_1_752.html')	('*', 'evidence/MC_SIDE_2_752.html')	('÷', 'evidence/MC_PLOT_752.html')	PA4526	743	791	49	31 [21]	[22] 24	–/pilB	–/type 4 fimbrial biogenesis protein PilB	SRR8351329
('*', 'evidence/MC_SIDE_1_753.html')	('*', 'evidence/MC_SIDE_2_753.html')	('÷', 'evidence/MC_PLOT_753.html')	PA4526	1560	1652	93	23 [21]	[22] 24	pilB	type 4 fimbrial biogenesis protein PilB	SRR8351329
('*', 'evidence/MC_SIDE_1_754.html')	('*', 'evidence/MC_SIDE_2_754.html')	('÷', 'evidence/MC_PLOT_754.html')	PA4796	1	39	39	NA [0]	[25] 26	–/N_A	–/hypothetical protein	SRR8351329
('*', 'evidence/MC_SIDE_1_755.html')	('*', 'evidence/MC_SIDE_2_755.html')	('÷', 'evidence/MC_PLOT_755.html')	PA4796	1386	2268	883	29 [23]	[0] NA	N_A/–	hypothetical protein/–	SRR8351329
('*', 'evidence/MC_SIDE_1_756.html')	('*', 'evidence/MC_SIDE_2_756.html')	('÷', 'evidence/MC_PLOT_756.html')	PA4848	1	24	24	NA [0]	[8] 11	–/accC	–/acetyl‑CoA carboxylase biotin carboxylase subunit	SRR8351329
('*', 'evidence/MC_SIDE_1_682.html')	('*', 'evidence/MC_SIDE_2_682.html')	('÷', 'evidence/MC_PLOT_682.html')	PA0425	1522	1750	229	206 [203]	[203] 207	mexA	multidrug resistance protein MexA	SRR8586094
('*', 'evidence/MC_SIDE_1_684.html')	('*', 'evidence/MC_SIDE_2_684.html')	('÷', 'evidence/MC_PLOT_684.html')	PA2491	1	1684–2	2–1684	NA [0]	[145] 147	[N_A]	[N_A]	SRR8586094
('*', 'evidence/MC_SIDE_1_685.html')	('*', 'evidence/MC_SIDE_2_685.html')	('÷', 'evidence/MC_PLOT_685.html')	PA3476	1745	1947	203	153 [151]	[150] 153	rhlI/–	acyl‑homoserine‑lactone synthase/–	SRR8586094
('*', 'evidence/MC_SIDE_1_686.html')	('*', 'evidence/MC_SIDE_2_686.html')	('÷', 'evidence/MC_PLOT_686.html')	PA3477	950–2525	2526	2–1577	201 [198]	[0] NA	[rhlR]	[rhlR]	SRR8586094
('*', 'evidence/MC_SIDE_1_687.html')	('*', 'evidence/MC_SIDE_2_687.html')	('÷', 'evidence/MC_PLOT_687.html')	PA4526	1	708	708	NA [0]	[28] 34	–/pilB	–/type 4 fimbrial biogenesis protein PilB	SRR8586094
('*', 'evidence/MC_SIDE_1_688.html')	('*', 'evidence/MC_SIDE_2_688.html')	('÷', 'evidence/MC_PLOT_688.html')	PA4526	1594	1657	64	35 [30]	[32] 33	pilB	type 4 fimbrial biogenesis protein PilB	SRR8586094
('*', 'evidence/MC_SIDE_1_689.html')	('*', 'evidence/MC_SIDE_2_689.html')	('÷', 'evidence/MC_PLOT_689.html')	PA4526	2628	3501	874	33 [29]	[0] NA	pilB/–	type 4 fimbrial biogenesis protein PilB/–	SRR8586094
('*', 'evidence/MC_SIDE_1_690.html')	('*', 'evidence/MC_SIDE_2_690.html')	('÷', 'evidence/MC_PLOT_690.html')	PA4796	1345	2268	924	168 [166]	[0] NA	[N_A]	[N_A]	SRR8586094
('*', 'evidence/MC_SIDE_1_691.html')	('*', 'evidence/MC_SIDE_2_691.html')	('÷', 'evidence/MC_PLOT_691.html')	PA4848	2208	3150	943	193 [190]	[0] NA	[accC]	[accC]	SRR8586094
('*', 'evidence/MC_SIDE_1_380.html')	('*', 'evidence/MC_SIDE_2_380.html')	('÷', 'evidence/MC_PLOT_380.html')	PA0313	1	72	72	NA [0]	[8] 9	–/N_A	–/L‑cysteine ABC transporter protein YecS	SRR8612873
('*', 'evidence/MC_SIDE_1_381.html')	('*', 'evidence/MC_SIDE_2_381.html')	('÷', 'evidence/MC_PLOT_381.html')	PA0313	2431	2493	63	10 [8]	[0] NA	N_A/–	L‑cysteine ABC transporter protein YecS/–	SRR8612873
('*', 'evidence/MC_SIDE_1_382.html')	('*', 'evidence/MC_SIDE_2_382.html')	('÷', 'evidence/MC_PLOT_382.html')	PA0366	1	79	79	NA [0]	[7] 8	–/N_A	–/coniferyl aldehyde dehydrogenase	SRR8612873
('*', 'evidence/MC_SIDE_1_383.html')	('*', 'evidence/MC_SIDE_2_383.html')	('÷', 'evidence/MC_PLOT_383.html')	PA0366	3128	3231	104	8 [6]	[0] NA	N_A/–	coniferyl aldehyde dehydrogenase/–	SRR8612873
('*', 'evidence/MC_SIDE_1_384.html')	('*', 'evidence/MC_SIDE_2_384.html')	('÷', 'evidence/MC_PLOT_384.html')	PA0425	1	30	30	NA [0]	[11] 12	–/mexA	–/multidrug resistance protein MexA	SRR8612873
('*', 'evidence/MC_SIDE_1_385.html')	('*', 'evidence/MC_SIDE_2_385.html')	('÷', 'evidence/MC_PLOT_385.html')	PA0506	1	51	51	NA [0]	[6] 8	–/N_A	–/acyl‑CoA dehydrogenase	SRR8612873
('*', 'evidence/MC_SIDE_1_386.html')	('*', 'evidence/MC_SIDE_2_386.html')	('÷', 'evidence/MC_PLOT_386.html')	PA0506	3543	3606	64	8 [5]	[0] NA	N_A/–	acyl‑CoA dehydrogenase/–	SRR8612873
('*', 'evidence/MC_SIDE_1_387.html')	('*', 'evidence/MC_SIDE_2_387.html')	('÷', 'evidence/MC_PLOT_387.html')	PA0652	1	143	143	NA [0]	[10] 11	–/vfr	–/cAMP‑regulatory protein	SRR8612873
('*', 'evidence/MC_SIDE_1_388.html')	('*', 'evidence/MC_SIDE_2_388.html')	('÷', 'evidence/MC_PLOT_388.html')	PA0652	2394	2445	52	11 [10]	[0] NA	vfr/–	cAMP‑regulatory protein/–	SRR8612873
('*', 'evidence/MC_SIDE_1_389.html')	('*', 'evidence/MC_SIDE_2_389.html')	('÷', 'evidence/MC_PLOT_389.html')	PA0707	1	509	509	NA [0]	[9] 11	–/toxR	–/transcriptional regulator ToxR	SRR8612873
('*', 'evidence/MC_SIDE_1_390.html')	('*', 'evidence/MC_SIDE_2_390.html')	('÷', 'evidence/MC_PLOT_390.html')	PA0707	2467	2580	114	11 [9]	[0] NA	toxR/–	transcriptional regulator ToxR/–	SRR8612873
('*', 'evidence/MC_SIDE_1_391.html')	('*', 'evidence/MC_SIDE_2_391.html')	('÷', 'evidence/MC_PLOT_391.html')	PA0997	1	86	86	NA [0]	[5] 6	–/pqsB	–/hypothetical protein	SRR8612873
('*', 'evidence/MC_SIDE_1_392.html')	('*', 'evidence/MC_SIDE_2_392.html')	('÷', 'evidence/MC_PLOT_392.html')	PA0997	2582	2652	71	6 [5]	[0] NA	pqsB/–	hypothetical protein/–	SRR8612873
('*', 'evidence/MC_SIDE_1_393.html')	('*', 'evidence/MC_SIDE_2_393.html')	('÷', 'evidence/MC_PLOT_393.html')	PA1097	1	61	61	NA [0]	[3] 5	–/fleQ	–/transcriptional regulator FleQ	SRR8612873
('*', 'evidence/MC_SIDE_1_394.html')	('*', 'evidence/MC_SIDE_2_394.html')	('÷', 'evidence/MC_PLOT_394.html')	PA1179	1	61	61	NA [0]	[6] 8	–/phoP	–/two‑component response regulator PhoP	SRR8612873
('*', 'evidence/MC_SIDE_1_395.html')	('*', 'evidence/MC_SIDE_2_395.html')	('÷', 'evidence/MC_PLOT_395.html')	PA1333	1	85	85	NA [0]	[5] 7	–/N_A	–/hypothetical protein	SRR8612873
('*', 'evidence/MC_SIDE_1_396.html')	('*', 'evidence/MC_SIDE_2_396.html')	('÷', 'evidence/MC_PLOT_396.html')	PA1333	1872	2007	136	7 [5]	[0] NA	N_A/–	hypothetical protein/–	SRR8612873
('*', 'evidence/MC_SIDE_1_397.html')	('*', 'evidence/MC_SIDE_2_397.html')	('÷', 'evidence/MC_PLOT_397.html')	PA1430	2444	2520	77	8 [6]	[0] NA	lasR/–	transcriptional regulator LasR/–	SRR8612873
('*', 'evidence/MC_SIDE_1_398.html')	('*', 'evidence/MC_SIDE_2_398.html')	('÷', 'evidence/MC_PLOT_398.html')	PA1544	1	37	37	NA [0]	[6] 7	–/anr	–/transcriptional regulator Anr	SRR8612873
('*', 'evidence/MC_SIDE_1_399.html')	('*', 'evidence/MC_SIDE_2_399.html')	('÷', 'evidence/MC_PLOT_399.html')	PA1544	2518	2535	18	7 [4]	[0] NA	anr/–	transcriptional regulator Anr/–	SRR8612873
('*', 'evidence/MC_SIDE_1_400.html')	('*', 'evidence/MC_SIDE_2_400.html')	('÷', 'evidence/MC_PLOT_400.html')	PA1713	2522	2637	116	9 [7]	[0] NA	exsA/–	exoenzyme S transcriptional regulator ExsA/–	SRR8612873
('*', 'evidence/MC_SIDE_1_402.html')	('*', 'evidence/MC_SIDE_2_402.html')	('÷', 'evidence/MC_PLOT_402.html')	PA2020	2299	2433	135	7 [6]	[0] NA	N_A/–	transcriptional regulator/–	SRR8612873
('*', 'evidence/MC_SIDE_1_403.html')	('*', 'evidence/MC_SIDE_2_403.html')	('÷', 'evidence/MC_PLOT_403.html')	PA2121	1510	1972	463	8 [7]	[7] 8	[N_A]	[N_A]	SRR8612873
('*', 'evidence/MC_SIDE_1_404.html')	('*', 'evidence/MC_SIDE_2_404.html')	('÷', 'evidence/MC_PLOT_404.html')	PA2121	2300	2706	407	9 [7]	[0] NA	N_A/–	transcriptional regulator/–	SRR8612873
('*', 'evidence/MC_SIDE_1_405.html')	('*', 'evidence/MC_SIDE_2_405.html')	('÷', 'evidence/MC_PLOT_405.html')	PA2312	2295	2382	88	11 [8]	[0] NA	N_A/–	transcriptional regulator/–	SRR8612873
('*', 'evidence/MC_SIDE_1_406.html')	('*', 'evidence/MC_SIDE_2_406.html')	('÷', 'evidence/MC_PLOT_406.html')	PA2435	1	12	12	NA [0]	[3] 4	–/N_A	–/cation‑transporting P‑type ATPase	SRR8612873
('*', 'evidence/MC_SIDE_1_407.html')	('*', 'evidence/MC_SIDE_2_407.html')	('÷', 'evidence/MC_PLOT_407.html')	PA2435	3506	3786	281	4 [3]	[0] NA	N_A/–	cation‑transporting P‑type ATPase/–	SRR8612873
('*', 'evidence/MC_SIDE_1_408.html')	('*', 'evidence/MC_SIDE_2_408.html')	('÷', 'evidence/MC_PLOT_408.html')	PA2491	1	1446–571	571–1446	NA [0]	[3] 4	[N_A]	[N_A]	SRR8612873
('*', 'evidence/MC_SIDE_1_409.html')	('*', 'evidence/MC_SIDE_2_409.html')	('÷', 'evidence/MC_PLOT_409.html')	PA2491	2794	2820	27	5 [3]	[0] NA	N_A/–	oxidoreductase/–	SRR8612873
('*', 'evidence/MC_SIDE_1_410.html')	('*', 'evidence/MC_SIDE_2_410.html')	('÷', 'evidence/MC_PLOT_410.html')	PA2492	1	1503–1162	1162–1503	NA [0]	[1] 3	[mexT]	[mexT]	SRR8612873
('*', 'evidence/MC_SIDE_1_411.html')	('*', 'evidence/MC_SIDE_2_411.html')	('÷', 'evidence/MC_PLOT_411.html')	PA2492	2834	2844	11	2 [1]	[0] NA	mexT/–	transcriptional regulator MexT/–	SRR8612873
('*', 'evidence/MC_SIDE_1_412.html')	('*', 'evidence/MC_SIDE_2_412.html')	('÷', 'evidence/MC_PLOT_412.html')	PA3217	1	71	71	NA [0]	[6] 7	–/cyaB	–/protein CyaB	SRR8612873
('*', 'evidence/MC_SIDE_1_413.html')	('*', 'evidence/MC_SIDE_2_413.html')	('÷', 'evidence/MC_PLOT_413.html')	PA3476	1	1345–1155	1155–1345	NA [0]	[1] 2	[rhlI]	[rhlI]	SRR8612873
('*', 'evidence/MC_SIDE_1_414.html')	('*', 'evidence/MC_SIDE_2_414.html')	('÷', 'evidence/MC_PLOT_414.html')	PA3477	1	67	67	NA [0]	[7] 8	–/rhlR	–/transcriptional regulator RhlR	SRR8612873
('*', 'evidence/MC_SIDE_1_415.html')	('*', 'evidence/MC_SIDE_2_415.html')	('÷', 'evidence/MC_PLOT_415.html')	PA3477	1097–1595	2526	932–1430	8 [7]	[0] NA	[rhlR]	[rhlR]	SRR8612873
('*', 'evidence/MC_SIDE_1_416.html')	('*', 'evidence/MC_SIDE_2_416.html')	('÷', 'evidence/MC_PLOT_416.html')	PA3565	1795	2270	476	12 [10]	[9] 11	[N_A]	[N_A]	SRR8612873
('*', 'evidence/MC_SIDE_1_417.html')	('*', 'evidence/MC_SIDE_2_417.html')	('÷', 'evidence/MC_PLOT_417.html')	PA3565	2621	2721	101	12 [10]	[0] NA	N_A/–	transcriptional regulator/–	SRR8612873
('*', 'evidence/MC_SIDE_1_418.html')	('*', 'evidence/MC_SIDE_2_418.html')	('÷', 'evidence/MC_PLOT_418.html')	PA3574	1	59	59	NA [0]	[8] 9	–/nalD	–/transcriptional regulator	SRR8612873
('*', 'evidence/MC_SIDE_1_419.html')	('*', 'evidence/MC_SIDE_2_419.html')	('÷', 'evidence/MC_PLOT_419.html')	PA3703	1	27	27	NA [0]	[5] 6	–/wspF	–/chemotaxis‑specific methylesterase	SRR8612873
('*', 'evidence/MC_SIDE_1_420.html')	('*', 'evidence/MC_SIDE_2_420.html')	('÷', 'evidence/MC_PLOT_420.html')	PA3703	2733	2808	76	6 [5]	[0] NA	wspF/–	chemotaxis‑specific methylesterase/–	SRR8612873
('*', 'evidence/MC_SIDE_1_421.html')	('*', 'evidence/MC_SIDE_2_421.html')	('÷', 'evidence/MC_PLOT_421.html')	PA3817	1	280	280	NA [0]	[12] 13	–/N_A	–/methyltransferase	SRR8612873
('*', 'evidence/MC_SIDE_1_422.html')	('*', 'evidence/MC_SIDE_2_422.html')	('÷', 'evidence/MC_PLOT_422.html')	PA3817	2447	2574	128	13 [12]	[0] NA	N_A/–	methyltransferase/–	SRR8612873
('*', 'evidence/MC_SIDE_1_423.html')	('*', 'evidence/MC_SIDE_2_423.html')	('÷', 'evidence/MC_PLOT_423.html')	PA4420	1	39	39	NA [0]	[4] 5	–/N_A	–/S‑adenosyl‑methyltransferase MraW	SRR8612873
('*', 'evidence/MC_SIDE_1_424.html')	('*', 'evidence/MC_SIDE_2_424.html')	('÷', 'evidence/MC_PLOT_424.html')	PA4462	3150	3294	145	10 [8]	[0] NA	rpoN/–	RNA polymerase factor sigma‑54/–	SRR8612873
('*', 'evidence/MC_SIDE_1_425.html')	('*', 'evidence/MC_SIDE_2_425.html')	('÷', 'evidence/MC_PLOT_425.html')	PA4522	1	438	438	NA [0]	[6] 8	–/ampD	–/N‑acetyl‑anhydromuranmyl‑L‑alanine amidase	SRR8612873
('*', 'evidence/MC_SIDE_1_426.html')	('*', 'evidence/MC_SIDE_2_426.html')	('÷', 'evidence/MC_PLOT_426.html')	PA4522	2269	2367	99	8 [7]	[0] NA	ampD/–	N‑acetyl‑anhydromuranmyl‑L‑alanine amidase/–	SRR8612873
('*', 'evidence/MC_SIDE_1_428.html')	('*', 'evidence/MC_SIDE_2_428.html')	('÷', 'evidence/MC_PLOT_428.html')	PA4796	1	73	73	NA [0]	[6] 8	–/N_A	–/hypothetical protein	SRR8612873
('*', 'evidence/MC_SIDE_1_429.html')	('*', 'evidence/MC_SIDE_2_429.html')	('÷', 'evidence/MC_PLOT_429.html')	PA4796	1363	2268	906	8 [7]	[0] NA	[N_A]	[N_A]	SRR8612873
('*', 'evidence/MC_SIDE_1_431.html')	('*', 'evidence/MC_SIDE_2_431.html')	('÷', 'evidence/MC_PLOT_431.html')	PA4848	3098	3150	53	5 [4]	[0] NA	accC/–	acetyl‑CoA carboxylase biotin carboxylase subunit/–	SRR8612873
('*', 'evidence/MC_SIDE_1_542.html')	('*', 'evidence/MC_SIDE_2_542.html')	('÷', 'evidence/MC_PLOT_542.html')	PA0652	2376	2445	70	50 [48]	[0] NA	vfr/–	cAMP‑regulatory protein/–	SRR8737545
('*', 'evidence/MC_SIDE_1_543.html')	('*', 'evidence/MC_SIDE_2_543.html')	('÷', 'evidence/MC_PLOT_543.html')	PA0707	1	518	518	NA [0]	[79] 80	–/toxR	–/transcriptional regulator ToxR	SRR8737545
('*', 'evidence/MC_SIDE_1_544.html')	('*', 'evidence/MC_SIDE_2_544.html')	('÷', 'evidence/MC_PLOT_544.html')	PA0707	2403	2580	178	80 [79]	[0] NA	toxR/–	transcriptional regulator ToxR/–	SRR8737545
('*', 'evidence/MC_SIDE_1_545.html')	('*', 'evidence/MC_SIDE_2_545.html')	('÷', 'evidence/MC_PLOT_545.html')	PA1179	1	186	186	NA [0]	[78] 79	–/phoP	–/two‑component response regulator PhoP	SRR8737545
('*', 'evidence/MC_SIDE_1_546.html')	('*', 'evidence/MC_SIDE_2_546.html')	('÷', 'evidence/MC_PLOT_546.html')	PA1179	2306	2478	173	79 [77]	[0] NA	phoP/–	two‑component response regulator PhoP/–	SRR8737545
('*', 'evidence/MC_SIDE_1_547.html')	('*', 'evidence/MC_SIDE_2_547.html')	('÷', 'evidence/MC_PLOT_547.html')	PA1333	1	133	133	NA [0]	[57] 60	–/N_A	–/hypothetical protein	SRR8737545
('*', 'evidence/MC_SIDE_1_549.html')	('*', 'evidence/MC_SIDE_2_549.html')	('÷', 'evidence/MC_PLOT_549.html')	PA1544	2349	2535	187	72 [71]	[0] NA	anr/–	transcriptional regulator Anr/–	SRR8737545
('*', 'evidence/MC_SIDE_1_550.html')	('*', 'evidence/MC_SIDE_2_550.html')	('÷', 'evidence/MC_PLOT_550.html')	PA2312	2270	2382	113	48 [42]	[0] NA	N_A/–	transcriptional regulator/–	SRR8737545
('*', 'evidence/MC_SIDE_1_551.html')	('*', 'evidence/MC_SIDE_2_551.html')	('÷', 'evidence/MC_PLOT_551.html')	PA2435	3563	3786	224	49 [47]	[0] NA	N_A/–	cation‑transporting P‑type ATPase/–	SRR8737545
('*', 'evidence/MC_SIDE_1_552.html')	('*', 'evidence/MC_SIDE_2_552.html')	('÷', 'evidence/MC_PLOT_552.html')	PA2491	1	1558–571	571–1558	NA [0]	[33] 34	[N_A]	[N_A]	SRR8737545
('*', 'evidence/MC_SIDE_1_553.html')	('*', 'evidence/MC_SIDE_2_553.html')	('÷', 'evidence/MC_PLOT_553.html')	PA2491	1877	2084	208	34 [33]	[33] 34	[N_A]	[N_A]	SRR8737545
('*', 'evidence/MC_SIDE_1_554.html')	('*', 'evidence/MC_SIDE_2_554.html')	('÷', 'evidence/MC_PLOT_554.html')	PA2492	1	1633–1136	1136–1633	NA [0]	[74] 77	[mexT]	[mexT]	SRR8737545
('*', 'evidence/MC_SIDE_1_555.html')	('*', 'evidence/MC_SIDE_2_555.html')	('÷', 'evidence/MC_PLOT_555.html')	PA3477	976–2523	2526	4–1551	88 [86]	[0] NA	[rhlR]	[rhlR]	SRR8737545
('*', 'evidence/MC_SIDE_1_556.html')	('*', 'evidence/MC_SIDE_2_556.html')	('÷', 'evidence/MC_PLOT_556.html')	PA4462	3164	3294	131	68 [67]	[0] NA	rpoN/–	RNA polymerase factor sigma‑54/–	SRR8737545
('*', 'evidence/MC_SIDE_1_558.html')	('*', 'evidence/MC_SIDE_2_558.html')	('÷', 'evidence/MC_PLOT_558.html')	PA4796	1205	2268	1064	105 [101]	[0] NA	[N_A]	[N_A]	SRR8737545
('*', 'evidence/MC_SIDE_1_559.html')	('*', 'evidence/MC_SIDE_2_559.html')	('÷', 'evidence/MC_PLOT_559.html')	PA4848	1	208	208	NA [0]	[86] 87	–/accC	–/acetyl‑CoA carboxylase biotin carboxylase subunit	SRR8737545
('*', 'evidence/MC_SIDE_1_668.html')	('*', 'evidence/MC_SIDE_2_668.html')	('÷', 'evidence/MC_PLOT_668.html')	PA0313	2409	2493	85	27 [26]	[0] NA	N_A/–	L‑cysteine ABC transporter protein YecS/–	SRR8775058
('*', 'evidence/MC_SIDE_1_669.html')	('*', 'evidence/MC_SIDE_2_669.html')	('÷', 'evidence/MC_PLOT_669.html')	PA0366	1	52	52	NA [0]	[19] 27	–/N_A	–/coniferyl aldehyde dehydrogenase	SRR8775058
('*', 'evidence/MC_SIDE_1_670.html')	('*', 'evidence/MC_SIDE_2_670.html')	('÷', 'evidence/MC_PLOT_670.html')	PA0506	3564	3606	43	41 [39]	[0] NA	N_A/–	acyl‑CoA dehydrogenase/–	SRR8775058
('*', 'evidence/MC_SIDE_1_671.html')	('*', 'evidence/MC_SIDE_2_671.html')	('÷', 'evidence/MC_PLOT_671.html')	PA0707	1	102	102	NA [0]	[19] 20	–/toxR	–/transcriptional regulator ToxR	SRR8775058
('*', 'evidence/MC_SIDE_1_672.html')	('*', 'evidence/MC_SIDE_2_672.html')	('÷', 'evidence/MC_PLOT_672.html')	PA0707	2491	2580	90	20 [19]	[0] NA	toxR/–	transcriptional regulator ToxR/–	SRR8775058
('*', 'evidence/MC_SIDE_1_673.html')	('*', 'evidence/MC_SIDE_2_673.html')	('÷', 'evidence/MC_PLOT_673.html')	PA1097	1	626	626	NA [0]	[12] 14	–/fleQ	–/transcriptional regulator FleQ	SRR8775058
('*', 'evidence/MC_SIDE_1_674.html')	('*', 'evidence/MC_SIDE_2_674.html')	('÷', 'evidence/MC_PLOT_674.html')	PA1179	2458	2478	21	18 [16]	[0] NA	phoP/–	two‑component response regulator PhoP/–	SRR8775058
('*', 'evidence/MC_SIDE_1_675.html')	('*', 'evidence/MC_SIDE_2_675.html')	('÷', 'evidence/MC_PLOT_675.html')	PA1544	1	302	302	NA [0]	[19] 20	–/anr	–/transcriptional regulator Anr	SRR8775058
('*', 'evidence/MC_SIDE_1_676.html')	('*', 'evidence/MC_SIDE_2_676.html')	('÷', 'evidence/MC_PLOT_676.html')	PA1713	1	101	101	NA [0]	[22] 24	–/exsA	–/exoenzyme S transcriptional regulator ExsA	SRR8775058
('*', 'evidence/MC_SIDE_1_677.html')	('*', 'evidence/MC_SIDE_2_677.html')	('÷', 'evidence/MC_PLOT_677.html')	PA2020	1	85	85	NA [0]	[18] 20	–/N_A	–/transcriptional regulator	SRR8775058
('*', 'evidence/MC_SIDE_1_678.html')	('*', 'evidence/MC_SIDE_2_678.html')	('÷', 'evidence/MC_PLOT_678.html')	PA2312	1	30	30	NA [0]	[10] 12	–/N_A	–/transcriptional regulator	SRR8775058
('*', 'evidence/MC_SIDE_1_679.html')	('*', 'evidence/MC_SIDE_2_679.html')	('÷', 'evidence/MC_PLOT_679.html')	PA2312	2359	2382	24	11 [9]	[0] NA	N_A/–	transcriptional regulator/–	SRR8775058
('*', 'evidence/MC_SIDE_1_681.html')	('*', 'evidence/MC_SIDE_2_681.html')	('÷', 'evidence/MC_PLOT_681.html')	PA2491	1	1622–579	579–1622	NA [0]	[25] 27	[N_A]	[N_A]	SRR8775058
('*', 'evidence/MC_SIDE_1_682.html')	('*', 'evidence/MC_SIDE_2_682.html')	('÷', 'evidence/MC_PLOT_682.html')	PA2492	1	1593–1137	1137–1593	NA [0]	[20] 22	[mexT]	[mexT]	SRR8775058
('*', 'evidence/MC_SIDE_1_683.html')	('*', 'evidence/MC_SIDE_2_683.html')	('÷', 'evidence/MC_PLOT_683.html')	PA3476	1	1539–5	5–1539	NA [0]	[22] 24	rhlI	rhlI	SRR8775058
('*', 'evidence/MC_SIDE_1_684.html')	('*', 'evidence/MC_SIDE_2_684.html')	('÷', 'evidence/MC_PLOT_684.html')	PA3476	1772	1926	155	25 [23]	[23] 24	rhlI/–	acyl‑homoserine‑lactone synthase/–	SRR8775058
('*', 'evidence/MC_SIDE_1_685.html')	('*', 'evidence/MC_SIDE_2_685.html')	('÷', 'evidence/MC_PLOT_685.html')	PA3477	994–2517	2526	10–1533	37 [35]	[0] NA	[rhlR]	[rhlR]	SRR8775058
('*', 'evidence/MC_SIDE_1_686.html')	('*', 'evidence/MC_SIDE_2_686.html')	('÷', 'evidence/MC_PLOT_686.html')	PA3565	1	20	20	NA [0]	[5] 7	–/N_A	–/transcriptional regulator	SRR8775058
('*', 'evidence/MC_SIDE_1_687.html')	('*', 'evidence/MC_SIDE_2_687.html')	('÷', 'evidence/MC_PLOT_687.html')	PA3574	2335	2439	105	30 [28]	[0] NA	nalD/–	transcriptional regulator/–	SRR8775058
('*', 'evidence/MC_SIDE_1_688.html')	('*', 'evidence/MC_SIDE_2_688.html')	('÷', 'evidence/MC_PLOT_688.html')	PA3703	1	54	54	NA [0]	[23] 25	–/wspF	–/chemotaxis‑specific methylesterase	SRR8775058
('*', 'evidence/MC_SIDE_1_689.html')	('*', 'evidence/MC_SIDE_2_689.html')	('÷', 'evidence/MC_PLOT_689.html')	PA3817	1	76	76	NA [0]	[21] 22	–/N_A	–/methyltransferase	SRR8775058
('*', 'evidence/MC_SIDE_1_690.html')	('*', 'evidence/MC_SIDE_2_690.html')	('÷', 'evidence/MC_PLOT_690.html')	PA3817	2528	2574	47	24 [10]	[0] NA	N_A/–	methyltransferase/–	SRR8775058
('*', 'evidence/MC_SIDE_1_691.html')	('*', 'evidence/MC_SIDE_2_691.html')	('÷', 'evidence/MC_PLOT_691.html')	PA4420	1	103	103	NA [0]	[37] 38	–/N_A	–/S‑adenosyl‑methyltransferase MraW	SRR8775058
('*', 'evidence/MC_SIDE_1_692.html')	('*', 'evidence/MC_SIDE_2_692.html')	('÷', 'evidence/MC_PLOT_692.html')	PA4462	1	64	64	NA [0]	[14] 15	–/rpoN	–/RNA polymerase factor sigma‑54	SRR8775058
('*', 'evidence/MC_SIDE_1_693.html')	('*', 'evidence/MC_SIDE_2_693.html')	('÷', 'evidence/MC_PLOT_693.html')	PA4462	3245	3294	50	15 [14]	[0] NA	rpoN/–	RNA polymerase factor sigma‑54/–	SRR8775058
('*', 'evidence/MC_SIDE_1_694.html')	('*', 'evidence/MC_SIDE_2_694.html')	('÷', 'evidence/MC_PLOT_694.html')	PA4526	1	55	55	NA [0]	[0] 4	–/pilB	–/type 4 fimbrial biogenesis protein PilB	SRR8775058
('*', 'evidence/MC_SIDE_1_695.html')	('*', 'evidence/MC_SIDE_2_695.html')	('÷', 'evidence/MC_PLOT_695.html')	PA4526	118	1622	1505	4 [0]	[1] 5	[pilB]	[pilB]	SRR8775058
('*', 'evidence/MC_SIDE_1_696.html')	('*', 'evidence/MC_SIDE_2_696.html')	('÷', 'evidence/MC_PLOT_696.html')	PA4526	1812	1908	97	2 [1]	[1] 4	pilB	type 4 fimbrial biogenesis protein PilB	SRR8775058
('*', 'evidence/MC_SIDE_1_697.html')	('*', 'evidence/MC_SIDE_2_697.html')	('÷', 'evidence/MC_PLOT_697.html')	PA4526	2316	2415	100	4 [1]	[0] 2	pilB	type 4 fimbrial biogenesis protein PilB	SRR8775058
('*', 'evidence/MC_SIDE_1_698.html')	('*', 'evidence/MC_SIDE_2_698.html')	('÷', 'evidence/MC_PLOT_698.html')	PA4526	2625	3501	877	2 [1]	[0] NA	pilB/–	type 4 fimbrial biogenesis protein PilB/–	SRR8775058
('*', 'evidence/MC_SIDE_1_706.html')	('*', 'evidence/MC_SIDE_2_706.html')	('÷', 'evidence/MC_PLOT_706.html')	PA0425	1	138	138	NA [0]	[46] 47	–/mexA	–/multidrug resistance protein MexA	SRR8942500
('*', 'evidence/MC_SIDE_1_707.html')	('*', 'evidence/MC_SIDE_2_707.html')	('÷', 'evidence/MC_PLOT_707.html')	PA0506	3550	3606	57	35 [34]	[0] NA	N_A/–	acyl‑CoA dehydrogenase/–	SRR8942500
('*', 'evidence/MC_SIDE_1_708.html')	('*', 'evidence/MC_SIDE_2_708.html')	('÷', 'evidence/MC_PLOT_708.html')	PA1097	1	636	636	NA [0]	[28] 30	–/fleQ	–/transcriptional regulator FleQ	SRR8942500
('*', 'evidence/MC_SIDE_1_709.html')	('*', 'evidence/MC_SIDE_2_709.html')	('÷', 'evidence/MC_PLOT_709.html')	PA1333	1	55	55	NA [0]	[28] 32	–/N_A	–/hypothetical protein	SRR8942500
('*', 'evidence/MC_SIDE_1_710.html')	('*', 'evidence/MC_SIDE_2_710.html')	('÷', 'evidence/MC_PLOT_710.html')	PA1333	1918	2007	90	29 [27]	[0] NA	N_A/–	hypothetical protein/–	SRR8942500
('*', 'evidence/MC_SIDE_1_711.html')	('*', 'evidence/MC_SIDE_2_711.html')	('÷', 'evidence/MC_PLOT_711.html')	PA1430	1	105	105	NA [0]	[33] 34	–/lasR	–/transcriptional regulator LasR	SRR8942500
('*', 'evidence/MC_SIDE_1_712.html')	('*', 'evidence/MC_SIDE_2_712.html')	('÷', 'evidence/MC_PLOT_712.html')	PA1544	2477	2535	59	25 [23]	[0] NA	anr/–	transcriptional regulator Anr/–	SRR8942500
('*', 'evidence/MC_SIDE_1_713.html')	('*', 'evidence/MC_SIDE_2_713.html')	('÷', 'evidence/MC_PLOT_713.html')	PA2121	1	82	82	NA [0]	[24] 25	–/N_A	–/transcriptional regulator	SRR8942500
('*', 'evidence/MC_SIDE_1_714.html')	('*', 'evidence/MC_SIDE_2_714.html')	('÷', 'evidence/MC_PLOT_714.html')	PA2435	3738	3786	49	22 [21]	[0] NA	N_A/–	cation‑transporting P‑type ATPase/–	SRR8942500
('*', 'evidence/MC_SIDE_1_715.html')	('*', 'evidence/MC_SIDE_2_715.html')	('÷', 'evidence/MC_PLOT_715.html')	PA2491	1	1659–3	3–1659	NA [0]	[33] 35	[N_A]	[N_A]	SRR8942500
('*', 'evidence/MC_SIDE_1_716.html')	('*', 'evidence/MC_SIDE_2_716.html')	('÷', 'evidence/MC_PLOT_716.html')	PA2491	1879	2063	185	34 [33]	[33] 34	[N_A]	[N_A]	SRR8942500
('*', 'evidence/MC_SIDE_1_717.html')	('*', 'evidence/MC_SIDE_2_717.html')	('÷', 'evidence/MC_PLOT_717.html')	PA2492	1	1628–4	4–1628	NA [0]	[21] 22	[mexT]	[mexT]	SRR8942500
('*', 'evidence/MC_SIDE_1_718.html')	('*', 'evidence/MC_SIDE_2_718.html')	('÷', 'evidence/MC_PLOT_718.html')	PA2492	2794	2844	51	22 [21]	[0] NA	mexT/–	transcriptional regulator MexT/–	SRR8942500
('*', 'evidence/MC_SIDE_1_719.html')	('*', 'evidence/MC_SIDE_2_719.html')	('÷', 'evidence/MC_PLOT_719.html')	PA3217	604	803	200	34 [33]	[33] 34	–/cyaB	–/protein CyaB	SRR8942500
('*', 'evidence/MC_SIDE_1_720.html')	('*', 'evidence/MC_SIDE_2_720.html')	('÷', 'evidence/MC_PLOT_720.html')	PA3476	1	1507–3	3–1507	NA [0]	[14] 15	rhlI	rhlI	SRR8942500
('*', 'evidence/MC_SIDE_1_721.html')	('*', 'evidence/MC_SIDE_2_721.html')	('÷', 'evidence/MC_PLOT_721.html')	PA3476	1805	1867	63	17 [14]	[12] 16	rhlI/–	acyl‑homoserine‑lactone synthase/–	SRR8942500
('*', 'evidence/MC_SIDE_1_722.html')	('*', 'evidence/MC_SIDE_2_722.html')	('÷', 'evidence/MC_PLOT_722.html')	PA3476	2362	2406	45	17 [14]	[0] NA	rhlI/–	acyl‑homoserine‑lactone synthase/–	SRR8942500
('*', 'evidence/MC_SIDE_1_723.html')	('*', 'evidence/MC_SIDE_2_723.html')	('÷', 'evidence/MC_PLOT_723.html')	PA3477	986–2525	2526	2–1541	30 [26]	[0] NA	[rhlR]	[rhlR]	SRR8942500
('*', 'evidence/MC_SIDE_1_724.html')	('*', 'evidence/MC_SIDE_2_724.html')	('÷', 'evidence/MC_PLOT_724.html')	PA3565	1798	2170	373	25 [24]	[24] 25	[N_A]	[N_A]	SRR8942500
('*', 'evidence/MC_SIDE_1_725.html')	('*', 'evidence/MC_SIDE_2_725.html')	('÷', 'evidence/MC_PLOT_725.html')	PA3574	2379	2439	61	36 [34]	[0] NA	nalD/–	transcriptional regulator/–	SRR8942500
('*', 'evidence/MC_SIDE_1_726.html')	('*', 'evidence/MC_SIDE_2_726.html')	('÷', 'evidence/MC_PLOT_726.html')	PA3703	2561	2808	248	38 [36]	[0] NA	wspF/–	chemotaxis‑specific methylesterase/–	SRR8942500
('*', 'evidence/MC_SIDE_1_727.html')	('*', 'evidence/MC_SIDE_2_727.html')	('÷', 'evidence/MC_PLOT_727.html')	PA3817	2497	2574	78	23 [21]	[0] NA	N_A/–	methyltransferase/–	SRR8942500
('*', 'evidence/MC_SIDE_1_728.html')	('*', 'evidence/MC_SIDE_2_728.html')	('÷', 'evidence/MC_PLOT_728.html')	PA4526	151	1674	1524	2 [0]	[1] 2	[pilB]	[pilB]	SRR8942500
('*', 'evidence/MC_SIDE_1_729.html')	('*', 'evidence/MC_SIDE_2_729.html')	('÷', 'evidence/MC_PLOT_729.html')	PA4526	1835	1918	84	2 [1]	[1] 2	pilB	type 4 fimbrial biogenesis protein PilB	SRR8942500
('*', 'evidence/MC_SIDE_1_730.html')	('*', 'evidence/MC_SIDE_2_730.html')	('÷', 'evidence/MC_PLOT_730.html')	PA4526	2292	2346	55	3 [1]	[1] 2	pilB	type 4 fimbrial biogenesis protein PilB	SRR8942500
('*', 'evidence/MC_SIDE_1_731.html')	('*', 'evidence/MC_SIDE_2_731.html')	('÷', 'evidence/MC_PLOT_731.html')	PA4526	2645	3501	857	2 [1]	[0] NA	pilB/–	type 4 fimbrial biogenesis protein PilB/–	SRR8942500
('*', 'evidence/MC_SIDE_1_732.html')	('*', 'evidence/MC_SIDE_2_732.html')	('÷', 'evidence/MC_PLOT_732.html')	PA4796	1	68	68	NA [0]	[17] 19	–/N_A	–/hypothetical protein	SRR8942500
('*', 'evidence/MC_SIDE_1_733.html')	('*', 'evidence/MC_SIDE_2_733.html')	('÷', 'evidence/MC_PLOT_733.html')	PA4796	1391	2268	878	19 [16]	[0] NA	N_A/–	hypothetical protein/–	SRR8942500
('*', 'evidence/MC_SIDE_1_734.html')	('*', 'evidence/MC_SIDE_2_734.html')	('÷', 'evidence/MC_PLOT_734.html')	PA4848	2246	3150	905	27 [25]	[0] NA	[accC]	[accC]	SRR8942500
('*', 'evidence/MC_SIDE_1_499.html')	('*', 'evidence/MC_SIDE_2_499.html')	('÷', 'evidence/MC_PLOT_499.html')	PA0313	2296	2493	198	42 [40]	[0] NA	N_A/–	L‑cysteine ABC transporter protein YecS/–	SRR9031856
('*', 'evidence/MC_SIDE_1_500.html')	('*', 'evidence/MC_SIDE_2_500.html')	('÷', 'evidence/MC_PLOT_500.html')	PA0366	1	131	131	NA [0]	[34] 35	–/N_A	–/coniferyl aldehyde dehydrogenase	SRR9031856
('*', 'evidence/MC_SIDE_1_501.html')	('*', 'evidence/MC_SIDE_2_501.html')	('÷', 'evidence/MC_PLOT_501.html')	PA0366	3066	3231	166	35 [34]	[0] NA	N_A/–	coniferyl aldehyde dehydrogenase/–	SRR9031856
('*', 'evidence/MC_SIDE_1_502.html')	('*', 'evidence/MC_SIDE_2_502.html')	('÷', 'evidence/MC_PLOT_502.html')	PA0506	3444	3606	163	46 [44]	[0] NA	N_A/–	acyl‑CoA dehydrogenase/–	SRR9031856
('*', 'evidence/MC_SIDE_1_503.html')	('*', 'evidence/MC_SIDE_2_503.html')	('÷', 'evidence/MC_PLOT_503.html')	PA0652	2292	2445	154	29 [28]	[0] NA	vfr/–	cAMP‑regulatory protein/–	SRR9031856
('*', 'evidence/MC_SIDE_1_504.html')	('*', 'evidence/MC_SIDE_2_504.html')	('÷', 'evidence/MC_PLOT_504.html')	PA0707	1	374	374	NA [0]	[29] 30	–/toxR	–/transcriptional regulator ToxR	SRR9031856
('*', 'evidence/MC_SIDE_1_505.html')	('*', 'evidence/MC_SIDE_2_505.html')	('÷', 'evidence/MC_PLOT_505.html')	PA0707	1875	2580	706	30 [29]	[0] NA	toxR/–	transcriptional regulator ToxR/–	SRR9031856
('*', 'evidence/MC_SIDE_1_506.html')	('*', 'evidence/MC_SIDE_2_506.html')	('÷', 'evidence/MC_PLOT_506.html')	PA0997	2507	2652	146	25 [24]	[0] NA	pqsB/–	hypothetical protein/–	SRR9031856
('*', 'evidence/MC_SIDE_1_507.html')	('*', 'evidence/MC_SIDE_2_507.html')	('÷', 'evidence/MC_PLOT_507.html')	PA1097	1	678	678	NA [0]	[31] 33	–/fleQ	–/transcriptional regulator FleQ	SRR9031856
('*', 'evidence/MC_SIDE_1_508.html')	('*', 'evidence/MC_SIDE_2_508.html')	('÷', 'evidence/MC_PLOT_508.html')	PA1333	1	132	132	NA [0]	[23] 24	–/N_A	–/hypothetical protein	SRR9031856
('*', 'evidence/MC_SIDE_1_509.html')	('*', 'evidence/MC_SIDE_2_509.html')	('÷', 'evidence/MC_PLOT_509.html')	PA1333	1904	2007	104	24 [23]	[0] NA	N_A/–	hypothetical protein/–	SRR9031856
('*', 'evidence/MC_SIDE_1_510.html')	('*', 'evidence/MC_SIDE_2_510.html')	('÷', 'evidence/MC_PLOT_510.html')	PA1430	2340	2520	181	55 [54]	[0] NA	lasR/–	transcriptional regulator LasR/–	SRR9031856
('*', 'evidence/MC_SIDE_1_511.html')	('*', 'evidence/MC_SIDE_2_511.html')	('÷', 'evidence/MC_PLOT_511.html')	PA1544	1	191	191	NA [0]	[37] 38	–/anr	–/transcriptional regulator Anr	SRR9031856
('*', 'evidence/MC_SIDE_1_512.html')	('*', 'evidence/MC_SIDE_2_512.html')	('÷', 'evidence/MC_PLOT_512.html')	PA1713	1	279	279	NA [0]	[33] 34	–/exsA	–/exoenzyme S transcriptional regulator ExsA	SRR9031856
('*', 'evidence/MC_SIDE_1_513.html')	('*', 'evidence/MC_SIDE_2_513.html')	('÷', 'evidence/MC_PLOT_513.html')	PA2020	1	173	173	NA [0]	[33] 34	–/N_A	–/transcriptional regulator	SRR9031856
('*', 'evidence/MC_SIDE_1_514.html')	('*', 'evidence/MC_SIDE_2_514.html')	('÷', 'evidence/MC_PLOT_514.html')	PA2020	2282	2433	152	34 [32]	[0] NA	N_A/–	transcriptional regulator/–	SRR9031856
('*', 'evidence/MC_SIDE_1_515.html')	('*', 'evidence/MC_SIDE_2_515.html')	('÷', 'evidence/MC_PLOT_515.html')	PA2121	1	142	142	NA [0]	[35] 36	–/N_A	–/transcriptional regulator	SRR9031856
('*', 'evidence/MC_SIDE_1_516.html')	('*', 'evidence/MC_SIDE_2_516.html')	('÷', 'evidence/MC_PLOT_516.html')	PA2312	1	77	77	NA [0]	[15] 16	–/N_A	–/transcriptional regulator	SRR9031856
('*', 'evidence/MC_SIDE_1_517.html')	('*', 'evidence/MC_SIDE_2_517.html')	('÷', 'evidence/MC_PLOT_517.html')	PA2312	1996	2382	387	16 [15]	[0] NA	N_A/–	transcriptional regulator/–	SRR9031856
('*', 'evidence/MC_SIDE_1_518.html')	('*', 'evidence/MC_SIDE_2_518.html')	('÷', 'evidence/MC_PLOT_518.html')	PA2491	1	1454–39	39–1454	NA [0]	[9] 10	[N_A]	[N_A]	SRR9031856
('*', 'evidence/MC_SIDE_1_519.html')	('*', 'evidence/MC_SIDE_2_519.html')	('÷', 'evidence/MC_PLOT_519.html')	PA2492	1	1461–12	12–1461	NA [0]	[5] 6	[mexT]	[mexT]	SRR9031856
('*', 'evidence/MC_SIDE_1_520.html')	('*', 'evidence/MC_SIDE_2_520.html')	('÷', 'evidence/MC_PLOT_520.html')	PA2492	1794	2027	234	6 [5]	[5] 6	[mexT]	[mexT]	SRR9031856
('*', 'evidence/MC_SIDE_1_521.html')	('*', 'evidence/MC_SIDE_2_521.html')	('÷', 'evidence/MC_PLOT_521.html')	PA2492	2821	2844	24	6 [4]	[0] NA	mexT/–	transcriptional regulator MexT/–	SRR9031856
('*', 'evidence/MC_SIDE_1_522.html')	('*', 'evidence/MC_SIDE_2_522.html')	('÷', 'evidence/MC_PLOT_522.html')	PA3217	1	216	216	NA [0]	[51] 52	–/cyaB	–/protein CyaB	SRR9031856
('*', 'evidence/MC_SIDE_1_523.html')	('*', 'evidence/MC_SIDE_2_523.html')	('÷', 'evidence/MC_PLOT_523.html')	PA3476	1	1327–1118	1118–1327	NA [0]	[1] 2	[rhlI]	[rhlI]	SRR9031856
('*', 'evidence/MC_SIDE_1_524.html')	('*', 'evidence/MC_SIDE_2_524.html')	('÷', 'evidence/MC_PLOT_524.html')	PA3476	1831	1856	26	2 [1]	[1] 2	rhlI/–	acyl‑homoserine‑lactone synthase/–	SRR9031856
('*', 'evidence/MC_SIDE_1_525.html')	('*', 'evidence/MC_SIDE_2_525.html')	('÷', 'evidence/MC_PLOT_525.html')	PA3477	1033–1626	2526	901–1494	34 [33]	[0] NA	[rhlR]	[rhlR]	SRR9031856
('*', 'evidence/MC_SIDE_1_526.html')	('*', 'evidence/MC_SIDE_2_526.html')	('÷', 'evidence/MC_PLOT_526.html')	PA3565	1213	2215	1003	29 [28]	[28] 29	[N_A]	[N_A]	SRR9031856
('*', 'evidence/MC_SIDE_1_527.html')	('*', 'evidence/MC_SIDE_2_527.html')	('÷', 'evidence/MC_PLOT_527.html')	PA3565	2634	2721	88	29 [28]	[0] NA	N_A/–	transcriptional regulator/–	SRR9031856
('*', 'evidence/MC_SIDE_1_528.html')	('*', 'evidence/MC_SIDE_2_528.html')	('÷', 'evidence/MC_PLOT_528.html')	PA3574	1	136	136	NA [0]	[32] 33	–/nalD	–/transcriptional regulator	SRR9031856
('*', 'evidence/MC_SIDE_1_529.html')	('*', 'evidence/MC_SIDE_2_529.html')	('÷', 'evidence/MC_PLOT_529.html')	PA3703	1	201	201	NA [0]	[46] 47	–/wspF	–/chemotaxis‑specific methylesterase	SRR9031856
('*', 'evidence/MC_SIDE_1_530.html')	('*', 'evidence/MC_SIDE_2_530.html')	('÷', 'evidence/MC_PLOT_530.html')	PA4420	1320	1588	269	37 [35]	[36] 37	N_A	S‑adenosyl‑methyltransferase MraW	SRR9031856
('*', 'evidence/MC_SIDE_1_531.html')	('*', 'evidence/MC_SIDE_2_531.html')	('÷', 'evidence/MC_PLOT_531.html')	PA4462	1	213	213	NA [0]	[40] 41	–/rpoN	–/RNA polymerase factor sigma‑54	SRR9031856
('*', 'evidence/MC_SIDE_1_532.html')	('*', 'evidence/MC_SIDE_2_532.html')	('÷', 'evidence/MC_PLOT_532.html')	PA4462	3126	3294	169	41 [40]	[0] NA	rpoN/–	RNA polymerase factor sigma‑54/–	SRR9031856
('*', 'evidence/MC_SIDE_1_533.html')	('*', 'evidence/MC_SIDE_2_533.html')	('÷', 'evidence/MC_PLOT_533.html')	PA4522	1637	1712	76	11 [10]	[10] 11	ampD/–	N‑acetyl‑anhydromuranmyl‑L‑alanine amidase/–	SRR9031856
('*', 'evidence/MC_SIDE_1_534.html')	('*', 'evidence/MC_SIDE_2_534.html')	('÷', 'evidence/MC_PLOT_534.html')	PA4522	2338	2367	30	11 [10]	[0] NA	ampD/–	N‑acetyl‑anhydromuranmyl‑L‑alanine amidase/–	SRR9031856
('*', 'evidence/MC_SIDE_1_536.html')	('*', 'evidence/MC_SIDE_2_536.html')	('÷', 'evidence/MC_PLOT_536.html')	PA4796	1316	2268	953	27 [26]	[0] NA	[N_A]	[N_A]	SRR9031856
('*', 'evidence/MC_SIDE_1_537.html')	('*', 'evidence/MC_SIDE_2_537.html')	('÷', 'evidence/MC_PLOT_537.html')	PA4848	1	200	200	NA [0]	[49] 51	–/accC	–/acetyl‑CoA carboxylase biotin carboxylase subunit	SRR9031856
('*', 'evidence/MC_SIDE_1_538.html')	('*', 'evidence/MC_SIDE_2_538.html')	('÷', 'evidence/MC_PLOT_538.html')	PA4848	2989	3150	162	50 [49]	[0] NA	accC/–	acetyl‑CoA carboxylase biotin carboxylase subunit/–	SRR9031856
('*', 'evidence/MC_SIDE_1_755.html')	('*', 'evidence/MC_SIDE_2_755.html')	('÷', 'evidence/MC_PLOT_755.html')	PA1097	1	630	630	NA [0]	[109] 117	–/fleQ	–/transcriptional regulator FleQ	SRR9642603
('*', 'evidence/MC_SIDE_1_756.html')	('*', 'evidence/MC_SIDE_2_756.html')	('÷', 'evidence/MC_PLOT_756.html')	PA2312	2119	2382	264	116 [84]	[0] NA	N_A/–	transcriptional regulator/–	SRR9642603
('*', 'evidence/MC_SIDE_1_757.html')	('*', 'evidence/MC_SIDE_2_757.html')	('÷', 'evidence/MC_PLOT_757.html')	PA2491	1928	2025	98	90 [88]	[85] 90	N_A/–	oxidoreductase/–	SRR9642603
('*', 'evidence/MC_SIDE_1_758.html')	('*', 'evidence/MC_SIDE_2_758.html')	('÷', 'evidence/MC_PLOT_758.html')	PA2492	1	1675–2	2–1675	NA [0]	[73] 75	[mexT]	[mexT]	SRR9642603
('*', 'evidence/MC_SIDE_1_759.html')	('*', 'evidence/MC_SIDE_2_759.html')	('÷', 'evidence/MC_PLOT_759.html')	PA3476	1	1618–2	2–1618	NA [0]	[128] 131	rhlI	rhlI	SRR9642603
('*', 'evidence/MC_SIDE_1_760.html')	('*', 'evidence/MC_SIDE_2_760.html')	('÷', 'evidence/MC_PLOT_760.html')	PA3565	1863	2111	249	92 [64]	[57] 88	N_A/–	transcriptional regulator/–	SRR9642603
('*', 'evidence/MC_SIDE_1_761.html')	('*', 'evidence/MC_SIDE_2_761.html')	('÷', 'evidence/MC_PLOT_761.html')	PA4526	1	6	6	NA [0]	[15] 37	–/pilB	–/type 4 fimbrial biogenesis protein PilB	SRR9642603
('*', 'evidence/MC_SIDE_1_762.html')	('*', 'evidence/MC_SIDE_2_762.html')	('÷', 'evidence/MC_PLOT_762.html')	PA4526	149	1498	1350	30 [28]	[16] 41	[pilB]	[pilB]	SRR9642603
('*', 'evidence/MC_SIDE_1_763.html')	('*', 'evidence/MC_SIDE_2_763.html')	('÷', 'evidence/MC_PLOT_763.html')	PA4526	2323	2430	108	30 [26]	[27] 40	pilB	type 4 fimbrial biogenesis protein PilB	SRR9642603
('*', 'evidence/MC_SIDE_1_764.html')	('*', 'evidence/MC_SIDE_2_764.html')	('÷', 'evidence/MC_PLOT_764.html')	PA4526	2619	3501	883	30 [29]	[0] NA	pilB/–	type 4 fimbrial biogenesis protein PilB/–	SRR9642603
('*', 'evidence/MC_SIDE_1_765.html')	('*', 'evidence/MC_SIDE_2_765.html')	('÷', 'evidence/MC_PLOT_765.html')	PA4796	1382	2268	887	124 [121]	[0] NA	N_A/–	hypothetical protein/–	SRR9642603
('*', 'evidence/MC_SIDE_1_766.html')	('*', 'evidence/MC_SIDE_2_766.html')	('÷', 'evidence/MC_PLOT_766.html')	PA4848	1	38	38	NA [0]	[117] 130	–/accC	–/acetyl‑CoA carboxylase biotin carboxylase subunit	SRR9642603
('*', 'evidence/MC_SIDE_1_554.html')	('*', 'evidence/MC_SIDE_2_554.html')	('÷', 'evidence/MC_PLOT_554.html')	PA0366	3212	3231	20	3 [1]	[0] NA	N_A/–	coniferyl aldehyde dehydrogenase/–	SRR9670643
('*', 'evidence/MC_SIDE_1_555.html')	('*', 'evidence/MC_SIDE_2_555.html')	('÷', 'evidence/MC_PLOT_555.html')	PA0506	3589	3606	18	2 [1]	[0] NA	N_A/–	acyl‑CoA dehydrogenase/–	SRR9670643
('*', 'evidence/MC_SIDE_1_556.html')	('*', 'evidence/MC_SIDE_2_556.html')	('÷', 'evidence/MC_PLOT_556.html')	PA0652	1	1	1	NA [0]	[0] 4	–/vfr	–/cAMP‑regulatory protein	SRR9670643
('*', 'evidence/MC_SIDE_1_557.html')	('*', 'evidence/MC_SIDE_2_557.html')	('÷', 'evidence/MC_PLOT_557.html')	PA0652	139	157	19	2 [0]	[0] 2	–/vfr	–/cAMP‑regulatory protein	SRR9670643
('*', 'evidence/MC_SIDE_1_558.html')	('*', 'evidence/MC_SIDE_2_558.html')	('÷', 'evidence/MC_PLOT_558.html')	PA0707	1	23	23	NA [0]	[1] 2	–/toxR	–/transcriptional regulator ToxR	SRR9670643
('*', 'evidence/MC_SIDE_1_559.html')	('*', 'evidence/MC_SIDE_2_559.html')	('÷', 'evidence/MC_PLOT_559.html')	PA0707	834	849	16	2 [0]	[0] 2	–/toxR	–/transcriptional regulator ToxR	SRR9670643
('*', 'evidence/MC_SIDE_1_560.html')	('*', 'evidence/MC_SIDE_2_560.html')	('÷', 'evidence/MC_PLOT_560.html')	PA0707	1248	1334	87	3 [1]	[1] 3	toxR	transcriptional regulator ToxR	SRR9670643
('*', 'evidence/MC_SIDE_1_561.html')	('*', 'evidence/MC_SIDE_2_561.html')	('÷', 'evidence/MC_PLOT_561.html')	PA0997	1	60	60	NA [0]	[6] 8	–/pqsB	–/hypothetical protein	SRR9670643
('*', 'evidence/MC_SIDE_1_562.html')	('*', 'evidence/MC_SIDE_2_562.html')	('÷', 'evidence/MC_PLOT_562.html')	PA1097	3203	3273	71	24 [22]	[0] NA	fleQ/–	transcriptional regulator FleQ/–	SRR9670643
('*', 'evidence/MC_SIDE_1_563.html')	('*', 'evidence/MC_SIDE_2_563.html')	('÷', 'evidence/MC_PLOT_563.html')	PA1179	1	187	187	NA [0]	[40] 73	–/phoP	–/two‑component response regulator PhoP	SRR9670643
('*', 'evidence/MC_SIDE_1_564.html')	('*', 'evidence/MC_SIDE_2_564.html')	('÷', 'evidence/MC_PLOT_564.html')	PA1333	1	227	227	NA [0]	[3] 4	–/N_A	–/hypothetical protein	SRR9670643
('*', 'evidence/MC_SIDE_1_565.html')	('*', 'evidence/MC_SIDE_2_565.html')	('÷', 'evidence/MC_PLOT_565.html')	PA1333	353	375	23	4 [2]	[3] 6	–/N_A	–/hypothetical protein	SRR9670643
('*', 'evidence/MC_SIDE_1_566.html')	('*', 'evidence/MC_SIDE_2_566.html')	('÷', 'evidence/MC_PLOT_566.html')	PA1333	1829	1864	36	4 [3]	[3] 4	N_A/–	hypothetical protein/–	SRR9670643
('*', 'evidence/MC_SIDE_1_567.html')	('*', 'evidence/MC_SIDE_2_567.html')	('÷', 'evidence/MC_PLOT_567.html')	PA1333	1987	2007	21	4 [3]	[0] NA	N_A/–	hypothetical protein/–	SRR9670643
('*', 'evidence/MC_SIDE_1_568.html')	('*', 'evidence/MC_SIDE_2_568.html')	('÷', 'evidence/MC_PLOT_568.html')	PA1544	2478	2535	58	11 [9]	[0] NA	anr/–	transcriptional regulator Anr/–	SRR9670643
('*', 'evidence/MC_SIDE_1_569.html')	('*', 'evidence/MC_SIDE_2_569.html')	('÷', 'evidence/MC_PLOT_569.html')	PA1713	2623	2637	15	5 [1]	[0] NA	exsA/–	exoenzyme S transcriptional regulator ExsA/–	SRR9670643
('*', 'evidence/MC_SIDE_1_570.html')	('*', 'evidence/MC_SIDE_2_570.html')	('÷', 'evidence/MC_PLOT_570.html')	PA2020	2019	2126	108	2 [1]	[0] 2	N_A/–	transcriptional regulator/–	SRR9670643
('*', 'evidence/MC_SIDE_1_571.html')	('*', 'evidence/MC_SIDE_2_571.html')	('÷', 'evidence/MC_PLOT_571.html')	PA2020	2414	2433	20	3 [1]	[0] NA	N_A/–	transcriptional regulator/–	SRR9670643
('*', 'evidence/MC_SIDE_1_572.html')	('*', 'evidence/MC_SIDE_2_572.html')	('÷', 'evidence/MC_PLOT_572.html')	PA2121	349	558	210	3 [1]	[2] 3	–/N_A	–/transcriptional regulator	SRR9670643
('*', 'evidence/MC_SIDE_1_573.html')	('*', 'evidence/MC_SIDE_2_573.html')	('÷', 'evidence/MC_PLOT_573.html')	PA2121	2673	2706	34	3 [1]	[0] NA	N_A/–	transcriptional regulator/–	SRR9670643
('*', 'evidence/MC_SIDE_1_574.html')	('*', 'evidence/MC_SIDE_2_574.html')	('÷', 'evidence/MC_PLOT_574.html')	PA2312	491	518	28	2 [0]	[0] 2	–/N_A	–/transcriptional regulator	SRR9670643
('*', 'evidence/MC_SIDE_1_575.html')	('*', 'evidence/MC_SIDE_2_575.html')	('÷', 'evidence/MC_PLOT_575.html')	PA2312	642	674	33	2 [0]	[1] 2	–/N_A	–/transcriptional regulator	SRR9670643
('*', 'evidence/MC_SIDE_1_576.html')	('*', 'evidence/MC_SIDE_2_576.html')	('÷', 'evidence/MC_PLOT_576.html')	PA2312	2323	2382	60	3 [1]	[0] NA	N_A/–	transcriptional regulator/–	SRR9670643
('*', 'evidence/MC_SIDE_1_577.html')	('*', 'evidence/MC_SIDE_2_577.html')	('÷', 'evidence/MC_PLOT_577.html')	PA2435	1	154	154	NA [0]	[8] 9	–/N_A	–/cation‑transporting P‑type ATPase	SRR9670643
('*', 'evidence/MC_SIDE_1_578.html')	('*', 'evidence/MC_SIDE_2_578.html')	('÷', 'evidence/MC_PLOT_578.html')	PA2491	1	1590–10	10–1590	NA [0]	[10] 11	[N_A]	[N_A]	SRR9670643
('*', 'evidence/MC_SIDE_1_579.html')	('*', 'evidence/MC_SIDE_2_579.html')	('÷', 'evidence/MC_PLOT_579.html')	PA2491	2668	2820	153	11 [10]	[0] NA	N_A/–	oxidoreductase/–	SRR9670643
('*', 'evidence/MC_SIDE_1_580.html')	('*', 'evidence/MC_SIDE_2_580.html')	('÷', 'evidence/MC_PLOT_580.html')	PA2492	2755	2844	90	3 [1]	[0] NA	mexT/–	transcriptional regulator MexT/–	SRR9670643
('*', 'evidence/MC_SIDE_1_581.html')	('*', 'evidence/MC_SIDE_2_581.html')	('÷', 'evidence/MC_PLOT_581.html')	PA3217	2799	2915	117	2 [0]	[1] 3	cyaB/–	protein CyaB/–	SRR9670643
('*', 'evidence/MC_SIDE_1_582.html')	('*', 'evidence/MC_SIDE_2_582.html')	('÷', 'evidence/MC_PLOT_582.html')	PA3217	3018	3192	175	2 [0]	[0] NA	cyaB/–	protein CyaB/–	SRR9670643
('*', 'evidence/MC_SIDE_1_583.html')	('*', 'evidence/MC_SIDE_2_583.html')	('÷', 'evidence/MC_PLOT_583.html')	PA3477	1024–2520	2526	7–1503	26 [23]	[0] NA	[rhlR]	[rhlR]	SRR9670643
('*', 'evidence/MC_SIDE_1_584.html')	('*', 'evidence/MC_SIDE_2_584.html')	('÷', 'evidence/MC_PLOT_584.html')	PA3565	1	16	16	NA [0]	[1] 4	–/N_A	–/transcriptional regulator	SRR9670643
('*', 'evidence/MC_SIDE_1_585.html')	('*', 'evidence/MC_SIDE_2_585.html')	('÷', 'evidence/MC_PLOT_585.html')	PA3565	1297	1364	68	5 [3]	[3] 4	N_A	transcriptional regulator	SRR9670643
('*', 'evidence/MC_SIDE_1_586.html')	('*', 'evidence/MC_SIDE_2_586.html')	('÷', 'evidence/MC_PLOT_586.html')	PA3574	331	341	11	2 [1]	[0] 3	–/nalD	–/transcriptional regulator	SRR9670643
('*', 'evidence/MC_SIDE_1_587.html')	('*', 'evidence/MC_SIDE_2_587.html')	('÷', 'evidence/MC_PLOT_587.html')	PA3574	2436	2439	4	3 [0]	[0] NA	nalD/–	transcriptional regulator/–	SRR9670643
('*', 'evidence/MC_SIDE_1_588.html')	('*', 'evidence/MC_SIDE_2_588.html')	('÷', 'evidence/MC_PLOT_588.html')	PA3817	1	54	54	NA [0]	[8] 10	–/N_A	–/methyltransferase	SRR9670643
('*', 'evidence/MC_SIDE_1_589.html')	('*', 'evidence/MC_SIDE_2_589.html')	('÷', 'evidence/MC_PLOT_589.html')	PA4420	123	418	296	217 [42]	[191] 199	–/N_A	–/S‑adenosyl‑methyltransferase MraW	SRR9670643
('*', 'evidence/MC_SIDE_1_590.html')	('*', 'evidence/MC_SIDE_2_590.html')	('÷', 'evidence/MC_PLOT_590.html')	PA4522	1	20	20	NA [0]	[17] 20	–/ampD	–/N‑acetyl‑anhydromuranmyl‑L‑alanine amidase	SRR9670643
('*', 'evidence/MC_SIDE_1_591.html')	('*', 'evidence/MC_SIDE_2_591.html')	('÷', 'evidence/MC_PLOT_591.html')	PA4526	1	1637	1637	NA [0]	[9] 11	[pilB]	[pilB]	SRR9670643
('*', 'evidence/MC_SIDE_1_592.html')	('*', 'evidence/MC_SIDE_2_592.html')	('÷', 'evidence/MC_PLOT_592.html')	PA4526	2319	2415	97	10 [8]	[8] 10	pilB	type 4 fimbrial biogenesis protein PilB	SRR9670643
('*', 'evidence/MC_SIDE_1_593.html')	('*', 'evidence/MC_SIDE_2_593.html')	('÷', 'evidence/MC_PLOT_593.html')	PA4526	2625	3501	877	22 [9]	[0] NA	pilB/–	type 4 fimbrial biogenesis protein PilB/–	SRR9670643
('*', 'evidence/MC_SIDE_1_594.html')	('*', 'evidence/MC_SIDE_2_594.html')	('÷', 'evidence/MC_PLOT_594.html')	PA4796	1387	2268	882	8 [7]	[0] NA	N_A/–	hypothetical protein/–	SRR9670643
('*', 'evidence/MC_SIDE_1_595.html')	('*', 'evidence/MC_SIDE_2_595.html')	('÷', 'evidence/MC_PLOT_595.html')	PA4848	2171	3150	980	176 [117]	[2] NA	[accC]	[accC]	SRR9670643
('*', 'evidence/MC_SIDE_1_996.html')	('*', 'evidence/MC_SIDE_2_996.html')	('÷', 'evidence/MC_PLOT_996.html')	PA0313	1	88	88	NA [0]	[9] 10	–/N_A	–/L‑cysteine ABC transporter protein YecS	SRR9673758
('*', 'evidence/MC_SIDE_1_997.html')	('*', 'evidence/MC_SIDE_2_997.html')	('÷', 'evidence/MC_PLOT_997.html')	PA0313	1635	1671	37	10 [8]	[9] 13	N_A/–	L‑cysteine ABC transporter protein YecS/–	SRR9673758
('*', 'evidence/MC_SIDE_1_998.html')	('*', 'evidence/MC_SIDE_2_998.html')	('÷', 'evidence/MC_PLOT_998.html')	PA0313	2241	2362	122	10 [9]	[8] 10	N_A/–	L‑cysteine ABC transporter protein YecS/–	SRR9673758
('*', 'evidence/MC_SIDE_1_999.html')	('*', 'evidence/MC_SIDE_2_999.html')	('÷', 'evidence/MC_PLOT_999.html')	PA0313	2386	2493	108	10 [7]	[0] NA	N_A/–	L‑cysteine ABC transporter protein YecS/–	SRR9673758
('*', 'evidence/MC_SIDE_1_1000.html')	('*', 'evidence/MC_SIDE_2_1000.html')	('÷', 'evidence/MC_PLOT_1000.html')	PA0366	1	11	11	NA [0]	[2] 3	–/N_A	–/coniferyl aldehyde dehydrogenase	SRR9673758
('*', 'evidence/MC_SIDE_1_1001.html')	('*', 'evidence/MC_SIDE_2_1001.html')	('÷', 'evidence/MC_PLOT_1001.html')	PA0506	2751	3606	856	20 [15]	[0] NA	N_A/–	acyl‑CoA dehydrogenase/–	SRR9673758
('*', 'evidence/MC_SIDE_1_1002.html')	('*', 'evidence/MC_SIDE_2_1002.html')	('÷', 'evidence/MC_PLOT_1002.html')	PA0652	2402	2445	44	8 [6]	[0] NA	vfr/–	cAMP‑regulatory protein/–	SRR9673758
('*', 'evidence/MC_SIDE_1_1003.html')	('*', 'evidence/MC_SIDE_2_1003.html')	('÷', 'evidence/MC_PLOT_1003.html')	PA0707	1	86	86	NA [0]	[1] 2	–/toxR	–/transcriptional regulator ToxR	SRR9673758
('*', 'evidence/MC_SIDE_1_1004.html')	('*', 'evidence/MC_SIDE_2_1004.html')	('÷', 'evidence/MC_PLOT_1004.html')	PA0707	720	747	28	2 [1]	[1] 2	–/toxR	–/transcriptional regulator ToxR	SRR9673758
('*', 'evidence/MC_SIDE_1_1005.html')	('*', 'evidence/MC_SIDE_2_1005.html')	('÷', 'evidence/MC_PLOT_1005.html')	PA0707	1172	1457	286	2 [1]	[1] 3	toxR	transcriptional regulator ToxR	SRR9673758
('*', 'evidence/MC_SIDE_1_1006.html')	('*', 'evidence/MC_SIDE_2_1006.html')	('÷', 'evidence/MC_PLOT_1006.html')	PA0707	1642	1759	118	2 [0]	[1] 2	[toxR]	[toxR]	SRR9673758
('*', 'evidence/MC_SIDE_1_1007.html')	('*', 'evidence/MC_SIDE_2_1007.html')	('÷', 'evidence/MC_PLOT_1007.html')	PA0997	1	20	20	NA [0]	[0] 3	–/pqsB	–/hypothetical protein	SRR9673758
('*', 'evidence/MC_SIDE_1_1008.html')	('*', 'evidence/MC_SIDE_2_1008.html')	('÷', 'evidence/MC_PLOT_1008.html')	PA0997	2638	2652	15	2 [0]	[0] NA	pqsB/–	hypothetical protein/–	SRR9673758
('*', 'evidence/MC_SIDE_1_1009.html')	('*', 'evidence/MC_SIDE_2_1009.html')	('÷', 'evidence/MC_PLOT_1009.html')	PA1097	682	845	164	30 [23]	[23] 25	–/fleQ	–/transcriptional regulator FleQ	SRR9673758
('*', 'evidence/MC_SIDE_1_1010.html')	('*', 'evidence/MC_SIDE_2_1010.html')	('÷', 'evidence/MC_PLOT_1010.html')	PA1179	1	200	200	NA [0]	[204] 239	–/phoP	–/two‑component response regulator PhoP	SRR9673758
('*', 'evidence/MC_SIDE_1_1011.html')	('*', 'evidence/MC_SIDE_2_1011.html')	('÷', 'evidence/MC_PLOT_1011.html')	PA1179	1465	2478	1014	227 [187]	[0] NA	[phoP]	[phoP]	SRR9673758
('*', 'evidence/MC_SIDE_1_1012.html')	('*', 'evidence/MC_SIDE_2_1012.html')	('÷', 'evidence/MC_PLOT_1012.html')	PA1333	1	90	90	NA [0]	[2] 3	–/N_A	–/hypothetical protein	SRR9673758
('*', 'evidence/MC_SIDE_1_1013.html')	('*', 'evidence/MC_SIDE_2_1013.html')	('÷', 'evidence/MC_PLOT_1013.html')	PA1333	1886	2007	122	3 [2]	[0] NA	N_A/–	hypothetical protein/–	SRR9673758
('*', 'evidence/MC_SIDE_1_1014.html')	('*', 'evidence/MC_SIDE_2_1014.html')	('÷', 'evidence/MC_PLOT_1014.html')	PA1544	667	882	216	10 [8]	[8] 12	–/anr	–/transcriptional regulator Anr	SRR9673758
('*', 'evidence/MC_SIDE_1_1015.html')	('*', 'evidence/MC_SIDE_2_1015.html')	('÷', 'evidence/MC_PLOT_1015.html')	PA1544	2353	2535	183	10 [9]	[0] NA	anr/–	transcriptional regulator Anr/–	SRR9673758
('*', 'evidence/MC_SIDE_1_1016.html')	('*', 'evidence/MC_SIDE_2_1016.html')	('÷', 'evidence/MC_PLOT_1016.html')	PA1713	1	184	184	NA [0]	[3] 5	–/exsA	–/exoenzyme S transcriptional regulator ExsA	SRR9673758
('*', 'evidence/MC_SIDE_1_1017.html')	('*', 'evidence/MC_SIDE_2_1017.html')	('÷', 'evidence/MC_PLOT_1017.html')	PA1713	1203	1312	110	4 [3]	[2] 4	exsA	exoenzyme S transcriptional regulator ExsA	SRR9673758
('*', 'evidence/MC_SIDE_1_1018.html')	('*', 'evidence/MC_SIDE_2_1018.html')	('÷', 'evidence/MC_PLOT_1018.html')	PA2020	789	851	63	23 [21]	[18] 49	–/N_A	–/transcriptional regulator	SRR9673758
('*', 'evidence/MC_SIDE_1_1020.html')	('*', 'evidence/MC_SIDE_2_1020.html')	('÷', 'evidence/MC_PLOT_1020.html')	PA2121	1	81	81	NA [0]	[0] 2	–/N_A	–/transcriptional regulator	SRR9673758
('*', 'evidence/MC_SIDE_1_1021.html')	('*', 'evidence/MC_SIDE_2_1021.html')	('÷', 'evidence/MC_PLOT_1021.html')	PA2121	650	659	10	2 [0]	[0] 2	–/N_A	–/transcriptional regulator	SRR9673758
('*', 'evidence/MC_SIDE_1_1022.html')	('*', 'evidence/MC_SIDE_2_1022.html')	('÷', 'evidence/MC_PLOT_1022.html')	PA2121	1862	1881	20	2 [0]	[0] 2	N_A/–	transcriptional regulator/–	SRR9673758
('*', 'evidence/MC_SIDE_1_1023.html')	('*', 'evidence/MC_SIDE_2_1023.html')	('÷', 'evidence/MC_PLOT_1023.html')	PA2121	2374	2706	333	2 [1]	[0] NA	N_A/–	transcriptional regulator/–	SRR9673758
('*', 'evidence/MC_SIDE_1_1024.html')	('*', 'evidence/MC_SIDE_2_1024.html')	('÷', 'evidence/MC_PLOT_1024.html')	PA2312	1	234	234	NA [0]	[1] 2	–/N_A	–/transcriptional regulator	SRR9673758
('*', 'evidence/MC_SIDE_1_1025.html')	('*', 'evidence/MC_SIDE_2_1025.html')	('÷', 'evidence/MC_PLOT_1025.html')	PA2312	469	734	266	2 [1]	[1] 2	–/N_A	–/transcriptional regulator	SRR9673758
('*', 'evidence/MC_SIDE_1_1026.html')	('*', 'evidence/MC_SIDE_2_1026.html')	('÷', 'evidence/MC_PLOT_1026.html')	PA2312	1200	1216	17	3 [0]	[0] 2	N_A	transcriptional regulator	SRR9673758
('*', 'evidence/MC_SIDE_1_1027.html')	('*', 'evidence/MC_SIDE_2_1027.html')	('÷', 'evidence/MC_PLOT_1027.html')	PA2312	2136	2382	247	3 [1]	[0] NA	N_A/–	transcriptional regulator/–	SRR9673758
('*', 'evidence/MC_SIDE_1_1028.html')	('*', 'evidence/MC_SIDE_2_1028.html')	('÷', 'evidence/MC_PLOT_1028.html')	PA2435	1	318	318	NA [0]	[33] 34	–/N_A	–/cation‑transporting P‑type ATPase	SRR9673758
('*', 'evidence/MC_SIDE_1_1029.html')	('*', 'evidence/MC_SIDE_2_1029.html')	('÷', 'evidence/MC_PLOT_1029.html')	PA2435	783	2143	1361	36 [31]	[33] 34	[N_A]	[N_A]	SRR9673758
('*', 'evidence/MC_SIDE_1_1030.html')	('*', 'evidence/MC_SIDE_2_1030.html')	('÷', 'evidence/MC_PLOT_1030.html')	PA2491	1	1583–565	565–1583	NA [0]	[1] 3	[N_A]	[N_A]	SRR9673758
('*', 'evidence/MC_SIDE_1_1031.html')	('*', 'evidence/MC_SIDE_2_1031.html')	('÷', 'evidence/MC_PLOT_1031.html')	PA2491	2004	2055	52	2 [1]	[0] 2	N_A/–	oxidoreductase/–	SRR9673758
('*', 'evidence/MC_SIDE_1_1032.html')	('*', 'evidence/MC_SIDE_2_1032.html')	('÷', 'evidence/MC_PLOT_1032.html')	PA2491	2811	2820	10	3 [1]	[0] NA	N_A/–	oxidoreductase/–	SRR9673758
('*', 'evidence/MC_SIDE_1_1033.html')	('*', 'evidence/MC_SIDE_2_1033.html')	('÷', 'evidence/MC_PLOT_1033.html')	PA2492	1–1137	1582–1149	13–1582	NA [0]	[0] 2	[mexT]	[mexT]	SRR9673758
('*', 'evidence/MC_SIDE_1_1034.html')	('*', 'evidence/MC_SIDE_2_1034.html')	('÷', 'evidence/MC_PLOT_1034.html')	PA2492	1993	2067	75	2 [0]	[1] 3	mexT/–	transcriptional regulator MexT/–	SRR9673758
('*', 'evidence/MC_SIDE_1_1035.html')	('*', 'evidence/MC_SIDE_2_1035.html')	('÷', 'evidence/MC_PLOT_1035.html')	PA2492	2269	2558	290	5 [1]	[0] 2	mexT/–	transcriptional regulator MexT/–	SRR9673758
('*', 'evidence/MC_SIDE_1_1036.html')	('*', 'evidence/MC_SIDE_2_1036.html')	('÷', 'evidence/MC_PLOT_1036.html')	PA2492	2795	2844	50	2 [0]	[0] NA	mexT/–	transcriptional regulator MexT/–	SRR9673758
('*', 'evidence/MC_SIDE_1_1037.html')	('*', 'evidence/MC_SIDE_2_1037.html')	('÷', 'evidence/MC_PLOT_1037.html')	PA3217	1	20	20	NA [0]	[1] 2	–/cyaB	–/protein CyaB	SRR9673758
('*', 'evidence/MC_SIDE_1_1038.html')	('*', 'evidence/MC_SIDE_2_1038.html')	('÷', 'evidence/MC_PLOT_1038.html')	PA3217	2996	3192	197	2 [1]	[0] NA	cyaB/–	protein CyaB/–	SRR9673758
('*', 'evidence/MC_SIDE_1_1039.html')	('*', 'evidence/MC_SIDE_2_1039.html')	('÷', 'evidence/MC_PLOT_1039.html')	PA3476	2362	2406	45	2 [1]	[0] NA	rhlI/–	acyl‑homoserine‑lactone synthase/–	SRR9673758
('*', 'evidence/MC_SIDE_1_1040.html')	('*', 'evidence/MC_SIDE_2_1040.html')	('÷', 'evidence/MC_PLOT_1040.html')	PA3477	917–2518	2526	9–1610	203 [175]	[0] NA	[rhlR]	[rhlR]	SRR9673758
('*', 'evidence/MC_SIDE_1_1041.html')	('*', 'evidence/MC_SIDE_2_1041.html')	('÷', 'evidence/MC_PLOT_1041.html')	PA3565	1	27	27	NA [0]	[4] 5	–/N_A	–/transcriptional regulator	SRR9673758
('*', 'evidence/MC_SIDE_1_1042.html')	('*', 'evidence/MC_SIDE_2_1042.html')	('÷', 'evidence/MC_PLOT_1042.html')	PA3565	2700	2721	22	6 [3]	[0] NA	N_A/–	transcriptional regulator/–	SRR9673758
('*', 'evidence/MC_SIDE_1_1043.html')	('*', 'evidence/MC_SIDE_2_1043.html')	('÷', 'evidence/MC_PLOT_1043.html')	PA3574	1	15	15	NA [0]	[0] 2	–/nalD	–/transcriptional regulator	SRR9673758
('*', 'evidence/MC_SIDE_1_1044.html')	('*', 'evidence/MC_SIDE_2_1044.html')	('÷', 'evidence/MC_PLOT_1044.html')	PA3574	2435	2439	5	3 [1]	[0] NA	nalD/–	transcriptional regulator/–	SRR9673758
('*', 'evidence/MC_SIDE_1_1045.html')	('*', 'evidence/MC_SIDE_2_1045.html')	('÷', 'evidence/MC_PLOT_1045.html')	PA3703	2796	2808	13	4 [2]	[0] NA	wspF/–	chemotaxis‑specific methylesterase/–	SRR9673758
('*', 'evidence/MC_SIDE_1_1046.html')	('*', 'evidence/MC_SIDE_2_1046.html')	('÷', 'evidence/MC_PLOT_1046.html')	PA3817	1	6	6	NA [0]	[2] 3	–/N_A	–/methyltransferase	SRR9673758
('*', 'evidence/MC_SIDE_1_1047.html')	('*', 'evidence/MC_SIDE_2_1047.html')	('÷', 'evidence/MC_PLOT_1047.html')	PA3817	2550	2574	25	4 [2]	[0] NA	N_A/–	methyltransferase/–	SRR9673758
('*', 'evidence/MC_SIDE_1_1048.html')	('*', 'evidence/MC_SIDE_2_1048.html')	('÷', 'evidence/MC_PLOT_1048.html')	PA4522	2355	2367	13	4 [3]	[0] NA	ampD/–	N‑acetyl‑anhydromuranmyl‑L‑alanine amidase/–	SRR9673758
('*', 'evidence/MC_SIDE_1_1049.html')	('*', 'evidence/MC_SIDE_2_1049.html')	('÷', 'evidence/MC_PLOT_1049.html')	PA4526	1	1634	1634	NA [0]	[1] 2	[pilB]	[pilB]	SRR9673758
('*', 'evidence/MC_SIDE_1_1050.html')	('*', 'evidence/MC_SIDE_2_1050.html')	('÷', 'evidence/MC_PLOT_1050.html')	PA4526	2643	3501	859	2 [0]	[0] NA	pilB/–	type 4 fimbrial biogenesis protein PilB/–	SRR9673758
('*', 'evidence/MC_SIDE_1_1051.html')	('*', 'evidence/MC_SIDE_2_1051.html')	('÷', 'evidence/MC_PLOT_1051.html')	PA4796	618	719	102	6 [4]	[4] 6	–/N_A	–/hypothetical protein	SRR9673758
('*', 'evidence/MC_SIDE_1_1052.html')	('*', 'evidence/MC_SIDE_2_1052.html')	('÷', 'evidence/MC_PLOT_1052.html')	PA4796	1375	2268	894	6 [5]	[0] NA	N_A/–	hypothetical protein/–	SRR9673758
('*', 'evidence/MC_SIDE_1_1053.html')	('*', 'evidence/MC_SIDE_2_1053.html')	('÷', 'evidence/MC_PLOT_1053.html')	PA4848	549	594	46	8 [4]	[5] 10	–/accC	–/acetyl‑CoA carboxylase biotin carboxylase subunit	SRR9673758
('*', 'evidence/MC_SIDE_1_1054.html')	('*', 'evidence/MC_SIDE_2_1054.html')	('÷', 'evidence/MC_PLOT_1054.html')	PA4848	2274	2836	563	8 [6]	[7] 8	accC/–	acetyl‑CoA carboxylase biotin carboxylase subunit/–	SRR9673758
('*', 'evidence/MC_SIDE_1_1055.html')	('*', 'evidence/MC_SIDE_2_1055.html')	('÷', 'evidence/MC_PLOT_1055.html')	PA4848	2862	3150	289	8 [7]	[0] NA	accC/–	acetyl‑CoA carboxylase biotin carboxylase subunit/–	SRR9673758
('*', 'evidence/MC_SIDE_1_1233.html')	('*', 'evidence/MC_SIDE_2_1233.html')	('÷', 'evidence/MC_PLOT_1233.html')	PA0313	1629	1667	39	15 [10]	[11] 17	N_A/–	L‑cysteine ABC transporter protein YecS/–	SRR9673762
('*', 'evidence/MC_SIDE_1_1234.html')	('*', 'evidence/MC_SIDE_2_1234.html')	('÷', 'evidence/MC_PLOT_1234.html')	PA0313	2360	2493	134	15 [13]	[0] NA	N_A/–	L‑cysteine ABC transporter protein YecS/–	SRR9673762
('*', 'evidence/MC_SIDE_1_1235.html')	('*', 'evidence/MC_SIDE_2_1235.html')	('÷', 'evidence/MC_PLOT_1235.html')	PA0506	1	56	56	NA [0]	[0] 6	–/N_A	–/acyl‑CoA dehydrogenase	SRR9673762
('*', 'evidence/MC_SIDE_1_1236.html')	('*', 'evidence/MC_SIDE_2_1236.html')	('÷', 'evidence/MC_PLOT_1236.html')	PA0506	3587	3606	20	6 [5]	[0] NA	N_A/–	acyl‑CoA dehydrogenase/–	SRR9673762
('*', 'evidence/MC_SIDE_1_1237.html')	('*', 'evidence/MC_SIDE_2_1237.html')	('÷', 'evidence/MC_PLOT_1237.html')	PA0707	1	11	11	NA [0]	[1] 3	–/toxR	–/transcriptional regulator ToxR	SRR9673762
('*', 'evidence/MC_SIDE_1_1238.html')	('*', 'evidence/MC_SIDE_2_1238.html')	('÷', 'evidence/MC_PLOT_1238.html')	PA0707	948	1021	74	2 [1]	[1] 2	toxR	transcriptional regulator ToxR	SRR9673762
('*', 'evidence/MC_SIDE_1_1239.html')	('*', 'evidence/MC_SIDE_2_1239.html')	('÷', 'evidence/MC_PLOT_1239.html')	PA1333	1	68	68	NA [0]	[2] 5	–/N_A	–/hypothetical protein	SRR9673762
('*', 'evidence/MC_SIDE_1_1240.html')	('*', 'evidence/MC_SIDE_2_1240.html')	('÷', 'evidence/MC_PLOT_1240.html')	PA1333	168	265	98	4 [2]	[2] 4	–/N_A	–/hypothetical protein	SRR9673762
('*', 'evidence/MC_SIDE_1_1241.html')	('*', 'evidence/MC_SIDE_2_1241.html')	('÷', 'evidence/MC_PLOT_1241.html')	PA1333	776	816	41	4 [2]	[2] 5	–/N_A	–/hypothetical protein	SRR9673762
('*', 'evidence/MC_SIDE_1_1242.html')	('*', 'evidence/MC_SIDE_2_1242.html')	('÷', 'evidence/MC_PLOT_1242.html')	PA1333	1979	2007	29	5 [3]	[0] NA	N_A/–	hypothetical protein/–	SRR9673762
('*', 'evidence/MC_SIDE_1_1243.html')	('*', 'evidence/MC_SIDE_2_1243.html')	('÷', 'evidence/MC_PLOT_1243.html')	PA1430	1	690	690	NA [0]	[92] 134	–/lasR	–/transcriptional regulator LasR	SRR9673762
('*', 'evidence/MC_SIDE_1_1244.html')	('*', 'evidence/MC_SIDE_2_1244.html')	('÷', 'evidence/MC_PLOT_1244.html')	PA1544	2480	2535	56	23 [20]	[0] NA	anr/–	transcriptional regulator Anr/–	SRR9673762
('*', 'evidence/MC_SIDE_1_1245.html')	('*', 'evidence/MC_SIDE_2_1245.html')	('÷', 'evidence/MC_PLOT_1245.html')	PA1713	1	177	177	NA [0]	[4] 6	–/exsA	–/exoenzyme S transcriptional regulator ExsA	SRR9673762
('*', 'evidence/MC_SIDE_1_1247.html')	('*', 'evidence/MC_SIDE_2_1247.html')	('÷', 'evidence/MC_PLOT_1247.html')	PA2020	2083	2293	211	12 [10]	[10] 12	N_A/–	transcriptional regulator/–	SRR9673762
('*', 'evidence/MC_SIDE_1_1248.html')	('*', 'evidence/MC_SIDE_2_1248.html')	('÷', 'evidence/MC_PLOT_1248.html')	PA2020	2377	2433	57	13 [11]	[0] NA	N_A/–	transcriptional regulator/–	SRR9673762
('*', 'evidence/MC_SIDE_1_1249.html')	('*', 'evidence/MC_SIDE_2_1249.html')	('÷', 'evidence/MC_PLOT_1249.html')	PA2121	1867	1907	41	3 [2]	[2] 17	N_A/–	transcriptional regulator/–	SRR9673762
('*', 'evidence/MC_SIDE_1_1250.html')	('*', 'evidence/MC_SIDE_2_1250.html')	('÷', 'evidence/MC_PLOT_1250.html')	PA2121	2377	2706	330	4 [2]	[0] NA	N_A/–	transcriptional regulator/–	SRR9673762
('*', 'evidence/MC_SIDE_1_1251.html')	('*', 'evidence/MC_SIDE_2_1251.html')	('÷', 'evidence/MC_PLOT_1251.html')	PA2312	1	46	46	NA [0]	[1] 3	–/N_A	–/transcriptional regulator	SRR9673762
('*', 'evidence/MC_SIDE_1_1252.html')	('*', 'evidence/MC_SIDE_2_1252.html')	('÷', 'evidence/MC_PLOT_1252.html')	PA2312	232	295	64	2 [0]	[1] 2	–/N_A	–/transcriptional regulator	SRR9673762
('*', 'evidence/MC_SIDE_1_1253.html')	('*', 'evidence/MC_SIDE_2_1253.html')	('÷', 'evidence/MC_PLOT_1253.html')	PA2312	484	583	100	3 [0]	[0] 2	–/N_A	–/transcriptional regulator	SRR9673762
('*', 'evidence/MC_SIDE_1_1254.html')	('*', 'evidence/MC_SIDE_2_1254.html')	('÷', 'evidence/MC_PLOT_1254.html')	PA2312	648	674	27	2 [0]	[0] 2	–/N_A	–/transcriptional regulator	SRR9673762
('*', 'evidence/MC_SIDE_1_1255.html')	('*', 'evidence/MC_SIDE_2_1255.html')	('÷', 'evidence/MC_PLOT_1255.html')	PA2312	2157	2382	226	2 [1]	[0] NA	N_A/–	transcriptional regulator/–	SRR9673762
('*', 'evidence/MC_SIDE_1_1256.html')	('*', 'evidence/MC_SIDE_2_1256.html')	('÷', 'evidence/MC_PLOT_1256.html')	PA2435	1	232	232	NA [2]	[107] 124	–/N_A	–/cation‑transporting P‑type ATPase	SRR9673762
('*', 'evidence/MC_SIDE_1_1257.html')	('*', 'evidence/MC_SIDE_2_1257.html')	('÷', 'evidence/MC_PLOT_1257.html')	PA2435	2887	3076	190	112 [104]	[107] 109	N_A/–	cation‑transporting P‑type ATPase/–	SRR9673762
('*', 'evidence/MC_SIDE_1_1258.html')	('*', 'evidence/MC_SIDE_2_1258.html')	('÷', 'evidence/MC_PLOT_1258.html')	PA2492	2622	2641	20	2 [0]	[0] 2	mexT/–	transcriptional regulator MexT/–	SRR9673762
('*', 'evidence/MC_SIDE_1_1259.html')	('*', 'evidence/MC_SIDE_2_1259.html')	('÷', 'evidence/MC_PLOT_1259.html')	PA2492	2801	2844	44	2 [0]	[0] NA	mexT/–	transcriptional regulator MexT/–	SRR9673762
('*', 'evidence/MC_SIDE_1_1260.html')	('*', 'evidence/MC_SIDE_2_1260.html')	('÷', 'evidence/MC_PLOT_1260.html')	PA3217	1	19	19	NA [0]	[5] 8	–/cyaB	–/protein CyaB	SRR9673762
('*', 'evidence/MC_SIDE_1_1261.html')	('*', 'evidence/MC_SIDE_2_1261.html')	('÷', 'evidence/MC_PLOT_1261.html')	PA3217	2592	3192	601	9 [7]	[0] NA	cyaB/–	protein CyaB/–	SRR9673762
('*', 'evidence/MC_SIDE_1_1262.html')	('*', 'evidence/MC_SIDE_2_1262.html')	('÷', 'evidence/MC_PLOT_1262.html')	PA3477	1013–2520	2526	7–1514	198 [184]	[0] NA	[rhlR]	[rhlR]	SRR9673762
('*', 'evidence/MC_SIDE_1_1263.html')	('*', 'evidence/MC_SIDE_2_1263.html')	('÷', 'evidence/MC_PLOT_1263.html')	PA3565	1	23	23	NA [0]	[8] 9	–/N_A	–/transcriptional regulator	SRR9673762
('*', 'evidence/MC_SIDE_1_1264.html')	('*', 'evidence/MC_SIDE_2_1264.html')	('÷', 'evidence/MC_PLOT_1264.html')	PA3574	213	318	106	2 [1]	[1] 3	–/nalD	–/transcriptional regulator	SRR9673762
('*', 'evidence/MC_SIDE_1_1265.html')	('*', 'evidence/MC_SIDE_2_1265.html')	('÷', 'evidence/MC_PLOT_1265.html')	PA3703	1	7	7	NA [0]	[1] 2	–/wspF	–/chemotaxis‑specific methylesterase	SRR9673762
('*', 'evidence/MC_SIDE_1_1266.html')	('*', 'evidence/MC_SIDE_2_1266.html')	('÷', 'evidence/MC_PLOT_1266.html')	PA3703	2755	2808	54	3 [1]	[0] NA	wspF/–	chemotaxis‑specific methylesterase/–	SRR9673762
('*', 'evidence/MC_SIDE_1_1267.html')	('*', 'evidence/MC_SIDE_2_1267.html')	('÷', 'evidence/MC_PLOT_1267.html')	PA3817	1	18	18	NA [0]	[12] 15	–/N_A	–/methyltransferase	SRR9673762
('*', 'evidence/MC_SIDE_1_1268.html')	('*', 'evidence/MC_SIDE_2_1268.html')	('÷', 'evidence/MC_PLOT_1268.html')	PA4526	1	70	70	NA [0]	[2] 4	–/pilB	–/type 4 fimbrial biogenesis protein PilB	SRR9673762
('*', 'evidence/MC_SIDE_1_1269.html')	('*', 'evidence/MC_SIDE_2_1269.html')	('÷', 'evidence/MC_PLOT_1269.html')	PA4526	123	611	489	4 [2]	[2] 4	–/pilB	–/type 4 fimbrial biogenesis protein PilB	SRR9673762
('*', 'evidence/MC_SIDE_1_1270.html')	('*', 'evidence/MC_SIDE_2_1270.html')	('÷', 'evidence/MC_PLOT_1270.html')	PA4526	686	1627	942	23 [0]	[0] 4	[pilB]	[pilB]	SRR9673762
('*', 'evidence/MC_SIDE_1_1271.html')	('*', 'evidence/MC_SIDE_2_1271.html')	('÷', 'evidence/MC_PLOT_1271.html')	PA4526	2651	3501	851	5 [3]	[0] NA	pilB/–	type 4 fimbrial biogenesis protein PilB/–	SRR9673762
('*', 'evidence/MC_SIDE_1_1272.html')	('*', 'evidence/MC_SIDE_2_1272.html')	('÷', 'evidence/MC_PLOT_1272.html')	PA4796	625	770	146	26 [25]	[24] 27	–/N_A	–/hypothetical protein	SRR9673762
('*', 'evidence/MC_SIDE_1_1273.html')	('*', 'evidence/MC_SIDE_2_1273.html')	('÷', 'evidence/MC_PLOT_1273.html')	PA4796	1405	2268	864	27 [24]	[0] NA	N_A/–	hypothetical protein/–	SRR9673762
('*', 'evidence/MC_SIDE_1_1274.html')	('*', 'evidence/MC_SIDE_2_1274.html')	('÷', 'evidence/MC_PLOT_1274.html')	PA4848	2204	3150	947	100 [90]	[0] NA	[accC]	[accC]	SRR9673762
('*', 'evidence/MC_SIDE_1_452.html')	('*', 'evidence/MC_SIDE_2_452.html')	('÷', 'evidence/MC_PLOT_452.html')	PA0313	2197	2369	173	2 [0]	[1] 3	N_A/–	L‑cysteine ABC transporter protein YecS/–	SRR9673765
('*', 'evidence/MC_SIDE_1_453.html')	('*', 'evidence/MC_SIDE_2_453.html')	('÷', 'evidence/MC_PLOT_453.html')	PA0366	3041	3080	40	3 [1]	[0] 2	N_A/–	coniferyl aldehyde dehydrogenase/–	SRR9673765
('*', 'evidence/MC_SIDE_1_454.html')	('*', 'evidence/MC_SIDE_2_454.html')	('÷', 'evidence/MC_PLOT_454.html')	PA0366	3178	3231	54	2 [0]	[0] NA	N_A/–	coniferyl aldehyde dehydrogenase/–	SRR9673765
('*', 'evidence/MC_SIDE_1_455.html')	('*', 'evidence/MC_SIDE_2_455.html')	('÷', 'evidence/MC_PLOT_455.html')	PA0425	101	474	374	30 [18]	[18] 31	–/mexA	–/multidrug resistance protein MexA	SRR9673765
('*', 'evidence/MC_SIDE_1_456.html')	('*', 'evidence/MC_SIDE_2_456.html')	('÷', 'evidence/MC_PLOT_456.html')	PA0506	1	2	2	NA [0]	[0] 2	–/N_A	–/acyl‑CoA dehydrogenase	SRR9673765
('*', 'evidence/MC_SIDE_1_457.html')	('*', 'evidence/MC_SIDE_2_457.html')	('÷', 'evidence/MC_PLOT_457.html')	PA0506	3021	3058	38	2 [0]	[1] 2	N_A/–	acyl‑CoA dehydrogenase/–	SRR9673765
('*', 'evidence/MC_SIDE_1_458.html')	('*', 'evidence/MC_SIDE_2_458.html')	('÷', 'evidence/MC_PLOT_458.html')	PA0506	3605	3606	2	2 [1]	[0] NA	N_A/–	acyl‑CoA dehydrogenase/–	SRR9673765
('*', 'evidence/MC_SIDE_1_459.html')	('*', 'evidence/MC_SIDE_2_459.html')	('÷', 'evidence/MC_PLOT_459.html')	PA0707	1	50	50	NA [0]	[1] 3	–/toxR	–/transcriptional regulator ToxR	SRR9673765
('*', 'evidence/MC_SIDE_1_460.html')	('*', 'evidence/MC_SIDE_2_460.html')	('÷', 'evidence/MC_PLOT_460.html')	PA0707	739	939	201	2 [0]	[0] 2	[toxR]	[toxR]	SRR9673765
('*', 'evidence/MC_SIDE_1_461.html')	('*', 'evidence/MC_SIDE_2_461.html')	('÷', 'evidence/MC_PLOT_461.html')	PA0707	1013	1392	380	2 [0]	[1] 2	toxR	transcriptional regulator ToxR	SRR9673765
('*', 'evidence/MC_SIDE_1_462.html')	('*', 'evidence/MC_SIDE_2_462.html')	('÷', 'evidence/MC_PLOT_462.html')	PA0707	1516	1519	4	3 [1]	[0] 2	toxR	transcriptional regulator ToxR	SRR9673765
('*', 'evidence/MC_SIDE_1_463.html')	('*', 'evidence/MC_SIDE_2_463.html')	('÷', 'evidence/MC_PLOT_463.html')	PA0997	1	272	272	NA [0]	[0] 2	–/pqsB	–/hypothetical protein	SRR9673765
('*', 'evidence/MC_SIDE_1_464.html')	('*', 'evidence/MC_SIDE_2_464.html')	('÷', 'evidence/MC_PLOT_464.html')	PA0997	355	518	164	2 [0]	[0] 2	–/pqsB	–/hypothetical protein	SRR9673765
('*', 'evidence/MC_SIDE_1_465.html')	('*', 'evidence/MC_SIDE_2_465.html')	('÷', 'evidence/MC_PLOT_465.html')	PA0997	708	787	80	2 [0]	[1] 2	–/pqsB	–/hypothetical protein	SRR9673765
('*', 'evidence/MC_SIDE_1_466.html')	('*', 'evidence/MC_SIDE_2_466.html')	('÷', 'evidence/MC_PLOT_466.html')	PA0997	1328	1389	62	2 [1]	[0] 2	pqsB	hypothetical protein	SRR9673765
('*', 'evidence/MC_SIDE_1_467.html')	('*', 'evidence/MC_SIDE_2_467.html')	('÷', 'evidence/MC_PLOT_467.html')	PA0997	1457	1571	115	2 [0]	[1] 3	pqsB	hypothetical protein	SRR9673765
('*', 'evidence/MC_SIDE_1_468.html')	('*', 'evidence/MC_SIDE_2_468.html')	('÷', 'evidence/MC_PLOT_468.html')	PA0997	1869	2029	161	2 [0]	[1] 3	pqsB/–	hypothetical protein/–	SRR9673765
('*', 'evidence/MC_SIDE_1_469.html')	('*', 'evidence/MC_SIDE_2_469.html')	('÷', 'evidence/MC_PLOT_469.html')	PA0997	2351	2652	302	2 [0]	[0] NA	pqsB/–	hypothetical protein/–	SRR9673765
('*', 'evidence/MC_SIDE_1_470.html')	('*', 'evidence/MC_SIDE_2_470.html')	('÷', 'evidence/MC_PLOT_470.html')	PA1097	694	822	129	10 [4]	[2] 6	–/fleQ	–/transcriptional regulator FleQ	SRR9673765
('*', 'evidence/MC_SIDE_1_471.html')	('*', 'evidence/MC_SIDE_2_471.html')	('÷', 'evidence/MC_PLOT_471.html')	PA1097	3228	3273	46	6 [5]	[0] NA	fleQ/–	transcriptional regulator FleQ/–	SRR9673765
('*', 'evidence/MC_SIDE_1_472.html')	('*', 'evidence/MC_SIDE_2_472.html')	('÷', 'evidence/MC_PLOT_472.html')	PA1179	1	187	187	NA [0]	[0] 5	–/phoP	–/two‑component response regulator PhoP	SRR9673765
('*', 'evidence/MC_SIDE_1_473.html')	('*', 'evidence/MC_SIDE_2_473.html')	('÷', 'evidence/MC_PLOT_473.html')	PA1333	1	27	27	NA [0]	[0] 2	–/N_A	–/hypothetical protein	SRR9673765
('*', 'evidence/MC_SIDE_1_474.html')	('*', 'evidence/MC_SIDE_2_474.html')	('÷', 'evidence/MC_PLOT_474.html')	PA1333	204	207	4	2 [0]	[0] 2	–/N_A	–/hypothetical protein	SRR9673765
('*', 'evidence/MC_SIDE_1_475.html')	('*', 'evidence/MC_SIDE_2_475.html')	('÷', 'evidence/MC_PLOT_475.html')	PA1333	391	504	114	2 [1]	[1] 4	–/N_A	–/hypothetical protein	SRR9673765
('*', 'evidence/MC_SIDE_1_476.html')	('*', 'evidence/MC_SIDE_2_476.html')	('÷', 'evidence/MC_PLOT_476.html')	PA1333	678	829	152	2 [0]	[1] 4	–/N_A	–/hypothetical protein	SRR9673765
('*', 'evidence/MC_SIDE_1_477.html')	('*', 'evidence/MC_SIDE_2_477.html')	('÷', 'evidence/MC_PLOT_477.html')	PA1333	1786	1845	60	3 [1]	[0] 2	N_A/–	hypothetical protein/–	SRR9673765
('*', 'evidence/MC_SIDE_1_478.html')	('*', 'evidence/MC_SIDE_2_478.html')	('÷', 'evidence/MC_PLOT_478.html')	PA1333	1974	2007	34	3 [1]	[0] NA	N_A/–	hypothetical protein/–	SRR9673765
('*', 'evidence/MC_SIDE_1_479.html')	('*', 'evidence/MC_SIDE_2_479.html')	('÷', 'evidence/MC_PLOT_479.html')	PA1430	1	715	715	NA [0]	[44] 48	–/lasR	–/transcriptional regulator LasR	SRR9673765
('*', 'evidence/MC_SIDE_1_480.html')	('*', 'evidence/MC_SIDE_2_480.html')	('÷', 'evidence/MC_PLOT_480.html')	PA1430	1860	1978	119	50 [44]	[39] 62	lasR/–	transcriptional regulator LasR/–	SRR9673765
('*', 'evidence/MC_SIDE_1_481.html')	('*', 'evidence/MC_SIDE_2_481.html')	('÷', 'evidence/MC_PLOT_481.html')	PA1544	574	882	309	12 [11]	[7] 15	–/anr	–/transcriptional regulator Anr	SRR9673765
('*', 'evidence/MC_SIDE_1_482.html')	('*', 'evidence/MC_SIDE_2_482.html')	('÷', 'evidence/MC_PLOT_482.html')	PA1544	2475	2535	61	12 [9]	[0] NA	anr/–	transcriptional regulator Anr/–	SRR9673765
('*', 'evidence/MC_SIDE_1_483.html')	('*', 'evidence/MC_SIDE_2_483.html')	('÷', 'evidence/MC_PLOT_483.html')	PA1713	2623	2637	15	5 [1]	[0] NA	exsA/–	exoenzyme S transcriptional regulator ExsA/–	SRR9673765
('*', 'evidence/MC_SIDE_1_484.html')	('*', 'evidence/MC_SIDE_2_484.html')	('÷', 'evidence/MC_PLOT_484.html')	PA2020	1	39	39	NA [0]	[0] 2	–/N_A	–/transcriptional regulator	SRR9673765
('*', 'evidence/MC_SIDE_1_485.html')	('*', 'evidence/MC_SIDE_2_485.html')	('÷', 'evidence/MC_PLOT_485.html')	PA2020	199	217	19	2 [0]	[0] 2	–/N_A	–/transcriptional regulator	SRR9673765
('*', 'evidence/MC_SIDE_1_486.html')	('*', 'evidence/MC_SIDE_2_486.html')	('÷', 'evidence/MC_PLOT_486.html')	PA2020	776	842	67	2 [1]	[0] 2	–/N_A	–/transcriptional regulator	SRR9673765
('*', 'evidence/MC_SIDE_1_487.html')	('*', 'evidence/MC_SIDE_2_487.html')	('÷', 'evidence/MC_PLOT_487.html')	PA2020	1816	1854	39	2 [0]	[0] 2	N_A/–	transcriptional regulator/–	SRR9673765
('*', 'evidence/MC_SIDE_1_488.html')	('*', 'evidence/MC_SIDE_2_488.html')	('÷', 'evidence/MC_PLOT_488.html')	PA2020	1986	2433	448	2 [1]	[0] NA	N_A/–	transcriptional regulator/–	SRR9673765
('*', 'evidence/MC_SIDE_1_489.html')	('*', 'evidence/MC_SIDE_2_489.html')	('÷', 'evidence/MC_PLOT_489.html')	PA2121	1	27	27	NA [0]	[0] 2	–/N_A	–/transcriptional regulator	SRR9673765
('*', 'evidence/MC_SIDE_1_490.html')	('*', 'evidence/MC_SIDE_2_490.html')	('÷', 'evidence/MC_PLOT_490.html')	PA2121	122	161	40	2 [0]	[0] 2	–/N_A	–/transcriptional regulator	SRR9673765
('*', 'evidence/MC_SIDE_1_491.html')	('*', 'evidence/MC_SIDE_2_491.html')	('÷', 'evidence/MC_PLOT_491.html')	PA2121	328	355	28	2 [1]	[0] 2	–/N_A	–/transcriptional regulator	SRR9673765
('*', 'evidence/MC_SIDE_1_492.html')	('*', 'evidence/MC_SIDE_2_492.html')	('÷', 'evidence/MC_PLOT_492.html')	PA2121	547	633	87	2 [0]	[1] 2	–/N_A	–/transcriptional regulator	SRR9673765
('*', 'evidence/MC_SIDE_1_493.html')	('*', 'evidence/MC_SIDE_2_493.html')	('÷', 'evidence/MC_PLOT_493.html')	PA2121	867	927	61	2 [0]	[1] 2	[N_A]	[N_A]	SRR9673765
('*', 'evidence/MC_SIDE_1_494.html')	('*', 'evidence/MC_SIDE_2_494.html')	('÷', 'evidence/MC_PLOT_494.html')	PA2121	1641	1658	18	4 [0]	[1] 3	N_A	transcriptional regulator	SRR9673765
('*', 'evidence/MC_SIDE_1_495.html')	('*', 'evidence/MC_SIDE_2_495.html')	('÷', 'evidence/MC_PLOT_495.html')	PA2121	1987	2030	44	3 [1]	[0] 2	N_A/–	transcriptional regulator/–	SRR9673765
('*', 'evidence/MC_SIDE_1_496.html')	('*', 'evidence/MC_SIDE_2_496.html')	('÷', 'evidence/MC_PLOT_496.html')	PA2121	2099	2306	208	2 [0]	[1] 3	N_A/–	transcriptional regulator/–	SRR9673765
('*', 'evidence/MC_SIDE_1_497.html')	('*', 'evidence/MC_SIDE_2_497.html')	('÷', 'evidence/MC_PLOT_497.html')	PA2121	2686	2706	21	2 [1]	[0] NA	N_A/–	transcriptional regulator/–	SRR9673765
('*', 'evidence/MC_SIDE_1_498.html')	('*', 'evidence/MC_SIDE_2_498.html')	('÷', 'evidence/MC_PLOT_498.html')	PA2312	1	66	66	NA [0]	[1] 2	–/N_A	–/transcriptional regulator	SRR9673765
('*', 'evidence/MC_SIDE_1_499.html')	('*', 'evidence/MC_SIDE_2_499.html')	('÷', 'evidence/MC_PLOT_499.html')	PA2312	265	391	127	2 [0]	[0] 2	–/N_A	–/transcriptional regulator	SRR9673765
('*', 'evidence/MC_SIDE_1_500.html')	('*', 'evidence/MC_SIDE_2_500.html')	('÷', 'evidence/MC_PLOT_500.html')	PA2312	488	569	82	2 [0]	[0] 2	–/N_A	–/transcriptional regulator	SRR9673765
('*', 'evidence/MC_SIDE_1_501.html')	('*', 'evidence/MC_SIDE_2_501.html')	('÷', 'evidence/MC_PLOT_501.html')	PA2435	70	150	81	2 [0]	[1] 2	–/N_A	–/cation‑transporting P‑type ATPase	SRR9673765
('*', 'evidence/MC_SIDE_1_502.html')	('*', 'evidence/MC_SIDE_2_502.html')	('÷', 'evidence/MC_PLOT_502.html')	PA2435	991	1035	45	2 [0]	[0] 2	N_A	cation‑transporting P‑type ATPase	SRR9673765
('*', 'evidence/MC_SIDE_1_503.html')	('*', 'evidence/MC_SIDE_2_503.html')	('÷', 'evidence/MC_PLOT_503.html')	PA2435	2905	3027	123	2 [0]	[1] 3	N_A/–	cation‑transporting P‑type ATPase/–	SRR9673765
('*', 'evidence/MC_SIDE_1_504.html')	('*', 'evidence/MC_SIDE_2_504.html')	('÷', 'evidence/MC_PLOT_504.html')	PA2491	1	1578–571	571–1578	NA [0]	[1] 2	[N_A]	[N_A]	SRR9673765
('*', 'evidence/MC_SIDE_1_505.html')	('*', 'evidence/MC_SIDE_2_505.html')	('÷', 'evidence/MC_PLOT_505.html')	PA2491	1935	2010	76	5 [1]	[0] 2	N_A/–	oxidoreductase/–	SRR9673765
('*', 'evidence/MC_SIDE_1_506.html')	('*', 'evidence/MC_SIDE_2_506.html')	('÷', 'evidence/MC_PLOT_506.html')	PA2491	2127	2194	68	2 [0]	[0] 2	N_A/–	oxidoreductase/–	SRR9673765
('*', 'evidence/MC_SIDE_1_507.html')	('*', 'evidence/MC_SIDE_2_507.html')	('÷', 'evidence/MC_PLOT_507.html')	PA2491	2786	2820	35	2 [1]	[0] NA	N_A/–	oxidoreductase/–	SRR9673765
('*', 'evidence/MC_SIDE_1_508.html')	('*', 'evidence/MC_SIDE_2_508.html')	('÷', 'evidence/MC_PLOT_508.html')	PA2492	1–1131	1594–1140	10–1594	NA [0]	[1] 2	[mexT]	[mexT]	SRR9673765
('*', 'evidence/MC_SIDE_1_509.html')	('*', 'evidence/MC_SIDE_2_509.html')	('÷', 'evidence/MC_PLOT_509.html')	PA2492	2329	2499	171	3 [1]	[0] 2	mexT/–	transcriptional regulator MexT/–	SRR9673765
('*', 'evidence/MC_SIDE_1_510.html')	('*', 'evidence/MC_SIDE_2_510.html')	('÷', 'evidence/MC_PLOT_510.html')	PA2492	2696	2844	149	2 [0]	[0] NA	mexT/–	transcriptional regulator MexT/–	SRR9673765
('*', 'evidence/MC_SIDE_1_511.html')	('*', 'evidence/MC_SIDE_2_511.html')	('÷', 'evidence/MC_PLOT_511.html')	PA3217	1	27	27	NA [0]	[2] 3	–/cyaB	–/protein CyaB	SRR9673765
('*', 'evidence/MC_SIDE_1_512.html')	('*', 'evidence/MC_SIDE_2_512.html')	('÷', 'evidence/MC_PLOT_512.html')	PA3217	269	319	51	4 [0]	[2] 5	–/cyaB	–/protein CyaB	SRR9673765
('*', 'evidence/MC_SIDE_1_513.html')	('*', 'evidence/MC_SIDE_2_513.html')	('÷', 'evidence/MC_PLOT_513.html')	PA3217	2406	2897	492	3 [2]	[2] 4	cyaB/–	protein CyaB/–	SRR9673765
('*', 'evidence/MC_SIDE_1_514.html')	('*', 'evidence/MC_SIDE_2_514.html')	('÷', 'evidence/MC_PLOT_514.html')	PA3217	2978	3192	215	3 [1]	[0] NA	cyaB/–	protein CyaB/–	SRR9673765
('*', 'evidence/MC_SIDE_1_515.html')	('*', 'evidence/MC_SIDE_2_515.html')	('÷', 'evidence/MC_PLOT_515.html')	PA3476	1	1518–4	4–1518	NA [0]	[17] 22	rhlI	rhlI	SRR9673765
('*', 'evidence/MC_SIDE_1_516.html')	('*', 'evidence/MC_SIDE_2_516.html')	('÷', 'evidence/MC_PLOT_516.html')	PA3476	2310	2406	97	26 [10]	[0] NA	rhlI/–	acyl‑homoserine‑lactone synthase/–	SRR9673765
('*', 'evidence/MC_SIDE_1_517.html')	('*', 'evidence/MC_SIDE_2_517.html')	('÷', 'evidence/MC_PLOT_517.html')	PA3477	1	36	36	NA [0]	[1] 2	–/rhlR	–/transcriptional regulator RhlR	SRR9673765
('*', 'evidence/MC_SIDE_1_518.html')	('*', 'evidence/MC_SIDE_2_518.html')	('÷', 'evidence/MC_PLOT_518.html')	PA3477	1028–2525	2526	2–1499	2 [0]	[0] NA	[rhlR]	[rhlR]	SRR9673765
('*', 'evidence/MC_SIDE_1_519.html')	('*', 'evidence/MC_SIDE_2_519.html')	('÷', 'evidence/MC_PLOT_519.html')	PA3565	1	8	8	NA [0]	[0] 2	–/N_A	–/transcriptional regulator	SRR9673765
('*', 'evidence/MC_SIDE_1_520.html')	('*', 'evidence/MC_SIDE_2_520.html')	('÷', 'evidence/MC_PLOT_520.html')	PA3565	2404	2414	11	2 [0]	[0] 2	N_A/–	transcriptional regulator/–	SRR9673765
('*', 'evidence/MC_SIDE_1_521.html')	('*', 'evidence/MC_SIDE_2_521.html')	('÷', 'evidence/MC_PLOT_521.html')	PA3565	2719	2721	3	2 [1]	[0] NA	N_A/–	transcriptional regulator/–	SRR9673765
('*', 'evidence/MC_SIDE_1_522.html')	('*', 'evidence/MC_SIDE_2_522.html')	('÷', 'evidence/MC_PLOT_522.html')	PA3574	1	73	73	NA [0]	[0] 2	–/nalD	–/transcriptional regulator	SRR9673765
('*', 'evidence/MC_SIDE_1_523.html')	('*', 'evidence/MC_SIDE_2_523.html')	('÷', 'evidence/MC_PLOT_523.html')	PA3574	300	450	151	2 [1]	[1] 3	–/nalD	–/transcriptional regulator	SRR9673765
('*', 'evidence/MC_SIDE_1_524.html')	('*', 'evidence/MC_SIDE_2_524.html')	('÷', 'evidence/MC_PLOT_524.html')	PA3574	2431	2439	9	9 [1]	[0] NA	nalD/–	transcriptional regulator/–	SRR9673765
('*', 'evidence/MC_SIDE_1_525.html')	('*', 'evidence/MC_SIDE_2_525.html')	('÷', 'evidence/MC_PLOT_525.html')	PA3817	1	27	27	NA [0]	[7] 9	–/N_A	–/methyltransferase	SRR9673765
('*', 'evidence/MC_SIDE_1_526.html')	('*', 'evidence/MC_SIDE_2_526.html')	('÷', 'evidence/MC_PLOT_526.html')	PA4420	122	408	287	1807 [55]	[92] 99	–/N_A	–/S‑adenosyl‑methyltransferase MraW	SRR9673765
('*', 'evidence/MC_SIDE_1_527.html')	('*', 'evidence/MC_SIDE_2_527.html')	('÷', 'evidence/MC_PLOT_527.html')	PA4522	1	6	6	NA [0]	[0] 3	–/ampD	–/N‑acetyl‑anhydromuranmyl‑L‑alanine amidase	SRR9673765
('*', 'evidence/MC_SIDE_1_528.html')	('*', 'evidence/MC_SIDE_2_528.html')	('÷', 'evidence/MC_PLOT_528.html')	PA4522	839	859	21	2 [0]	[1] 2	–/ampD	–/N‑acetyl‑anhydromuranmyl‑L‑alanine amidase	SRR9673765
('*', 'evidence/MC_SIDE_1_529.html')	('*', 'evidence/MC_SIDE_2_529.html')	('÷', 'evidence/MC_PLOT_529.html')	PA4526	1	1495	1495	NA [0]	[2] 4	[pilB]	[pilB]	SRR9673765
('*', 'evidence/MC_SIDE_1_530.html')	('*', 'evidence/MC_SIDE_2_530.html')	('÷', 'evidence/MC_PLOT_530.html')	PA4526	1595	1623	29	4 [2]	[1] 7	pilB	type 4 fimbrial biogenesis protein PilB	SRR9673765
('*', 'evidence/MC_SIDE_1_531.html')	('*', 'evidence/MC_SIDE_2_531.html')	('÷', 'evidence/MC_PLOT_531.html')	PA4526	2342	2412	71	5 [0]	[2] 9	pilB	type 4 fimbrial biogenesis protein PilB	SRR9673765
('*', 'evidence/MC_SIDE_1_532.html')	('*', 'evidence/MC_SIDE_2_532.html')	('÷', 'evidence/MC_PLOT_532.html')	PA4526	2629	3501	873	6 [1]	[0] NA	pilB/–	type 4 fimbrial biogenesis protein PilB/–	SRR9673765
('*', 'evidence/MC_SIDE_1_533.html')	('*', 'evidence/MC_SIDE_2_533.html')	('÷', 'evidence/MC_PLOT_533.html')	PA4796	652	681	30	4 [0]	[0] 2	–/N_A	–/hypothetical protein	SRR9673765
('*', 'evidence/MC_SIDE_1_534.html')	('*', 'evidence/MC_SIDE_2_534.html')	('÷', 'evidence/MC_PLOT_534.html')	PA4796	1369	2268	900	2 [1]	[0] NA	N_A/–	hypothetical protein/–	SRR9673765
('*', 'evidence/MC_SIDE_1_535.html')	('*', 'evidence/MC_SIDE_2_535.html')	('÷', 'evidence/MC_PLOT_535.html')	PA4848	2170	3150	981	274 [214]	[0] NA	[accC]	[accC]	SRR9673765
('*', 'evidence/MC_SIDE_1_641.html')	('*', 'evidence/MC_SIDE_2_641.html')	('÷', 'evidence/MC_PLOT_641.html')	PA0313	1	47	47	NA [0]	[27] 29	–/N_A	–/L‑cysteine ABC transporter protein YecS	SRR9824840
('*', 'evidence/MC_SIDE_1_642.html')	('*', 'evidence/MC_SIDE_2_642.html')	('÷', 'evidence/MC_PLOT_642.html')	PA0366	1743	1826	84	2 [1]	[1] 3	N_A	coniferyl aldehyde dehydrogenase	SRR9824840
('*', 'evidence/MC_SIDE_1_643.html')	('*', 'evidence/MC_SIDE_2_643.html')	('÷', 'evidence/MC_PLOT_643.html')	PA0366	2137	2357	221	2 [1]	[1] 5	[N_A]	[N_A]	SRR9824840
('*', 'evidence/MC_SIDE_1_644.html')	('*', 'evidence/MC_SIDE_2_644.html')	('÷', 'evidence/MC_PLOT_644.html')	PA0366	2552	2725	174	2 [1]	[0] 3	N_A/–	coniferyl aldehyde dehydrogenase/–	SRR9824840
('*', 'evidence/MC_SIDE_1_645.html')	('*', 'evidence/MC_SIDE_2_645.html')	('÷', 'evidence/MC_PLOT_645.html')	PA0506	3572	3606	35	32 [31]	[0] NA	N_A/–	acyl‑CoA dehydrogenase/–	SRR9824840
('*', 'evidence/MC_SIDE_1_646.html')	('*', 'evidence/MC_SIDE_2_646.html')	('÷', 'evidence/MC_PLOT_646.html')	PA0707	1	55	55	NA [0]	[25] 27	–/toxR	–/transcriptional regulator ToxR	SRR9824840
('*', 'evidence/MC_SIDE_1_647.html')	('*', 'evidence/MC_SIDE_2_647.html')	('÷', 'evidence/MC_PLOT_647.html')	PA0707	2525	2580	56	26 [23]	[0] NA	toxR/–	transcriptional regulator ToxR/–	SRR9824840
('*', 'evidence/MC_SIDE_1_648.html')	('*', 'evidence/MC_SIDE_2_648.html')	('÷', 'evidence/MC_PLOT_648.html')	PA1097	1	625	625	NA [0]	[16] 19	–/fleQ	–/transcriptional regulator FleQ	SRR9824840
('*', 'evidence/MC_SIDE_1_649.html')	('*', 'evidence/MC_SIDE_2_649.html')	('÷', 'evidence/MC_PLOT_649.html')	PA1097	3226	3273	48	18 [17]	[0] NA	fleQ/–	transcriptional regulator FleQ/–	SRR9824840
('*', 'evidence/MC_SIDE_1_650.html')	('*', 'evidence/MC_SIDE_2_650.html')	('÷', 'evidence/MC_PLOT_650.html')	PA1333	1	66	66	NA [0]	[30] 31	–/N_A	–/hypothetical protein	SRR9824840
('*', 'evidence/MC_SIDE_1_651.html')	('*', 'evidence/MC_SIDE_2_651.html')	('÷', 'evidence/MC_PLOT_651.html')	PA1544	1	75	75	NA [0]	[20] 22	–/anr	–/transcriptional regulator Anr	SRR9824840
('*', 'evidence/MC_SIDE_1_652.html')	('*', 'evidence/MC_SIDE_2_652.html')	('÷', 'evidence/MC_PLOT_652.html')	PA1713	1	107	107	NA [0]	[27] 29	–/exsA	–/exoenzyme S transcriptional regulator ExsA	SRR9824840
('*', 'evidence/MC_SIDE_1_653.html')	('*', 'evidence/MC_SIDE_2_653.html')	('÷', 'evidence/MC_PLOT_653.html')	PA2312	1457	1696	240	3 [1]	[2] 3	[N_A]	[N_A]	SRR9824840
('*', 'evidence/MC_SIDE_1_654.html')	('*', 'evidence/MC_SIDE_2_654.html')	('÷', 'evidence/MC_PLOT_654.html')	PA2312	1910	2144	235	3 [2]	[2] 3	N_A/–	transcriptional regulator/–	SRR9824840
('*', 'evidence/MC_SIDE_1_655.html')	('*', 'evidence/MC_SIDE_2_655.html')	('÷', 'evidence/MC_PLOT_655.html')	PA2312	2341	2382	42	3 [2]	[0] NA	N_A/–	transcriptional regulator/–	SRR9824840
('*', 'evidence/MC_SIDE_1_657.html')	('*', 'evidence/MC_SIDE_2_657.html')	('÷', 'evidence/MC_PLOT_657.html')	PA2491	1–568	1616–572	5–1616	NA [0]	[34] 35	[N_A]	[N_A]	SRR9824840
('*', 'evidence/MC_SIDE_1_658.html')	('*', 'evidence/MC_SIDE_2_658.html')	('÷', 'evidence/MC_PLOT_658.html')	PA2492	1–1130	1590–1134	5–1590	NA [0]	[16] 23	[mexT]	[mexT]	SRR9824840
('*', 'evidence/MC_SIDE_1_659.html')	('*', 'evidence/MC_SIDE_2_659.html')	('÷', 'evidence/MC_PLOT_659.html')	PA3217	1	59	59	NA [0]	[29] 31	–/cyaB	–/protein CyaB	SRR9824840
('*', 'evidence/MC_SIDE_1_660.html')	('*', 'evidence/MC_SIDE_2_660.html')	('÷', 'evidence/MC_PLOT_660.html')	PA3476	1	1569–740	740–1569	NA [0]	[39] 41	rhlI	rhlI	SRR9824840
('*', 'evidence/MC_SIDE_1_661.html')	('*', 'evidence/MC_SIDE_2_661.html')	('÷', 'evidence/MC_PLOT_661.html')	PA3476	2318	2406	89	40 [39]	[0] NA	rhlI/–	acyl‑homoserine‑lactone synthase/–	SRR9824840
('*', 'evidence/MC_SIDE_1_662.html')	('*', 'evidence/MC_SIDE_2_662.html')	('÷', 'evidence/MC_PLOT_662.html')	PA3477	1011–1626	2526	901–1516	44 [40]	[0] NA	[rhlR]	[rhlR]	SRR9824840
('*', 'evidence/MC_SIDE_1_663.html')	('*', 'evidence/MC_SIDE_2_663.html')	('÷', 'evidence/MC_PLOT_663.html')	PA3565	1	67	67	NA [0]	[21] 22	–/N_A	–/transcriptional regulator	SRR9824840
('*', 'evidence/MC_SIDE_1_664.html')	('*', 'evidence/MC_SIDE_2_664.html')	('÷', 'evidence/MC_PLOT_664.html')	PA3565	1726	2133	408	23 [19]	[21] 22	[N_A]	[N_A]	SRR9824840
('*', 'evidence/MC_SIDE_1_665.html')	('*', 'evidence/MC_SIDE_2_665.html')	('÷', 'evidence/MC_PLOT_665.html')	PA3574	1	111	111	NA [0]	[36] 38	–/nalD	–/transcriptional regulator	SRR9824840
('*', 'evidence/MC_SIDE_1_666.html')	('*', 'evidence/MC_SIDE_2_666.html')	('÷', 'evidence/MC_PLOT_666.html')	PA3817	1	101	101	NA [0]	[29] 31	–/N_A	–/methyltransferase	SRR9824840
('*', 'evidence/MC_SIDE_1_667.html')	('*', 'evidence/MC_SIDE_2_667.html')	('÷', 'evidence/MC_PLOT_667.html')	PA3817	2528	2574	47	35 [22]	[0] NA	N_A/–	methyltransferase/–	SRR9824840
('*', 'evidence/MC_SIDE_1_668.html')	('*', 'evidence/MC_SIDE_2_668.html')	('÷', 'evidence/MC_PLOT_668.html')	PA4462	1	96	96	NA [0]	[37] 38	–/rpoN	–/RNA polymerase factor sigma‑54	SRR9824840
('*', 'evidence/MC_SIDE_1_669.html')	('*', 'evidence/MC_SIDE_2_669.html')	('÷', 'evidence/MC_PLOT_669.html')	PA4526	1	1511	1511	NA [0]	[8] 11	[pilB]	[pilB]	SRR9824840
('*', 'evidence/MC_SIDE_1_670.html')	('*', 'evidence/MC_SIDE_2_670.html')	('÷', 'evidence/MC_PLOT_670.html')	PA4526	1773	1954	182	12 [9]	[9] 10	pilB	type 4 fimbrial biogenesis protein PilB	SRR9824840
('*', 'evidence/MC_SIDE_1_671.html')	('*', 'evidence/MC_SIDE_2_671.html')	('÷', 'evidence/MC_PLOT_671.html')	PA4526	2300	2430	131	10 [8]	[9] 14	pilB	type 4 fimbrial biogenesis protein PilB	SRR9824840
('*', 'evidence/MC_SIDE_1_672.html')	('*', 'evidence/MC_SIDE_2_672.html')	('÷', 'evidence/MC_PLOT_672.html')	PA4526	2605	3501	897	10 [9]	[0] NA	pilB/–	type 4 fimbrial biogenesis protein PilB/–	SRR9824840
('*', 'evidence/MC_SIDE_1_673.html')	('*', 'evidence/MC_SIDE_2_673.html')	('÷', 'evidence/MC_PLOT_673.html')	PA4796	1349	2268	920	34 [26]	[0] NA	[N_A]	[N_A]	SRR9824840
('*', 'evidence/MC_SIDE_1_674.html')	('*', 'evidence/MC_SIDE_2_674.html')	('÷', 'evidence/MC_PLOT_674.html')	PA4848	3094	3150	57	25 [23]	[0] NA	accC/–	acetyl‑CoA carboxylase biotin carboxylase subunit/–	SRR9824840
('*', 'evidence/MC_SIDE_1_614.html')	('*', 'evidence/MC_SIDE_2_614.html')	('÷', 'evidence/MC_PLOT_614.html')	PA0313	2452	2493	42	19 [17]	[0] NA	N_A/–	L‑cysteine ABC transporter protein YecS/–	SRR9841424
('*', 'evidence/MC_SIDE_1_615.html')	('*', 'evidence/MC_SIDE_2_615.html')	('÷', 'evidence/MC_PLOT_615.html')	PA0506	1	75	75	NA [0]	[30] 31	–/N_A	–/acyl‑CoA dehydrogenase	SRR9841424
('*', 'evidence/MC_SIDE_1_616.html')	('*', 'evidence/MC_SIDE_2_616.html')	('÷', 'evidence/MC_PLOT_616.html')	PA0652	1	89	89	NA [0]	[20] 23	–/vfr	–/cAMP‑regulatory protein	SRR9841424
('*', 'evidence/MC_SIDE_1_618.html')	('*', 'evidence/MC_SIDE_2_618.html')	('÷', 'evidence/MC_PLOT_618.html')	PA1097	3238	3273	36	14 [13]	[0] NA	fleQ/–	transcriptional regulator FleQ/–	SRR9841424
('*', 'evidence/MC_SIDE_1_619.html')	('*', 'evidence/MC_SIDE_2_619.html')	('÷', 'evidence/MC_PLOT_619.html')	PA1179	2335	2478	144	28 [26]	[0] NA	phoP/–	two‑component response regulator PhoP/–	SRR9841424
('*', 'evidence/MC_SIDE_1_620.html')	('*', 'evidence/MC_SIDE_2_620.html')	('÷', 'evidence/MC_PLOT_620.html')	PA1544	1	56	56	NA [0]	[25] 26	–/anr	–/transcriptional regulator Anr	SRR9841424
('*', 'evidence/MC_SIDE_1_621.html')	('*', 'evidence/MC_SIDE_2_621.html')	('÷', 'evidence/MC_PLOT_621.html')	PA1544	2410	2535	126	26 [25]	[0] NA	anr/–	transcriptional regulator Anr/–	SRR9841424
('*', 'evidence/MC_SIDE_1_623.html')	('*', 'evidence/MC_SIDE_2_623.html')	('÷', 'evidence/MC_PLOT_623.html')	PA2121	2361	2706	346	13 [11]	[0] NA	N_A/–	transcriptional regulator/–	SRR9841424
('*', 'evidence/MC_SIDE_1_624.html')	('*', 'evidence/MC_SIDE_2_624.html')	('÷', 'evidence/MC_PLOT_624.html')	PA2312	2320	2382	63	30 [29]	[0] NA	N_A/–	transcriptional regulator/–	SRR9841424
('*', 'evidence/MC_SIDE_1_625.html')	('*', 'evidence/MC_SIDE_2_625.html')	('÷', 'evidence/MC_PLOT_625.html')	PA2435	3741	3786	46	16 [12]	[0] NA	N_A/–	cation‑transporting P‑type ATPase/–	SRR9841424
('*', 'evidence/MC_SIDE_1_626.html')	('*', 'evidence/MC_SIDE_2_626.html')	('÷', 'evidence/MC_PLOT_626.html')	PA2491	1	1582–569	569–1582	NA [0]	[5] 7	[N_A]	[N_A]	SRR9841424
('*', 'evidence/MC_SIDE_1_627.html')	('*', 'evidence/MC_SIDE_2_627.html')	('÷', 'evidence/MC_PLOT_627.html')	PA2491	1925	1994	70	8 [6]	[5] 7	N_A/–	oxidoreductase/–	SRR9841424
('*', 'evidence/MC_SIDE_1_628.html')	('*', 'evidence/MC_SIDE_2_628.html')	('÷', 'evidence/MC_PLOT_628.html')	PA2492	1	1613–1152	1152–1613	NA [0]	[31] 32	[mexT]	[mexT]	SRR9841424
('*', 'evidence/MC_SIDE_1_629.html')	('*', 'evidence/MC_SIDE_2_629.html')	('÷', 'evidence/MC_PLOT_629.html')	PA3476	1	1549–9	9–1549	NA [0]	[26] 31	rhlI	rhlI	SRR9841424
('*', 'evidence/MC_SIDE_1_630.html')	('*', 'evidence/MC_SIDE_2_630.html')	('÷', 'evidence/MC_PLOT_630.html')	PA3476	1765	1911	147	31 [27]	[29] 35	rhlI/–	acyl‑homoserine‑lactone synthase/–	SRR9841424
('*', 'evidence/MC_SIDE_1_631.html')	('*', 'evidence/MC_SIDE_2_631.html')	('÷', 'evidence/MC_PLOT_631.html')	PA3476	2295	2406	112	30 [28]	[0] NA	rhlI/–	acyl‑homoserine‑lactone synthase/–	SRR9841424
('*', 'evidence/MC_SIDE_1_632.html')	('*', 'evidence/MC_SIDE_2_632.html')	('÷', 'evidence/MC_PLOT_632.html')	PA3477	1	88	88	NA [0]	[32] 33	–/rhlR	–/transcriptional regulator RhlR	SRR9841424
('*', 'evidence/MC_SIDE_1_633.html')	('*', 'evidence/MC_SIDE_2_633.html')	('÷', 'evidence/MC_PLOT_633.html')	PA3477	970–2514	2526	13–1557	34 [31]	[0] NA	[rhlR]	[rhlR]	SRR9841424
('*', 'evidence/MC_SIDE_1_634.html')	('*', 'evidence/MC_SIDE_2_634.html')	('÷', 'evidence/MC_PLOT_634.html')	PA3565	1830	2130	301	16 [15]	[15] 16	N_A/–	transcriptional regulator/–	SRR9841424
('*', 'evidence/MC_SIDE_1_635.html')	('*', 'evidence/MC_SIDE_2_635.html')	('÷', 'evidence/MC_PLOT_635.html')	PA3565	2682	2721	40	17 [15]	[0] NA	N_A/–	transcriptional regulator/–	SRR9841424
('*', 'evidence/MC_SIDE_1_636.html')	('*', 'evidence/MC_SIDE_2_636.html')	('÷', 'evidence/MC_PLOT_636.html')	PA3574	1	98	98	NA [0]	[25] 27	–/nalD	–/transcriptional regulator	SRR9841424
('*', 'evidence/MC_SIDE_1_637.html')	('*', 'evidence/MC_SIDE_2_637.html')	('÷', 'evidence/MC_PLOT_637.html')	PA3703	1	44	44	NA [0]	[16] 17	–/wspF	–/chemotaxis‑specific methylesterase	SRR9841424
('*', 'evidence/MC_SIDE_1_638.html')	('*', 'evidence/MC_SIDE_2_638.html')	('÷', 'evidence/MC_PLOT_638.html')	PA3703	2763	2808	46	18 [16]	[0] NA	wspF/–	chemotaxis‑specific methylesterase/–	SRR9841424
('*', 'evidence/MC_SIDE_1_639.html')	('*', 'evidence/MC_SIDE_2_639.html')	('÷', 'evidence/MC_PLOT_639.html')	PA4462	3237	3294	58	27 [26]	[0] NA	rpoN/–	RNA polymerase factor sigma‑54/–	SRR9841424
('*', 'evidence/MC_SIDE_1_641.html')	('*', 'evidence/MC_SIDE_2_641.html')	('÷', 'evidence/MC_PLOT_641.html')	PA4526	143	1491	1349	3 [1]	[0] 3	[pilB]	[pilB]	SRR9841424
('*', 'evidence/MC_SIDE_1_642.html')	('*', 'evidence/MC_SIDE_2_642.html')	('÷', 'evidence/MC_PLOT_642.html')	PA4526	1810	1922	113	2 [0]	[1] 3	pilB	type 4 fimbrial biogenesis protein PilB	SRR9841424
('*', 'evidence/MC_SIDE_1_643.html')	('*', 'evidence/MC_SIDE_2_643.html')	('÷', 'evidence/MC_PLOT_643.html')	PA4526	2299	2412	114	2 [1]	[0] 2	pilB	type 4 fimbrial biogenesis protein PilB	SRR9841424
('*', 'evidence/MC_SIDE_1_644.html')	('*', 'evidence/MC_SIDE_2_644.html')	('÷', 'evidence/MC_PLOT_644.html')	PA4526	2631	3501	871	2 [0]	[0] NA	pilB/–	type 4 fimbrial biogenesis protein PilB/–	SRR9841424
('*', 'evidence/MC_SIDE_1_645.html')	('*', 'evidence/MC_SIDE_2_645.html')	('÷', 'evidence/MC_PLOT_645.html')	PA4796	1	47	47	NA [0]	[24] 29	–/N_A	–/hypothetical protein	SRR9841424
('*', 'evidence/MC_SIDE_1_646.html')	('*', 'evidence/MC_SIDE_2_646.html')	('÷', 'evidence/MC_PLOT_646.html')	PA4848	3069	3150	82	34 [30]	[0] NA	accC/–	acetyl‑CoA carboxylase biotin carboxylase subunit/–	SRR9841424
('*', 'evidence/MC_SIDE_1_1193.html')	('*', 'evidence/MC_SIDE_2_1193.html')	('÷', 'evidence/MC_PLOT_1193.html')	PA0313	2458	2493	36	10 [9]	[0] NA	N_A/–	L‑cysteine ABC transporter protein YecS/–	SRR9889983
('*', 'evidence/MC_SIDE_1_1194.html')	('*', 'evidence/MC_SIDE_2_1194.html')	('÷', 'evidence/MC_PLOT_1194.html')	PA0366	3212	3231	20	9 [8]	[0] NA	N_A/–	coniferyl aldehyde dehydrogenase/–	SRR9889983
('*', 'evidence/MC_SIDE_1_1195.html')	('*', 'evidence/MC_SIDE_2_1195.html')	('÷', 'evidence/MC_PLOT_1195.html')	PA0425	2917	2952	36	17 [14]	[0] NA	mexA/–	multidrug resistance protein MexA/–	SRR9889983
('*', 'evidence/MC_SIDE_1_1196.html')	('*', 'evidence/MC_SIDE_2_1196.html')	('÷', 'evidence/MC_PLOT_1196.html')	PA0506	421	761	341	17 [16]	[16] 17	–/N_A	–/acyl‑CoA dehydrogenase	SRR9889983
('*', 'evidence/MC_SIDE_1_1197.html')	('*', 'evidence/MC_SIDE_2_1197.html')	('÷', 'evidence/MC_PLOT_1197.html')	PA0506	3594	3606	13	19 [5]	[0] NA	N_A/–	acyl‑CoA dehydrogenase/–	SRR9889983
('*', 'evidence/MC_SIDE_1_1198.html')	('*', 'evidence/MC_SIDE_2_1198.html')	('÷', 'evidence/MC_PLOT_1198.html')	PA0707	1	45	45	NA [0]	[9] 13	–/toxR	–/transcriptional regulator ToxR	SRR9889983
('*', 'evidence/MC_SIDE_1_1199.html')	('*', 'evidence/MC_SIDE_2_1199.html')	('÷', 'evidence/MC_PLOT_1199.html')	PA0707	2563	2580	18	11 [8]	[0] NA	toxR/–	transcriptional regulator ToxR/–	SRR9889983
('*', 'evidence/MC_SIDE_1_1200.html')	('*', 'evidence/MC_SIDE_2_1200.html')	('÷', 'evidence/MC_PLOT_1200.html')	PA1097	1	595	595	NA [0]	[5] 6	–/fleQ	–/transcriptional regulator FleQ	SRR9889983
('*', 'evidence/MC_SIDE_1_1201.html')	('*', 'evidence/MC_SIDE_2_1201.html')	('÷', 'evidence/MC_PLOT_1201.html')	PA1333	1	30	30	NA [0]	[4] 6	–/N_A	–/hypothetical protein	SRR9889983
('*', 'evidence/MC_SIDE_1_1202.html')	('*', 'evidence/MC_SIDE_2_1202.html')	('÷', 'evidence/MC_PLOT_1202.html')	PA1430	1	88	88	NA [0]	[18] 21	–/lasR	–/transcriptional regulator LasR	SRR9889983
('*', 'evidence/MC_SIDE_1_1203.html')	('*', 'evidence/MC_SIDE_2_1203.html')	('÷', 'evidence/MC_PLOT_1203.html')	PA1544	1	55	55	NA [0]	[8] 10	–/anr	–/transcriptional regulator Anr	SRR9889983
('*', 'evidence/MC_SIDE_1_1204.html')	('*', 'evidence/MC_SIDE_2_1204.html')	('÷', 'evidence/MC_PLOT_1204.html')	PA1544	2522	2535	14	9 [6]	[0] NA	anr/–	transcriptional regulator Anr/–	SRR9889983
('*', 'evidence/MC_SIDE_1_1205.html')	('*', 'evidence/MC_SIDE_2_1205.html')	('÷', 'evidence/MC_PLOT_1205.html')	PA2121	1	38	38	NA [0]	[7] 10	–/N_A	–/transcriptional regulator	SRR9889983
('*', 'evidence/MC_SIDE_1_1206.html')	('*', 'evidence/MC_SIDE_2_1206.html')	('÷', 'evidence/MC_PLOT_1206.html')	PA2121	2363	2706	344	9 [8]	[0] NA	N_A/–	transcriptional regulator/–	SRR9889983
('*', 'evidence/MC_SIDE_1_1207.html')	('*', 'evidence/MC_SIDE_2_1207.html')	('÷', 'evidence/MC_PLOT_1207.html')	PA2312	2152	2382	231	11 [8]	[0] NA	N_A/–	transcriptional regulator/–	SRR9889983
('*', 'evidence/MC_SIDE_1_1208.html')	('*', 'evidence/MC_SIDE_2_1208.html')	('÷', 'evidence/MC_PLOT_1208.html')	PA2491	1–565	1629–569	5–1629	NA [0]	[7] 8	[N_A]	[N_A]	SRR9889983
('*', 'evidence/MC_SIDE_1_1209.html')	('*', 'evidence/MC_SIDE_2_1209.html')	('÷', 'evidence/MC_PLOT_1209.html')	PA2492	1	1657–1137	1137–1657	NA [0]	[9] 10	[mexT]	[mexT]	SRR9889983
('*', 'evidence/MC_SIDE_1_1210.html')	('*', 'evidence/MC_SIDE_2_1210.html')	('÷', 'evidence/MC_PLOT_1210.html')	PA2492	1956	2031	76	10 [8]	[7] 16	mexT/–	transcriptional regulator MexT/–	SRR9889983
('*', 'evidence/MC_SIDE_1_1211.html')	('*', 'evidence/MC_SIDE_2_1211.html')	('÷', 'evidence/MC_PLOT_1211.html')	PA3217	3161	3192	32	9 [7]	[0] NA	cyaB/–	protein CyaB/–	SRR9889983
('*', 'evidence/MC_SIDE_1_1212.html')	('*', 'evidence/MC_SIDE_2_1212.html')	('÷', 'evidence/MC_PLOT_1212.html')	PA3476	1	1593–10	10–1593	NA [0]	[13] 14	rhlI	rhlI	SRR9889983
('*', 'evidence/MC_SIDE_1_1213.html')	('*', 'evidence/MC_SIDE_2_1213.html')	('÷', 'evidence/MC_PLOT_1213.html')	PA3477	1	19	19	NA [0]	[7] 9	–/rhlR	–/transcriptional regulator RhlR	SRR9889983
('*', 'evidence/MC_SIDE_1_1214.html')	('*', 'evidence/MC_SIDE_2_1214.html')	('÷', 'evidence/MC_PLOT_1214.html')	PA3477	996–2525	2526	2–1531	8 [7]	[0] NA	[rhlR]	[rhlR]	SRR9889983
('*', 'evidence/MC_SIDE_1_1215.html')	('*', 'evidence/MC_SIDE_2_1215.html')	('÷', 'evidence/MC_PLOT_1215.html')	PA3565	2680	2721	42	9 [6]	[0] NA	N_A/–	transcriptional regulator/–	SRR9889983
('*', 'evidence/MC_SIDE_1_1216.html')	('*', 'evidence/MC_SIDE_2_1216.html')	('÷', 'evidence/MC_PLOT_1216.html')	PA3574	1	56	56	NA [0]	[7] 8	–/nalD	–/transcriptional regulator	SRR9889983
('*', 'evidence/MC_SIDE_1_1217.html')	('*', 'evidence/MC_SIDE_2_1217.html')	('÷', 'evidence/MC_PLOT_1217.html')	PA3703	2771	2808	38	10 [7]	[0] NA	wspF/–	chemotaxis‑specific methylesterase/–	SRR9889983
('*', 'evidence/MC_SIDE_1_1218.html')	('*', 'evidence/MC_SIDE_2_1218.html')	('÷', 'evidence/MC_PLOT_1218.html')	PA4522	1	7	7	NA [0]	[6] 7	–/ampD	–/N‑acetyl‑anhydromuranmyl‑L‑alanine amidase	SRR9889983
('*', 'evidence/MC_SIDE_1_1219.html')	('*', 'evidence/MC_SIDE_2_1219.html')	('÷', 'evidence/MC_PLOT_1219.html')	PA4526	1	10	10	NA [0]	[4] 6	–/pilB	–/type 4 fimbrial biogenesis protein PilB	SRR9889983
('*', 'evidence/MC_SIDE_1_1220.html')	('*', 'evidence/MC_SIDE_2_1220.html')	('÷', 'evidence/MC_PLOT_1220.html')	PA4526	143	1673	1531	5 [2]	[2] 5	[pilB]	[pilB]	SRR9889983
('*', 'evidence/MC_SIDE_1_1221.html')	('*', 'evidence/MC_SIDE_2_1221.html')	('÷', 'evidence/MC_PLOT_1221.html')	PA4526	1827	1856	30	6 [4]	[3] 5	pilB	type 4 fimbrial biogenesis protein PilB	SRR9889983
('*', 'evidence/MC_SIDE_1_1222.html')	('*', 'evidence/MC_SIDE_2_1222.html')	('÷', 'evidence/MC_PLOT_1222.html')	PA4526	2383	2416	34	5 [4]	[1] 10	pilB	type 4 fimbrial biogenesis protein PilB	SRR9889983
('*', 'evidence/MC_SIDE_1_1223.html')	('*', 'evidence/MC_SIDE_2_1223.html')	('÷', 'evidence/MC_PLOT_1223.html')	PA4526	2625	3501	877	5 [1]	[0] NA	pilB/–	type 4 fimbrial biogenesis protein PilB/–	SRR9889983
('*', 'evidence/MC_SIDE_1_1224.html')	('*', 'evidence/MC_SIDE_2_1224.html')	('÷', 'evidence/MC_PLOT_1224.html')	PA4796	1370	2268	899	11 [10]	[0] NA	N_A/–	hypothetical protein/–	SRR9889983
('*', 'evidence/MC_SIDE_1_1225.html')	('*', 'evidence/MC_SIDE_2_1225.html')	('÷', 'evidence/MC_PLOT_1225.html')	PA4848	3124	3150	27	8 [7]	[0] NA	accC/–	acetyl‑CoA carboxylase biotin carboxylase subunit/–	SRR9889983
