		seq id	position	reads (cov)	reads (cov)	score	skew	freq	annotation	gene	product	source
('*', 'evidence/JC_1285.html')	('?', 'evidence/JC_SIDE_1_1285.html')	PA0506	1579 =	('102 (1.380)', None)	('14 (0.210)', None)	8/254	NT	23.2%	coding (679/1806 nt)	N_A	acyl‑CoA dehydrogenase	DRR514233
('*', 'evidence/JC_1285.html')	('?', 'evidence/JC_SIDE_2_1285.html')	PA0506	= 3593	('0 (0.000)', None)	('14 (0.210)', None)	8/254	NT	23.2%	intergenic (+887/–)	N_A/–	acyl‑CoA dehydrogenase/–	DRR514233
('*', 'evidence/JC_1287.html')	('?', 'evidence/JC_SIDE_1_1287.html')	PA2491	563 =	('NA (NA)', None)	('37 (1.000)', None)	28/252	NT	NA	intergenic (–/‑338)	–/N_A	–/oxidoreductase	DRR514233
('*', 'evidence/JC_1287.html')	('?', 'evidence/JC_SIDE_2_1287.html')	PA2491	= 554	('NA (NA)', None)	('37 (1.000)', None)	28/252	NT	NA	intergenic (–/‑347)	–/N_A	–/oxidoreductase	DRR514233
('*', 'evidence/JC_1285.html')	('?', 'evidence/JC_SIDE_1_1285.html')	PA0506	1579 =	('311 (0.960)', None)	('30 (0.100)', None)	13/254	NT	17.5%	coding (679/1806 nt)	N_A	acyl‑CoA dehydrogenase	ERR10011719
('*', 'evidence/JC_1285.html')	('?', 'evidence/JC_SIDE_2_1285.html')	PA0506	= 3593	('0 (0.000)', None)	('30 (0.100)', None)	13/254	NT	17.5%	intergenic (+887/–)	N_A/–	acyl‑CoA dehydrogenase/–	ERR10011719
('*', 'evidence/JC_1287.html')	('?', 'evidence/JC_SIDE_1_1287.html')	PA2491	563 =	('NA (NA)', None)	('283 (1.260)', None)	135/252	NT	NA	intergenic (–/‑338)	–/N_A	–/oxidoreductase	ERR10011719
('*', 'evidence/JC_1287.html')	('?', 'evidence/JC_SIDE_2_1287.html')	PA2491	= 554	('NA (NA)', None)	('283 (1.260)', None)	135/252	NT	NA	intergenic (–/‑347)	–/N_A	–/oxidoreductase	ERR10011719
('*', 'evidence/JC_1265.html')	('?', 'evidence/JC_SIDE_1_1265.html')	PA2491	563 =	('NA (NA)', None)	('29 (0.940)', None)	26/248	NT	NA	intergenic (–/‑338)	–/N_A	–/oxidoreductase	ERR10818797
('*', 'evidence/JC_1265.html')	('?', 'evidence/JC_SIDE_2_1265.html')	PA2491	= 554	('NA (NA)', None)	('29 (0.940)', None)	26/248	NT	NA	intergenic (–/‑347)	–/N_A	–/oxidoreductase	ERR10818797
('*', 'evidence/JC_661.html')	('?', 'evidence/JC_SIDE_1_661.html')	PA0506	1579 =	('167 (1.180)', None)	('12 (0.090)', None)	6/250	NT	13.7%	coding (679/1806 nt)	N_A	acyl‑CoA dehydrogenase	ERR12131212
('*', 'evidence/JC_661.html')	('?', 'evidence/JC_SIDE_2_661.html')	PA0506	= 3593	('0 (0.000)', None)	('12 (0.090)', None)	6/250	NT	13.7%	intergenic (+887/–)	N_A/–	acyl‑CoA dehydrogenase/–	ERR12131212
('*', 'evidence/JC_664.html')	('?', 'evidence/JC_SIDE_1_664.html')	PA1713	301 =	('85 (1.000)', None)	('6 (0.070)', None)	5/260	NT	7.5%	intergenic (–/‑600)	–/exsA	–/exoenzyme S transcriptional regulator ExsA	ERR12131212
('*', 'evidence/JC_664.html')	('?', 'evidence/JC_SIDE_2_664.html')	PA1713	325 =	('67 (0.840)', None)	('6 (0.070)', None)	5/260	NT	7.5%	intergenic (–/‑576)	–/exsA	–/exoenzyme S transcriptional regulator ExsA	ERR12131212
('*', 'evidence/JC_666.html')	('?', 'evidence/JC_SIDE_1_666.html')	PA2121	= 2415	('27 (0.280)', None)	('3 (0.030)', None)	3/256	NT	11.8%	intergenic (+609/–)	N_A/–	transcriptional regulator/–	ERR12131212
('*', 'evidence/JC_666.html')	('?', 'evidence/JC_SIDE_2_666.html')	PA2121	= 2428	('20 (0.230)', None)	('3 (0.030)', None)	3/256	NT	11.8%	intergenic (+622/–)	N_A/–	transcriptional regulator/–	ERR12131212
('*', 'evidence/JC_667.html')	('?', 'evidence/JC_SIDE_1_667.html')	PA2312	= 743	('94 (0.890)', None)	('5 (0.050)', None)	4/258	NT	5.1%	intergenic (–/‑158)	–/N_A	–/transcriptional regulator	ERR12131212
('*', 'evidence/JC_667.html')	('?', 'evidence/JC_SIDE_2_667.html')	PA2312	= 777	('97 (0.980)', None)	('5 (0.050)', None)	4/258	NT	5.1%	intergenic (–/‑124)	–/N_A	–/transcriptional regulator	ERR12131212
('*', 'evidence/JC_668.html')	('?', 'evidence/JC_SIDE_1_668.html')	PA2435	= 1215	('69 (0.900)', None)	('5 (0.070)', None)	4/260	NT	7.0%	coding (315/1986 nt)	N_A	cation‑transporting P‑type ATPase	ERR12131212
('*', 'evidence/JC_668.html')	('?', 'evidence/JC_SIDE_2_668.html')	PA2435	= 1229	('68 (0.940)', None)	('5 (0.070)', None)	4/260	NT	7.0%	coding (329/1986 nt)	N_A	cation‑transporting P‑type ATPase	ERR12131212
('*', 'evidence/JC_669.html')	('?', 'evidence/JC_SIDE_1_669.html')	PA2435	2741 =	('75 (0.980)', None)	('5 (0.070)', None)	5/256	NT	6.1%	coding (1841/1986 nt)	N_A	cation‑transporting P‑type ATPase	ERR12131212
('*', 'evidence/JC_669.html')	('?', 'evidence/JC_SIDE_2_669.html')	PA2435	2851 =	('84 (1.190)', None)	('5 (0.070)', None)	5/256	NT	6.1%	coding (1951/1986 nt)	N_A	cation‑transporting P‑type ATPase	ERR12131212
('*', 'evidence/JC_671.html')	('?', 'evidence/JC_SIDE_1_671.html')	PA2491	563 =	('NA (NA)', None)	('88 (0.950)', None)	43/248	NT	NA	intergenic (–/‑338)	–/N_A	–/oxidoreductase	ERR12131212
('*', 'evidence/JC_671.html')	('?', 'evidence/JC_SIDE_2_671.html')	PA2491	= 554	('NA (NA)', None)	('88 (0.950)', None)	43/248	NT	NA	intergenic (–/‑347)	–/N_A	–/oxidoreductase	ERR12131212
('*', 'evidence/JC_1330.html')	('?', 'evidence/JC_SIDE_1_1330.html')	PA2491	563 =	('NA (NA)', None)	('251 (1.570)', None)	71/248	NT	NA	intergenic (–/‑338)	–/N_A	–/oxidoreductase	ERR13863800
('*', 'evidence/JC_1330.html')	('?', 'evidence/JC_SIDE_2_1330.html')	PA2491	= 554	('NA (NA)', None)	('251 (1.570)', None)	71/248	NT	NA	intergenic (–/‑347)	–/N_A	–/oxidoreductase	ERR13863800
('*', 'evidence/JC_784.html')	('?', 'evidence/JC_SIDE_1_784.html')	PA0506	1579 =	('528 (1.100)', None)	('78 (0.180)', None)	32/252	NT	24.6%	coding (679/1806 nt)	N_A	acyl‑CoA dehydrogenase	ERR14732654
('*', 'evidence/JC_784.html')	('?', 'evidence/JC_SIDE_2_784.html')	PA0506	= 3593	('0 (0.000)', None)	('78 (0.180)', None)	32/252	NT	24.6%	intergenic (+887/–)	N_A/–	acyl‑CoA dehydrogenase/–	ERR14732654
('*', 'evidence/JC_787.html')	('?', 'evidence/JC_SIDE_1_787.html')	PA2491	563 =	('NA (NA)', None)	('338 (1.090)', None)	143/250	NT	NA	intergenic (–/‑338)	–/N_A	–/oxidoreductase	ERR14732654
('*', 'evidence/JC_787.html')	('?', 'evidence/JC_SIDE_2_787.html')	PA2491	= 554	('NA (NA)', None)	('338 (1.090)', None)	143/250	NT	NA	intergenic (–/‑347)	–/N_A	–/oxidoreductase	ERR14732654
('*', 'evidence/JC_732.html')	('?', 'evidence/JC_SIDE_1_732.html')	PA0506	1579 =	('64 (1.000)', None)	('18 (0.330)', None)	11/152	NT	39.8%	coding (679/1806 nt)	N_A	acyl‑CoA dehydrogenase	ERR1538268
('*', 'evidence/JC_732.html')	('?', 'evidence/JC_SIDE_2_732.html')	PA0506	= 3593	('0 (0.000)', None)	('18 (0.330)', None)	11/152	NT	39.8%	intergenic (+887/–)	N_A/–	acyl‑CoA dehydrogenase/–	ERR1538268
('*', 'evidence/JC_736.html')	('?', 'evidence/JC_SIDE_1_736.html')	PA2491	563 =	('NA (NA)', None)	('67 (1.570)', None)	54/150	NT	NA	intergenic (–/‑338)	–/N_A	–/oxidoreductase	ERR1538268
('*', 'evidence/JC_736.html')	('?', 'evidence/JC_SIDE_2_736.html')	PA2491	= 554	('NA (NA)', None)	('67 (1.570)', None)	54/150	NT	NA	intergenic (–/‑347)	–/N_A	–/oxidoreductase	ERR1538268
('*', 'evidence/JC_737.html')	('?', 'evidence/JC_SIDE_1_737.html')	PA3565	= 1935	('1 (0.020)', None)	('7 (0.130) +TTTAACTT', None)	4/162	NT	93.9%	intergenic (+114/–)	N_A/–	transcriptional regulator/–	ERR1538268
('*', 'evidence/JC_737.html')	('?', 'evidence/JC_SIDE_2_737.html')	PA3565	2094 =	('0 (0.000)', None)	('7 (0.130) +TTTAACTT', None)	4/162	NT	93.9%	intergenic (+273/–)	N_A/–	transcriptional regulator/–	ERR1538268
('*', 'evidence/JC_1739.html')	('?', 'evidence/JC_SIDE_1_1739.html')	PA0506	1579 =	('60 (1.190)', None)	('9 (0.200)', None)	7/240	NT	25.0%	coding (679/1806 nt)	N_A	acyl‑CoA dehydrogenase	ERR16138758
('*', 'evidence/JC_1739.html')	('?', 'evidence/JC_SIDE_2_1739.html')	PA0506	= 3593	('0 (0.000)', None)	('9 (0.200)', None)	7/240	NT	25.0%	intergenic (+887/–)	N_A/–	acyl‑CoA dehydrogenase/–	ERR16138758
('*', 'evidence/JC_1740.html')	('?', 'evidence/JC_SIDE_1_1740.html')	PA2491	563 =	('NA (NA)', None)	('30 (1.060)', None)	25/238	NT	NA	intergenic (–/‑338)	–/N_A	–/oxidoreductase	ERR16138758
('*', 'evidence/JC_1740.html')	('?', 'evidence/JC_SIDE_2_1740.html')	PA2491	= 554	('NA (NA)', None)	('30 (1.060)', None)	25/238	NT	NA	intergenic (–/‑347)	–/N_A	–/oxidoreductase	ERR16138758
('*', 'evidence/JC_1741.html')	('?', 'evidence/JC_SIDE_1_1741.html')	PA3703	1476 =	('40 (0.830)', None)	('3 (0.060)', None)	3/260	NT	7.1%	coding (576/1008 nt)	wspF	chemotaxis‑specific methylesterase	ERR16138758
('*', 'evidence/JC_1741.html')	('?', 'evidence/JC_SIDE_2_1741.html')	PA3703	1505 =	('40 (0.850)', None)	('3 (0.060)', None)	3/260	NT	7.1%	coding (605/1008 nt)	wspF	chemotaxis‑specific methylesterase	ERR16138758
('*', 'evidence/JC_1183.html')	('?', 'evidence/JC_SIDE_1_1183.html')	PA2491	563 =	('NA (NA)', None)	('47 (1.710)', None)	34/414	NT	NA	intergenic (–/‑338)	–/N_A	–/oxidoreductase	ERR16741959
('*', 'evidence/JC_1183.html')	('?', 'evidence/JC_SIDE_2_1183.html')	PA2491	= 554	('NA (NA)', None)	('47 (1.710)', None)	34/414	NT	NA	intergenic (–/‑347)	–/N_A	–/oxidoreductase	ERR16741959
('*', 'evidence/JC_561.html')	('?', 'evidence/JC_SIDE_1_561.html')	PA0506	833 =	('45 (1.110)', None)	('3 (0.080)', None)	3/446	NT	6.4%	intergenic (–/‑68)	–/N_A	–/acyl‑CoA dehydrogenase	ERR2286130
('*', 'evidence/JC_561.html')	('?', 'evidence/JC_SIDE_2_561.html')	PA0506	866 =	('44 (1.120)', None)	('3 (0.080)', None)	3/446	NT	6.4%	intergenic (–/‑35)	–/N_A	–/acyl‑CoA dehydrogenase	ERR2286130
('*', 'evidence/JC_562.html')	('?', 'evidence/JC_SIDE_1_562.html')	PA1544	= 2275	('11 (0.410)', None)	('4 (0.150) +AGGGCGCG', None)	4/444	NT	27.4%	intergenic (+640/–)	anr/–	transcriptional regulator Anr/–	ERR2286130
('*', 'evidence/JC_562.html')	('?', 'evidence/JC_SIDE_2_562.html')	PA1544	= 2279	('11 (0.410)', None)	('4 (0.150) +AGGGCGCG', None)	4/444	NT	27.4%	intergenic (+644/–)	anr/–	transcriptional regulator Anr/–	ERR2286130
('*', 'evidence/JC_563.html')	('?', 'evidence/JC_SIDE_1_563.html')	PA2491	563 =	('NA (NA)', None)	('20 (0.920)', None)	19/432	NT	NA	intergenic (–/‑338)	–/N_A	–/oxidoreductase	ERR2286130
('*', 'evidence/JC_563.html')	('?', 'evidence/JC_SIDE_2_563.html')	PA2491	= 554	('NA (NA)', None)	('20 (0.920)', None)	19/432	NT	NA	intergenic (–/‑347)	–/N_A	–/oxidoreductase	ERR2286130
('*', 'evidence/JC_692.html')	('?', 'evidence/JC_SIDE_1_692.html')	PA0506	1576 =	('62 (0.910)', None)	('9 (0.150) +GCGCGAA', None)	8/116	NT	19.0%	coding (676/1806 nt)	N_A	acyl‑CoA dehydrogenase	ERR2322198
('*', 'evidence/JC_692.html')	('?', 'evidence/JC_SIDE_2_692.html')	PA0506	= 3583	('24 (0.350)', None)	('9 (0.150) +GCGCGAA', None)	8/116	NT	19.0%	intergenic (+877/–)	N_A/–	acyl‑CoA dehydrogenase/–	ERR2322198
('*', 'evidence/JC_693.html')	('?', 'evidence/JC_SIDE_1_693.html')	PA0506	1579 =	('62 (0.910)', None)	('31 (0.570)', None)	23/104	NT	55.7%	coding (679/1806 nt)	N_A	acyl‑CoA dehydrogenase	ERR2322198
('*', 'evidence/JC_693.html')	('?', 'evidence/JC_SIDE_2_693.html')	PA0506	= 3593	('0 (0.000)', None)	('31 (0.570)', None)	23/104	NT	55.7%	intergenic (+887/–)	N_A/–	acyl‑CoA dehydrogenase/–	ERR2322198
('*', 'evidence/JC_694.html')	('?', 'evidence/JC_SIDE_1_694.html')	PA2435	3465 =	('69 (1.000)', None)	('5 (0.090) +TGTCGCGGATAAGC', None)	5/102	NT	8.7%	intergenic (+579/–)	N_A/–	cation‑transporting P‑type ATPase/–	ERR2322198
('*', 'evidence/JC_694.html')	('?', 'evidence/JC_SIDE_2_694.html')	PA2435	= 3547	('66 (0.960)', None)	('5 (0.090) +TGTCGCGGATAAGC', None)	5/102	NT	8.7%	intergenic (+661/–)	N_A/–	cation‑transporting P‑type ATPase/–	ERR2322198
('*', 'evidence/JC_695.html')	('?', 'evidence/JC_SIDE_1_695.html')	PA2435	= 3547	('66 (0.960)', None)	('8 (0.170) +GCCGGGCTTCGGTGTATC', None)	4/94	NT	18.4%	intergenic (+661/–)	N_A/–	cation‑transporting P‑type ATPase/–	ERR2322198
('*', 'evidence/JC_695.html')	('?', 'evidence/JC_SIDE_2_695.html')	PA4796	1404 =	('33 (0.510)', None)	('8 (0.170) +GCCGGGCTTCGGTGTATC', None)	4/94	NT	18.4%	intergenic (+36/–)	N_A/–	hypothetical protein/–	ERR2322198
('*', 'evidence/JC_696.html')	('?', 'evidence/JC_SIDE_1_696.html')	PA2491	563 =	('NA (NA)', None)	('50 (0.960)', None)	50/102	NT	NA	intergenic (–/‑338)	–/N_A	–/oxidoreductase	ERR2322198
('*', 'evidence/JC_696.html')	('?', 'evidence/JC_SIDE_2_696.html')	PA2491	= 554	('NA (NA)', None)	('50 (0.960)', None)	50/102	NT	NA	intergenic (–/‑347)	–/N_A	–/oxidoreductase	ERR2322198
('*', 'evidence/JC_717.html')	('?', 'evidence/JC_SIDE_1_717.html')	PA0506	1579 =	('87 (1.350)', None)	('23 (0.430)', None)	13/136	NT	38.7%	coding (679/1806 nt)	N_A	acyl‑CoA dehydrogenase	ERR233209
('*', 'evidence/JC_717.html')	('?', 'evidence/JC_SIDE_2_717.html')	PA0506	= 3593	('0 (0.000)', None)	('23 (0.430)', None)	13/136	NT	38.7%	intergenic (+887/–)	N_A/–	acyl‑CoA dehydrogenase/–	ERR233209
('*', 'evidence/JC_720.html')	('?', 'evidence/JC_SIDE_1_720.html')	PA2491	563 =	('NA (NA)', None)	('38 (1.170)', None)	31/134	NT	NA	intergenic (–/‑338)	–/N_A	–/oxidoreductase	ERR233209
('*', 'evidence/JC_720.html')	('?', 'evidence/JC_SIDE_2_720.html')	PA2491	= 554	('NA (NA)', None)	('38 (1.170)', None)	31/134	NT	NA	intergenic (–/‑347)	–/N_A	–/oxidoreductase	ERR233209
('*', 'evidence/JC_721.html')	('?', 'evidence/JC_SIDE_1_721.html')	PA3476	= 511	('NA (NA)', None)	('47 (0.940)', None)	36/158	NT	100%	intergenic (–/‑390)	–/rhlI	–/acyl‑homoserine‑lactone synthase	ERR233209
('*', 'evidence/JC_721.html')	('?', 'evidence/JC_SIDE_2_721.html')	PA3476	515 =	('0 (0.000)', None)	('47 (0.940)', None)	36/158	NT	100%	intergenic (–/‑386)	–/rhlI	–/acyl‑homoserine‑lactone synthase	ERR233209
('*', 'evidence/JC_754.html')	('?', 'evidence/JC_SIDE_1_754.html')	PA0506	1573 =	('386 (2.050)', None)	('32 (0.230) +22 bp', None)	11/118	NT	14.4%	coding (673/1806 nt)	N_A	acyl‑CoA dehydrogenase	ERR246336
('*', 'evidence/JC_754.html')	('?', 'evidence/JC_SIDE_2_754.html')	PA0506	= 3565	('138 (0.730)', None)	('32 (0.230) +22 bp', None)	11/118	NT	14.4%	intergenic (+859/–)	N_A/–	acyl‑CoA dehydrogenase/–	ERR246336
('*', 'evidence/JC_755.html')	('?', 'evidence/JC_SIDE_1_755.html')	PA0506	1579 =	('392 (2.090)', None)	('104 (0.660)', None)	32/136	NT	38.8%	coding (679/1806 nt)	N_A	acyl‑CoA dehydrogenase	ERR246336
('*', 'evidence/JC_755.html')	('?', 'evidence/JC_SIDE_2_755.html')	PA0506	= 3593	('0 (0.000)', None)	('104 (0.660)', None)	32/136	NT	38.8%	intergenic (+887/–)	N_A/–	acyl‑CoA dehydrogenase/–	ERR246336
('*', 'evidence/JC_760.html')	('?', 'evidence/JC_SIDE_1_760.html')	PA2491	563 =	('NA (NA)', None)	('134 (1.140)', None)	67/134	NT	NA	intergenic (–/‑338)	–/N_A	–/oxidoreductase	ERR246336
('*', 'evidence/JC_760.html')	('?', 'evidence/JC_SIDE_2_760.html')	PA2491	= 554	('NA (NA)', None)	('134 (1.140)', None)	67/134	NT	NA	intergenic (–/‑347)	–/N_A	–/oxidoreductase	ERR246336
('*', 'evidence/JC_747.html')	('?', 'evidence/JC_SIDE_1_747.html')	PA0506	1579 =	('63 (0.950)', None)	('18 (0.320)', None)	11/152	NT	40.1%	coding (679/1806 nt)	N_A	acyl‑CoA dehydrogenase	ERR3611294
('*', 'evidence/JC_747.html')	('?', 'evidence/JC_SIDE_2_747.html')	PA0506	= 3593	('0 (0.000)', None)	('18 (0.320)', None)	11/152	NT	40.1%	intergenic (+887/–)	N_A/–	acyl‑CoA dehydrogenase/–	ERR3611294
('*', 'evidence/JC_750.html')	('?', 'evidence/JC_SIDE_1_750.html')	PA2491	563 =	('NA (NA)', None)	('45 (0.990)', None)	33/150	NT	NA	intergenic (–/‑338)	–/N_A	–/oxidoreductase	ERR3611294
('*', 'evidence/JC_750.html')	('?', 'evidence/JC_SIDE_2_750.html')	PA2491	= 554	('NA (NA)', None)	('45 (0.990)', None)	33/150	NT	NA	intergenic (–/‑347)	–/N_A	–/oxidoreductase	ERR3611294
('*', 'evidence/JC_713.html')	('?', 'evidence/JC_SIDE_1_713.html')	PA0506	1579 =	('120 (1.300)', None)	('31 (0.390)', None)	17/152	NT	37.7%	coding (679/1806 nt)	N_A	acyl‑CoA dehydrogenase	ERR431140
('*', 'evidence/JC_713.html')	('?', 'evidence/JC_SIDE_2_713.html')	PA0506	= 3593	('0 (0.000)', None)	('31 (0.390)', None)	17/152	NT	37.7%	intergenic (+887/–)	N_A/–	acyl‑CoA dehydrogenase/–	ERR431140
('*', 'evidence/JC_715.html')	('?', 'evidence/JC_SIDE_1_715.html')	PA2491	563 =	('NA (NA)', None)	('50 (0.780)', None)	37/150	NT	NA	intergenic (–/‑338)	–/N_A	–/oxidoreductase	ERR431140
('*', 'evidence/JC_715.html')	('?', 'evidence/JC_SIDE_2_715.html')	PA2491	= 554	('NA (NA)', None)	('50 (0.780)', None)	37/150	NT	NA	intergenic (–/‑347)	–/N_A	–/oxidoreductase	ERR431140
('*', 'evidence/JC_1531.html')	('?', 'evidence/JC_SIDE_1_1531.html')	PA0506	1573 =	('255 (1.100)', None)	('17 (0.100) +22 bp', None)	10/134	NT	10.9%	coding (673/1806 nt)	N_A	acyl‑CoA dehydrogenase	ERR431534
('*', 'evidence/JC_1531.html')	('?', 'evidence/JC_SIDE_2_1531.html')	PA0506	= 3565	('114 (0.490)', None)	('17 (0.100) +22 bp', None)	10/134	NT	10.9%	intergenic (+859/–)	N_A/–	acyl‑CoA dehydrogenase/–	ERR431534
('*', 'evidence/JC_1532.html')	('?', 'evidence/JC_SIDE_1_1532.html')	PA0506	1579 =	('249 (1.070)', None)	('56 (0.280)', None)	27/152	NT	34.5%	coding (679/1806 nt)	N_A	acyl‑CoA dehydrogenase	ERR431534
('*', 'evidence/JC_1532.html')	('?', 'evidence/JC_SIDE_2_1532.html')	PA0506	= 3593	('0 (0.000)', None)	('56 (0.280)', None)	27/152	NT	34.5%	intergenic (+887/–)	N_A/–	acyl‑CoA dehydrogenase/–	ERR431534
('*', 'evidence/JC_1537.html')	('?', 'evidence/JC_SIDE_1_1537.html')	PA2491	563 =	('NA (NA)', None)	('158 (1.130)', None)	100/150	NT	NA	intergenic (–/‑338)	–/N_A	–/oxidoreductase	ERR431534
('*', 'evidence/JC_1537.html')	('?', 'evidence/JC_SIDE_2_1537.html')	PA2491	= 554	('NA (NA)', None)	('158 (1.130)', None)	100/150	NT	NA	intergenic (–/‑347)	–/N_A	–/oxidoreductase	ERR431534
('*', 'evidence/JC_643.html')	('?', 'evidence/JC_SIDE_1_643.html')	PA0506	1579 =	('277 (1.010)', None)	('83 (0.350)', None)	35/152	NT	41.3%	coding (679/1806 nt)	N_A	acyl‑CoA dehydrogenase	ERR445120
('*', 'evidence/JC_643.html')	('?', 'evidence/JC_SIDE_2_643.html')	PA0506	= 3593	('0 (0.000)', None)	('83 (0.350)', None)	35/152	NT	41.3%	intergenic (+887/–)	N_A/–	acyl‑CoA dehydrogenase/–	ERR445120
('*', 'evidence/JC_646.html')	('?', 'evidence/JC_SIDE_1_646.html')	PA2491	563 =	('NA (NA)', None)	('183 (1.180)', None)	94/150	NT	NA	intergenic (–/‑338)	–/N_A	–/oxidoreductase	ERR445120
('*', 'evidence/JC_646.html')	('?', 'evidence/JC_SIDE_2_646.html')	PA2491	= 554	('NA (NA)', None)	('183 (1.180)', None)	94/150	NT	NA	intergenic (–/‑347)	–/N_A	–/oxidoreductase	ERR445120
('*', 'evidence/JC_1259.html')	('?', 'evidence/JC_SIDE_1_1259.html')	PA0506	1579 =	('78 (1.420)', None)	('4 (0.080)', None)	4/298	NT	10.0%	coding (679/1806 nt)	N_A	acyl‑CoA dehydrogenase	ERR6004007
('*', 'evidence/JC_1259.html')	('?', 'evidence/JC_SIDE_2_1259.html')	PA0506	= 3593	('0 (0.000)', None)	('4 (0.080)', None)	4/298	NT	10.0%	intergenic (+887/–)	N_A/–	acyl‑CoA dehydrogenase/–	ERR6004007
('*', 'evidence/JC_1262.html')	('?', 'evidence/JC_SIDE_1_1262.html')	PA2491	563 =	('NA (NA)', None)	('47 (1.390)', None)	43/296	NT	NA	intergenic (–/‑338)	–/N_A	–/oxidoreductase	ERR6004007
('*', 'evidence/JC_1262.html')	('?', 'evidence/JC_SIDE_2_1262.html')	PA2491	= 554	('NA (NA)', None)	('47 (1.390)', None)	43/296	NT	NA	intergenic (–/‑347)	–/N_A	–/oxidoreductase	ERR6004007
('*', 'evidence/JC_1263.html')	('?', 'evidence/JC_SIDE_1_1263.html')	PA3476	= 665	('NA (NA)', None)	('60 (1.270)', None)	52/310	NT	100%	intergenic (–/‑236)	–/rhlI	–/acyl‑homoserine‑lactone synthase	ERR6004007
('*', 'evidence/JC_1263.html')	('?', 'evidence/JC_SIDE_2_1263.html')	PA3476	730 =	('0 (0.000)', None)	('60 (1.270)', None)	52/310	NT	100%	intergenic (–/‑171)	–/rhlI	–/acyl‑homoserine‑lactone synthase	ERR6004007
('*', 'evidence/JC_817.html')	('?', 'evidence/JC_SIDE_1_817.html')	PA0506	1579 =	('98 (1.150)', None)	('41 (0.560)', None)	26/152	NT	49.5%	coding (679/1806 nt)	N_A	acyl‑CoA dehydrogenase	ERR705716
('*', 'evidence/JC_817.html')	('?', 'evidence/JC_SIDE_2_817.html')	PA0506	= 3593	('0 (0.000)', None)	('41 (0.560)', None)	26/152	NT	49.5%	intergenic (+887/–)	N_A/–	acyl‑CoA dehydrogenase/–	ERR705716
('*', 'evidence/JC_821.html')	('?', 'evidence/JC_SIDE_1_821.html')	PA2491	563 =	('NA (NA)', None)	('61 (1.040)', None)	46/150	NT	NA	intergenic (–/‑338)	–/N_A	–/oxidoreductase	ERR705716
('*', 'evidence/JC_821.html')	('?', 'evidence/JC_SIDE_2_821.html')	PA2491	= 554	('NA (NA)', None)	('61 (1.040)', None)	46/150	NT	NA	intergenic (–/‑347)	–/N_A	–/oxidoreductase	ERR705716
('*', 'evidence/JC_818.html')	('?', 'evidence/JC_SIDE_1_818.html')	PA0506	1579 =	('115 (0.960)', None)	('20 (0.200)', None)	14/152	NT	29.0%	coding (679/1806 nt)	N_A	acyl‑CoA dehydrogenase	ERR705903
('*', 'evidence/JC_818.html')	('?', 'evidence/JC_SIDE_2_818.html')	PA0506	= 3593	('0 (0.000)', None)	('20 (0.200)', None)	14/152	NT	29.0%	intergenic (+887/–)	N_A/–	acyl‑CoA dehydrogenase/–	ERR705903
('*', 'evidence/JC_821.html')	('?', 'evidence/JC_SIDE_1_821.html')	PA2491	563 =	('NA (NA)', None)	('59 (0.840)', None)	48/150	NT	NA	intergenic (–/‑338)	–/N_A	–/oxidoreductase	ERR705903
('*', 'evidence/JC_821.html')	('?', 'evidence/JC_SIDE_2_821.html')	PA2491	= 554	('NA (NA)', None)	('59 (0.840)', None)	48/150	NT	NA	intergenic (–/‑347)	–/N_A	–/oxidoreductase	ERR705903
('*', 'evidence/JC_750.html')	('?', 'evidence/JC_SIDE_1_750.html')	PA0506	1576 =	('52 (0.920)', None)	('25 (0.500) +GCGCGAA', None)	13/102	NT	41.2%	coding (676/1806 nt)	N_A	acyl‑CoA dehydrogenase	ERR706016
('*', 'evidence/JC_750.html')	('?', 'evidence/JC_SIDE_2_750.html')	PA0506	= 3583	('29 (0.510)', None)	('25 (0.500) +GCGCGAA', None)	13/102	NT	41.2%	intergenic (+877/–)	N_A/–	acyl‑CoA dehydrogenase/–	ERR706016
('*', 'evidence/JC_751.html')	('?', 'evidence/JC_SIDE_1_751.html')	PA0506	1579 =	('50 (0.890)', None)	('14 (0.320)', None)	7/90	NT	41.9%	coding (679/1806 nt)	N_A	acyl‑CoA dehydrogenase	ERR706016
('*', 'evidence/JC_751.html')	('?', 'evidence/JC_SIDE_2_751.html')	PA0506	= 3593	('0 (0.000)', None)	('14 (0.320)', None)	7/90	NT	41.9%	intergenic (+887/–)	N_A/–	acyl‑CoA dehydrogenase/–	ERR706016
('*', 'evidence/JC_753.html')	('?', 'evidence/JC_SIDE_1_753.html')	PA2435	3466 =	('17 (0.760)', None)	('6 (0.380) +CTGCGCTGGCGTTTCAT', None)	4/82	NT	20.7%	intergenic (+580/–)	N_A/–	cation‑transporting P‑type ATPase/–	ERR706016
('*', 'evidence/JC_753.html')	('?', 'evidence/JC_SIDE_2_753.html')	PA2435	= 3547	('48 (2.160)', None)	('6 (0.380) +CTGCGCTGGCGTTTCAT', None)	4/82	NT	20.7%	intergenic (+661/–)	N_A/–	cation‑transporting P‑type ATPase/–	ERR706016
('*', 'evidence/JC_754.html')	('?', 'evidence/JC_SIDE_1_754.html')	PA2491	563 =	('NA (NA)', None)	('26 (0.900)', None)	18/88	NT	NA	intergenic (–/‑338)	–/N_A	–/oxidoreductase	ERR706016
('*', 'evidence/JC_754.html')	('?', 'evidence/JC_SIDE_2_754.html')	PA2491	= 554	('NA (NA)', None)	('26 (0.900)', None)	18/88	NT	NA	intergenic (–/‑347)	–/N_A	–/oxidoreductase	ERR706016
('*', 'evidence/JC_1093.html')	('?', 'evidence/JC_SIDE_1_1093.html')	PA2491	563 =	('NA (NA)', None)	('20 (0.810)', None)	15/182	NT	NA	intergenic (–/‑338)	–/N_A	–/oxidoreductase	SRR10023729
('*', 'evidence/JC_1093.html')	('?', 'evidence/JC_SIDE_2_1093.html')	PA2491	= 554	('NA (NA)', None)	('20 (0.810)', None)	15/182	NT	NA	intergenic (–/‑347)	–/N_A	–/oxidoreductase	SRR10023729
('*', 'evidence/JC_680.html')	('?', 'evidence/JC_SIDE_1_680.html')	PA0506	1579 =	('436 (1.220)', None)	('14 (0.040)', None)	10/184	NT	6.8%	coding (679/1806 nt)	N_A	acyl‑CoA dehydrogenase	SRR10023748
('*', 'evidence/JC_680.html')	('?', 'evidence/JC_SIDE_2_680.html')	PA0506	= 3593	('0 (0.000)', None)	('14 (0.040)', None)	10/184	NT	6.8%	intergenic (+887/–)	N_A/–	acyl‑CoA dehydrogenase/–	SRR10023748
('*', 'evidence/JC_685.html')	('?', 'evidence/JC_SIDE_1_685.html')	PA2491	563 =	('NA (NA)', None)	('268 (2.850)', None)	95/182	NT	NA	intergenic (–/‑338)	–/N_A	–/oxidoreductase	SRR10023748
('*', 'evidence/JC_685.html')	('?', 'evidence/JC_SIDE_2_685.html')	PA2491	= 554	('NA (NA)', None)	('268 (2.850)', None)	95/182	NT	NA	intergenic (–/‑347)	–/N_A	–/oxidoreductase	SRR10023748
('*', 'evidence/JC_561.html')	('?', 'evidence/JC_SIDE_1_561.html')	PA2491	563 =	('NA (NA)', None)	('58 (1.310)', None)	38/436	NT	NA	intergenic (–/‑338)	–/N_A	–/oxidoreductase	SRR10093385
('*', 'evidence/JC_561.html')	('?', 'evidence/JC_SIDE_2_561.html')	PA2491	= 554	('NA (NA)', None)	('58 (1.310)', None)	38/436	NT	NA	intergenic (–/‑347)	–/N_A	–/oxidoreductase	SRR10093385
('*', 'evidence/JC_1431.html')	('?', 'evidence/JC_SIDE_1_1431.html')	PA0506	1579 =	('53 (1.120)', None)	('15 (0.370)', None)	11/154	NT	39.9%	coding (679/1806 nt)	N_A	acyl‑CoA dehydrogenase	SRR1014097
('*', 'evidence/JC_1431.html')	('?', 'evidence/JC_SIDE_2_1431.html')	PA0506	= 3593	('0 (0.000)', None)	('15 (0.370)', None)	11/154	NT	39.9%	intergenic (+887/–)	N_A/–	acyl‑CoA dehydrogenase/–	SRR1014097
('*', 'evidence/JC_1434.html')	('?', 'evidence/JC_SIDE_1_1434.html')	PA2491	563 =	('NA (NA)', None)	('41 (1.220)', None)	28/152	NT	NA	intergenic (–/‑338)	–/N_A	–/oxidoreductase	SRR1014097
('*', 'evidence/JC_1434.html')	('?', 'evidence/JC_SIDE_2_1434.html')	PA2491	= 554	('NA (NA)', None)	('41 (1.220)', None)	28/152	NT	NA	intergenic (–/‑347)	–/N_A	–/oxidoreductase	SRR1014097
('*', 'evidence/JC_1397.html')	('?', 'evidence/JC_SIDE_1_1397.html')	PA0506	1579 =	('53 (1.100)', None)	('17 (0.410)', None)	11/154	NT	42.9%	coding (679/1806 nt)	N_A	acyl‑CoA dehydrogenase	SRR1014138
('*', 'evidence/JC_1397.html')	('?', 'evidence/JC_SIDE_2_1397.html')	PA0506	= 3593	('0 (0.000)', None)	('17 (0.410)', None)	11/154	NT	42.9%	intergenic (+887/–)	N_A/–	acyl‑CoA dehydrogenase/–	SRR1014138
('*', 'evidence/JC_1401.html')	('?', 'evidence/JC_SIDE_1_1401.html')	PA2491	563 =	('NA (NA)', None)	('42 (1.190)', None)	36/152	NT	NA	intergenic (–/‑338)	–/N_A	–/oxidoreductase	SRR1014138
('*', 'evidence/JC_1401.html')	('?', 'evidence/JC_SIDE_2_1401.html')	PA2491	= 554	('NA (NA)', None)	('42 (1.190)', None)	36/152	NT	NA	intergenic (–/‑347)	–/N_A	–/oxidoreductase	SRR1014138
('*', 'evidence/JC_1427.html')	('?', 'evidence/JC_SIDE_1_1427.html')	PA0506	1573 =	('59 (1.180)', None)	('8 (0.210) +22 bp', None)	6/136	NT	21.9%	coding (673/1806 nt)	N_A	acyl‑CoA dehydrogenase	SRR1014150
('*', 'evidence/JC_1427.html')	('?', 'evidence/JC_SIDE_2_1427.html')	PA0506	= 3565	('17 (0.340)', None)	('8 (0.210) +22 bp', None)	6/136	NT	21.9%	intergenic (+859/–)	N_A/–	acyl‑CoA dehydrogenase/–	SRR1014150
('*', 'evidence/JC_1428.html')	('?', 'evidence/JC_SIDE_1_1428.html')	PA0506	1579 =	('61 (1.220)', None)	('12 (0.280)', None)	9/154	NT	31.5%	coding (679/1806 nt)	N_A	acyl‑CoA dehydrogenase	SRR1014150
('*', 'evidence/JC_1428.html')	('?', 'evidence/JC_SIDE_2_1428.html')	PA0506	= 3593	('0 (0.000)', None)	('12 (0.280)', None)	9/154	NT	31.5%	intergenic (+887/–)	N_A/–	acyl‑CoA dehydrogenase/–	SRR1014150
('*', 'evidence/JC_1430.html')	('?', 'evidence/JC_SIDE_1_1430.html')	PA2491	563 =	('NA (NA)', None)	('48 (1.190)', None)	39/152	NT	NA	intergenic (–/‑338)	–/N_A	–/oxidoreductase	SRR1014150
('*', 'evidence/JC_1430.html')	('?', 'evidence/JC_SIDE_2_1430.html')	PA2491	= 554	('NA (NA)', None)	('48 (1.190)', None)	39/152	NT	NA	intergenic (–/‑347)	–/N_A	–/oxidoreductase	SRR1014150
('*', 'evidence/JC_1408.html')	('?', 'evidence/JC_SIDE_1_1408.html')	PA0506	1573 =	('57 (1.170)', None)	('4 (0.110) +22 bp', None)	4/136	NT	13.7%	coding (673/1806 nt)	N_A	acyl‑CoA dehydrogenase	SRR1014199
('*', 'evidence/JC_1408.html')	('?', 'evidence/JC_SIDE_2_1408.html')	PA0506	= 3565	('10 (0.210)', None)	('4 (0.110) +22 bp', None)	4/136	NT	13.7%	intergenic (+859/–)	N_A/–	acyl‑CoA dehydrogenase/–	SRR1014199
('*', 'evidence/JC_1409.html')	('?', 'evidence/JC_SIDE_1_1409.html')	PA0506	1579 =	('51 (1.050)', None)	('14 (0.340)', None)	11/154	NT	39.1%	coding (679/1806 nt)	N_A	acyl‑CoA dehydrogenase	SRR1014199
('*', 'evidence/JC_1409.html')	('?', 'evidence/JC_SIDE_2_1409.html')	PA0506	= 3593	('0 (0.000)', None)	('14 (0.340)', None)	11/154	NT	39.1%	intergenic (+887/–)	N_A/–	acyl‑CoA dehydrogenase/–	SRR1014199
('*', 'evidence/JC_1412.html')	('?', 'evidence/JC_SIDE_1_1412.html')	PA2491	563 =	('NA (NA)', None)	('45 (1.320)', None)	37/152	NT	NA	intergenic (–/‑338)	–/N_A	–/oxidoreductase	SRR1014199
('*', 'evidence/JC_1412.html')	('?', 'evidence/JC_SIDE_2_1412.html')	PA2491	= 554	('NA (NA)', None)	('45 (1.320)', None)	37/152	NT	NA	intergenic (–/‑347)	–/N_A	–/oxidoreductase	SRR1014199
('*', 'evidence/JC_664.html')	('?', 'evidence/JC_SIDE_1_664.html')	PA0506	1579 =	('63 (0.930)', None)	('19 (0.330)', None)	12/154	NT	41.4%	coding (679/1806 nt)	N_A	acyl‑CoA dehydrogenase	SRR1014464
('*', 'evidence/JC_664.html')	('?', 'evidence/JC_SIDE_2_664.html')	PA0506	= 3593	('0 (0.000)', None)	('19 (0.330)', None)	12/154	NT	41.4%	intergenic (+887/–)	N_A/–	acyl‑CoA dehydrogenase/–	SRR1014464
('*', 'evidence/JC_666.html')	('?', 'evidence/JC_SIDE_1_666.html')	PA2491	563 =	('NA (NA)', None)	('54 (1.200)', None)	46/152	NT	NA	intergenic (–/‑338)	–/N_A	–/oxidoreductase	SRR1014464
('*', 'evidence/JC_666.html')	('?', 'evidence/JC_SIDE_2_666.html')	PA2491	= 554	('NA (NA)', None)	('54 (1.200)', None)	46/152	NT	NA	intergenic (–/‑347)	–/N_A	–/oxidoreductase	SRR1014464
('*', 'evidence/JC_720.html')	('?', 'evidence/JC_SIDE_1_720.html')	PA0506	1579 =	('62 (1.030)', None)	('13 (0.250)', None)	11/154	NT	32.9%	coding (679/1806 nt)	N_A	acyl‑CoA dehydrogenase	SRR1014481
('*', 'evidence/JC_720.html')	('?', 'evidence/JC_SIDE_2_720.html')	PA0506	= 3593	('0 (0.000)', None)	('13 (0.250)', None)	11/154	NT	32.9%	intergenic (+887/–)	N_A/–	acyl‑CoA dehydrogenase/–	SRR1014481
('*', 'evidence/JC_723.html')	('?', 'evidence/JC_SIDE_1_723.html')	PA2491	563 =	('NA (NA)', None)	('41 (0.960)', None)	35/152	NT	NA	intergenic (–/‑338)	–/N_A	–/oxidoreductase	SRR1014481
('*', 'evidence/JC_723.html')	('?', 'evidence/JC_SIDE_2_723.html')	PA2491	= 554	('NA (NA)', None)	('41 (0.960)', None)	35/152	NT	NA	intergenic (–/‑347)	–/N_A	–/oxidoreductase	SRR1014481
('*', 'evidence/JC_110.html')	('?', 'evidence/JC_SIDE_1_110.html')	PA2435	2911 =	('31 (0.800)', None)	('3 (0.080)', None)	3/434	NT	9.8%	intergenic (+25/–)	N_A/–	cation‑transporting P‑type ATPase/–	SRR10230517
('*', 'evidence/JC_110.html')	('?', 'evidence/JC_SIDE_2_110.html')	PA2435	3055 =	('26 (0.710)', None)	('3 (0.080)', None)	3/434	NT	9.8%	intergenic (+169/–)	N_A/–	cation‑transporting P‑type ATPase/–	SRR10230517
('*', 'evidence/JC_111.html')	('?', 'evidence/JC_SIDE_1_111.html')	PA2491	563 =	('0 (0.000)', None)	('3 (0.060)', None)	3/430	NT	100%	intergenic (–/‑338)	–/N_A	–/oxidoreductase	SRR10230517
('*', 'evidence/JC_111.html')	('?', 'evidence/JC_SIDE_2_111.html')	PA2491	= 554	('NA (NA)', None)	('3 (0.060)', None)	3/430	NT	100%	intergenic (–/‑347)	–/N_A	–/oxidoreductase	SRR10230517
('*', 'evidence/JC_677.html')	('?', 'evidence/JC_SIDE_1_677.html')	PA0506	1579 =	('129 (1.020)', None)	('13 (0.110)', None)	10/378	NT	17.7%	coding (679/1806 nt)	N_A	acyl‑CoA dehydrogenase	SRR11213088
('*', 'evidence/JC_677.html')	('?', 'evidence/JC_SIDE_2_677.html')	PA0506	= 3593	('0 (0.000)', None)	('13 (0.110)', None)	10/378	NT	17.7%	intergenic (+887/–)	N_A/–	acyl‑CoA dehydrogenase/–	SRR11213088
('*', 'evidence/JC_678.html')	('?', 'evidence/JC_SIDE_1_678.html')	PA2491	563 =	('NA (NA)', None)	('69 (1.370)', None)	62/376	NT	NA	intergenic (–/‑338)	–/N_A	–/oxidoreductase	SRR11213088
('*', 'evidence/JC_678.html')	('?', 'evidence/JC_SIDE_2_678.html')	PA2491	= 554	('NA (NA)', None)	('69 (1.370)', None)	62/376	NT	NA	intergenic (–/‑347)	–/N_A	–/oxidoreductase	SRR11213088
('*', 'evidence/JC_1146.html')	('?', 'evidence/JC_SIDE_1_1146.html')	PA2491	563 =	('NA (NA)', None)	('189 (1.670)', None)	150/532	NT	NA	intergenic (–/‑338)	–/N_A	–/oxidoreductase	SRR11218711
('*', 'evidence/JC_1146.html')	('?', 'evidence/JC_SIDE_2_1146.html')	PA2491	= 554	('NA (NA)', None)	('189 (1.670)', None)	150/532	NT	NA	intergenic (–/‑347)	–/N_A	–/oxidoreductase	SRR11218711
('*', 'evidence/JC_1320.html')	('?', 'evidence/JC_SIDE_1_1320.html')	PA0506	1579 =	('158 (1.080)', None)	('16 (0.120)', None)	10/254	NT	18.3%	coding (679/1806 nt)	N_A	acyl‑CoA dehydrogenase	SRR11288287
('*', 'evidence/JC_1320.html')	('?', 'evidence/JC_SIDE_2_1320.html')	PA0506	= 3593	('0 (0.000)', None)	('16 (0.120)', None)	10/254	NT	18.3%	intergenic (+887/–)	N_A/–	acyl‑CoA dehydrogenase/–	SRR11288287
('*', 'evidence/JC_1324.html')	('?', 'evidence/JC_SIDE_1_1324.html')	PA2491	563 =	('NA (NA)', None)	('121 (1.190)', None)	89/252	NT	NA	intergenic (–/‑338)	–/N_A	–/oxidoreductase	SRR11288287
('*', 'evidence/JC_1324.html')	('?', 'evidence/JC_SIDE_2_1324.html')	PA2491	= 554	('NA (NA)', None)	('121 (1.190)', None)	89/252	NT	NA	intergenic (–/‑347)	–/N_A	–/oxidoreductase	SRR11288287
('*', 'evidence/JC_757.html')	('?', 'evidence/JC_SIDE_1_757.html')	PA0506	1579 =	('208 (1.200)', None)	('41 (0.280)', None)	22/150	NT	31.7%	coding (679/1806 nt)	N_A	acyl‑CoA dehydrogenase	SRR1173050
('*', 'evidence/JC_757.html')	('?', 'evidence/JC_SIDE_2_757.html')	PA0506	= 3593	('0 (0.000)', None)	('41 (0.280)', None)	22/150	NT	31.7%	intergenic (+887/–)	N_A/–	acyl‑CoA dehydrogenase/–	SRR1173050
('*', 'evidence/JC_762.html')	('?', 'evidence/JC_SIDE_1_762.html')	PA2491	563 =	('NA (NA)', None)	('142 (1.190)', None)	87/148	NT	NA	intergenic (–/‑338)	–/N_A	–/oxidoreductase	SRR1173050
('*', 'evidence/JC_762.html')	('?', 'evidence/JC_SIDE_2_762.html')	PA2491	= 554	('NA (NA)', None)	('142 (1.190)', None)	87/148	NT	NA	intergenic (–/‑347)	–/N_A	–/oxidoreductase	SRR1173050
('*', 'evidence/JC_2340.html')	('?', 'evidence/JC_SIDE_1_2340.html')	PA0506	1579 =	('346 (1.320)', None)	('41 (0.170)', None)	17/252	NT	20.7%	coding (679/1806 nt)	N_A	acyl‑CoA dehydrogenase	SRR12695631
('*', 'evidence/JC_2340.html')	('?', 'evidence/JC_SIDE_2_2340.html')	PA0506	= 3593	('0 (0.000)', None)	('41 (0.170)', None)	17/252	NT	20.7%	intergenic (+887/–)	N_A/–	acyl‑CoA dehydrogenase/–	SRR12695631
('*', 'evidence/JC_2345.html')	('?', 'evidence/JC_SIDE_1_2345.html')	PA2491	563 =	('NA (NA)', None)	('296 (1.260)', None)	126/250	NT	NA	intergenic (–/‑338)	–/N_A	–/oxidoreductase	SRR12695631
('*', 'evidence/JC_2345.html')	('?', 'evidence/JC_SIDE_2_2345.html')	PA2491	= 554	('NA (NA)', None)	('296 (1.260)', None)	126/250	NT	NA	intergenic (–/‑347)	–/N_A	–/oxidoreductase	SRR12695631
('*', 'evidence/JC_612.html')	('?', 'evidence/JC_SIDE_1_612.html')	PA2491	563 =	('NA (NA)', None)	('129 (1.300)', None)	90/508	NT	NA	intergenic (–/‑338)	–/N_A	–/oxidoreductase	SRR12830011
('*', 'evidence/JC_612.html')	('?', 'evidence/JC_SIDE_2_612.html')	PA2491	= 554	('NA (NA)', None)	('129 (1.300)', None)	90/508	NT	NA	intergenic (–/‑347)	–/N_A	–/oxidoreductase	SRR12830011
('*', 'evidence/JC_614.html')	('?', 'evidence/JC_SIDE_1_614.html')	PA3565	21 =	('10 (0.080)', None)	('5 (0.040)', None)	5/522	NT	27.2%	intergenic (–/‑880)	–/N_A	–/transcriptional regulator	SRR12830011
('*', 'evidence/JC_614.html')	('?', 'evidence/JC_SIDE_2_614.html')	PA3565	52 =	('17 (0.140)', None)	('5 (0.040)', None)	5/522	NT	27.2%	intergenic (–/‑849)	–/N_A	–/transcriptional regulator	SRR12830011
('*', 'evidence/JC_636.html')	('?', 'evidence/JC_SIDE_1_636.html')	PA0506	1579 =	('93 (1.300)', None)	('14 (0.210)', None)	9/356	NT	24.4%	coding (679/1806 nt)	N_A	acyl‑CoA dehydrogenase	SRR13015522
('*', 'evidence/JC_636.html')	('?', 'evidence/JC_SIDE_2_636.html')	PA0506	= 3593	('0 (0.000)', None)	('14 (0.210)', None)	9/356	NT	24.4%	intergenic (+887/–)	N_A/–	acyl‑CoA dehydrogenase/–	SRR13015522
('*', 'evidence/JC_638.html')	('?', 'evidence/JC_SIDE_1_638.html')	PA2491	563 =	('NA (NA)', None)	('48 (0.750)', None)	36/354	NT	NA	intergenic (–/‑338)	–/N_A	–/oxidoreductase	SRR13015522
('*', 'evidence/JC_638.html')	('?', 'evidence/JC_SIDE_2_638.html')	PA2491	= 554	('NA (NA)', None)	('48 (0.750)', None)	36/354	NT	NA	intergenic (–/‑347)	–/N_A	–/oxidoreductase	SRR13015522
('*', 'evidence/JC_639.html')	('?', 'evidence/JC_SIDE_1_639.html')	PA3477	= 542	('0 (0.000)', None)	('9 (0.190)', None)	8/356	NT	100%	intergenic (–/‑359)	–/rhlR	–/transcriptional regulator RhlR	SRR13015522
('*', 'evidence/JC_639.html')	('?', 'evidence/JC_SIDE_2_639.html')	PA3477	1960 =	('NA (NA)', None)	('9 (0.190)', None)	8/356	NT	100%	intergenic (+334/–)	rhlR/–	transcriptional regulator RhlR/–	SRR13015522
('*', 'evidence/JC_1368.html')	('?', 'evidence/JC_SIDE_1_1368.html')	PA0506	1579 =	('154 (0.920)', None)	('19 (0.120)', None)	10/252	NT	21.4%	coding (679/1806 nt)	N_A	acyl‑CoA dehydrogenase	SRR13435732
('*', 'evidence/JC_1368.html')	('?', 'evidence/JC_SIDE_2_1368.html')	PA0506	= 3593	('0 (0.000)', None)	('19 (0.120)', None)	10/252	NT	21.4%	intergenic (+887/–)	N_A/–	acyl‑CoA dehydrogenase/–	SRR13435732
('*', 'evidence/JC_1371.html')	('?', 'evidence/JC_SIDE_1_1371.html')	PA2491	563 =	('NA (NA)', None)	('128 (1.270)', None)	73/250	NT	NA	intergenic (–/‑338)	–/N_A	–/oxidoreductase	SRR13435732
('*', 'evidence/JC_1371.html')	('?', 'evidence/JC_SIDE_2_1371.html')	PA2491	= 554	('NA (NA)', None)	('128 (1.270)', None)	73/250	NT	NA	intergenic (–/‑347)	–/N_A	–/oxidoreductase	SRR13435732
('*', 'evidence/JC_49.html')	('?', 'evidence/JC_SIDE_1_49.html')	PA0506	1579 =	('117 (0.890)', None)	('29 (0.250)', None)	16/230	NT	35.6%	coding (679/1806 nt)	N_A	acyl‑CoA dehydrogenase	SRR13767060
('*', 'evidence/JC_49.html')	('?', 'evidence/JC_SIDE_2_49.html')	PA0506	= 3593	('0 (0.000)', None)	('29 (0.250)', None)	16/230	NT	35.6%	intergenic (+887/–)	N_A/–	acyl‑CoA dehydrogenase/–	SRR13767060
('*', 'evidence/JC_809.html')	('?', 'evidence/JC_SIDE_1_809.html')	PA0506	1579 =	('544 (1.090)', None)	('98 (0.220)', None)	37/254	NT	28.4%	coding (679/1806 nt)	N_A	acyl‑CoA dehydrogenase	SRR14585691
('*', 'evidence/JC_809.html')	('?', 'evidence/JC_SIDE_2_809.html')	PA0506	= 3593	('0 (0.000)', None)	('98 (0.220)', None)	37/254	NT	28.4%	intergenic (+887/–)	N_A/–	acyl‑CoA dehydrogenase/–	SRR14585691
('*', 'evidence/JC_813.html')	('?', 'evidence/JC_SIDE_1_813.html')	PA2491	563 =	('NA (NA)', None)	('402 (1.240)', None)	186/252	NT	NA	intergenic (–/‑338)	–/N_A	–/oxidoreductase	SRR14585691
('*', 'evidence/JC_813.html')	('?', 'evidence/JC_SIDE_2_813.html')	PA2491	= 554	('NA (NA)', None)	('402 (1.240)', None)	186/252	NT	NA	intergenic (–/‑347)	–/N_A	–/oxidoreductase	SRR14585691
('*', 'evidence/JC_1307.html')	('?', 'evidence/JC_SIDE_1_1307.html')	PA0506	1579 =	('56 (1.080)', None)	('12 (0.260)', None)	6/220	NT	32.4%	coding (679/1806 nt)	N_A	acyl‑CoA dehydrogenase	SRR15405717
('*', 'evidence/JC_1307.html')	('?', 'evidence/JC_SIDE_2_1307.html')	PA0506	= 3593	('0 (0.000)', None)	('12 (0.260)', None)	6/220	NT	32.4%	intergenic (+887/–)	N_A/–	acyl‑CoA dehydrogenase/–	SRR15405717
('*', 'evidence/JC_1309.html')	('?', 'evidence/JC_SIDE_1_1309.html')	PA2491	563 =	('NA (NA)', None)	('30 (0.850)', None)	22/218	NT	NA	intergenic (–/‑338)	–/N_A	–/oxidoreductase	SRR15405717
('*', 'evidence/JC_1309.html')	('?', 'evidence/JC_SIDE_2_1309.html')	PA2491	= 554	('NA (NA)', None)	('30 (0.850)', None)	22/218	NT	NA	intergenic (–/‑347)	–/N_A	–/oxidoreductase	SRR15405717
('*', 'evidence/JC_990.html')	('?', 'evidence/JC_SIDE_1_990.html')	PA2491	563 =	('NA (NA)', None)	('30 (1.330)', None)	26/484	NT	NA	intergenic (–/‑338)	–/N_A	–/oxidoreductase	SRR15523648
('*', 'evidence/JC_990.html')	('?', 'evidence/JC_SIDE_2_990.html')	PA2491	= 554	('NA (NA)', None)	('30 (1.330)', None)	26/484	NT	NA	intergenic (–/‑347)	–/N_A	–/oxidoreductase	SRR15523648
('*', 'evidence/JC_991.html')	('?', 'evidence/JC_SIDE_1_991.html')	PA3703	= 2679	('19 (0.620)', None)	('4 (0.130)', None)	4/504	NT	17.5%	intergenic (+771/–)	wspF/–	chemotaxis‑specific methylesterase/–	SRR15523648
('*', 'evidence/JC_991.html')	('?', 'evidence/JC_SIDE_2_991.html')	PA3703	= 2695	('19 (0.630)', None)	('4 (0.130)', None)	4/504	NT	17.5%	intergenic (+787/–)	wspF/–	chemotaxis‑specific methylesterase/–	SRR15523648
('*', 'evidence/JC_719.html')	('?', 'evidence/JC_SIDE_1_719.html')	PA0506	1579 =	('103 (1.070)', None)	('13 (0.150)', None)	7/240	NT	21.9%	coding (679/1806 nt)	N_A	acyl‑CoA dehydrogenase	SRR15793189
('*', 'evidence/JC_719.html')	('?', 'evidence/JC_SIDE_2_719.html')	PA0506	= 3593	('0 (0.000)', None)	('13 (0.150)', None)	7/240	NT	21.9%	intergenic (+887/–)	N_A/–	acyl‑CoA dehydrogenase/–	SRR15793189
('*', 'evidence/JC_720.html')	('?', 'evidence/JC_SIDE_1_720.html')	PA2491	563 =	('NA (NA)', None)	('67 (1.210)', None)	34/238	NT	NA	intergenic (–/‑338)	–/N_A	–/oxidoreductase	SRR15793189
('*', 'evidence/JC_720.html')	('?', 'evidence/JC_SIDE_2_720.html')	PA2491	= 554	('NA (NA)', None)	('67 (1.210)', None)	34/238	NT	NA	intergenic (–/‑347)	–/N_A	–/oxidoreductase	SRR15793189
('*', 'evidence/JC_1562.html')	('?', 'evidence/JC_SIDE_1_1562.html')	PA0506	1579 =	('91 (1.170)', None)	('13 (0.190)', None)	8/200	NT	24.4%	coding (679/1806 nt)	N_A	acyl‑CoA dehydrogenase	SRR17017347
('*', 'evidence/JC_1562.html')	('?', 'evidence/JC_SIDE_2_1562.html')	PA0506	= 3593	('0 (0.000)', None)	('13 (0.190)', None)	8/200	NT	24.4%	intergenic (+887/–)	N_A/–	acyl‑CoA dehydrogenase/–	SRR17017347
('*', 'evidence/JC_1563.html')	('?', 'evidence/JC_SIDE_1_1563.html')	PA2491	563 =	('NA (NA)', None)	('90 (1.000)', None)	52/198	NT	NA	intergenic (–/‑338)	–/N_A	–/oxidoreductase	SRR17017347
('*', 'evidence/JC_1563.html')	('?', 'evidence/JC_SIDE_2_1563.html')	PA2491	= 554	('NA (NA)', None)	('90 (1.000)', None)	52/198	NT	NA	intergenic (–/‑347)	–/N_A	–/oxidoreductase	SRR17017347
('*', 'evidence/JC_41.html')	('?', 'evidence/JC_SIDE_1_41.html')	PA2491	563 =	('NA (NA)', None)	('44 (0.980)', None)	43/544	NT	NA	intergenic (–/‑338)	–/N_A	–/oxidoreductase	SRR17036807
('*', 'evidence/JC_41.html')	('?', 'evidence/JC_SIDE_2_41.html')	PA2491	= 554	('NA (NA)', None)	('44 (0.980)', None)	43/544	NT	NA	intergenic (–/‑347)	–/N_A	–/oxidoreductase	SRR17036807
('*', 'evidence/JC_1242.html')	('?', 'evidence/JC_SIDE_1_1242.html')	PA0506	1579 =	('154 (1.160)', None)	('10 (0.080)', None)	9/244	NT	12.6%	coding (679/1806 nt)	N_A	acyl‑CoA dehydrogenase	SRR17283908
('*', 'evidence/JC_1242.html')	('?', 'evidence/JC_SIDE_2_1242.html')	PA0506	= 3593	('0 (0.000)', None)	('10 (0.080)', None)	9/244	NT	12.6%	intergenic (+887/–)	N_A/–	acyl‑CoA dehydrogenase/–	SRR17283908
('*', 'evidence/JC_1244.html')	('?', 'evidence/JC_SIDE_1_1244.html')	PA2491	563 =	('NA (NA)', None)	('116 (1.090)', None)	81/242	NT	NA	intergenic (–/‑338)	–/N_A	–/oxidoreductase	SRR17283908
('*', 'evidence/JC_1244.html')	('?', 'evidence/JC_SIDE_2_1244.html')	PA2491	= 554	('NA (NA)', None)	('116 (1.090)', None)	81/242	NT	NA	intergenic (–/‑347)	–/N_A	–/oxidoreductase	SRR17283908
('*', 'evidence/JC_818.html')	('?', 'evidence/JC_SIDE_1_818.html')	PA0506	1579 =	('134 (1.190)', None)	('50 (0.530)', None)	25/132	NT	47.2%	coding (679/1806 nt)	N_A	acyl‑CoA dehydrogenase	SRR1825713
('*', 'evidence/JC_818.html')	('?', 'evidence/JC_SIDE_2_818.html')	PA0506	= 3593	('0 (0.000)', None)	('50 (0.530)', None)	25/132	NT	47.2%	intergenic (+887/–)	N_A/–	acyl‑CoA dehydrogenase/–	SRR1825713
('*', 'evidence/JC_820.html')	('?', 'evidence/JC_SIDE_1_820.html')	PA2491	563 =	('NA (NA)', None)	('72 (1.020)', None)	56/130	NT	NA	intergenic (–/‑338)	–/N_A	–/oxidoreductase	SRR1825713
('*', 'evidence/JC_820.html')	('?', 'evidence/JC_SIDE_2_820.html')	PA2491	= 554	('NA (NA)', None)	('72 (1.020)', None)	56/130	NT	NA	intergenic (–/‑347)	–/N_A	–/oxidoreductase	SRR1825713
('*', 'evidence/JC_1328.html')	('?', 'evidence/JC_SIDE_1_1328.html')	PA0506	1576 =	('807 (1.720)', None)	('48 (0.110) +GCGCGAA', None)	5/112	NT	11.2%	coding (676/1806 nt)	N_A	acyl‑CoA dehydrogenase	SRR18286280
('*', 'evidence/JC_1328.html')	('?', 'evidence/JC_SIDE_2_1328.html')	PA0506	= 3583	('53 (0.110)', None)	('48 (0.110) +GCGCGAA', None)	5/112	NT	11.2%	intergenic (+877/–)	N_A/–	acyl‑CoA dehydrogenase/–	SRR18286280
('*', 'evidence/JC_1331.html')	('?', 'evidence/JC_SIDE_1_1331.html')	PA2491	563 =	('NA (NA)', None)	('273 (0.860)', None)	18/98	NT	NA	intergenic (–/‑338)	–/N_A	–/oxidoreductase	SRR18286280
('*', 'evidence/JC_1331.html')	('?', 'evidence/JC_SIDE_2_1331.html')	PA2491	= 554	('NA (NA)', None)	('273 (0.860)', None)	18/98	NT	NA	intergenic (–/‑347)	–/N_A	–/oxidoreductase	SRR18286280
('*', 'evidence/JC_852.html')	('?', 'evidence/JC_SIDE_1_852.html')	PA0506	1579 =	('75 (0.980)', None)	('11 (0.160)', None)	7/254	NT	24.4%	coding (679/1806 nt)	N_A	acyl‑CoA dehydrogenase	SRR18924763
('*', 'evidence/JC_852.html')	('?', 'evidence/JC_SIDE_2_852.html')	PA0506	= 3593	('0 (0.000)', None)	('11 (0.160)', None)	7/254	NT	24.4%	intergenic (+887/–)	N_A/–	acyl‑CoA dehydrogenase/–	SRR18924763
('*', 'evidence/JC_854.html')	('?', 'evidence/JC_SIDE_1_854.html')	PA2491	563 =	('NA (NA)', None)	('68 (1.000)', None)	32/252	NT	NA	intergenic (–/‑338)	–/N_A	–/oxidoreductase	SRR18924763
('*', 'evidence/JC_854.html')	('?', 'evidence/JC_SIDE_2_854.html')	PA2491	= 554	('NA (NA)', None)	('68 (1.000)', None)	32/252	NT	NA	intergenic (–/‑347)	–/N_A	–/oxidoreductase	SRR18924763
('*', 'evidence/JC_709.html')	('?', 'evidence/JC_SIDE_1_709.html')	PA2491	563 =	('NA (NA)', None)	('234 (1.400)', None)	86/436	NT	NA	intergenic (–/‑338)	–/N_A	–/oxidoreductase	SRR19575446
('*', 'evidence/JC_709.html')	('?', 'evidence/JC_SIDE_2_709.html')	PA2491	= 554	('NA (NA)', None)	('234 (1.400)', None)	86/436	NT	NA	intergenic (–/‑347)	–/N_A	–/oxidoreductase	SRR19575446
('*', 'evidence/JC_1505.html')	('?', 'evidence/JC_SIDE_1_1505.html')	PA0506	1579 =	('512 (2.210)', None)	('28 (0.130)', None)	16/406	NT	10.4%	coding (679/1806 nt)	N_A	acyl‑CoA dehydrogenase	SRR2043986
('*', 'evidence/JC_1505.html')	('?', 'evidence/JC_SIDE_2_1505.html')	PA0506	= 3593	('0 (0.000)', None)	('28 (0.130)', None)	16/406	NT	10.4%	intergenic (+887/–)	N_A/–	acyl‑CoA dehydrogenase/–	SRR2043986
('*', 'evidence/JC_1506.html')	('?', 'evidence/JC_SIDE_1_1506.html')	PA0997	1949 =	('12 (0.980)', None)	('6 (0.500) +GCGC', None)	5/424	NT	33.8%	intergenic (+197/–)	pqsB/–	hypothetical protein/–	SRR2043986
('*', 'evidence/JC_1506.html')	('?', 'evidence/JC_SIDE_2_1506.html')	PA0997	1949 =	('12 (0.980)', None)	('6 (0.500) +GCGC', None)	5/424	NT	33.8%	intergenic (+197/–)	pqsB/–	hypothetical protein/–	SRR2043986
('*', 'evidence/JC_1508.html')	('?', 'evidence/JC_SIDE_1_1508.html')	PA2491	563 =	('NA (NA)', None)	('189 (8.210)', None)	75/404	NT	NA	intergenic (–/‑338)	–/N_A	–/oxidoreductase	SRR2043986
('*', 'evidence/JC_1508.html')	('?', 'evidence/JC_SIDE_2_1508.html')	PA2491	= 554	('NA (NA)', None)	('189 (8.210)', None)	75/404	NT	NA	intergenic (–/‑347)	–/N_A	–/oxidoreductase	SRR2043986
('*', 'evidence/JC_1509.html')	('?', 'evidence/JC_SIDE_1_1509.html')	PA3476	= 1506	('NA (NA)', None)	('6 (2.350) +39 bp', None)	6/354	NT	100%	coding (606/606 nt)	rhlI	acyl‑homoserine‑lactone synthase	SRR2043986
('*', 'evidence/JC_1509.html')	('?', 'evidence/JC_SIDE_2_1509.html')	PA3476	1595 =	('0 (0.000)', None)	('6 (2.350) +39 bp', None)	6/354	NT	100%	intergenic (+89/–)	rhlI/–	acyl‑homoserine‑lactone synthase/–	SRR2043986
('*', 'evidence/JC_1512.html')	('?', 'evidence/JC_SIDE_1_1512.html')	PA4848	= 3036	('57 (0.210)', None)	('8 (0.030)', None)	8/416	NT	14.8%	intergenic (+786/–)	accC/–	acetyl‑CoA carboxylase biotin carboxylase subunit/–	SRR2043986
('*', 'evidence/JC_1512.html')	('?', 'evidence/JC_SIDE_2_1512.html')	PA4848	= 3037	('37 (0.140)', None)	('8 (0.030)', None)	8/416	NT	14.8%	intergenic (+787/–)	accC/–	acetyl‑CoA carboxylase biotin carboxylase subunit/–	SRR2043986
('*', 'evidence/JC_773.html')	('?', 'evidence/JC_SIDE_1_773.html')	PA0506	1579 =	('154 (1.160)', None)	('24 (0.200)', None)	13/252	NT	25.6%	coding (679/1806 nt)	N_A	acyl‑CoA dehydrogenase	SRR21537018
('*', 'evidence/JC_773.html')	('?', 'evidence/JC_SIDE_2_773.html')	PA0506	= 3593	('0 (0.000)', None)	('24 (0.200)', None)	13/252	NT	25.6%	intergenic (+887/–)	N_A/–	acyl‑CoA dehydrogenase/–	SRR21537018
('*', 'evidence/JC_776.html')	('?', 'evidence/JC_SIDE_1_776.html')	PA2491	563 =	('NA (NA)', None)	('84 (1.350)', None)	68/250	NT	NA	intergenic (–/‑338)	–/N_A	–/oxidoreductase	SRR21537018
('*', 'evidence/JC_776.html')	('?', 'evidence/JC_SIDE_2_776.html')	PA2491	= 554	('NA (NA)', None)	('84 (1.350)', None)	68/250	NT	NA	intergenic (–/‑347)	–/N_A	–/oxidoreductase	SRR21537018
('*', 'evidence/JC_858.html')	('?', 'evidence/JC_SIDE_1_858.html')	PA0506	1579 =	('70 (0.820)', None)	('12 (0.160)', None)	7/230	NT	27.6%	coding (679/1806 nt)	N_A	acyl‑CoA dehydrogenase	SRR22024279
('*', 'evidence/JC_858.html')	('?', 'evidence/JC_SIDE_2_858.html')	PA0506	= 3593	('0 (0.000)', None)	('12 (0.160)', None)	7/230	NT	27.6%	intergenic (+887/–)	N_A/–	acyl‑CoA dehydrogenase/–	SRR22024279
('*', 'evidence/JC_859.html')	('?', 'evidence/JC_SIDE_1_859.html')	PA2491	563 =	('NA (NA)', None)	('56 (0.860)', None)	43/228	NT	NA	intergenic (–/‑338)	–/N_A	–/oxidoreductase	SRR22024279
('*', 'evidence/JC_859.html')	('?', 'evidence/JC_SIDE_2_859.html')	PA2491	= 554	('NA (NA)', None)	('56 (0.860)', None)	43/228	NT	NA	intergenic (–/‑347)	–/N_A	–/oxidoreductase	SRR22024279
('*', 'evidence/JC_859.html')	('?', 'evidence/JC_SIDE_1_859.html')	PA0506	1579 =	('143 (0.930)', None)	('13 (0.090)', None)	3/240	NT	16.8%	coding (679/1806 nt)	N_A	acyl‑CoA dehydrogenase	SRR22319601
('*', 'evidence/JC_859.html')	('?', 'evidence/JC_SIDE_2_859.html')	PA0506	= 3593	('0 (0.000)', None)	('13 (0.090)', None)	3/240	NT	16.8%	intergenic (+887/–)	N_A/–	acyl‑CoA dehydrogenase/–	SRR22319601
('*', 'evidence/JC_862.html')	('?', 'evidence/JC_SIDE_1_862.html')	PA2491	563 =	('NA (NA)', None)	('98 (0.850)', None)	55/238	NT	NA	intergenic (–/‑338)	–/N_A	–/oxidoreductase	SRR22319601
('*', 'evidence/JC_862.html')	('?', 'evidence/JC_SIDE_2_862.html')	PA2491	= 554	('NA (NA)', None)	('98 (0.850)', None)	55/238	NT	NA	intergenic (–/‑347)	–/N_A	–/oxidoreductase	SRR22319601
('*', 'evidence/JC_1406.html')	('?', 'evidence/JC_SIDE_1_1406.html')	PA0506	809 =	('99 (1.390)', None)	('6 (0.090)', None)	6/158	NT	6.7%	intergenic (–/‑92)	–/N_A	–/acyl‑CoA dehydrogenase	SRR22801516
('*', 'evidence/JC_1406.html')	('?', 'evidence/JC_SIDE_2_1406.html')	PA0506	867 =	('78 (1.220)', None)	('6 (0.090)', None)	6/158	NT	6.7%	intergenic (–/‑34)	–/N_A	–/acyl‑CoA dehydrogenase	SRR22801516
('*', 'evidence/JC_1407.html')	('?', 'evidence/JC_SIDE_1_1407.html')	PA0506	1579 =	('73 (1.020)', None)	('12 (0.200)', None)	9/150	NT	27.8%	coding (679/1806 nt)	N_A	acyl‑CoA dehydrogenase	SRR22801516
('*', 'evidence/JC_1407.html')	('?', 'evidence/JC_SIDE_2_1407.html')	PA0506	= 3593	('0 (0.000)', None)	('12 (0.200)', None)	9/150	NT	27.8%	intergenic (+887/–)	N_A/–	acyl‑CoA dehydrogenase/–	SRR22801516
('*', 'evidence/JC_1408.html')	('?', 'evidence/JC_SIDE_1_1408.html')	PA0506	= 3432	('82 (1.150)', None)	('5 (0.080)', None)	5/160	NT	6.0%	intergenic (+726/–)	N_A/–	acyl‑CoA dehydrogenase/–	SRR22801516
('*', 'evidence/JC_1408.html')	('?', 'evidence/JC_SIDE_2_1408.html')	PA0506	= 3456	('82 (1.260)', None)	('5 (0.080)', None)	5/160	NT	6.0%	intergenic (+750/–)	N_A/–	acyl‑CoA dehydrogenase/–	SRR22801516
('*', 'evidence/JC_1409.html')	('?', 'evidence/JC_SIDE_1_1409.html')	PA0707	1313 =	('56 (0.860)', None)	('7 (0.120)', None)	7/160	NT	11.6%	coding (413/780 nt)	toxR	transcriptional regulator ToxR	SRR22801516
('*', 'evidence/JC_1409.html')	('?', 'evidence/JC_SIDE_2_1409.html')	PA0707	1421 =	('56 (0.950)', None)	('7 (0.120)', None)	7/160	NT	11.6%	coding (521/780 nt)	toxR	transcriptional regulator ToxR	SRR22801516
('*', 'evidence/JC_1410.html')	('?', 'evidence/JC_SIDE_1_1410.html')	PA0707	1478 =	('66 (1.020)', None)	('6 (0.100)', None)	6/166	NT	8.9%	coding (578/780 nt)	toxR	transcriptional regulator ToxR	SRR22801516
('*', 'evidence/JC_1410.html')	('?', 'evidence/JC_SIDE_2_1410.html')	PA0707	1503 =	('60 (0.980)', None)	('6 (0.100)', None)	6/166	NT	8.9%	coding (603/780 nt)	toxR	transcriptional regulator ToxR	SRR22801516
('*', 'evidence/JC_1411.html')	('?', 'evidence/JC_SIDE_1_1411.html')	PA0997	= 2284	('79 (1.240)', None)	('4 (0.070)', None)	4/160	NT	5.7%	intergenic (+532/–)	pqsB/–	hypothetical protein/–	SRR22801516
('*', 'evidence/JC_1411.html')	('?', 'evidence/JC_SIDE_2_1411.html')	PA0997	= 2361	('61 (1.050)', None)	('4 (0.070)', None)	4/160	NT	5.7%	intergenic (+609/–)	pqsB/–	hypothetical protein/–	SRR22801516
('*', 'evidence/JC_1413.html')	('?', 'evidence/JC_SIDE_1_1413.html')	PA2020	181 =	('73 (0.990)', None)	('6 (0.090)', None)	6/152	NT	8.6%	intergenic (–/‑720)	–/N_A	–/transcriptional regulator	SRR22801516
('*', 'evidence/JC_1413.html')	('?', 'evidence/JC_SIDE_2_1413.html')	PA2020	193 =	('65 (1.020)', None)	('6 (0.090)', None)	6/152	NT	8.6%	intergenic (–/‑708)	–/N_A	–/transcriptional regulator	SRR22801516
('*', 'evidence/JC_1414.html')	('?', 'evidence/JC_SIDE_1_1414.html')	PA2020	1136 =	('117 (1.590)', None)	('5 (0.080)', None)	4/158	NT	5.3%	coding (236/633 nt)	N_A	transcriptional regulator	SRR22801516
('*', 'evidence/JC_1414.html')	('?', 'evidence/JC_SIDE_2_1414.html')	PA2020	1169 =	('75 (1.140)', None)	('5 (0.080)', None)	4/158	NT	5.3%	coding (269/633 nt)	N_A	transcriptional regulator	SRR22801516
('*', 'evidence/JC_1415.html')	('?', 'evidence/JC_SIDE_1_1415.html')	PA2020	2191 =	('49 (0.670)', None)	('3 (0.040)', None)	3/162	NT	6.6%	intergenic (+658/–)	N_A/–	transcriptional regulator/–	SRR22801516
('*', 'evidence/JC_1415.html')	('?', 'evidence/JC_SIDE_2_1415.html')	PA2020	2230 =	('40 (0.590)', None)	('3 (0.040)', None)	3/162	NT	6.6%	intergenic (+697/–)	N_A/–	transcriptional regulator/–	SRR22801516
('*', 'evidence/JC_1416.html')	('?', 'evidence/JC_SIDE_1_1416.html')	PA2121	1 =	('0 (0.000)', None)	('21 (0.370) +CGTTGCGGGTCGACGG', None)	14/144	NT	58.8%	intergenic (–/‑900)	–/N_A	–/transcriptional regulator	SRR22801516
('*', 'evidence/JC_1416.html')	('?', 'evidence/JC_SIDE_2_1416.html')	PA2121	53 =	('36 (0.510)', None)	('21 (0.370) +CGTTGCGGGTCGACGG', None)	14/144	NT	58.8%	intergenic (–/‑848)	–/N_A	–/transcriptional regulator	SRR22801516
('*', 'evidence/JC_1417.html')	('?', 'evidence/JC_SIDE_1_1417.html')	PA2312	= 743	('67 (0.750)', None)	('10 (0.120)', None)	10/158	NT	14.8%	intergenic (–/‑158)	–/N_A	–/transcriptional regulator	SRR22801516
('*', 'evidence/JC_1417.html')	('?', 'evidence/JC_SIDE_2_1417.html')	PA2312	= 777	('55 (0.690)', None)	('10 (0.120)', None)	10/158	NT	14.8%	intergenic (–/‑124)	–/N_A	–/transcriptional regulator	SRR22801516
('*', 'evidence/JC_1419.html')	('?', 'evidence/JC_SIDE_1_1419.html')	PA2435	2741 =	('75 (1.230)', None)	('9 (0.170)', None)	7/156	NT	11.2%	coding (1841/1986 nt)	N_A	cation‑transporting P‑type ATPase	SRR22801516
('*', 'evidence/JC_1419.html')	('?', 'evidence/JC_SIDE_2_1419.html')	PA2435	2851 =	('76 (1.400)', None)	('9 (0.170)', None)	7/156	NT	11.2%	coding (1951/1986 nt)	N_A	cation‑transporting P‑type ATPase	SRR22801516
('*', 'evidence/JC_1421.html')	('?', 'evidence/JC_SIDE_1_1421.html')	PA2435	3032 =	('64 (1.050)', None)	('3 (0.060)', None)	3/148	NT	5.2%	intergenic (+146/–)	N_A/–	cation‑transporting P‑type ATPase/–	SRR22801516
('*', 'evidence/JC_1421.html')	('?', 'evidence/JC_SIDE_2_1421.html')	PA2435	3046 =	('55 (1.070)', None)	('3 (0.060)', None)	3/148	NT	5.2%	intergenic (+160/–)	N_A/–	cation‑transporting P‑type ATPase/–	SRR22801516
('*', 'evidence/JC_1422.html')	('?', 'evidence/JC_SIDE_1_1422.html')	PA2491	563 =	('NA (NA)', None)	('53 (0.980)', None)	35/148	NT	NA	intergenic (–/‑338)	–/N_A	–/oxidoreductase	SRR22801516
('*', 'evidence/JC_1422.html')	('?', 'evidence/JC_SIDE_2_1422.html')	PA2491	= 554	('NA (NA)', None)	('53 (0.980)', None)	35/148	NT	NA	intergenic (–/‑347)	–/N_A	–/oxidoreductase	SRR22801516
('*', 'evidence/JC_1423.html')	('?', 'evidence/JC_SIDE_1_1423.html')	PA2492	= 480	('NA (NA)', None)	('8 (0.140)', None)	8/168	NT	NA	intergenic (–/‑421)	–/mexT	–/transcriptional regulator MexT	SRR22801516
('*', 'evidence/JC_1423.html')	('?', 'evidence/JC_SIDE_2_1423.html')	PA2492	= 545	('NA (NA)', None)	('8 (0.140)', None)	8/168	NT	NA	intergenic (–/‑356)	–/mexT	–/transcriptional regulator MexT	SRR22801516
('*', 'evidence/JC_1424.html')	('?', 'evidence/JC_SIDE_1_1424.html')	PA2492	= 2479	('58 (0.970)', None)	('3 (0.060)', None)	3/160	NT	5.3%	intergenic (+535/–)	mexT/–	transcriptional regulator MexT/–	SRR22801516
('*', 'evidence/JC_1424.html')	('?', 'evidence/JC_SIDE_2_1424.html')	PA2492	= 2490	('55 (1.010)', None)	('3 (0.060)', None)	3/160	NT	5.3%	intergenic (+546/–)	mexT/–	transcriptional regulator MexT/–	SRR22801516
('*', 'evidence/JC_1425.html')	('?', 'evidence/JC_SIDE_1_1425.html')	PA3217	= 672	('10 (0.160)', None)	('5 (0.090)', None)	5/166	NT	40.9%	intergenic (–/‑229)	–/cyaB	–/protein CyaB	SRR22801516
('*', 'evidence/JC_1425.html')	('?', 'evidence/JC_SIDE_2_1425.html')	PA3217	= 693	('5 (0.090)', None)	('5 (0.090)', None)	5/166	NT	40.9%	intergenic (–/‑208)	–/cyaB	–/protein CyaB	SRR22801516
('*', 'evidence/JC_1426.html')	('?', 'evidence/JC_SIDE_1_1426.html')	PA3476	= 366	('NA (NA)', None)	('7 (0.140)', None)	4/160	NT	100%	intergenic (–/‑535)	–/rhlI	–/acyl‑homoserine‑lactone synthase	SRR22801516
('*', 'evidence/JC_1426.html')	('?', 'evidence/JC_SIDE_2_1426.html')	PA3476	= 409	('0 (0.000)', None)	('7 (0.140)', None)	4/160	NT	100%	intergenic (–/‑492)	–/rhlI	–/acyl‑homoserine‑lactone synthase	SRR22801516
('*', 'evidence/JC_1427.html')	('?', 'evidence/JC_SIDE_1_1427.html')	PA3565	= 1288	('57 (1.080)', None)	('3 (0.060)', None)	3/162	NT	7.0%	coding (388/921 nt)	N_A	transcriptional regulator	SRR22801516
('*', 'evidence/JC_1427.html')	('?', 'evidence/JC_SIDE_2_1427.html')	PA3565	= 1358	('27 (0.560)', None)	('3 (0.060)', None)	3/162	NT	7.0%	coding (458/921 nt)	N_A	transcriptional regulator	SRR22801516
('*', 'evidence/JC_1428.html')	('?', 'evidence/JC_SIDE_1_1428.html')	PA3565	= 1742	('48 (0.910)', None)	('6 (0.120)', None)	5/170	NT	11.8%	coding (842/921 nt)	N_A	transcriptional regulator	SRR22801516
('*', 'evidence/JC_1428.html')	('?', 'evidence/JC_SIDE_2_1428.html')	PA3565	= 1827	('43 (0.840)', None)	('6 (0.120)', None)	5/170	NT	11.8%	intergenic (+6/–)	N_A/–	transcriptional regulator/–	SRR22801516
('*', 'evidence/JC_1429.html')	('?', 'evidence/JC_SIDE_1_1429.html')	PA3565	2404 =	('45 (0.850)', None)	('3 (0.060)', None)	3/158	NT	6.0%	intergenic (+583/–)	N_A/–	transcriptional regulator/–	SRR22801516
('*', 'evidence/JC_1429.html')	('?', 'evidence/JC_SIDE_2_1429.html')	PA3565	2508 =	('54 (1.140)', None)	('3 (0.060)', None)	3/158	NT	6.0%	intergenic (+687/–)	N_A/–	transcriptional regulator/–	SRR22801516
('*', 'evidence/JC_1430.html')	('?', 'evidence/JC_SIDE_1_1430.html')	PA3574	= 2056	('85 (1.100)', None)	('5 (0.070)', None)	4/164	NT	6.0%	intergenic (+517/–)	nalD/–	transcriptional regulator/–	SRR22801516
('*', 'evidence/JC_1430.html')	('?', 'evidence/JC_SIDE_2_1430.html')	PA3574	= 2078	('77 (1.070)', None)	('5 (0.070)', None)	4/164	NT	6.0%	intergenic (+539/–)	nalD/–	transcriptional regulator/–	SRR22801516
('*', 'evidence/JC_1431.html')	('?', 'evidence/JC_SIDE_1_1431.html')	PA3703	= 2711	('64 (0.920)', None)	('8 (0.130)', None)	8/158	NT	16.1%	intergenic (+803/–)	wspF/–	chemotaxis‑specific methylesterase/–	SRR22801516
('*', 'evidence/JC_1431.html')	('?', 'evidence/JC_SIDE_2_1431.html')	PA3703	= 2747	('26 (0.420)', None)	('8 (0.130)', None)	8/158	NT	16.1%	intergenic (+839/–)	wspF/–	chemotaxis‑specific methylesterase/–	SRR22801516
('*', 'evidence/JC_1432.html')	('?', 'evidence/JC_SIDE_1_1432.html')	PA3817	= 2325	('91 (1.180)', None)	('5 (0.080)', None)	4/148	NT	5.9%	intergenic (+651/–)	N_A/–	methyltransferase/–	SRR22801516
('*', 'evidence/JC_1432.html')	('?', 'evidence/JC_SIDE_2_1432.html')	PA3817	= 2311	('82 (1.260)', None)	('5 (0.080)', None)	4/148	NT	5.9%	intergenic (+637/–)	N_A/–	methyltransferase/–	SRR22801516
('*', 'evidence/JC_1433.html')	('?', 'evidence/JC_SIDE_1_1433.html')	PA4522	= 1519	('73 (1.070)', None)	('4 (0.070)', None)	4/156	NT	5.5%	intergenic (+52/–)	ampD/–	N‑acetyl‑anhydromuranmyl‑L‑alanine amidase/–	SRR22801516
('*', 'evidence/JC_1433.html')	('?', 'evidence/JC_SIDE_2_1433.html')	PA4522	= 1985	('73 (1.200)', None)	('4 (0.070)', None)	4/156	NT	5.5%	intergenic (+518/–)	ampD/–	N‑acetyl‑anhydromuranmyl‑L‑alanine amidase/–	SRR22801516
('*', 'evidence/JC_1434.html')	('?', 'evidence/JC_SIDE_1_1434.html')	PA4848	1468 =	('53 (0.800)', None)	('4 (0.070)', None)	4/162	NT	6.9%	coding (568/1350 nt)	accC	acetyl‑CoA carboxylase biotin carboxylase subunit	SRR22801516
('*', 'evidence/JC_1434.html')	('?', 'evidence/JC_SIDE_2_1434.html')	PA4848	1526 =	('59 (0.970)', None)	('4 (0.070)', None)	4/162	NT	6.9%	coding (626/1350 nt)	accC	acetyl‑CoA carboxylase biotin carboxylase subunit	SRR22801516
('*', 'evidence/JC_1259.html')	('?', 'evidence/JC_SIDE_1_1259.html')	PA2491	563 =	('NA (NA)', None)	('65 (1.390)', None)	39/246	NT	NA	intergenic (–/‑338)	–/N_A	–/oxidoreductase	SRR24707197
('*', 'evidence/JC_1259.html')	('?', 'evidence/JC_SIDE_2_1259.html')	PA2491	= 554	('NA (NA)', None)	('65 (1.390)', None)	39/246	NT	NA	intergenic (–/‑347)	–/N_A	–/oxidoreductase	SRR24707197
('*', 'evidence/JC_669.html')	('?', 'evidence/JC_SIDE_1_669.html')	PA0506	1579 =	('9 (0.080)', None)	('21 (0.210)', None)	11/246	NT	83.8%	coding (679/1806 nt)	N_A	acyl‑CoA dehydrogenase	SRR25119420
('*', 'evidence/JC_669.html')	('?', 'evidence/JC_SIDE_2_669.html')	PA0506	= 3593	('0 (0.000)', None)	('21 (0.210)', None)	11/246	NT	83.8%	intergenic (+887/–)	N_A/–	acyl‑CoA dehydrogenase/–	SRR25119420
('*', 'evidence/JC_670.html')	('?', 'evidence/JC_SIDE_1_670.html')	PA2491	563 =	('NA (NA)', None)	('55 (0.800)', None)	27/244	NT	NA	intergenic (–/‑338)	–/N_A	–/oxidoreductase	SRR25119420
('*', 'evidence/JC_670.html')	('?', 'evidence/JC_SIDE_2_670.html')	PA2491	= 554	('NA (NA)', None)	('55 (0.800)', None)	27/244	NT	NA	intergenic (–/‑347)	–/N_A	–/oxidoreductase	SRR25119420
('*', 'evidence/JC_738.html')	('?', 'evidence/JC_SIDE_1_738.html')	PA0506	1579 =	('51 (0.750)', None)	('6 (0.100)', None)	5/250	NT	20.6%	coding (679/1806 nt)	N_A	acyl‑CoA dehydrogenase	SRR25320327
('*', 'evidence/JC_738.html')	('?', 'evidence/JC_SIDE_2_738.html')	PA0506	= 3593	('0 (0.000)', None)	('6 (0.100)', None)	5/250	NT	20.6%	intergenic (+887/–)	N_A/–	acyl‑CoA dehydrogenase/–	SRR25320327
('*', 'evidence/JC_739.html')	('?', 'evidence/JC_SIDE_1_739.html')	PA2020	= 1501	('41 (1.030)', None)	('8 (0.230)', None)	7/246	NT	18.7%	coding (601/633 nt)	N_A	transcriptional regulator	SRR25320327
('*', 'evidence/JC_739.html')	('?', 'evidence/JC_SIDE_2_739.html')	PA2020	= 1675	('33 (0.930)', None)	('8 (0.230)', None)	7/246	NT	18.7%	intergenic (+142/–)	N_A/–	transcriptional regulator/–	SRR25320327
('*', 'evidence/JC_740.html')	('?', 'evidence/JC_SIDE_1_740.html')	PA2435	2166 =	('32 (0.750)', None)	('3 (0.080)', None)	3/258	NT	7.8%	coding (1266/1986 nt)	N_A	cation‑transporting P‑type ATPase	SRR25320327
('*', 'evidence/JC_740.html')	('?', 'evidence/JC_SIDE_2_740.html')	PA2435	2855 =	('41 (1.030)', None)	('3 (0.080)', None)	3/258	NT	7.8%	coding (1955/1986 nt)	N_A	cation‑transporting P‑type ATPase	SRR25320327
('*', 'evidence/JC_741.html')	('?', 'evidence/JC_SIDE_1_741.html')	PA2491	563 =	('NA (NA)', None)	('40 (0.990)', None)	23/248	NT	NA	intergenic (–/‑338)	–/N_A	–/oxidoreductase	SRR25320327
('*', 'evidence/JC_741.html')	('?', 'evidence/JC_SIDE_2_741.html')	PA2491	= 554	('NA (NA)', None)	('40 (0.990)', None)	23/248	NT	NA	intergenic (–/‑347)	–/N_A	–/oxidoreductase	SRR25320327
('*', 'evidence/JC_742.html')	('?', 'evidence/JC_SIDE_1_742.html')	PA2491	1368 =	('NA (NA)', None)	('3 (0.070)', None)	3/262	NT	5.5%	coding (468/1020 nt)	N_A	oxidoreductase	SRR25320327
('*', 'evidence/JC_742.html')	('?', 'evidence/JC_SIDE_2_742.html')	PA2491	2141 =	('54 (1.200)', None)	('3 (0.070)', None)	3/262	NT	5.5%	intergenic (+221/–)	N_A/–	oxidoreductase/–	SRR25320327
('*', 'evidence/JC_830.html')	('?', 'evidence/JC_SIDE_1_830.html')	PA0506	1579 =	('189 (0.870)', None)	('14 (0.070)', None)	3/248	NT	14.1%	coding (679/1806 nt)	N_A	acyl‑CoA dehydrogenase	SRR25422541
('*', 'evidence/JC_830.html')	('?', 'evidence/JC_SIDE_2_830.html')	PA0506	= 3593	('0 (0.000)', None)	('14 (0.070)', None)	3/248	NT	14.1%	intergenic (+887/–)	N_A/–	acyl‑CoA dehydrogenase/–	SRR25422541
('*', 'evidence/JC_833.html')	('?', 'evidence/JC_SIDE_1_833.html')	PA2491	563 =	('NA (NA)', None)	('166 (0.990)', None)	68/246	NT	NA	intergenic (–/‑338)	–/N_A	–/oxidoreductase	SRR25422541
('*', 'evidence/JC_833.html')	('?', 'evidence/JC_SIDE_2_833.html')	PA2491	= 554	('NA (NA)', None)	('166 (0.990)', None)	68/246	NT	NA	intergenic (–/‑347)	–/N_A	–/oxidoreductase	SRR25422541
('*', 'evidence/JC_1316.html')	('?', 'evidence/JC_SIDE_1_1316.html')	PA0313	= 2243	('86 (1.290)', None)	('5 (0.080)', None)	5/258	NT	7.7%	intergenic (+650/–)	N_A/–	L‑cysteine ABC transporter protein YecS/–	SRR25436271
('*', 'evidence/JC_1316.html')	('?', 'evidence/JC_SIDE_2_1316.html')	PA0313	= 2393	('38 (0.600)', None)	('5 (0.080)', None)	5/258	NT	7.7%	intergenic (+800/–)	N_A/–	L‑cysteine ABC transporter protein YecS/–	SRR25436271
('*', 'evidence/JC_1318.html')	('?', 'evidence/JC_SIDE_1_1318.html')	PA0506	1579 =	('88 (1.130)', None)	('9 (0.130)', None)	6/244	NT	18.5%	coding (679/1806 nt)	N_A	acyl‑CoA dehydrogenase	SRR25436271
('*', 'evidence/JC_1318.html')	('?', 'evidence/JC_SIDE_2_1318.html')	PA0506	= 3593	('0 (0.000)', None)	('9 (0.130)', None)	6/244	NT	18.5%	intergenic (+887/–)	N_A/–	acyl‑CoA dehydrogenase/–	SRR25436271
('*', 'evidence/JC_1323.html')	('?', 'evidence/JC_SIDE_1_1323.html')	PA2491	563 =	('NA (NA)', None)	('55 (0.780)', None)	40/242	NT	NA	intergenic (–/‑338)	–/N_A	–/oxidoreductase	SRR25436271
('*', 'evidence/JC_1323.html')	('?', 'evidence/JC_SIDE_2_1323.html')	PA2491	= 554	('NA (NA)', None)	('55 (0.780)', None)	40/242	NT	NA	intergenic (–/‑347)	–/N_A	–/oxidoreductase	SRR25436271
('*', 'evidence/JC_816.html')	('?', 'evidence/JC_SIDE_1_816.html')	PA0506	1579 =	('370 (1.040)', None)	('55 (0.170)', None)	20/252	NT	24.7%	coding (679/1806 nt)	N_A	acyl‑CoA dehydrogenase	SRR25684270
('*', 'evidence/JC_816.html')	('?', 'evidence/JC_SIDE_2_816.html')	PA0506	= 3593	('0 (0.000)', None)	('55 (0.170)', None)	20/252	NT	24.7%	intergenic (+887/–)	N_A/–	acyl‑CoA dehydrogenase/–	SRR25684270
('*', 'evidence/JC_818.html')	('?', 'evidence/JC_SIDE_1_818.html')	PA2491	= 562	('0 (0.000)', None)	('3 (0.010) +GG', None)	3/272	NT	100%	intergenic (–/‑339)	–/N_A	–/oxidoreductase	SRR25684270
('*', 'evidence/JC_818.html')	('?', 'evidence/JC_SIDE_2_818.html')	PA2492	= 1129	('0 (0.000)', None)	('3 (0.010) +GG', None)	3/272	NT	100%	coding (229/1044 nt)	mexT	transcriptional regulator MexT	SRR25684270
('*', 'evidence/JC_819.html')	('?', 'evidence/JC_SIDE_1_819.html')	PA2491	563 =	('NA (NA)', None)	('297 (1.120)', None)	142/250	NT	NA	intergenic (–/‑338)	–/N_A	–/oxidoreductase	SRR25684270
('*', 'evidence/JC_819.html')	('?', 'evidence/JC_SIDE_2_819.html')	PA2491	= 554	('NA (NA)', None)	('297 (1.120)', None)	142/250	NT	NA	intergenic (–/‑347)	–/N_A	–/oxidoreductase	SRR25684270
('*', 'evidence/JC_641.html')	('?', 'evidence/JC_SIDE_1_641.html')	PA0506	1579 =	('69 (1.090)', None)	('3 (0.050)', None)	3/426	NT	8.4%	coding (679/1806 nt)	N_A	acyl‑CoA dehydrogenase	SRR25798612
('*', 'evidence/JC_641.html')	('?', 'evidence/JC_SIDE_2_641.html')	PA0506	= 3593	('0 (0.000)', None)	('3 (0.050)', None)	3/426	NT	8.4%	intergenic (+887/–)	N_A/–	acyl‑CoA dehydrogenase/–	SRR25798612
('*', 'evidence/JC_642.html')	('?', 'evidence/JC_SIDE_1_642.html')	PA2491	563 =	('NA (NA)', None)	('40 (1.860)', None)	31/424	NT	NA	intergenic (–/‑338)	–/N_A	–/oxidoreductase	SRR25798612
('*', 'evidence/JC_642.html')	('?', 'evidence/JC_SIDE_2_642.html')	PA2491	= 554	('NA (NA)', None)	('40 (1.860)', None)	31/424	NT	NA	intergenic (–/‑347)	–/N_A	–/oxidoreductase	SRR25798612
('*', 'evidence/JC_1495.html')	('?', 'evidence/JC_SIDE_1_1495.html')	PA0506	1579 =	('244 (1.030)', None)	('39 (0.180)', None)	20/252	NT	26.1%	coding (679/1806 nt)	N_A	acyl‑CoA dehydrogenase	SRR25818364
('*', 'evidence/JC_1495.html')	('?', 'evidence/JC_SIDE_2_1495.html')	PA0506	= 3593	('0 (0.000)', None)	('39 (0.180)', None)	20/252	NT	26.1%	intergenic (+887/–)	N_A/–	acyl‑CoA dehydrogenase/–	SRR25818364
('*', 'evidence/JC_1497.html')	('?', 'evidence/JC_SIDE_1_1497.html')	PA2491	563 =	('NA (NA)', None)	('238 (1.700)', None)	119/250	NT	NA	intergenic (–/‑338)	–/N_A	–/oxidoreductase	SRR25818364
('*', 'evidence/JC_1497.html')	('?', 'evidence/JC_SIDE_2_1497.html')	PA2491	= 554	('NA (NA)', None)	('238 (1.700)', None)	119/250	NT	NA	intergenic (–/‑347)	–/N_A	–/oxidoreductase	SRR25818364
('*', 'evidence/JC_654.html')	('?', 'evidence/JC_SIDE_1_654.html')	PA0506	1579 =	('782 (1.000)', None)	('98 (0.140)', None)	16/252	NT	21.7%	coding (679/1806 nt)	N_A	acyl‑CoA dehydrogenase	SRR26058668
('*', 'evidence/JC_654.html')	('?', 'evidence/JC_SIDE_2_654.html')	PA0506	= 3593	('0 (0.000)', None)	('98 (0.140)', None)	16/252	NT	21.7%	intergenic (+887/–)	N_A/–	acyl‑CoA dehydrogenase/–	SRR26058668
('*', 'evidence/JC_656.html')	('?', 'evidence/JC_SIDE_1_656.html')	PA2491	= 119	('NA (NA)', None)	('668 (0.960)', None)	90/272	NT	100%	intergenic (–/‑782)	–/N_A	–/oxidoreductase	SRR26058668
('*', 'evidence/JC_656.html')	('?', 'evidence/JC_SIDE_2_656.html')	PA2492	1741 =	('0 (0.000)', None)	('668 (0.960)', None)	90/272	NT	100%	coding (841/1044 nt)	mexT	transcriptional regulator MexT	SRR26058668
('*', 'evidence/JC_657.html')	('?', 'evidence/JC_SIDE_1_657.html')	PA2491	563 =	('NA (NA)', None)	('771 (1.140)', None)	108/250	NT	NA	intergenic (–/‑338)	–/N_A	–/oxidoreductase	SRR26058668
('*', 'evidence/JC_657.html')	('?', 'evidence/JC_SIDE_2_657.html')	PA2491	= 554	('NA (NA)', None)	('771 (1.140)', None)	108/250	NT	NA	intergenic (–/‑347)	–/N_A	–/oxidoreductase	SRR26058668
('*', 'evidence/JC_658.html')	('?', 'evidence/JC_SIDE_1_658.html')	PA2492	= 99	('0 (0.000)', None)	('548 (0.820)', None)	90/278	NT	100%	intergenic (–/‑802)	–/mexT	–/transcriptional regulator MexT	SRR26058668
('*', 'evidence/JC_658.html')	('?', 'evidence/JC_SIDE_2_658.html')	PA2492	123 =	('NA (NA)', None)	('548 (0.820)', None)	90/278	NT	100%	intergenic (–/‑778)	–/mexT	–/transcriptional regulator MexT	SRR26058668
('*', 'evidence/JC_659.html')	('?', 'evidence/JC_SIDE_1_659.html')	PA2492	= 1583	('NA (NA)', None)	('801 (1.220)', None)	110/274	NT	100%	coding (683/1044 nt)	mexT	transcriptional regulator MexT	SRR26058668
('*', 'evidence/JC_659.html')	('?', 'evidence/JC_SIDE_2_659.html')	PA2492	= 1739	('0 (0.000)', None)	('801 (1.220)', None)	110/274	NT	100%	coding (839/1044 nt)	mexT	transcriptional regulator MexT	SRR26058668
('*', 'evidence/JC_1605.html')	('?', 'evidence/JC_SIDE_1_1605.html')	PA0506	1579 =	('73 (0.880)', None)	('9 (0.120)', None)	5/244	NT	21.4%	coding (679/1806 nt)	N_A	acyl‑CoA dehydrogenase	SRR26953609
('*', 'evidence/JC_1605.html')	('?', 'evidence/JC_SIDE_2_1605.html')	PA0506	= 3593	('0 (0.000)', None)	('9 (0.120)', None)	5/244	NT	21.4%	intergenic (+887/–)	N_A/–	acyl‑CoA dehydrogenase/–	SRR26953609
('*', 'evidence/JC_1607.html')	('?', 'evidence/JC_SIDE_1_1607.html')	PA2491	563 =	('NA (NA)', None)	('69 (1.320)', None)	39/242	NT	NA	intergenic (–/‑338)	–/N_A	–/oxidoreductase	SRR26953609
('*', 'evidence/JC_1607.html')	('?', 'evidence/JC_SIDE_2_1607.html')	PA2491	= 554	('NA (NA)', None)	('69 (1.320)', None)	39/242	NT	NA	intergenic (–/‑347)	–/N_A	–/oxidoreductase	SRR26953609
('*', 'evidence/JC_1608.html')	('?', 'evidence/JC_SIDE_1_1608.html')	PA3476	1987 =	('90 (1.150)', None)	('4 (0.050) +AAC', None)	3/264	NT	8.3%	intergenic (+481/–)	rhlI/–	acyl‑homoserine‑lactone synthase/–	SRR26953609
('*', 'evidence/JC_1608.html')	('?', 'evidence/JC_SIDE_2_1608.html')	PA3476	= 2406	('0 (0.000)', None)	('4 (0.050) +AAC', None)	3/264	NT	8.3%	intergenic (+900/–)	rhlI/–	acyl‑homoserine‑lactone synthase/–	SRR26953609
('*', 'evidence/JC_1132.html')	('?', 'evidence/JC_SIDE_1_1132.html')	PA2491	563 =	('NA (NA)', None)	('87 (1.710)', None)	74/448	NT	NA	intergenic (–/‑338)	–/N_A	–/oxidoreductase	SRR27140059
('*', 'evidence/JC_1132.html')	('?', 'evidence/JC_SIDE_2_1132.html')	PA2491	= 554	('NA (NA)', None)	('87 (1.710)', None)	74/448	NT	NA	intergenic (–/‑347)	–/N_A	–/oxidoreductase	SRR27140059
('*', 'evidence/JC_1133.html')	('?', 'evidence/JC_SIDE_1_1133.html')	PA3476	= 541	('NA (NA)', None)	('64 (0.990)', None)	52/476	NT	100%	intergenic (–/‑360)	–/rhlI	–/acyl‑homoserine‑lactone synthase	SRR27140059
('*', 'evidence/JC_1133.html')	('?', 'evidence/JC_SIDE_2_1133.html')	PA3476	555 =	('0 (0.000)', None)	('64 (0.990)', None)	52/476	NT	100%	intergenic (–/‑346)	–/rhlI	–/acyl‑homoserine‑lactone synthase	SRR27140059
('*', 'evidence/JC_770.html')	('?', 'evidence/JC_SIDE_1_770.html')	PA0506	1579 =	('352 (1.130)', None)	('43 (0.150)', None)	14/252	NT	21.2%	coding (679/1806 nt)	N_A	acyl‑CoA dehydrogenase	SRR27501761
('*', 'evidence/JC_770.html')	('?', 'evidence/JC_SIDE_2_770.html')	PA0506	= 3593	('0 (0.000)', None)	('43 (0.150)', None)	14/252	NT	21.2%	intergenic (+887/–)	N_A/–	acyl‑CoA dehydrogenase/–	SRR27501761
('*', 'evidence/JC_773.html')	('?', 'evidence/JC_SIDE_1_773.html')	PA2491	563 =	('NA (NA)', None)	('131 (0.640)', None)	71/250	NT	NA	intergenic (–/‑338)	–/N_A	–/oxidoreductase	SRR27501761
('*', 'evidence/JC_773.html')	('?', 'evidence/JC_SIDE_2_773.html')	PA2491	= 554	('NA (NA)', None)	('131 (0.640)', None)	71/250	NT	NA	intergenic (–/‑347)	–/N_A	–/oxidoreductase	SRR27501761
('*', 'evidence/JC_145.html')	('?', 'evidence/JC_SIDE_1_145.html')	PA0506	1579 =	('275 (1.100)', None)	('71 (0.310)', None)	23/252	NT	36.3%	coding (679/1806 nt)	N_A	acyl‑CoA dehydrogenase	SRR27842630
('*', 'evidence/JC_145.html')	('?', 'evidence/JC_SIDE_2_145.html')	PA0506	= 3593	('0 (0.000)', None)	('71 (0.310)', None)	23/252	NT	36.3%	intergenic (+887/–)	N_A/–	acyl‑CoA dehydrogenase/–	SRR27842630
('*', 'evidence/JC_779.html')	('?', 'evidence/JC_SIDE_1_779.html')	PA0506	1579 =	('255 (0.870)', None)	('27 (0.100)', None)	10/248	NT	19.0%	coding (679/1806 nt)	N_A	acyl‑CoA dehydrogenase	SRR28533055
('*', 'evidence/JC_779.html')	('?', 'evidence/JC_SIDE_2_779.html')	PA0506	= 3593	('0 (0.000)', None)	('27 (0.100)', None)	10/248	NT	19.0%	intergenic (+887/–)	N_A/–	acyl‑CoA dehydrogenase/–	SRR28533055
('*', 'evidence/JC_782.html')	('?', 'evidence/JC_SIDE_1_782.html')	PA2491	563 =	('NA (NA)', None)	('228 (1.170)', None)	55/246	NT	NA	intergenic (–/‑338)	–/N_A	–/oxidoreductase	SRR28533055
('*', 'evidence/JC_782.html')	('?', 'evidence/JC_SIDE_2_782.html')	PA2491	= 554	('NA (NA)', None)	('228 (1.170)', None)	55/246	NT	NA	intergenic (–/‑347)	–/N_A	–/oxidoreductase	SRR28533055
('*', 'evidence/JC_1409.html')	('?', 'evidence/JC_SIDE_1_1409.html')	PA0506	1579 =	('1037 (1.120)', None)	('38 (0.050)', None)	14/250	NT	7.5%	coding (679/1806 nt)	N_A	acyl‑CoA dehydrogenase	SRR28862967
('*', 'evidence/JC_1409.html')	('?', 'evidence/JC_SIDE_2_1409.html')	PA0506	= 3593	('0 (0.000)', None)	('38 (0.050)', None)	14/250	NT	7.5%	intergenic (+887/–)	N_A/–	acyl‑CoA dehydrogenase/–	SRR28862967
('*', 'evidence/JC_1412.html')	('?', 'evidence/JC_SIDE_1_1412.html')	PA2121	1 =	('0 (0.000)', None)	('35 (0.060) +CGTTGCGGGTCGACGG', None)	15/244	NT	28.3%	intergenic (–/‑900)	–/N_A	–/transcriptional regulator	SRR28862967
('*', 'evidence/JC_1412.html')	('?', 'evidence/JC_SIDE_2_1412.html')	PA2121	53 =	('201 (0.320)', None)	('35 (0.060) +CGTTGCGGGTCGACGG', None)	15/244	NT	28.3%	intergenic (–/‑848)	–/N_A	–/transcriptional regulator	SRR28862967
('*', 'evidence/JC_1417.html')	('?', 'evidence/JC_SIDE_1_1417.html')	PA2491	563 =	('NA (NA)', None)	('653 (1.170)', None)	139/248	NT	NA	intergenic (–/‑338)	–/N_A	–/oxidoreductase	SRR28862967
('*', 'evidence/JC_1417.html')	('?', 'evidence/JC_SIDE_2_1417.html')	PA2491	= 554	('NA (NA)', None)	('653 (1.170)', None)	139/248	NT	NA	intergenic (–/‑347)	–/N_A	–/oxidoreductase	SRR28862967
('*', 'evidence/JC_1419.html')	('?', 'evidence/JC_SIDE_1_1419.html')	PA3476	1249 =	('NA (NA)', None)	('7 (0.010)', None)	5/264	NT	100%	coding (349/606 nt)	rhlI	acyl‑homoserine‑lactone synthase	SRR28862967
('*', 'evidence/JC_1419.html')	('?', 'evidence/JC_SIDE_2_1419.html')	PA3476	1293 =	('0 (0.000)', None)	('7 (0.010)', None)	5/264	NT	100%	coding (393/606 nt)	rhlI	acyl‑homoserine‑lactone synthase	SRR28862967
('*', 'evidence/JC_111.html')	('?', 'evidence/JC_SIDE_1_111.html')	PA0506	1579 =	('139 (1.130)', None)	('40 (0.370)', None)	20/214	NT	39.3%	coding (679/1806 nt)	N_A	acyl‑CoA dehydrogenase	SRR2939282
('*', 'evidence/JC_111.html')	('?', 'evidence/JC_SIDE_2_111.html')	PA0506	= 3593	('0 (0.000)', None)	('40 (0.370)', None)	20/214	NT	39.3%	intergenic (+887/–)	N_A/–	acyl‑CoA dehydrogenase/–	SRR2939282
('*', 'evidence/JC_112.html')	('?', 'evidence/JC_SIDE_1_112.html')	PA2491	563 =	('NA (NA)', None)	('102 (1.470)', None)	82/212	NT	NA	intergenic (–/‑338)	–/N_A	–/oxidoreductase	SRR2939282
('*', 'evidence/JC_112.html')	('?', 'evidence/JC_SIDE_2_112.html')	PA2491	= 554	('NA (NA)', None)	('102 (1.470)', None)	82/212	NT	NA	intergenic (–/‑347)	–/N_A	–/oxidoreductase	SRR2939282
('*', 'evidence/JC_832.html')	('?', 'evidence/JC_SIDE_1_832.html')	PA3476	= 642	('NA (NA)', None)	('7 (0.560)', None)	7/374	NT	100%	intergenic (–/‑259)	–/rhlI	–/acyl‑homoserine‑lactone synthase	SRR30156008
('*', 'evidence/JC_832.html')	('?', 'evidence/JC_SIDE_2_832.html')	PA3476	646 =	('0 (0.000)', None)	('7 (0.560)', None)	7/374	NT	100%	intergenic (–/‑255)	–/rhlI	–/acyl‑homoserine‑lactone synthase	SRR30156008
('*', 'evidence/JC_643.html')	('?', 'evidence/JC_SIDE_1_643.html')	PA0506	1579 =	('390 (1.160)', None)	('53 (0.170)', None)	24/252	NT	23.1%	coding (679/1806 nt)	N_A	acyl‑CoA dehydrogenase	SRR30916324
('*', 'evidence/JC_643.html')	('?', 'evidence/JC_SIDE_2_643.html')	PA0506	= 3593	('0 (0.000)', None)	('53 (0.170)', None)	24/252	NT	23.1%	intergenic (+887/–)	N_A/–	acyl‑CoA dehydrogenase/–	SRR30916324
('*', 'evidence/JC_645.html')	('?', 'evidence/JC_SIDE_1_645.html')	PA2491	563 =	('NA (NA)', None)	('296 (1.230)', None)	134/250	NT	NA	intergenic (–/‑338)	–/N_A	–/oxidoreductase	SRR30916324
('*', 'evidence/JC_645.html')	('?', 'evidence/JC_SIDE_2_645.html')	PA2491	= 554	('NA (NA)', None)	('296 (1.230)', None)	134/250	NT	NA	intergenic (–/‑347)	–/N_A	–/oxidoreductase	SRR30916324
('*', 'evidence/JC_744.html')	('?', 'evidence/JC_SIDE_1_744.html')	PA0506	1579 =	('173 (1.080)', None)	('28 (0.200)', None)	16/204	NT	26.8%	coding (679/1806 nt)	N_A	acyl‑CoA dehydrogenase	SRR3121784
('*', 'evidence/JC_744.html')	('?', 'evidence/JC_SIDE_2_744.html')	PA0506	= 3593	('0 (0.000)', None)	('28 (0.200)', None)	16/204	NT	26.8%	intergenic (+887/–)	N_A/–	acyl‑CoA dehydrogenase/–	SRR3121784
('*', 'evidence/JC_745.html')	('?', 'evidence/JC_SIDE_1_745.html')	PA2491	563 =	('NA (NA)', None)	('114 (1.160)', None)	88/202	NT	NA	intergenic (–/‑338)	–/N_A	–/oxidoreductase	SRR3121784
('*', 'evidence/JC_745.html')	('?', 'evidence/JC_SIDE_2_745.html')	PA2491	= 554	('NA (NA)', None)	('114 (1.160)', None)	88/202	NT	NA	intergenic (–/‑347)	–/N_A	–/oxidoreductase	SRR3121784
('*', 'evidence/JC_713.html')	('?', 'evidence/JC_SIDE_1_713.html')	PA0506	1579 =	('160 (0.970)', None)	('19 (0.130)', None)	9/242	NT	20.8%	coding (679/1806 nt)	N_A	acyl‑CoA dehydrogenase	SRR31254167
('*', 'evidence/JC_713.html')	('?', 'evidence/JC_SIDE_2_713.html')	PA0506	= 3593	('0 (0.000)', None)	('19 (0.130)', None)	9/242	NT	20.8%	intergenic (+887/–)	N_A/–	acyl‑CoA dehydrogenase/–	SRR31254167
('*', 'evidence/JC_714.html')	('?', 'evidence/JC_SIDE_1_714.html')	PA2491	563 =	('NA (NA)', None)	('105 (1.070)', None)	54/240	NT	NA	intergenic (–/‑338)	–/N_A	–/oxidoreductase	SRR31254167
('*', 'evidence/JC_714.html')	('?', 'evidence/JC_SIDE_2_714.html')	PA2491	= 554	('NA (NA)', None)	('105 (1.070)', None)	54/240	NT	NA	intergenic (–/‑347)	–/N_A	–/oxidoreductase	SRR31254167
('*', 'evidence/JC_666.html')	('?', 'evidence/JC_SIDE_1_666.html')	PA2491	563 =	('NA (NA)', None)	('48 (1.360)', None)	20/246	NT	NA	intergenic (–/‑338)	–/N_A	–/oxidoreductase	SRR31417083
('*', 'evidence/JC_666.html')	('?', 'evidence/JC_SIDE_2_666.html')	PA2491	= 554	('NA (NA)', None)	('48 (1.360)', None)	20/246	NT	NA	intergenic (–/‑347)	–/N_A	–/oxidoreductase	SRR31417083
('*', 'evidence/JC_563.html')	('?', 'evidence/JC_SIDE_1_563.html')	PA0506	1579 =	('182 (0.870)', None)	('36 (0.190)', None)	15/252	NT	30.4%	coding (679/1806 nt)	N_A	acyl‑CoA dehydrogenase	SRR31613341
('*', 'evidence/JC_563.html')	('?', 'evidence/JC_SIDE_2_563.html')	PA0506	= 3593	('0 (0.000)', None)	('36 (0.190)', None)	15/252	NT	30.4%	intergenic (+887/–)	N_A/–	acyl‑CoA dehydrogenase/–	SRR31613341
('*', 'evidence/JC_564.html')	('?', 'evidence/JC_SIDE_1_564.html')	PA2491	563 =	('NA (NA)', None)	('168 (1.110)', None)	94/250	NT	NA	intergenic (–/‑338)	–/N_A	–/oxidoreductase	SRR31613341
('*', 'evidence/JC_564.html')	('?', 'evidence/JC_SIDE_2_564.html')	PA2491	= 554	('NA (NA)', None)	('168 (1.110)', None)	94/250	NT	NA	intergenic (–/‑347)	–/N_A	–/oxidoreductase	SRR31613341
('*', 'evidence/JC_1382.html')	('?', 'evidence/JC_SIDE_1_1382.html')	PA0506	1579 =	('254 (1.260)', None)	('21 (0.120)', None)	12/234	NT	15.5%	coding (679/1806 nt)	N_A	acyl‑CoA dehydrogenase	SRR31904122
('*', 'evidence/JC_1382.html')	('?', 'evidence/JC_SIDE_2_1382.html')	PA0506	= 3593	('0 (0.000)', None)	('21 (0.120)', None)	12/234	NT	15.5%	intergenic (+887/–)	N_A/–	acyl‑CoA dehydrogenase/–	SRR31904122
('*', 'evidence/JC_1385.html')	('?', 'evidence/JC_SIDE_1_1385.html')	PA2491	563 =	('NA (NA)', None)	('116 (0.950)', None)	50/232	NT	NA	intergenic (–/‑338)	–/N_A	–/oxidoreductase	SRR31904122
('*', 'evidence/JC_1385.html')	('?', 'evidence/JC_SIDE_2_1385.html')	PA2491	= 554	('NA (NA)', None)	('116 (0.950)', None)	50/232	NT	NA	intergenic (–/‑347)	–/N_A	–/oxidoreductase	SRR31904122
('*', 'evidence/JC_161.html')	('?', 'evidence/JC_SIDE_1_161.html')	PA2491	563 =	('NA (NA)', None)	('100 (10.070)', None)	27/240	NT	NA	intergenic (–/‑338)	–/N_A	–/oxidoreductase	SRR33368507
('*', 'evidence/JC_161.html')	('?', 'evidence/JC_SIDE_2_161.html')	PA2491	= 554	('NA (NA)', None)	('100 (10.070)', None)	27/240	NT	NA	intergenic (–/‑347)	–/N_A	–/oxidoreductase	SRR33368507
('*', 'evidence/JC_2901.html')	('?', 'evidence/JC_SIDE_1_2901.html')	PA0506	1579 =	('138 (1.350)', None)	('41 (0.470)', None)	14/152	NT	41.0%	coding (679/1806 nt)	N_A	acyl‑CoA dehydrogenase	SRR33388173
('*', 'evidence/JC_2901.html')	('?', 'evidence/JC_SIDE_2_2901.html')	PA0506	= 3593	('0 (0.000)', None)	('41 (0.470)', None)	14/152	NT	41.0%	intergenic (+887/–)	N_A/–	acyl‑CoA dehydrogenase/–	SRR33388173
('*', 'evidence/JC_2904.html')	('?', 'evidence/JC_SIDE_1_2904.html')	PA2491	563 =	('NA (NA)', None)	('86 (1.930)', None)	38/150	NT	NA	intergenic (–/‑338)	–/N_A	–/oxidoreductase	SRR33388173
('*', 'evidence/JC_2904.html')	('?', 'evidence/JC_SIDE_2_2904.html')	PA2491	= 554	('NA (NA)', None)	('86 (1.930)', None)	38/150	NT	NA	intergenic (–/‑347)	–/N_A	–/oxidoreductase	SRR33388173
('*', 'evidence/JC_647.html')	('?', 'evidence/JC_SIDE_1_647.html')	PA0506	1579 =	('174 (1.310)', None)	('24 (0.200)', None)	11/252	NT	23.3%	coding (679/1806 nt)	N_A	acyl‑CoA dehydrogenase	SRR33574348
('*', 'evidence/JC_647.html')	('?', 'evidence/JC_SIDE_2_647.html')	PA0506	= 3593	('0 (0.000)', None)	('24 (0.200)', None)	11/252	NT	23.3%	intergenic (+887/–)	N_A/–	acyl‑CoA dehydrogenase/–	SRR33574348
('*', 'evidence/JC_650.html')	('?', 'evidence/JC_SIDE_1_650.html')	PA2491	563 =	('NA (NA)', None)	('94 (1.220)', None)	63/250	NT	NA	intergenic (–/‑338)	–/N_A	–/oxidoreductase	SRR33574348
('*', 'evidence/JC_650.html')	('?', 'evidence/JC_SIDE_2_650.html')	PA2491	= 554	('NA (NA)', None)	('94 (1.220)', None)	63/250	NT	NA	intergenic (–/‑347)	–/N_A	–/oxidoreductase	SRR33574348
('*', 'evidence/JC_226.html')	('?', 'evidence/JC_SIDE_1_226.html')	PA2491	563 =	('NA (NA)', None)	('463 (7.410)', None)	47/222	NT	NA	intergenic (–/‑338)	–/N_A	–/oxidoreductase	SRR33597899
('*', 'evidence/JC_226.html')	('?', 'evidence/JC_SIDE_2_226.html')	PA2491	= 554	('NA (NA)', None)	('463 (7.410)', None)	47/222	NT	NA	intergenic (–/‑347)	–/N_A	–/oxidoreductase	SRR33597899
('*', 'evidence/JC_227.html')	('?', 'evidence/JC_SIDE_1_227.html')	PA2492	591 =	('NA (NA)', None)	('12 (0.370)', None)	4/246	NT	NA	intergenic (–/‑310)	–/mexT	–/transcriptional regulator MexT	SRR33597899
('*', 'evidence/JC_227.html')	('?', 'evidence/JC_SIDE_2_227.html')	PA2492	= 725	('NA (NA)', None)	('12 (0.370)', None)	4/246	NT	NA	intergenic (–/‑176)	–/mexT	–/transcriptional regulator MexT	SRR33597899
('*', 'evidence/JC_228.html')	('?', 'evidence/JC_SIDE_1_228.html')	PA2492	598 =	('NA (NA)', None)	('30 (0.950)', None)	8/238	NT	NA	intergenic (–/‑303)	–/mexT	–/transcriptional regulator MexT	SRR33597899
('*', 'evidence/JC_228.html')	('?', 'evidence/JC_SIDE_2_228.html')	PA2492	= 721	('NA (NA)', None)	('30 (0.950)', None)	8/238	NT	NA	intergenic (–/‑180)	–/mexT	–/transcriptional regulator MexT	SRR33597899
('*', 'evidence/JC_752.html')	('?', 'evidence/JC_SIDE_1_752.html')	PA0506	1579 =	('123 (0.750)', None)	('22 (0.150)', None)	8/246	NT	28.4%	coding (679/1806 nt)	N_A	acyl‑CoA dehydrogenase	SRR33848949
('*', 'evidence/JC_752.html')	('?', 'evidence/JC_SIDE_2_752.html')	PA0506	= 3593	('0 (0.000)', None)	('22 (0.150)', None)	8/246	NT	28.4%	intergenic (+887/–)	N_A/–	acyl‑CoA dehydrogenase/–	SRR33848949
('*', 'evidence/JC_753.html')	('?', 'evidence/JC_SIDE_1_753.html')	PA2491	563 =	('NA (NA)', None)	('162 (1.160)', None)	58/244	NT	NA	intergenic (–/‑338)	–/N_A	–/oxidoreductase	SRR33848949
('*', 'evidence/JC_753.html')	('?', 'evidence/JC_SIDE_2_753.html')	PA2491	= 554	('NA (NA)', None)	('162 (1.160)', None)	58/244	NT	NA	intergenic (–/‑347)	–/N_A	–/oxidoreductase	SRR33848949
('*', 'evidence/JC_754.html')	('?', 'evidence/JC_SIDE_1_754.html')	PA2492	= 56	('NA (NA)', None)	('64 (0.400)', None)	23/266	NT	NA	intergenic (–/‑845)	–/mexT	–/transcriptional regulator MexT	SRR33848949
('*', 'evidence/JC_754.html')	('?', 'evidence/JC_SIDE_2_754.html')	PA2492	66 =	('NA (NA)', None)	('64 (0.400)', None)	23/266	NT	NA	intergenic (–/‑835)	–/mexT	–/transcriptional regulator MexT	SRR33848949
('*', 'evidence/JC_1432.html')	('?', 'evidence/JC_SIDE_1_1432.html')	PA2491	563 =	('NA (NA)', None)	('280 (1.120)', None)	73/244	NT	NA	intergenic (–/‑338)	–/N_A	–/oxidoreductase	SRR34269087
('*', 'evidence/JC_1432.html')	('?', 'evidence/JC_SIDE_2_1432.html')	PA2491	= 554	('NA (NA)', None)	('280 (1.120)', None)	73/244	NT	NA	intergenic (–/‑347)	–/N_A	–/oxidoreductase	SRR34269087
('*', 'evidence/JC_1524.html')	('?', 'evidence/JC_SIDE_1_1524.html')	PA0506	= 1470	('52 (0.390)', None)	('8 (0.090) +29 bp', None)	5/138	NT	11.1%	coding (570/1806 nt)	N_A	acyl‑CoA dehydrogenase	SRR34771002
('*', 'evidence/JC_1524.html')	('?', 'evidence/JC_SIDE_2_1524.html')	PA0506	3515 =	('130 (0.980)', None)	('8 (0.090) +29 bp', None)	5/138	NT	11.1%	intergenic (+809/–)	N_A/–	acyl‑CoA dehydrogenase/–	SRR34771002
('*', 'evidence/JC_1525.html')	('?', 'evidence/JC_SIDE_1_1525.html')	PA0506	1573 =	('165 (1.240)', None)	('10 (0.100) +22 bp', None)	5/152	NT	10.3%	coding (673/1806 nt)	N_A	acyl‑CoA dehydrogenase	SRR34771002
('*', 'evidence/JC_1525.html')	('?', 'evidence/JC_SIDE_2_1525.html')	PA0506	= 3565	('60 (0.450)', None)	('10 (0.100) +22 bp', None)	5/152	NT	10.3%	intergenic (+859/–)	N_A/–	acyl‑CoA dehydrogenase/–	SRR34771002
('*', 'evidence/JC_1526.html')	('?', 'evidence/JC_SIDE_1_1526.html')	PA0506	1579 =	('167 (1.260)', None)	('47 (0.410)', None)	27/170	NT	39.4%	coding (679/1806 nt)	N_A	acyl‑CoA dehydrogenase	SRR34771002
('*', 'evidence/JC_1526.html')	('?', 'evidence/JC_SIDE_2_1526.html')	PA0506	= 3593	('0 (0.000)', None)	('47 (0.410)', None)	27/170	NT	39.4%	intergenic (+887/–)	N_A/–	acyl‑CoA dehydrogenase/–	SRR34771002
('*', 'evidence/JC_1528.html')	('?', 'evidence/JC_SIDE_1_1528.html')	PA2491	563 =	('NA (NA)', None)	('103 (1.300)', None)	75/168	NT	NA	intergenic (–/‑338)	–/N_A	–/oxidoreductase	SRR34771002
('*', 'evidence/JC_1528.html')	('?', 'evidence/JC_SIDE_2_1528.html')	PA2491	= 554	('NA (NA)', None)	('103 (1.300)', None)	75/168	NT	NA	intergenic (–/‑347)	–/N_A	–/oxidoreductase	SRR34771002
('*', 'evidence/JC_64.html')	('?', 'evidence/JC_SIDE_1_64.html')	PA2491	563 =	('NA (NA)', None)	('160 (2.150)', None)	53/240	NT	NA	intergenic (–/‑338)	–/N_A	–/oxidoreductase	SRR34876309
('*', 'evidence/JC_64.html')	('?', 'evidence/JC_SIDE_2_64.html')	PA2491	= 554	('NA (NA)', None)	('160 (2.150)', None)	53/240	NT	NA	intergenic (–/‑347)	–/N_A	–/oxidoreductase	SRR34876309
('*', 'evidence/JC_1328.html')	('?', 'evidence/JC_SIDE_1_1328.html')	PA0506	1579 =	('67 (1.080)', None)	('8 (0.140)', None)	4/264	NT	20.8%	coding (679/1806 nt)	N_A	acyl‑CoA dehydrogenase	SRR35166706
('*', 'evidence/JC_1328.html')	('?', 'evidence/JC_SIDE_2_1328.html')	PA0506	= 3593	('0 (0.000)', None)	('8 (0.140)', None)	4/264	NT	20.8%	intergenic (+887/–)	N_A/–	acyl‑CoA dehydrogenase/–	SRR35166706
('*', 'evidence/JC_1331.html')	('?', 'evidence/JC_SIDE_1_1331.html')	PA2491	563 =	('NA (NA)', None)	('79 (1.480)', None)	41/262	NT	NA	intergenic (–/‑338)	–/N_A	–/oxidoreductase	SRR35166706
('*', 'evidence/JC_1331.html')	('?', 'evidence/JC_SIDE_2_1331.html')	PA2491	= 554	('NA (NA)', None)	('79 (1.480)', None)	41/262	NT	NA	intergenic (–/‑347)	–/N_A	–/oxidoreductase	SRR35166706
('*', 'evidence/JC_285.html')	('?', 'evidence/JC_SIDE_1_285.html')	PA2491	= 562	('0 (0.000)', None)	('10 (0.100) +GG', None)	9/242	NT	100%	intergenic (–/‑339)	–/N_A	–/oxidoreductase	SRR35316738
('*', 'evidence/JC_285.html')	('?', 'evidence/JC_SIDE_2_285.html')	PA2492	= 1129	('0 (0.000)', None)	('10 (0.100) +GG', None)	9/242	NT	100%	coding (229/1044 nt)	mexT	transcriptional regulator MexT	SRR35316738
('*', 'evidence/JC_286.html')	('?', 'evidence/JC_SIDE_1_286.html')	PA2491	563 =	('NA (NA)', None)	('449 (2.850)', None)	104/220	NT	NA	intergenic (–/‑338)	–/N_A	–/oxidoreductase	SRR35316738
('*', 'evidence/JC_286.html')	('?', 'evidence/JC_SIDE_2_286.html')	PA2491	= 554	('NA (NA)', None)	('449 (2.850)', None)	104/220	NT	NA	intergenic (–/‑347)	–/N_A	–/oxidoreductase	SRR35316738
('*', 'evidence/JC_287.html')	('?', 'evidence/JC_SIDE_1_287.html')	PA2492	591 =	('NA (NA)', None)	('10 (0.270)', None)	5/244	NT	NA	intergenic (–/‑310)	–/mexT	–/transcriptional regulator MexT	SRR35316738
('*', 'evidence/JC_287.html')	('?', 'evidence/JC_SIDE_2_287.html')	PA2492	= 725	('NA (NA)', None)	('10 (0.270)', None)	5/244	NT	NA	intergenic (–/‑176)	–/mexT	–/transcriptional regulator MexT	SRR35316738
('*', 'evidence/JC_288.html')	('?', 'evidence/JC_SIDE_1_288.html')	PA2492	598 =	('NA (NA)', None)	('77 (2.160)', None)	30/236	NT	NA	intergenic (–/‑303)	–/mexT	–/transcriptional regulator MexT	SRR35316738
('*', 'evidence/JC_288.html')	('?', 'evidence/JC_SIDE_2_288.html')	PA2492	= 721	('NA (NA)', None)	('77 (2.160)', None)	30/236	NT	NA	intergenic (–/‑180)	–/mexT	–/transcriptional regulator MexT	SRR35316738
('*', 'evidence/JC_289.html')	('?', 'evidence/JC_SIDE_1_289.html')	PA4420	1 =	('0 (0.000)', None)	('47014 (3.200) +TGCTCCG', None)	69/234	NT	99.3%	intergenic (–/‑900)	–/N_A	–/S‑adenosyl‑methyltransferase MraW	SRR35316738
('*', 'evidence/JC_289.html')	('?', 'evidence/JC_SIDE_2_289.html')	PA4420	= 130	('713 (0.050)', None)	('47014 (3.200) +TGCTCCG', None)	69/234	NT	99.3%	intergenic (–/‑771)	–/N_A	–/S‑adenosyl‑methyltransferase MraW	SRR35316738
('*', 'evidence/JC_1379.html')	('?', 'evidence/JC_SIDE_1_1379.html')	PA2435	= 3779	('2 (0.040)', None)	('11 (0.230) +AC', None)	7/260	NT	91.8%	intergenic (+893/–)	N_A/–	cation‑transporting P‑type ATPase/–	SRR35957298
('*', 'evidence/JC_1379.html')	('?', 'evidence/JC_SIDE_2_1379.html')	PA2435	= 3786	('0 (0.000)', None)	('11 (0.230) +AC', None)	7/260	NT	91.8%	intergenic (+900/–)	N_A/–	cation‑transporting P‑type ATPase/–	SRR35957298
('*', 'evidence/JC_1380.html')	('?', 'evidence/JC_SIDE_1_1380.html')	PA2491	563 =	('NA (NA)', None)	('65 (1.120)', None)	29/236	NT	NA	intergenic (–/‑338)	–/N_A	–/oxidoreductase	SRR35957298
('*', 'evidence/JC_1380.html')	('?', 'evidence/JC_SIDE_2_1380.html')	PA2491	= 554	('NA (NA)', None)	('65 (1.120)', None)	29/236	NT	NA	intergenic (–/‑347)	–/N_A	–/oxidoreductase	SRR35957298
('*', 'evidence/JC_807.html')	('?', 'evidence/JC_SIDE_1_807.html')	PA0506	1579 =	('193 (1.180)', None)	('15 (0.100)', None)	11/252	NT	14.6%	coding (679/1806 nt)	N_A	acyl‑CoA dehydrogenase	SRR36346580
('*', 'evidence/JC_807.html')	('?', 'evidence/JC_SIDE_2_807.html')	PA0506	= 3593	('0 (0.000)', None)	('15 (0.100)', None)	11/252	NT	14.6%	intergenic (+887/–)	N_A/–	acyl‑CoA dehydrogenase/–	SRR36346580
('*', 'evidence/JC_810.html')	('?', 'evidence/JC_SIDE_1_810.html')	PA2491	563 =	('NA (NA)', None)	('116 (1.280)', None)	62/250	NT	NA	intergenic (–/‑338)	–/N_A	–/oxidoreductase	SRR36346580
('*', 'evidence/JC_810.html')	('?', 'evidence/JC_SIDE_2_810.html')	PA2491	= 554	('NA (NA)', None)	('116 (1.280)', None)	62/250	NT	NA	intergenic (–/‑347)	–/N_A	–/oxidoreductase	SRR36346580
('*', 'evidence/JC_811.html')	('?', 'evidence/JC_SIDE_1_811.html')	PA2492	= 79	('0 (0.000)', None)	('63 (0.580)', None)	42/278	NT	100%	intergenic (–/‑822)	–/mexT	–/transcriptional regulator MexT	SRR36346580
('*', 'evidence/JC_811.html')	('?', 'evidence/JC_SIDE_2_811.html')	PA2492	84 =	('NA (NA)', None)	('63 (0.580)', None)	42/278	NT	100%	intergenic (–/‑817)	–/mexT	–/transcriptional regulator MexT	SRR36346580
('*', 'evidence/JC_675.html')	('?', 'evidence/JC_SIDE_1_675.html')	PA1097	1 =	('0 (0.000)', None)	('41 (0.150) +CAGACGGTGCGGGTTGGCAT', None)	10/230	NT	13.7%	intergenic (–/‑900)	–/fleQ	–/transcriptional regulator FleQ	SRR36366199
('*', 'evidence/JC_675.html')	('?', 'evidence/JC_SIDE_2_675.html')	PA1097	74 =	('608 (1.880)', None)	('41 (0.150) +CAGACGGTGCGGGTTGGCAT', None)	10/230	NT	13.7%	intergenic (–/‑827)	–/fleQ	–/transcriptional regulator FleQ	SRR36366199
('*', 'evidence/JC_677.html')	('?', 'evidence/JC_SIDE_1_677.html')	PA2491	563 =	('NA (NA)', None)	('175 (3.390)', None)	67/242	NT	NA	intergenic (–/‑338)	–/N_A	–/oxidoreductase	SRR36366199
('*', 'evidence/JC_677.html')	('?', 'evidence/JC_SIDE_2_677.html')	PA2491	= 554	('NA (NA)', None)	('175 (3.390)', None)	67/242	NT	NA	intergenic (–/‑347)	–/N_A	–/oxidoreductase	SRR36366199
('*', 'evidence/JC_679.html')	('?', 'evidence/JC_SIDE_1_679.html')	PA4420	1 =	('0 (0.000)', None)	('12453 (6.770) +TGCTCCG', None)	77/256	NT	98.9%	intergenic (–/‑900)	–/N_A	–/S‑adenosyl‑methyltransferase MraW	SRR36366199
('*', 'evidence/JC_679.html')	('?', 'evidence/JC_SIDE_2_679.html')	PA4420	= 130	('305 (0.160)', None)	('12453 (6.770) +TGCTCCG', None)	77/256	NT	98.9%	intergenic (–/‑771)	–/N_A	–/S‑adenosyl‑methyltransferase MraW	SRR36366199
('*', 'evidence/JC_680.html')	('?', 'evidence/JC_SIDE_1_680.html')	PA4420	1 =	('0 (0.000)', None)	('11 (0.010) +TGCTCC', None)	10/258	NT	7.0%	intergenic (–/‑900)	–/N_A	–/S‑adenosyl‑methyltransferase MraW	SRR36366199
('*', 'evidence/JC_680.html')	('?', 'evidence/JC_SIDE_2_680.html')	PA4420	= 130	('305 (0.160)', None)	('11 (0.010) +TGCTCC', None)	10/258	NT	7.0%	intergenic (–/‑771)	–/N_A	–/S‑adenosyl‑methyltransferase MraW	SRR36366199
('*', 'evidence/JC_807.html')	('?', 'evidence/JC_SIDE_1_807.html')	PA0506	1579 =	('307 (1.160)', None)	('27 (0.110)', None)	13/248	NT	16.3%	coding (679/1806 nt)	N_A	acyl‑CoA dehydrogenase	SRR36421863
('*', 'evidence/JC_807.html')	('?', 'evidence/JC_SIDE_2_807.html')	PA0506	= 3593	('0 (0.000)', None)	('27 (0.110)', None)	13/248	NT	16.3%	intergenic (+887/–)	N_A/–	acyl‑CoA dehydrogenase/–	SRR36421863
('*', 'evidence/JC_812.html')	('?', 'evidence/JC_SIDE_1_812.html')	PA2491	563 =	('NA (NA)', None)	('491 (3.690)', None)	141/246	NT	NA	intergenic (–/‑338)	–/N_A	–/oxidoreductase	SRR36421863
('*', 'evidence/JC_812.html')	('?', 'evidence/JC_SIDE_2_812.html')	PA2491	= 554	('NA (NA)', None)	('491 (3.690)', None)	141/246	NT	NA	intergenic (–/‑347)	–/N_A	–/oxidoreductase	SRR36421863
('*', 'evidence/JC_813.html')	('?', 'evidence/JC_SIDE_1_813.html')	PA2492	591 =	('0 (0.000)', None)	('3 (0.020)', None)	3/270	NT	100%	intergenic (–/‑310)	–/mexT	–/transcriptional regulator MexT	SRR36421863
('*', 'evidence/JC_813.html')	('?', 'evidence/JC_SIDE_2_813.html')	PA2492	= 725	('NA (NA)', None)	('3 (0.020)', None)	3/270	NT	100%	intergenic (–/‑176)	–/mexT	–/transcriptional regulator MexT	SRR36421863
('*', 'evidence/JC_730.html')	('?', 'evidence/JC_SIDE_1_730.html')	PA0506	1579 =	('476 (1.240)', None)	('83 (0.240)', None)	32/252	NT	27.8%	coding (679/1806 nt)	N_A	acyl‑CoA dehydrogenase	SRR36760477
('*', 'evidence/JC_730.html')	('?', 'evidence/JC_SIDE_2_730.html')	PA0506	= 3593	('0 (0.000)', None)	('83 (0.240)', None)	32/252	NT	27.8%	intergenic (+887/–)	N_A/–	acyl‑CoA dehydrogenase/–	SRR36760477
('*', 'evidence/JC_731.html')	('?', 'evidence/JC_SIDE_1_731.html')	PA2491	563 =	('NA (NA)', None)	('302 (1.340)', None)	151/250	NT	NA	intergenic (–/‑338)	–/N_A	–/oxidoreductase	SRR36760477
('*', 'evidence/JC_731.html')	('?', 'evidence/JC_SIDE_2_731.html')	PA2491	= 554	('NA (NA)', None)	('302 (1.340)', None)	151/250	NT	NA	intergenic (–/‑347)	–/N_A	–/oxidoreductase	SRR36760477
('*', 'evidence/JC_2478.html')	('?', 'evidence/JC_SIDE_1_2478.html')	PA2491	563 =	('NA (NA)', None)	('105 (1.710)', None)	46/234	NT	NA	intergenic (–/‑338)	–/N_A	–/oxidoreductase	SRR36784808
('*', 'evidence/JC_2478.html')	('?', 'evidence/JC_SIDE_2_2478.html')	PA2491	= 554	('NA (NA)', None)	('105 (1.710)', None)	46/234	NT	NA	intergenic (–/‑347)	–/N_A	–/oxidoreductase	SRR36784808
('*', 'evidence/JC_747.html')	('?', 'evidence/JC_SIDE_1_747.html')	PA2491	= 562	('0 (0.000)', None)	('5 (0.020) +GG', None)	4/440	NT	100%	intergenic (–/‑339)	–/N_A	–/oxidoreductase	SRR37059562
('*', 'evidence/JC_747.html')	('?', 'evidence/JC_SIDE_2_747.html')	PA2492	= 1129	('0 (0.000)', None)	('5 (0.020) +GG', None)	4/440	NT	100%	coding (229/1044 nt)	mexT	transcriptional regulator MexT	SRR37059562
('*', 'evidence/JC_748.html')	('?', 'evidence/JC_SIDE_1_748.html')	PA2491	563 =	('NA (NA)', None)	('353 (1.990)', None)	116/418	NT	NA	intergenic (–/‑338)	–/N_A	–/oxidoreductase	SRR37059562
('*', 'evidence/JC_748.html')	('?', 'evidence/JC_SIDE_2_748.html')	PA2491	= 554	('NA (NA)', None)	('353 (1.990)', None)	116/418	NT	NA	intergenic (–/‑347)	–/N_A	–/oxidoreductase	SRR37059562
('*', 'evidence/JC_696.html')	('?', 'evidence/JC_SIDE_1_696.html')	PA0506	1579 =	('440 (1.080)', None)	('68 (0.180)', None)	31/254	NT	25.4%	coding (679/1806 nt)	N_A	acyl‑CoA dehydrogenase	SRR37069584
('*', 'evidence/JC_696.html')	('?', 'evidence/JC_SIDE_2_696.html')	PA0506	= 3593	('0 (0.000)', None)	('68 (0.180)', None)	31/254	NT	25.4%	intergenic (+887/–)	N_A/–	acyl‑CoA dehydrogenase/–	SRR37069584
('*', 'evidence/JC_699.html')	('?', 'evidence/JC_SIDE_1_699.html')	PA2491	= 562	('0 (0.000)', None)	('6 (0.020) +GG', None)	6/274	NT	100%	intergenic (–/‑339)	–/N_A	–/oxidoreductase	SRR37069584
('*', 'evidence/JC_699.html')	('?', 'evidence/JC_SIDE_2_699.html')	PA2492	= 1129	('0 (0.000)', None)	('6 (0.020) +GG', None)	6/274	NT	100%	coding (229/1044 nt)	mexT	transcriptional regulator MexT	SRR37069584
('*', 'evidence/JC_700.html')	('?', 'evidence/JC_SIDE_1_700.html')	PA2491	563 =	('NA (NA)', None)	('395 (1.490)', None)	180/252	NT	NA	intergenic (–/‑338)	–/N_A	–/oxidoreductase	SRR37069584
('*', 'evidence/JC_700.html')	('?', 'evidence/JC_SIDE_2_700.html')	PA2491	= 554	('NA (NA)', None)	('395 (1.490)', None)	180/252	NT	NA	intergenic (–/‑347)	–/N_A	–/oxidoreductase	SRR37069584
('*', 'evidence/JC_1638.html')	('?', 'evidence/JC_SIDE_1_1638.html')	PA0506	1579 =	('360 (1.090)', None)	('73 (0.240)', None)	30/252	NT	30.9%	coding (679/1806 nt)	N_A	acyl‑CoA dehydrogenase	SRR39756586
('*', 'evidence/JC_1638.html')	('?', 'evidence/JC_SIDE_2_1638.html')	PA0506	= 3593	('0 (0.000)', None)	('73 (0.240)', None)	30/252	NT	30.9%	intergenic (+887/–)	N_A/–	acyl‑CoA dehydrogenase/–	SRR39756586
('*', 'evidence/JC_1639.html')	('?', 'evidence/JC_SIDE_1_1639.html')	PA2312	= 875	('239 (1.080)', None)	('16 (0.070)', None)	5/270	NT	6.5%	intergenic (–/‑26)	–/N_A	–/transcriptional regulator	SRR39756586
('*', 'evidence/JC_1639.html')	('?', 'evidence/JC_SIDE_2_1639.html')	PA2312	939 =	('232 (1.080)', None)	('16 (0.070)', None)	5/270	NT	6.5%	coding (39/582 nt)	N_A	transcriptional regulator	SRR39756586
('*', 'evidence/JC_1640.html')	('?', 'evidence/JC_SIDE_1_1640.html')	PA2491	563 =	('NA (NA)', None)	('234 (1.180)', None)	126/250	NT	NA	intergenic (–/‑338)	–/N_A	–/oxidoreductase	SRR39756586
('*', 'evidence/JC_1640.html')	('?', 'evidence/JC_SIDE_2_1640.html')	PA2491	= 554	('NA (NA)', None)	('234 (1.180)', None)	126/250	NT	NA	intergenic (–/‑347)	–/N_A	–/oxidoreductase	SRR39756586
('*', 'evidence/JC_735.html')	('?', 'evidence/JC_SIDE_1_735.html')	PA0506	1579 =	('107 (1.100)', None)	('10 (0.110)', None)	6/238	NT	17.2%	coding (679/1806 nt)	N_A	acyl‑CoA dehydrogenase	SRR40198574
('*', 'evidence/JC_735.html')	('?', 'evidence/JC_SIDE_2_735.html')	PA0506	= 3593	('0 (0.000)', None)	('10 (0.110)', None)	6/238	NT	17.2%	intergenic (+887/–)	N_A/–	acyl‑CoA dehydrogenase/–	SRR40198574
('*', 'evidence/JC_736.html')	('?', 'evidence/JC_SIDE_1_736.html')	PA2491	563 =	('NA (NA)', None)	('50 (0.920)', None)	30/236	NT	NA	intergenic (–/‑338)	–/N_A	–/oxidoreductase	SRR40198574
('*', 'evidence/JC_736.html')	('?', 'evidence/JC_SIDE_2_736.html')	PA2491	= 554	('NA (NA)', None)	('50 (0.920)', None)	30/236	NT	NA	intergenic (–/‑347)	–/N_A	–/oxidoreductase	SRR40198574
('*', 'evidence/JC_862.html')	('?', 'evidence/JC_SIDE_1_862.html')	PA0506	1579 =	('34 (0.970)', None)	('9 (0.270)', None)	6/404	NT	36.0%	coding (679/1806 nt)	N_A	acyl‑CoA dehydrogenase	SRR8182773
('*', 'evidence/JC_862.html')	('?', 'evidence/JC_SIDE_2_862.html')	PA0506	= 3593	('0 (0.000)', None)	('9 (0.270)', None)	6/404	NT	36.0%	intergenic (+887/–)	N_A/–	acyl‑CoA dehydrogenase/–	SRR8182773
('*', 'evidence/JC_867.html')	('?', 'evidence/JC_SIDE_1_867.html')	PA2491	563 =	('NA (NA)', None)	('32 (2.390)', None)	29/402	NT	NA	intergenic (–/‑338)	–/N_A	–/oxidoreductase	SRR8182773
('*', 'evidence/JC_867.html')	('?', 'evidence/JC_SIDE_2_867.html')	PA2491	= 554	('NA (NA)', None)	('32 (2.390)', None)	29/402	NT	NA	intergenic (–/‑347)	–/N_A	–/oxidoreductase	SRR8182773
('*', 'evidence/JC_869.html')	('?', 'evidence/JC_SIDE_1_869.html')	PA3574	= 2185	('34 (1.110)', None)	('4 (0.140)', None)	3/414	NT	14.4%	intergenic (+646/–)	nalD/–	transcriptional regulator/–	SRR8182773
('*', 'evidence/JC_869.html')	('?', 'evidence/JC_SIDE_2_869.html')	PA3574	= 2371	('15 (0.510)', None)	('4 (0.140)', None)	3/414	NT	14.4%	intergenic (+832/–)	nalD/–	transcriptional regulator/–	SRR8182773
('*', 'evidence/JC_870.html')	('?', 'evidence/JC_SIDE_1_870.html')	PA3703	2100 =	('41 (1.410)', None)	('3 (0.110)', None)	3/414	NT	8.5%	intergenic (+192/–)	wspF/–	chemotaxis‑specific methylesterase/–	SRR8182773
('*', 'evidence/JC_870.html')	('?', 'evidence/JC_SIDE_2_870.html')	PA3703	2306 =	('25 (0.890)', None)	('3 (0.110)', None)	3/414	NT	8.5%	intergenic (+398/–)	wspF/–	chemotaxis‑specific methylesterase/–	SRR8182773
('*', 'evidence/JC_758.html')	('?', 'evidence/JC_SIDE_1_758.html')	PA0366	= 651	('0 (0.000)', None)	('6 (0.130)', None)	5/124	NT	100%	intergenic (–/‑250)	–/N_A	–/coniferyl aldehyde dehydrogenase	SRR8351329
('*', 'evidence/JC_758.html')	('?', 'evidence/JC_SIDE_2_758.html')	PA0366	= 649	('0 (0.000)', None)	('6 (0.130)', None)	5/124	NT	100%	intergenic (–/‑252)	–/N_A	–/coniferyl aldehyde dehydrogenase	SRR8351329
('*', 'evidence/JC_759.html')	('?', 'evidence/JC_SIDE_1_759.html')	PA0366	= 691	('27 (0.580)', None)	('4 (0.100)', None)	3/108	NT	12.8%	intergenic (–/‑210)	–/N_A	–/coniferyl aldehyde dehydrogenase	SRR8351329
('*', 'evidence/JC_759.html')	('?', 'evidence/JC_SIDE_2_759.html')	PA0366	= 710	('32 (0.810)', None)	('4 (0.100)', None)	3/108	NT	12.8%	intergenic (–/‑191)	–/N_A	–/coniferyl aldehyde dehydrogenase	SRR8351329
('*', 'evidence/JC_760.html')	('?', 'evidence/JC_SIDE_1_760.html')	PA0506	1576 =	('50 (1.050)', None)	('7 (0.170) +GCGCGAA', None)	5/114	NT	17.9%	coding (676/1806 nt)	N_A	acyl‑CoA dehydrogenase	SRR8351329
('*', 'evidence/JC_760.html')	('?', 'evidence/JC_SIDE_2_760.html')	PA0506	= 3583	('22 (0.460)', None)	('7 (0.170) +GCGCGAA', None)	5/114	NT	17.9%	intergenic (+877/–)	N_A/–	acyl‑CoA dehydrogenase/–	SRR8351329
('*', 'evidence/JC_761.html')	('?', 'evidence/JC_SIDE_1_761.html')	PA0506	1579 =	('49 (1.030)', None)	('31 (0.820)', None)	12/102	NT	61.5%	coding (679/1806 nt)	N_A	acyl‑CoA dehydrogenase	SRR8351329
('*', 'evidence/JC_761.html')	('?', 'evidence/JC_SIDE_2_761.html')	PA0506	= 3593	('0 (0.000)', None)	('31 (0.820)', None)	12/102	NT	61.5%	intergenic (+887/–)	N_A/–	acyl‑CoA dehydrogenase/–	SRR8351329
('*', 'evidence/JC_762.html')	('?', 'evidence/JC_SIDE_1_762.html')	PA0707	1478 =	('47 (1.320)', None)	('3 (0.090)', None)	3/118	NT	6.7%	coding (578/780 nt)	toxR	transcriptional regulator ToxR	SRR8351329
('*', 'evidence/JC_762.html')	('?', 'evidence/JC_SIDE_2_762.html')	PA0707	1503 =	('40 (1.220)', None)	('3 (0.090)', None)	3/118	NT	6.7%	coding (603/780 nt)	toxR	transcriptional regulator ToxR	SRR8351329
('*', 'evidence/JC_764.html')	('?', 'evidence/JC_SIDE_1_764.html')	PA2121	= 1398	('35 (1.040)', None)	('3 (0.100)', None)	3/114	NT	8.3%	coding (498/906 nt)	N_A	transcriptional regulator	SRR8351329
('*', 'evidence/JC_764.html')	('?', 'evidence/JC_SIDE_2_764.html')	PA2121	= 1424	('35 (1.170)', None)	('3 (0.100)', None)	3/114	NT	8.3%	coding (524/906 nt)	N_A	transcriptional regulator	SRR8351329
('*', 'evidence/JC_765.html')	('?', 'evidence/JC_SIDE_1_765.html')	PA2121	= 2415	('20 (0.600)', None)	('3 (0.110)', None)	3/108	NT	16.3%	intergenic (+609/–)	N_A/–	transcriptional regulator/–	SRR8351329
('*', 'evidence/JC_765.html')	('?', 'evidence/JC_SIDE_2_765.html')	PA2121	= 2428	('14 (0.500)', None)	('3 (0.110)', None)	3/108	NT	16.3%	intergenic (+622/–)	N_A/–	transcriptional regulator/–	SRR8351329
('*', 'evidence/JC_766.html')	('?', 'evidence/JC_SIDE_1_766.html')	PA2491	= 563	('NA (NA)', None)	('28 (0.760) +A', None)	22/126	NT	NA	intergenic (–/‑338)	–/N_A	–/oxidoreductase	SRR8351329
('*', 'evidence/JC_766.html')	('?', 'evidence/JC_SIDE_2_766.html')	PA2491	573 =	('NA (NA)', None)	('28 (0.760) +A', None)	22/126	NT	NA	intergenic (–/‑328)	–/N_A	–/oxidoreductase	SRR8351329
('*', 'evidence/JC_767.html')	('?', 'evidence/JC_SIDE_1_767.html')	PA3565	= 1408	('22 (0.710)', None)	('4 (0.150)', None)	4/112	NT	16.6%	coding (508/921 nt)	N_A	transcriptional regulator	SRR8351329
('*', 'evidence/JC_767.html')	('?', 'evidence/JC_SIDE_2_767.html')	PA3565	= 1424	('21 (0.780)', None)	('4 (0.150)', None)	4/112	NT	16.6%	coding (524/921 nt)	N_A	transcriptional regulator	SRR8351329
('*', 'evidence/JC_768.html')	('?', 'evidence/JC_SIDE_1_768.html')	PA4420	2432 =	('37 (0.870)', None)	('4 (0.110)', None)	3/112	NT	10.6%	intergenic (+590/–)	N_A/–	S‑adenosyl‑methyltransferase MraW/–	SRR8351329
('*', 'evidence/JC_768.html')	('?', 'evidence/JC_SIDE_2_768.html')	PA4420	2489 =	('35 (0.950)', None)	('4 (0.110)', None)	3/112	NT	10.6%	intergenic (+647/–)	N_A/–	S‑adenosyl‑methyltransferase MraW/–	SRR8351329
('*', 'evidence/JC_769.html')	('?', 'evidence/JC_SIDE_1_769.html')	PA4462	465 =	('47 (1.100)', None)	('4 (0.100)', None)	4/116	NT	7.0%	intergenic (–/‑436)	–/rpoN	–/RNA polymerase factor sigma‑54	SRR8351329
('*', 'evidence/JC_769.html')	('?', 'evidence/JC_SIDE_2_769.html')	PA4462	533 =	('63 (1.630)', None)	('4 (0.100)', None)	4/116	NT	7.0%	intergenic (–/‑368)	–/rpoN	–/RNA polymerase factor sigma‑54	SRR8351329
('*', 'evidence/JC_771.html')	('?', 'evidence/JC_SIDE_1_771.html')	PA4848	= 3003	('38 (1.040)', None)	('3 (0.090)', None)	3/118	NT	7.9%	intergenic (+753/–)	accC/–	acetyl‑CoA carboxylase biotin carboxylase subunit/–	SRR8351329
('*', 'evidence/JC_771.html')	('?', 'evidence/JC_SIDE_2_771.html')	PA4848	= 3013	('35 (1.040)', None)	('3 (0.090)', None)	3/118	NT	7.9%	intergenic (+763/–)	accC/–	acetyl‑CoA carboxylase biotin carboxylase subunit/–	SRR8351329
('*', 'evidence/JC_692.html')	('?', 'evidence/JC_SIDE_1_692.html')	PA0506	1579 =	('255 (1.030)', None)	('25 (0.110)', None)	14/252	NT	17.8%	coding (679/1806 nt)	N_A	acyl‑CoA dehydrogenase	SRR8586094
('*', 'evidence/JC_692.html')	('?', 'evidence/JC_SIDE_2_692.html')	PA0506	= 3593	('0 (0.000)', None)	('25 (0.110)', None)	14/252	NT	17.8%	intergenic (+887/–)	N_A/–	acyl‑CoA dehydrogenase/–	SRR8586094
('*', 'evidence/JC_694.html')	('?', 'evidence/JC_SIDE_1_694.html')	PA2491	563 =	('NA (NA)', None)	('173 (1.200)', None)	113/250	NT	NA	intergenic (–/‑338)	–/N_A	–/oxidoreductase	SRR8586094
('*', 'evidence/JC_694.html')	('?', 'evidence/JC_SIDE_2_694.html')	PA2491	= 554	('NA (NA)', None)	('173 (1.200)', None)	113/250	NT	NA	intergenic (–/‑347)	–/N_A	–/oxidoreductase	SRR8586094
('*', 'evidence/JC_433.html')	('?', 'evidence/JC_SIDE_1_433.html')	PA2491	563 =	('NA (NA)', None)	('26 (1.750)', None)	25/474	NT	NA	intergenic (–/‑338)	–/N_A	–/oxidoreductase	SRR8612873
('*', 'evidence/JC_433.html')	('?', 'evidence/JC_SIDE_2_433.html')	PA2491	= 554	('NA (NA)', None)	('26 (1.750)', None)	25/474	NT	NA	intergenic (–/‑347)	–/N_A	–/oxidoreductase	SRR8612873
('*', 'evidence/JC_561.html')	('?', 'evidence/JC_SIDE_1_561.html')	PA0506	1579 =	('155 (1.270)', None)	('14 (0.120)', None)	12/444	NT	16.1%	coding (679/1806 nt)	N_A	acyl‑CoA dehydrogenase	SRR8737545
('*', 'evidence/JC_561.html')	('?', 'evidence/JC_SIDE_2_561.html')	PA0506	= 3593	('0 (0.000)', None)	('14 (0.120)', None)	12/444	NT	16.1%	intergenic (+887/–)	N_A/–	acyl‑CoA dehydrogenase/–	SRR8737545
('*', 'evidence/JC_562.html')	('?', 'evidence/JC_SIDE_1_562.html')	PA2491	563 =	('NA (NA)', None)	('102 (1.580)', None)	84/442	NT	NA	intergenic (–/‑338)	–/N_A	–/oxidoreductase	SRR8737545
('*', 'evidence/JC_562.html')	('?', 'evidence/JC_SIDE_2_562.html')	PA2491	= 554	('NA (NA)', None)	('102 (1.580)', None)	84/442	NT	NA	intergenic (–/‑347)	–/N_A	–/oxidoreductase	SRR8737545
('*', 'evidence/JC_699.html')	('?', 'evidence/JC_SIDE_1_699.html')	PA0506	1579 =	('55 (0.890)', None)	('7 (0.120)', None)	3/248	NT	22.0%	coding (679/1806 nt)	N_A	acyl‑CoA dehydrogenase	SRR8775058
('*', 'evidence/JC_699.html')	('?', 'evidence/JC_SIDE_2_699.html')	PA0506	= 3593	('0 (0.000)', None)	('7 (0.120)', None)	3/248	NT	22.0%	intergenic (+887/–)	N_A/–	acyl‑CoA dehydrogenase/–	SRR8775058
('*', 'evidence/JC_701.html')	('?', 'evidence/JC_SIDE_1_701.html')	PA2491	563 =	('NA (NA)', None)	('25 (0.660)', None)	22/246	NT	NA	intergenic (–/‑338)	–/N_A	–/oxidoreductase	SRR8775058
('*', 'evidence/JC_701.html')	('?', 'evidence/JC_SIDE_2_701.html')	PA2491	= 554	('NA (NA)', None)	('25 (0.660)', None)	22/246	NT	NA	intergenic (–/‑347)	–/N_A	–/oxidoreductase	SRR8775058
('*', 'evidence/JC_702.html')	('?', 'evidence/JC_SIDE_1_702.html')	PA3476	= 2035	('40 (1.160)', None)	('3 (0.090)', None)	3/254	NT	7.1%	intergenic (+529/–)	rhlI/–	acyl‑homoserine‑lactone synthase/–	SRR8775058
('*', 'evidence/JC_702.html')	('?', 'evidence/JC_SIDE_2_702.html')	PA3476	2225 =	('41 (1.280)', None)	('3 (0.090)', None)	3/254	NT	7.1%	intergenic (+719/–)	rhlI/–	acyl‑homoserine‑lactone synthase/–	SRR8775058
('*', 'evidence/JC_703.html')	('?', 'evidence/JC_SIDE_1_703.html')	PA3565	= 1074	('42 (0.970)', None)	('3 (0.080)', None)	3/252	NT	5.9%	coding (174/921 nt)	N_A	transcriptional regulator	SRR8775058
('*', 'evidence/JC_703.html')	('?', 'evidence/JC_SIDE_2_703.html')	PA3565	1672 =	('57 (1.430)', None)	('3 (0.080)', None)	3/252	NT	5.9%	coding (772/921 nt)	N_A	transcriptional regulator	SRR8775058
('*', 'evidence/JC_707.html')	('?', 'evidence/JC_SIDE_1_707.html')	PA4848	1468 =	('35 (0.710)', None)	('4 (0.090)', None)	3/260	NT	11.1%	coding (568/1350 nt)	accC	acetyl‑CoA carboxylase biotin carboxylase subunit	SRR8775058
('*', 'evidence/JC_707.html')	('?', 'evidence/JC_SIDE_2_707.html')	PA4848	1526 =	('31 (0.660)', None)	('4 (0.090)', None)	3/260	NT	11.1%	coding (626/1350 nt)	accC	acetyl‑CoA carboxylase biotin carboxylase subunit	SRR8775058
('*', 'evidence/JC_735.html')	('?', 'evidence/JC_SIDE_1_735.html')	PA0506	1579 =	('59 (1.100)', None)	('10 (0.210)', None)	5/246	NT	27.3%	coding (679/1806 nt)	N_A	acyl‑CoA dehydrogenase	SRR8942500
('*', 'evidence/JC_735.html')	('?', 'evidence/JC_SIDE_2_735.html')	PA0506	= 3593	('0 (0.000)', None)	('10 (0.210)', None)	5/246	NT	27.3%	intergenic (+887/–)	N_A/–	acyl‑CoA dehydrogenase/–	SRR8942500
('*', 'evidence/JC_736.html')	('?', 'evidence/JC_SIDE_1_736.html')	PA2491	563 =	('NA (NA)', None)	('41 (1.150)', None)	36/244	NT	NA	intergenic (–/‑338)	–/N_A	–/oxidoreductase	SRR8942500
('*', 'evidence/JC_736.html')	('?', 'evidence/JC_SIDE_2_736.html')	PA2491	= 554	('NA (NA)', None)	('41 (1.150)', None)	36/244	NT	NA	intergenic (–/‑347)	–/N_A	–/oxidoreductase	SRR8942500
('*', 'evidence/JC_539.html')	('?', 'evidence/JC_SIDE_1_539.html')	PA2491	563 =	('NA (NA)', None)	('49 (1.580)', None)	45/548	NT	NA	intergenic (–/‑338)	–/N_A	–/oxidoreductase	SRR9031856
('*', 'evidence/JC_539.html')	('?', 'evidence/JC_SIDE_2_539.html')	PA2491	= 554	('NA (NA)', None)	('49 (1.580)', None)	45/548	NT	NA	intergenic (–/‑347)	–/N_A	–/oxidoreductase	SRR9031856
('*', 'evidence/JC_768.html')	('?', 'evidence/JC_SIDE_1_768.html')	PA0506	1576 =	('233 (1.200)', None)	('30 (0.170) +GCGCGAA', None)	6/112	NT	15.9%	coding (676/1806 nt)	N_A	acyl‑CoA dehydrogenase	SRR9642603
('*', 'evidence/JC_768.html')	('?', 'evidence/JC_SIDE_2_768.html')	PA0506	= 3583	('125 (0.650)', None)	('30 (0.170) +GCGCGAA', None)	6/112	NT	15.9%	intergenic (+877/–)	N_A/–	acyl‑CoA dehydrogenase/–	SRR9642603
('*', 'evidence/JC_769.html')	('?', 'evidence/JC_SIDE_1_769.html')	PA0506	1579 =	('223 (1.150)', None)	('70 (0.460)', None)	18/100	NT	44.2%	coding (679/1806 nt)	N_A	acyl‑CoA dehydrogenase	SRR9642603
('*', 'evidence/JC_769.html')	('?', 'evidence/JC_SIDE_2_769.html')	PA0506	= 3593	('0 (0.000)', None)	('70 (0.460)', None)	18/100	NT	44.2%	intergenic (+887/–)	N_A/–	acyl‑CoA dehydrogenase/–	SRR9642603
('*', 'evidence/JC_772.html')	('?', 'evidence/JC_SIDE_1_772.html')	PA2435	= 3547	('116 (0.920)', None)	('29 (0.270) +GCCGGGCTTCGGTGTATC', None)	3/90	NT	31.9%	intergenic (+661/–)	N_A/–	cation‑transporting P‑type ATPase/–	SRR9642603
('*', 'evidence/JC_772.html')	('?', 'evidence/JC_SIDE_2_772.html')	PA4796	1404 =	('57 (0.330)', None)	('29 (0.270) +GCCGGGCTTCGGTGTATC', None)	3/90	NT	31.9%	intergenic (+36/–)	N_A/–	hypothetical protein/–	SRR9642603
('*', 'evidence/JC_773.html')	('?', 'evidence/JC_SIDE_1_773.html')	PA2435	= 3547	('116 (0.920)', None)	('19 (0.170) +GTCGTGGCGGGATCTC', None)	7/94	NT	22.7%	intergenic (+661/–)	N_A/–	cation‑transporting P‑type ATPase/–	SRR9642603
('*', 'evidence/JC_773.html')	('?', 'evidence/JC_SIDE_2_773.html')	PA4796	1404 =	('57 (0.330)', None)	('19 (0.170) +GTCGTGGCGGGATCTC', None)	7/94	NT	22.7%	intergenic (+36/–)	N_A/–	hypothetical protein/–	SRR9642603
('*', 'evidence/JC_774.html')	('?', 'evidence/JC_SIDE_1_774.html')	PA2491	563 =	('NA (NA)', None)	('108 (1.120)', None)	32/98	NT	NA	intergenic (–/‑338)	–/N_A	–/oxidoreductase	SRR9642603
('*', 'evidence/JC_774.html')	('?', 'evidence/JC_SIDE_2_774.html')	PA2491	= 554	('NA (NA)', None)	('108 (1.120)', None)	32/98	NT	NA	intergenic (–/‑347)	–/N_A	–/oxidoreductase	SRR9642603
('*', 'evidence/JC_598.html')	('?', 'evidence/JC_SIDE_1_598.html')	PA2491	563 =	('NA (NA)', None)	('86 (2.280)', None)	44/170	NT	NA	intergenic (–/‑338)	–/N_A	–/oxidoreductase	SRR9670643
('*', 'evidence/JC_598.html')	('?', 'evidence/JC_SIDE_2_598.html')	PA2491	= 554	('NA (NA)', None)	('86 (2.280)', None)	44/170	NT	NA	intergenic (–/‑347)	–/N_A	–/oxidoreductase	SRR9670643
('*', 'evidence/JC_599.html')	('?', 'evidence/JC_SIDE_1_599.html')	PA3476	= 869	('NA (NA)', None)	('9 (0.090)', None)	6/196	NT	100%	intergenic (–/‑32)	–/rhlI	–/acyl‑homoserine‑lactone synthase	SRR9670643
('*', 'evidence/JC_599.html')	('?', 'evidence/JC_SIDE_2_599.html')	PA3476	873 =	('0 (0.000)', None)	('9 (0.090)', None)	6/196	NT	100%	intergenic (–/‑28)	–/rhlI	–/acyl‑homoserine‑lactone synthase	SRR9670643
('*', 'evidence/JC_1061.html')	('?', 'evidence/JC_SIDE_1_1061.html')	PA2491	563 =	('NA (NA)', None)	('32 (1.480)', None)	25/176	NT	NA	intergenic (–/‑338)	–/N_A	–/oxidoreductase	SRR9673758
('*', 'evidence/JC_1061.html')	('?', 'evidence/JC_SIDE_2_1061.html')	PA2491	= 554	('NA (NA)', None)	('32 (1.480)', None)	25/176	NT	NA	intergenic (–/‑347)	–/N_A	–/oxidoreductase	SRR9673758
('*', 'evidence/JC_1278.html')	('?', 'evidence/JC_SIDE_1_1278.html')	PA2435	= 2901	('22 (0.040)', None)	('4 (0.010)', None)	3/184	NT	13.0%	intergenic (+15/–)	N_A/–	cation‑transporting P‑type ATPase/–	SRR9673762
('*', 'evidence/JC_1278.html')	('?', 'evidence/JC_SIDE_2_1278.html')	PA2435	3051 =	('32 (0.060)', None)	('4 (0.010)', None)	3/184	NT	13.0%	intergenic (+165/–)	N_A/–	cation‑transporting P‑type ATPase/–	SRR9673762
('*', 'evidence/JC_1279.html')	('?', 'evidence/JC_SIDE_1_1279.html')	PA2491	563 =	('NA (NA)', None)	('167 (1.600)', None)	72/162	NT	NA	intergenic (–/‑338)	–/N_A	–/oxidoreductase	SRR9673762
('*', 'evidence/JC_1279.html')	('?', 'evidence/JC_SIDE_2_1279.html')	PA2491	= 554	('NA (NA)', None)	('167 (1.600)', None)	72/162	NT	NA	intergenic (–/‑347)	–/N_A	–/oxidoreductase	SRR9673762
('*', 'evidence/JC_1280.html')	('?', 'evidence/JC_SIDE_1_1280.html')	PA3476	= 709	('NA (NA)', None)	('3 (0.040)', None)	3/188	NT	100%	intergenic (–/‑192)	–/rhlI	–/acyl‑homoserine‑lactone synthase	SRR9673762
('*', 'evidence/JC_1280.html')	('?', 'evidence/JC_SIDE_2_1280.html')	PA3476	745 =	('0 (0.000)', None)	('3 (0.040)', None)	3/188	NT	100%	intergenic (–/‑156)	–/rhlI	–/acyl‑homoserine‑lactone synthase	SRR9673762
('*', 'evidence/JC_536.html')	('?', 'evidence/JC_SIDE_1_536.html')	PA2491	563 =	('NA (NA)', None)	('91 (3.870)', None)	47/158	NT	NA	intergenic (–/‑338)	–/N_A	–/oxidoreductase	SRR9673765
('*', 'evidence/JC_536.html')	('?', 'evidence/JC_SIDE_2_536.html')	PA2491	= 554	('NA (NA)', None)	('91 (3.870)', None)	47/158	NT	NA	intergenic (–/‑347)	–/N_A	–/oxidoreductase	SRR9673765
('*', 'evidence/JC_675.html')	('?', 'evidence/JC_SIDE_1_675.html')	PA0506	1579 =	('67 (1.000)', None)	('8 (0.130)', None)	5/252	NT	20.9%	coding (679/1806 nt)	N_A	acyl‑CoA dehydrogenase	SRR9824840
('*', 'evidence/JC_675.html')	('?', 'evidence/JC_SIDE_2_675.html')	PA0506	= 3593	('0 (0.000)', None)	('8 (0.130)', None)	5/252	NT	20.9%	intergenic (+887/–)	N_A/–	acyl‑CoA dehydrogenase/–	SRR9824840
('*', 'evidence/JC_676.html')	('?', 'evidence/JC_SIDE_1_676.html')	PA1333	1367 =	('46 (1.080)', None)	('3 (0.080)', None)	3/260	NT	6.7%	intergenic (+260/–)	N_A/–	hypothetical protein/–	SRR9824840
('*', 'evidence/JC_676.html')	('?', 'evidence/JC_SIDE_2_676.html')	PA1333	1421 =	('40 (1.010)', None)	('3 (0.080)', None)	3/260	NT	6.7%	intergenic (+314/–)	N_A/–	hypothetical protein/–	SRR9824840
('*', 'evidence/JC_678.html')	('?', 'evidence/JC_SIDE_1_678.html')	PA2491	563 =	('NA (NA)', None)	('29 (0.620)', None)	22/250	NT	NA	intergenic (–/‑338)	–/N_A	–/oxidoreductase	SRR9824840
('*', 'evidence/JC_678.html')	('?', 'evidence/JC_SIDE_2_678.html')	PA2491	= 554	('NA (NA)', None)	('29 (0.620)', None)	22/250	NT	NA	intergenic (–/‑347)	–/N_A	–/oxidoreductase	SRR9824840
('*', 'evidence/JC_679.html')	('?', 'evidence/JC_SIDE_1_679.html')	PA2492	= 2533	('52 (1.030)', None)	('3 (0.060)', None)	3/266	NT	6.0%	intergenic (+589/–)	mexT/–	transcriptional regulator MexT/–	SRR9824840
('*', 'evidence/JC_679.html')	('?', 'evidence/JC_SIDE_2_679.html')	PA2492	= 2567	('45 (0.930)', None)	('3 (0.060)', None)	3/266	NT	6.0%	intergenic (+623/–)	mexT/–	transcriptional regulator MexT/–	SRR9824840
('*', 'evidence/JC_649.html')	('?', 'evidence/JC_SIDE_1_649.html')	PA0506	1579 =	('50 (1.070)', None)	('18 (0.430)', None)	11/240	NT	44.4%	coding (679/1806 nt)	N_A	acyl‑CoA dehydrogenase	SRR9841424
('*', 'evidence/JC_649.html')	('?', 'evidence/JC_SIDE_2_649.html')	PA0506	= 3593	('0 (0.000)', None)	('18 (0.430)', None)	11/240	NT	44.4%	intergenic (+887/–)	N_A/–	acyl‑CoA dehydrogenase/–	SRR9841424
('*', 'evidence/JC_650.html')	('?', 'evidence/JC_SIDE_1_650.html')	PA2491	563 =	('NA (NA)', None)	('26 (1.110)', None)	23/238	NT	NA	intergenic (–/‑338)	–/N_A	–/oxidoreductase	SRR9841424
('*', 'evidence/JC_650.html')	('?', 'evidence/JC_SIDE_2_650.html')	PA2491	= 554	('NA (NA)', None)	('26 (1.110)', None)	23/238	NT	NA	intergenic (–/‑347)	–/N_A	–/oxidoreductase	SRR9841424
('*', 'evidence/JC_651.html')	('?', 'evidence/JC_SIDE_1_651.html')	PA4796	1429 =	('15 (0.100)', None)	('50 (0.410) +25 bp', None)	34/216	NT	28.2%	intergenic (+61/–)	N_A/–	hypothetical protein/–	SRR9841424
('*', 'evidence/JC_651.html')	('?', 'evidence/JC_SIDE_2_651.html')	PA4796	= 1523	('298 (1.990)', None)	('50 (0.410) +25 bp', None)	34/216	NT	28.2%	intergenic (+155/–)	N_A/–	hypothetical protein/–	SRR9841424
('*', 'evidence/JC_1226.html')	('?', 'evidence/JC_SIDE_1_1226.html')	PA0425	= 1545	('32 (1.040)', None)	('3 (0.110)', None)	3/156	NT	9.4%	coding (645/1152 nt)	mexA	multidrug resistance protein MexA	SRR9889983
('*', 'evidence/JC_1226.html')	('?', 'evidence/JC_SIDE_2_1226.html')	PA0425	= 1548	('29 (1.040)', None)	('3 (0.110)', None)	3/156	NT	9.4%	coding (648/1152 nt)	mexA	multidrug resistance protein MexA	SRR9889983
('*', 'evidence/JC_1227.html')	('?', 'evidence/JC_SIDE_1_1227.html')	PA0506	1579 =	('26 (0.880)', None)	('11 (0.440)', None)	7/146	NT	50.0%	coding (679/1806 nt)	N_A	acyl‑CoA dehydrogenase	SRR9889983
('*', 'evidence/JC_1227.html')	('?', 'evidence/JC_SIDE_2_1227.html')	PA0506	= 3593	('0 (0.000)', None)	('11 (0.440)', None)	7/146	NT	50.0%	intergenic (+887/–)	N_A/–	acyl‑CoA dehydrogenase/–	SRR9889983
('*', 'evidence/JC_1228.html')	('?', 'evidence/JC_SIDE_1_1228.html')	PA0997	1949 =	('18 (0.750)', None)	('3 (0.130) +GCGC', None)	3/164	NT	14.9%	intergenic (+197/–)	pqsB/–	hypothetical protein/–	SRR9889983
('*', 'evidence/JC_1228.html')	('?', 'evidence/JC_SIDE_2_1228.html')	PA0997	1949 =	('18 (0.750)', None)	('3 (0.130) +GCGC', None)	3/164	NT	14.9%	intergenic (+197/–)	pqsB/–	hypothetical protein/–	SRR9889983
('*', 'evidence/JC_1230.html')	('?', 'evidence/JC_SIDE_1_1230.html')	PA1097	= 2235	('29 (1.510)', None)	('4 (0.230)', None)	4/156	NT	13.5%	coding (1335/1473 nt)	fleQ	transcriptional regulator FleQ	SRR9889983
('*', 'evidence/JC_1230.html')	('?', 'evidence/JC_SIDE_2_1230.html')	PA1097	= 2241	('25 (1.440)', None)	('4 (0.230)', None)	4/156	NT	13.5%	coding (1341/1473 nt)	fleQ	transcriptional regulator FleQ	SRR9889983
('*', 'evidence/JC_1232.html')	('?', 'evidence/JC_SIDE_1_1232.html')	PA1430	16 =	('0 (0.000)', None)	('3 (0.080)', None)	3/162	NT	27.3%	intergenic (–/‑885)	–/lasR	–/transcriptional regulator LasR	SRR9889983
('*', 'evidence/JC_1232.html')	('?', 'evidence/JC_SIDE_2_1232.html')	PA1430	89 =	('16 (0.410)', None)	('3 (0.080)', None)	3/162	NT	27.3%	intergenic (–/‑812)	–/lasR	–/transcriptional regulator LasR	SRR9889983
('*', 'evidence/JC_1233.html')	('?', 'evidence/JC_SIDE_1_1233.html')	PA2020	2246 =	('13 (0.500)', None)	('3 (0.130)', None)	3/152	NT	14.5%	intergenic (+713/–)	N_A/–	transcriptional regulator/–	SRR9889983
('*', 'evidence/JC_1233.html')	('?', 'evidence/JC_SIDE_2_1233.html')	PA2020	2335 =	('24 (1.040)', None)	('3 (0.130)', None)	3/152	NT	14.5%	intergenic (+802/–)	N_A/–	transcriptional regulator/–	SRR9889983
('*', 'evidence/JC_1234.html')	('?', 'evidence/JC_SIDE_1_1234.html')	PA2121	471 =	('21 (0.910)', None)	('4 (0.190)', None)	4/156	NT	15.7%	intergenic (–/‑430)	–/N_A	–/transcriptional regulator	SRR9889983
('*', 'evidence/JC_1234.html')	('?', 'evidence/JC_SIDE_2_1234.html')	PA2121	502 =	('24 (1.150)', None)	('4 (0.190)', None)	4/156	NT	15.7%	intergenic (–/‑399)	–/N_A	–/transcriptional regulator	SRR9889983
('*', 'evidence/JC_1235.html')	('?', 'evidence/JC_SIDE_1_1235.html')	PA2435	= 1060	('22 (0.940)', None)	('5 (0.240)', None)	4/156	NT	17.9%	coding (160/1986 nt)	N_A	cation‑transporting P‑type ATPase	SRR9889983
('*', 'evidence/JC_1235.html')	('?', 'evidence/JC_SIDE_2_1235.html')	PA2435	= 1082	('26 (1.220)', None)	('5 (0.240)', None)	4/156	NT	17.9%	coding (182/1986 nt)	N_A	cation‑transporting P‑type ATPase	SRR9889983
('*', 'evidence/JC_1236.html')	('?', 'evidence/JC_SIDE_1_1236.html')	PA2435	2303 =	('22 (0.940)', None)	('4 (0.200)', None)	4/150	NT	19.4%	coding (1403/1986 nt)	N_A	cation‑transporting P‑type ATPase	SRR9889983
('*', 'evidence/JC_1236.html')	('?', 'evidence/JC_SIDE_2_1236.html')	PA2435	2591 =	('14 (0.690)', None)	('4 (0.200)', None)	4/150	NT	19.4%	coding (1691/1986 nt)	N_A	cation‑transporting P‑type ATPase	SRR9889983
('*', 'evidence/JC_1237.html')	('?', 'evidence/JC_SIDE_1_1237.html')	PA2435	2741 =	('25 (1.070)', None)	('3 (0.150)', None)	3/152	NT	10.0%	coding (1841/1986 nt)	N_A	cation‑transporting P‑type ATPase	SRR9889983
('*', 'evidence/JC_1237.html')	('?', 'evidence/JC_SIDE_2_1237.html')	PA2435	2851 =	('32 (1.550)', None)	('3 (0.150)', None)	3/152	NT	10.0%	coding (1951/1986 nt)	N_A	cation‑transporting P‑type ATPase	SRR9889983
('*', 'evidence/JC_1238.html')	('?', 'evidence/JC_SIDE_1_1238.html')	PA2435	3032 =	('20 (0.850)', None)	('3 (0.150)', None)	3/144	NT	14.7%	intergenic (+146/–)	N_A/–	cation‑transporting P‑type ATPase/–	SRR9889983
('*', 'evidence/JC_1238.html')	('?', 'evidence/JC_SIDE_2_1238.html')	PA2435	3046 =	('18 (0.920)', None)	('3 (0.150)', None)	3/144	NT	14.7%	intergenic (+160/–)	N_A/–	cation‑transporting P‑type ATPase/–	SRR9889983
('*', 'evidence/JC_1239.html')	('?', 'evidence/JC_SIDE_1_1239.html')	PA2491	563 =	('NA (NA)', None)	('19 (1.150)', None)	15/144	NT	NA	intergenic (–/‑338)	–/N_A	–/oxidoreductase	SRR9889983
('*', 'evidence/JC_1239.html')	('?', 'evidence/JC_SIDE_2_1239.html')	PA2491	= 554	('NA (NA)', None)	('19 (1.150)', None)	15/144	NT	NA	intergenic (–/‑347)	–/N_A	–/oxidoreductase	SRR9889983
('*', 'evidence/JC_1240.html')	('?', 'evidence/JC_SIDE_1_1240.html')	PA3477	= 321	('20 (0.720)', None)	('3 (0.120)', None)	3/158	NT	14.5%	intergenic (–/‑580)	–/rhlR	–/transcriptional regulator RhlR	SRR9889983
('*', 'evidence/JC_1240.html')	('?', 'evidence/JC_SIDE_2_1240.html')	PA3477	= 333	('17 (0.670)', None)	('3 (0.120)', None)	3/158	NT	14.5%	intergenic (–/‑568)	–/rhlR	–/transcriptional regulator RhlR	SRR9889983
('*', 'evidence/JC_1241.html')	('?', 'evidence/JC_SIDE_1_1241.html')	PA3817	= 1045	('34 (1.240)', None)	('3 (0.120)', None)	3/154	NT	8.8%	coding (145/774 nt)	N_A	methyltransferase	SRR9889983
('*', 'evidence/JC_1241.html')	('?', 'evidence/JC_SIDE_2_1241.html')	PA3817	= 1054	('32 (1.300)', None)	('3 (0.120)', None)	3/154	NT	8.8%	coding (154/774 nt)	N_A	methyltransferase	SRR9889983
('*', 'evidence/JC_1242.html')	('?', 'evidence/JC_SIDE_1_1242.html')	PA3817	= 2325	('34 (1.240)', None)	('3 (0.130)', None)	3/144	NT	9.2%	intergenic (+651/–)	N_A/–	methyltransferase/–	SRR9889983
('*', 'evidence/JC_1242.html')	('?', 'evidence/JC_SIDE_2_1242.html')	PA3817	= 2311	('31 (1.350)', None)	('3 (0.130)', None)	3/144	NT	9.2%	intergenic (+637/–)	N_A/–	methyltransferase/–	SRR9889983
('*', 'evidence/JC_1243.html')	('?', 'evidence/JC_SIDE_1_1243.html')	PA4420	= 1378	('19 (0.580)', None)	('3 (0.100)', None)	3/156	NT	14.9%	coding (478/942 nt)	N_A	S‑adenosyl‑methyltransferase MraW	SRR9889983
('*', 'evidence/JC_1243.html')	('?', 'evidence/JC_SIDE_2_1243.html')	PA4420	= 1382	('17 (0.570)', None)	('3 (0.100)', None)	3/156	NT	14.9%	coding (482/942 nt)	N_A	S‑adenosyl‑methyltransferase MraW	SRR9889983
