run_accession	evidence_file	evidence	seq id	position	mutation	freq	annotation	gene	description	avg_read_length	size_megabytes	Unnamed: 0	joined_string	category_logistic_regression	subcategory_logistic_regression	study_accession	study_title	experiment_accession	experiment_title	experiment_desc	organism_taxid	organism_name	library_name	library_strategy	library_source	library_selection	library_layout	sample_accession	sample_title	biosample	bioproject	instrument	instrument_model	instrument_model_desc	total_spots	total_size	run_total_spots	run_total_bases	run_alias	public_filename	public_size	public_date	public_md5	public_version	public_semantic_name	public_supertype	public_sratoolkit	aws_url	aws_free_egress	aws_access_type	public_url	ncbi_url	ncbi_free_egress	ncbi_access_type	gcp_url	gcp_free_egress	gcp_access_type	experiment_alias	strain	isolate_name_alias	collected_by	collection_date	geo_loc_name	isolation_source	source_type	purpose_of_sampling	project_name	ifsac_category	lat_lon	sequenced_by	animal_env	biosamplemodel	genotype	host	host_disease	host_disease_outcome	host subject id	ena first public	ena last update	external id	insdc center alias	insdc center name	insdc first public	insdc last update	insdc status	submitter id	collection date	geographic location (country and/or sea)	host scientific name	isolate	isolation source	sample name	source_name	culture	cell type	stress	ena_fastq_http	ena_fastq_http_1	ena_fastq_http_2	ena_fastq_ftp	ena_fastq_ftp_1	ena_fastq_ftp_2	study_title_from
SRR6977054	evidence/RA_1.html	RA	PA1101	428	C→T	100%	intergenic (–/‑473)	– / → fliF	–/flagellar MS‑ring protein	50	173	3	 - - - -	[]	[]	SRP139288	Genome-wide analysis of Differential Responses of Pseudomonas aeruginosa PAO1 and  PA14 cells to Interfacial Stress	SRX3918620	GSM3091035: PA14_FBI (exposed to hexadecane-water interface for 1h)_1; Pseudomonas aeruginosa PA14; RNA-Seq	GSM3091035: PA14_FBI (exposed to hexadecane-water interface for 1h)_1; Pseudomonas aeruginosa PA14; RNA-Seq	652611	Pseudomonas aeruginosa PA14	-	RNA-Seq	TRANSCRIPTOMIC	cDNA	SINGLE	SRS3153630	-	SAMN08905342	PRJNA449493	Illumina HiSeq 2500	Illumina HiSeq 2500	ILLUMINA	10000000	181630119	10000000	500000000	GSM3091035_r1	SRR6977054.sralite	126432322	2020-06-20 03:55:28	19a9537c5398dff4ddfa6b354060dda1	1	SRA Lite	Primary ETL	1	s3://sra-pub-zq-4/SRR6977054/SRR6977054.sralite.1	s3.us-east-1	aws identity	https://sra-downloadb.be-md.ncbi.nlm.nih.gov/sos9/sra-pub-zq-922/SRR006/977/SRR6977054.sralite.1	https://sra-downloadb.be-md.ncbi.nlm.nih.gov/sos9/sra-pub-zq-922/SRR006/977/SRR6977054.sralite.1	worldwide	anonymous	gs://sra-pub-zq-109/SRR6977054/SRR6977054.zq.1	gs.us-east1	gcp identity	GSM3091035	PA14	-	-	-	-	-	-	-	-	-	-	-	-	-	-	-	-	-	-	-	-	-	-	-	-	-	-	-	-	-	-	-	-	-	Stationary phase microbial culture	16h culture	whole cell	exposed to hexadecane-water interface for 1h	http://ftp.sra.ebi.ac.uk/vol1/fastq/SRR697/004/SRR6977054/SRR6977054.fastq.gz	-	-	era-fasp@fasp.sra.ebi.ac.uk:vol1/fastq/SRR697/004/SRR6977054/SRR6977054.fastq.gz	-	-	
SRR6977054	evidence/RA_2.html	RA	PA1101	649	T→C	100%	intergenic (–/‑252)	– / → fliF	–/flagellar MS‑ring protein	50	173	3	 - - - -	[]	[]	SRP139288	Genome-wide analysis of Differential Responses of Pseudomonas aeruginosa PAO1 and  PA14 cells to Interfacial Stress	SRX3918620	GSM3091035: PA14_FBI (exposed to hexadecane-water interface for 1h)_1; Pseudomonas aeruginosa PA14; RNA-Seq	GSM3091035: PA14_FBI (exposed to hexadecane-water interface for 1h)_1; Pseudomonas aeruginosa PA14; RNA-Seq	652611	Pseudomonas aeruginosa PA14	-	RNA-Seq	TRANSCRIPTOMIC	cDNA	SINGLE	SRS3153630	-	SAMN08905342	PRJNA449493	Illumina HiSeq 2500	Illumina HiSeq 2500	ILLUMINA	10000000	181630119	10000000	500000000	GSM3091035_r1	SRR6977054.sralite	126432322	2020-06-20 03:55:28	19a9537c5398dff4ddfa6b354060dda1	1	SRA Lite	Primary ETL	1	s3://sra-pub-zq-4/SRR6977054/SRR6977054.sralite.1	s3.us-east-1	aws identity	https://sra-downloadb.be-md.ncbi.nlm.nih.gov/sos9/sra-pub-zq-922/SRR006/977/SRR6977054.sralite.1	https://sra-downloadb.be-md.ncbi.nlm.nih.gov/sos9/sra-pub-zq-922/SRR006/977/SRR6977054.sralite.1	worldwide	anonymous	gs://sra-pub-zq-109/SRR6977054/SRR6977054.zq.1	gs.us-east1	gcp identity	GSM3091035	PA14	-	-	-	-	-	-	-	-	-	-	-	-	-	-	-	-	-	-	-	-	-	-	-	-	-	-	-	-	-	-	-	-	-	Stationary phase microbial culture	16h culture	whole cell	exposed to hexadecane-water interface for 1h	http://ftp.sra.ebi.ac.uk/vol1/fastq/SRR697/004/SRR6977054/SRR6977054.fastq.gz	-	-	era-fasp@fasp.sra.ebi.ac.uk:vol1/fastq/SRR697/004/SRR6977054/SRR6977054.fastq.gz	-	-	
SRR6977054	evidence/RA_3.html	RA	PA1101	1,350	C→T	100%	Y150Y (TAC→TAT)	fliF →	flagellar MS‑ring protein	50	173	3	 - - - -	[]	[]	SRP139288	Genome-wide analysis of Differential Responses of Pseudomonas aeruginosa PAO1 and  PA14 cells to Interfacial Stress	SRX3918620	GSM3091035: PA14_FBI (exposed to hexadecane-water interface for 1h)_1; Pseudomonas aeruginosa PA14; RNA-Seq	GSM3091035: PA14_FBI (exposed to hexadecane-water interface for 1h)_1; Pseudomonas aeruginosa PA14; RNA-Seq	652611	Pseudomonas aeruginosa PA14	-	RNA-Seq	TRANSCRIPTOMIC	cDNA	SINGLE	SRS3153630	-	SAMN08905342	PRJNA449493	Illumina HiSeq 2500	Illumina HiSeq 2500	ILLUMINA	10000000	181630119	10000000	500000000	GSM3091035_r1	SRR6977054.sralite	126432322	2020-06-20 03:55:28	19a9537c5398dff4ddfa6b354060dda1	1	SRA Lite	Primary ETL	1	s3://sra-pub-zq-4/SRR6977054/SRR6977054.sralite.1	s3.us-east-1	aws identity	https://sra-downloadb.be-md.ncbi.nlm.nih.gov/sos9/sra-pub-zq-922/SRR006/977/SRR6977054.sralite.1	https://sra-downloadb.be-md.ncbi.nlm.nih.gov/sos9/sra-pub-zq-922/SRR006/977/SRR6977054.sralite.1	worldwide	anonymous	gs://sra-pub-zq-109/SRR6977054/SRR6977054.zq.1	gs.us-east1	gcp identity	GSM3091035	PA14	-	-	-	-	-	-	-	-	-	-	-	-	-	-	-	-	-	-	-	-	-	-	-	-	-	-	-	-	-	-	-	-	-	Stationary phase microbial culture	16h culture	whole cell	exposed to hexadecane-water interface for 1h	http://ftp.sra.ebi.ac.uk/vol1/fastq/SRR697/004/SRR6977054/SRR6977054.fastq.gz	-	-	era-fasp@fasp.sra.ebi.ac.uk:vol1/fastq/SRR697/004/SRR6977054/SRR6977054.fastq.gz	-	-	
SRR6977054	evidence/RA_4.html	RA	PA1101	1,722	G→T	100%	P274P (CCG→CCT)	fliF →	flagellar MS‑ring protein	50	173	3	 - - - -	[]	[]	SRP139288	Genome-wide analysis of Differential Responses of Pseudomonas aeruginosa PAO1 and  PA14 cells to Interfacial Stress	SRX3918620	GSM3091035: PA14_FBI (exposed to hexadecane-water interface for 1h)_1; Pseudomonas aeruginosa PA14; RNA-Seq	GSM3091035: PA14_FBI (exposed to hexadecane-water interface for 1h)_1; Pseudomonas aeruginosa PA14; RNA-Seq	652611	Pseudomonas aeruginosa PA14	-	RNA-Seq	TRANSCRIPTOMIC	cDNA	SINGLE	SRS3153630	-	SAMN08905342	PRJNA449493	Illumina HiSeq 2500	Illumina HiSeq 2500	ILLUMINA	10000000	181630119	10000000	500000000	GSM3091035_r1	SRR6977054.sralite	126432322	2020-06-20 03:55:28	19a9537c5398dff4ddfa6b354060dda1	1	SRA Lite	Primary ETL	1	s3://sra-pub-zq-4/SRR6977054/SRR6977054.sralite.1	s3.us-east-1	aws identity	https://sra-downloadb.be-md.ncbi.nlm.nih.gov/sos9/sra-pub-zq-922/SRR006/977/SRR6977054.sralite.1	https://sra-downloadb.be-md.ncbi.nlm.nih.gov/sos9/sra-pub-zq-922/SRR006/977/SRR6977054.sralite.1	worldwide	anonymous	gs://sra-pub-zq-109/SRR6977054/SRR6977054.zq.1	gs.us-east1	gcp identity	GSM3091035	PA14	-	-	-	-	-	-	-	-	-	-	-	-	-	-	-	-	-	-	-	-	-	-	-	-	-	-	-	-	-	-	-	-	-	Stationary phase microbial culture	16h culture	whole cell	exposed to hexadecane-water interface for 1h	http://ftp.sra.ebi.ac.uk/vol1/fastq/SRR697/004/SRR6977054/SRR6977054.fastq.gz	-	-	era-fasp@fasp.sra.ebi.ac.uk:vol1/fastq/SRR697/004/SRR6977054/SRR6977054.fastq.gz	-	-	
SRR6977054	evidence/RA_5.html	RA	PA1101	2,079	C→T	100%	Y393Y (TAC→TAT)	fliF →	flagellar MS‑ring protein	50	173	3	 - - - -	[]	[]	SRP139288	Genome-wide analysis of Differential Responses of Pseudomonas aeruginosa PAO1 and  PA14 cells to Interfacial Stress	SRX3918620	GSM3091035: PA14_FBI (exposed to hexadecane-water interface for 1h)_1; Pseudomonas aeruginosa PA14; RNA-Seq	GSM3091035: PA14_FBI (exposed to hexadecane-water interface for 1h)_1; Pseudomonas aeruginosa PA14; RNA-Seq	652611	Pseudomonas aeruginosa PA14	-	RNA-Seq	TRANSCRIPTOMIC	cDNA	SINGLE	SRS3153630	-	SAMN08905342	PRJNA449493	Illumina HiSeq 2500	Illumina HiSeq 2500	ILLUMINA	10000000	181630119	10000000	500000000	GSM3091035_r1	SRR6977054.sralite	126432322	2020-06-20 03:55:28	19a9537c5398dff4ddfa6b354060dda1	1	SRA Lite	Primary ETL	1	s3://sra-pub-zq-4/SRR6977054/SRR6977054.sralite.1	s3.us-east-1	aws identity	https://sra-downloadb.be-md.ncbi.nlm.nih.gov/sos9/sra-pub-zq-922/SRR006/977/SRR6977054.sralite.1	https://sra-downloadb.be-md.ncbi.nlm.nih.gov/sos9/sra-pub-zq-922/SRR006/977/SRR6977054.sralite.1	worldwide	anonymous	gs://sra-pub-zq-109/SRR6977054/SRR6977054.zq.1	gs.us-east1	gcp identity	GSM3091035	PA14	-	-	-	-	-	-	-	-	-	-	-	-	-	-	-	-	-	-	-	-	-	-	-	-	-	-	-	-	-	-	-	-	-	Stationary phase microbial culture	16h culture	whole cell	exposed to hexadecane-water interface for 1h	http://ftp.sra.ebi.ac.uk/vol1/fastq/SRR697/004/SRR6977054/SRR6977054.fastq.gz	-	-	era-fasp@fasp.sra.ebi.ac.uk:vol1/fastq/SRR697/004/SRR6977054/SRR6977054.fastq.gz	-	-	
SRR6977054	evidence/RA_6.html	RA	PA1101	2,421	T→C	100%	G507G (GGT→GGC)	fliF →	flagellar MS‑ring protein	50	173	3	 - - - -	[]	[]	SRP139288	Genome-wide analysis of Differential Responses of Pseudomonas aeruginosa PAO1 and  PA14 cells to Interfacial Stress	SRX3918620	GSM3091035: PA14_FBI (exposed to hexadecane-water interface for 1h)_1; Pseudomonas aeruginosa PA14; RNA-Seq	GSM3091035: PA14_FBI (exposed to hexadecane-water interface for 1h)_1; Pseudomonas aeruginosa PA14; RNA-Seq	652611	Pseudomonas aeruginosa PA14	-	RNA-Seq	TRANSCRIPTOMIC	cDNA	SINGLE	SRS3153630	-	SAMN08905342	PRJNA449493	Illumina HiSeq 2500	Illumina HiSeq 2500	ILLUMINA	10000000	181630119	10000000	500000000	GSM3091035_r1	SRR6977054.sralite	126432322	2020-06-20 03:55:28	19a9537c5398dff4ddfa6b354060dda1	1	SRA Lite	Primary ETL	1	s3://sra-pub-zq-4/SRR6977054/SRR6977054.sralite.1	s3.us-east-1	aws identity	https://sra-downloadb.be-md.ncbi.nlm.nih.gov/sos9/sra-pub-zq-922/SRR006/977/SRR6977054.sralite.1	https://sra-downloadb.be-md.ncbi.nlm.nih.gov/sos9/sra-pub-zq-922/SRR006/977/SRR6977054.sralite.1	worldwide	anonymous	gs://sra-pub-zq-109/SRR6977054/SRR6977054.zq.1	gs.us-east1	gcp identity	GSM3091035	PA14	-	-	-	-	-	-	-	-	-	-	-	-	-	-	-	-	-	-	-	-	-	-	-	-	-	-	-	-	-	-	-	-	-	Stationary phase microbial culture	16h culture	whole cell	exposed to hexadecane-water interface for 1h	http://ftp.sra.ebi.ac.uk/vol1/fastq/SRR697/004/SRR6977054/SRR6977054.fastq.gz	-	-	era-fasp@fasp.sra.ebi.ac.uk:vol1/fastq/SRR697/004/SRR6977054/SRR6977054.fastq.gz	-	-	
SRR6977054	evidence/RA_7.html	RA	PA1434	1,200	A→G	100%	Q100Q (CAA→CAG)	N_A →	hypothetical protein	50	173	3	 - - - -	[]	[]	SRP139288	Genome-wide analysis of Differential Responses of Pseudomonas aeruginosa PAO1 and  PA14 cells to Interfacial Stress	SRX3918620	GSM3091035: PA14_FBI (exposed to hexadecane-water interface for 1h)_1; Pseudomonas aeruginosa PA14; RNA-Seq	GSM3091035: PA14_FBI (exposed to hexadecane-water interface for 1h)_1; Pseudomonas aeruginosa PA14; RNA-Seq	652611	Pseudomonas aeruginosa PA14	-	RNA-Seq	TRANSCRIPTOMIC	cDNA	SINGLE	SRS3153630	-	SAMN08905342	PRJNA449493	Illumina HiSeq 2500	Illumina HiSeq 2500	ILLUMINA	10000000	181630119	10000000	500000000	GSM3091035_r1	SRR6977054.sralite	126432322	2020-06-20 03:55:28	19a9537c5398dff4ddfa6b354060dda1	1	SRA Lite	Primary ETL	1	s3://sra-pub-zq-4/SRR6977054/SRR6977054.sralite.1	s3.us-east-1	aws identity	https://sra-downloadb.be-md.ncbi.nlm.nih.gov/sos9/sra-pub-zq-922/SRR006/977/SRR6977054.sralite.1	https://sra-downloadb.be-md.ncbi.nlm.nih.gov/sos9/sra-pub-zq-922/SRR006/977/SRR6977054.sralite.1	worldwide	anonymous	gs://sra-pub-zq-109/SRR6977054/SRR6977054.zq.1	gs.us-east1	gcp identity	GSM3091035	PA14	-	-	-	-	-	-	-	-	-	-	-	-	-	-	-	-	-	-	-	-	-	-	-	-	-	-	-	-	-	-	-	-	-	Stationary phase microbial culture	16h culture	whole cell	exposed to hexadecane-water interface for 1h	http://ftp.sra.ebi.ac.uk/vol1/fastq/SRR697/004/SRR6977054/SRR6977054.fastq.gz	-	-	era-fasp@fasp.sra.ebi.ac.uk:vol1/fastq/SRR697/004/SRR6977054/SRR6977054.fastq.gz	-	-	
SRR6977054	evidence/RA_8.html	RA	PA1434	1,212	T→C	100%	Y104Y (TAT→TAC)	N_A →	hypothetical protein	50	173	3	 - - - -	[]	[]	SRP139288	Genome-wide analysis of Differential Responses of Pseudomonas aeruginosa PAO1 and  PA14 cells to Interfacial Stress	SRX3918620	GSM3091035: PA14_FBI (exposed to hexadecane-water interface for 1h)_1; Pseudomonas aeruginosa PA14; RNA-Seq	GSM3091035: PA14_FBI (exposed to hexadecane-water interface for 1h)_1; Pseudomonas aeruginosa PA14; RNA-Seq	652611	Pseudomonas aeruginosa PA14	-	RNA-Seq	TRANSCRIPTOMIC	cDNA	SINGLE	SRS3153630	-	SAMN08905342	PRJNA449493	Illumina HiSeq 2500	Illumina HiSeq 2500	ILLUMINA	10000000	181630119	10000000	500000000	GSM3091035_r1	SRR6977054.sralite	126432322	2020-06-20 03:55:28	19a9537c5398dff4ddfa6b354060dda1	1	SRA Lite	Primary ETL	1	s3://sra-pub-zq-4/SRR6977054/SRR6977054.sralite.1	s3.us-east-1	aws identity	https://sra-downloadb.be-md.ncbi.nlm.nih.gov/sos9/sra-pub-zq-922/SRR006/977/SRR6977054.sralite.1	https://sra-downloadb.be-md.ncbi.nlm.nih.gov/sos9/sra-pub-zq-922/SRR006/977/SRR6977054.sralite.1	worldwide	anonymous	gs://sra-pub-zq-109/SRR6977054/SRR6977054.zq.1	gs.us-east1	gcp identity	GSM3091035	PA14	-	-	-	-	-	-	-	-	-	-	-	-	-	-	-	-	-	-	-	-	-	-	-	-	-	-	-	-	-	-	-	-	-	Stationary phase microbial culture	16h culture	whole cell	exposed to hexadecane-water interface for 1h	http://ftp.sra.ebi.ac.uk/vol1/fastq/SRR697/004/SRR6977054/SRR6977054.fastq.gz	-	-	era-fasp@fasp.sra.ebi.ac.uk:vol1/fastq/SRR697/004/SRR6977054/SRR6977054.fastq.gz	-	-	
SRR6977054	evidence/MC_PLOT_131.html	MC	PA3146	1	Δ2,751 bp	100%		wbpK	wbpK	50	173	3	 - - - -	[]	[]	SRP139288	Genome-wide analysis of Differential Responses of Pseudomonas aeruginosa PAO1 and  PA14 cells to Interfacial Stress	SRX3918620	GSM3091035: PA14_FBI (exposed to hexadecane-water interface for 1h)_1; Pseudomonas aeruginosa PA14; RNA-Seq	GSM3091035: PA14_FBI (exposed to hexadecane-water interface for 1h)_1; Pseudomonas aeruginosa PA14; RNA-Seq	652611	Pseudomonas aeruginosa PA14	-	RNA-Seq	TRANSCRIPTOMIC	cDNA	SINGLE	SRS3153630	-	SAMN08905342	PRJNA449493	Illumina HiSeq 2500	Illumina HiSeq 2500	ILLUMINA	10000000	181630119	10000000	500000000	GSM3091035_r1	SRR6977054.sralite	126432322	2020-06-20 03:55:28	19a9537c5398dff4ddfa6b354060dda1	1	SRA Lite	Primary ETL	1	s3://sra-pub-zq-4/SRR6977054/SRR6977054.sralite.1	s3.us-east-1	aws identity	https://sra-downloadb.be-md.ncbi.nlm.nih.gov/sos9/sra-pub-zq-922/SRR006/977/SRR6977054.sralite.1	https://sra-downloadb.be-md.ncbi.nlm.nih.gov/sos9/sra-pub-zq-922/SRR006/977/SRR6977054.sralite.1	worldwide	anonymous	gs://sra-pub-zq-109/SRR6977054/SRR6977054.zq.1	gs.us-east1	gcp identity	GSM3091035	PA14	-	-	-	-	-	-	-	-	-	-	-	-	-	-	-	-	-	-	-	-	-	-	-	-	-	-	-	-	-	-	-	-	-	Stationary phase microbial culture	16h culture	whole cell	exposed to hexadecane-water interface for 1h	http://ftp.sra.ebi.ac.uk/vol1/fastq/SRR697/004/SRR6977054/SRR6977054.fastq.gz	-	-	era-fasp@fasp.sra.ebi.ac.uk:vol1/fastq/SRR697/004/SRR6977054/SRR6977054.fastq.gz	-	-	
SRR6977054	evidence/MC_PLOT_132.html	MC	PA3147	1	Δ3,042 bp	100%		wbpJ	wbpJ	50	173	3	 - - - -	[]	[]	SRP139288	Genome-wide analysis of Differential Responses of Pseudomonas aeruginosa PAO1 and  PA14 cells to Interfacial Stress	SRX3918620	GSM3091035: PA14_FBI (exposed to hexadecane-water interface for 1h)_1; Pseudomonas aeruginosa PA14; RNA-Seq	GSM3091035: PA14_FBI (exposed to hexadecane-water interface for 1h)_1; Pseudomonas aeruginosa PA14; RNA-Seq	652611	Pseudomonas aeruginosa PA14	-	RNA-Seq	TRANSCRIPTOMIC	cDNA	SINGLE	SRS3153630	-	SAMN08905342	PRJNA449493	Illumina HiSeq 2500	Illumina HiSeq 2500	ILLUMINA	10000000	181630119	10000000	500000000	GSM3091035_r1	SRR6977054.sralite	126432322	2020-06-20 03:55:28	19a9537c5398dff4ddfa6b354060dda1	1	SRA Lite	Primary ETL	1	s3://sra-pub-zq-4/SRR6977054/SRR6977054.sralite.1	s3.us-east-1	aws identity	https://sra-downloadb.be-md.ncbi.nlm.nih.gov/sos9/sra-pub-zq-922/SRR006/977/SRR6977054.sralite.1	https://sra-downloadb.be-md.ncbi.nlm.nih.gov/sos9/sra-pub-zq-922/SRR006/977/SRR6977054.sralite.1	worldwide	anonymous	gs://sra-pub-zq-109/SRR6977054/SRR6977054.zq.1	gs.us-east1	gcp identity	GSM3091035	PA14	-	-	-	-	-	-	-	-	-	-	-	-	-	-	-	-	-	-	-	-	-	-	-	-	-	-	-	-	-	-	-	-	-	Stationary phase microbial culture	16h culture	whole cell	exposed to hexadecane-water interface for 1h	http://ftp.sra.ebi.ac.uk/vol1/fastq/SRR697/004/SRR6977054/SRR6977054.fastq.gz	-	-	era-fasp@fasp.sra.ebi.ac.uk:vol1/fastq/SRR697/004/SRR6977054/SRR6977054.fastq.gz	-	-	
SRR6977054	evidence/MC_PLOT_133.html	MC	PA3148	1	Δ2,865 bp	100%		wbpI	wbpI	50	173	3	 - - - -	[]	[]	SRP139288	Genome-wide analysis of Differential Responses of Pseudomonas aeruginosa PAO1 and  PA14 cells to Interfacial Stress	SRX3918620	GSM3091035: PA14_FBI (exposed to hexadecane-water interface for 1h)_1; Pseudomonas aeruginosa PA14; RNA-Seq	GSM3091035: PA14_FBI (exposed to hexadecane-water interface for 1h)_1; Pseudomonas aeruginosa PA14; RNA-Seq	652611	Pseudomonas aeruginosa PA14	-	RNA-Seq	TRANSCRIPTOMIC	cDNA	SINGLE	SRS3153630	-	SAMN08905342	PRJNA449493	Illumina HiSeq 2500	Illumina HiSeq 2500	ILLUMINA	10000000	181630119	10000000	500000000	GSM3091035_r1	SRR6977054.sralite	126432322	2020-06-20 03:55:28	19a9537c5398dff4ddfa6b354060dda1	1	SRA Lite	Primary ETL	1	s3://sra-pub-zq-4/SRR6977054/SRR6977054.sralite.1	s3.us-east-1	aws identity	https://sra-downloadb.be-md.ncbi.nlm.nih.gov/sos9/sra-pub-zq-922/SRR006/977/SRR6977054.sralite.1	https://sra-downloadb.be-md.ncbi.nlm.nih.gov/sos9/sra-pub-zq-922/SRR006/977/SRR6977054.sralite.1	worldwide	anonymous	gs://sra-pub-zq-109/SRR6977054/SRR6977054.zq.1	gs.us-east1	gcp identity	GSM3091035	PA14	-	-	-	-	-	-	-	-	-	-	-	-	-	-	-	-	-	-	-	-	-	-	-	-	-	-	-	-	-	-	-	-	-	Stationary phase microbial culture	16h culture	whole cell	exposed to hexadecane-water interface for 1h	http://ftp.sra.ebi.ac.uk/vol1/fastq/SRR697/004/SRR6977054/SRR6977054.fastq.gz	-	-	era-fasp@fasp.sra.ebi.ac.uk:vol1/fastq/SRR697/004/SRR6977054/SRR6977054.fastq.gz	-	-	
SRR6977054	evidence/MC_PLOT_134.html	MC	PA3159	1	Δ3,111 bp	100%		wbpA	wbpA	50	173	3	 - - - -	[]	[]	SRP139288	Genome-wide analysis of Differential Responses of Pseudomonas aeruginosa PAO1 and  PA14 cells to Interfacial Stress	SRX3918620	GSM3091035: PA14_FBI (exposed to hexadecane-water interface for 1h)_1; Pseudomonas aeruginosa PA14; RNA-Seq	GSM3091035: PA14_FBI (exposed to hexadecane-water interface for 1h)_1; Pseudomonas aeruginosa PA14; RNA-Seq	652611	Pseudomonas aeruginosa PA14	-	RNA-Seq	TRANSCRIPTOMIC	cDNA	SINGLE	SRS3153630	-	SAMN08905342	PRJNA449493	Illumina HiSeq 2500	Illumina HiSeq 2500	ILLUMINA	10000000	181630119	10000000	500000000	GSM3091035_r1	SRR6977054.sralite	126432322	2020-06-20 03:55:28	19a9537c5398dff4ddfa6b354060dda1	1	SRA Lite	Primary ETL	1	s3://sra-pub-zq-4/SRR6977054/SRR6977054.sralite.1	s3.us-east-1	aws identity	https://sra-downloadb.be-md.ncbi.nlm.nih.gov/sos9/sra-pub-zq-922/SRR006/977/SRR6977054.sralite.1	https://sra-downloadb.be-md.ncbi.nlm.nih.gov/sos9/sra-pub-zq-922/SRR006/977/SRR6977054.sralite.1	worldwide	anonymous	gs://sra-pub-zq-109/SRR6977054/SRR6977054.zq.1	gs.us-east1	gcp identity	GSM3091035	PA14	-	-	-	-	-	-	-	-	-	-	-	-	-	-	-	-	-	-	-	-	-	-	-	-	-	-	-	-	-	-	-	-	-	Stationary phase microbial culture	16h culture	whole cell	exposed to hexadecane-water interface for 1h	http://ftp.sra.ebi.ac.uk/vol1/fastq/SRR697/004/SRR6977054/SRR6977054.fastq.gz	-	-	era-fasp@fasp.sra.ebi.ac.uk:vol1/fastq/SRR697/004/SRR6977054/SRR6977054.fastq.gz	-	-	
SRR6977054	evidence/RA_13.html	RA	PA3177	1,056	A→G	100%	A52A (GCA→GCG)	N_A →	hypothetical protein	50	173	3	 - - - -	[]	[]	SRP139288	Genome-wide analysis of Differential Responses of Pseudomonas aeruginosa PAO1 and  PA14 cells to Interfacial Stress	SRX3918620	GSM3091035: PA14_FBI (exposed to hexadecane-water interface for 1h)_1; Pseudomonas aeruginosa PA14; RNA-Seq	GSM3091035: PA14_FBI (exposed to hexadecane-water interface for 1h)_1; Pseudomonas aeruginosa PA14; RNA-Seq	652611	Pseudomonas aeruginosa PA14	-	RNA-Seq	TRANSCRIPTOMIC	cDNA	SINGLE	SRS3153630	-	SAMN08905342	PRJNA449493	Illumina HiSeq 2500	Illumina HiSeq 2500	ILLUMINA	10000000	181630119	10000000	500000000	GSM3091035_r1	SRR6977054.sralite	126432322	2020-06-20 03:55:28	19a9537c5398dff4ddfa6b354060dda1	1	SRA Lite	Primary ETL	1	s3://sra-pub-zq-4/SRR6977054/SRR6977054.sralite.1	s3.us-east-1	aws identity	https://sra-downloadb.be-md.ncbi.nlm.nih.gov/sos9/sra-pub-zq-922/SRR006/977/SRR6977054.sralite.1	https://sra-downloadb.be-md.ncbi.nlm.nih.gov/sos9/sra-pub-zq-922/SRR006/977/SRR6977054.sralite.1	worldwide	anonymous	gs://sra-pub-zq-109/SRR6977054/SRR6977054.zq.1	gs.us-east1	gcp identity	GSM3091035	PA14	-	-	-	-	-	-	-	-	-	-	-	-	-	-	-	-	-	-	-	-	-	-	-	-	-	-	-	-	-	-	-	-	-	Stationary phase microbial culture	16h culture	whole cell	exposed to hexadecane-water interface for 1h	http://ftp.sra.ebi.ac.uk/vol1/fastq/SRR697/004/SRR6977054/SRR6977054.fastq.gz	-	-	era-fasp@fasp.sra.ebi.ac.uk:vol1/fastq/SRR697/004/SRR6977054/SRR6977054.fastq.gz	-	-	
SRR6977054	evidence/RA_14.html	RA	PA3565	554	T→C	100%	intergenic (–/‑347)	– / → N_A	–/transcriptional regulator	50	173	3	 - - - -	[]	[]	SRP139288	Genome-wide analysis of Differential Responses of Pseudomonas aeruginosa PAO1 and  PA14 cells to Interfacial Stress	SRX3918620	GSM3091035: PA14_FBI (exposed to hexadecane-water interface for 1h)_1; Pseudomonas aeruginosa PA14; RNA-Seq	GSM3091035: PA14_FBI (exposed to hexadecane-water interface for 1h)_1; Pseudomonas aeruginosa PA14; RNA-Seq	652611	Pseudomonas aeruginosa PA14	-	RNA-Seq	TRANSCRIPTOMIC	cDNA	SINGLE	SRS3153630	-	SAMN08905342	PRJNA449493	Illumina HiSeq 2500	Illumina HiSeq 2500	ILLUMINA	10000000	181630119	10000000	500000000	GSM3091035_r1	SRR6977054.sralite	126432322	2020-06-20 03:55:28	19a9537c5398dff4ddfa6b354060dda1	1	SRA Lite	Primary ETL	1	s3://sra-pub-zq-4/SRR6977054/SRR6977054.sralite.1	s3.us-east-1	aws identity	https://sra-downloadb.be-md.ncbi.nlm.nih.gov/sos9/sra-pub-zq-922/SRR006/977/SRR6977054.sralite.1	https://sra-downloadb.be-md.ncbi.nlm.nih.gov/sos9/sra-pub-zq-922/SRR006/977/SRR6977054.sralite.1	worldwide	anonymous	gs://sra-pub-zq-109/SRR6977054/SRR6977054.zq.1	gs.us-east1	gcp identity	GSM3091035	PA14	-	-	-	-	-	-	-	-	-	-	-	-	-	-	-	-	-	-	-	-	-	-	-	-	-	-	-	-	-	-	-	-	-	Stationary phase microbial culture	16h culture	whole cell	exposed to hexadecane-water interface for 1h	http://ftp.sra.ebi.ac.uk/vol1/fastq/SRR697/004/SRR6977054/SRR6977054.fastq.gz	-	-	era-fasp@fasp.sra.ebi.ac.uk:vol1/fastq/SRR697/004/SRR6977054/SRR6977054.fastq.gz	-	-	
SRR6977054	evidence/RA_15.html	RA	PA3565	674	G→A	100%	intergenic (–/‑227)	– / → N_A	–/transcriptional regulator	50	173	3	 - - - -	[]	[]	SRP139288	Genome-wide analysis of Differential Responses of Pseudomonas aeruginosa PAO1 and  PA14 cells to Interfacial Stress	SRX3918620	GSM3091035: PA14_FBI (exposed to hexadecane-water interface for 1h)_1; Pseudomonas aeruginosa PA14; RNA-Seq	GSM3091035: PA14_FBI (exposed to hexadecane-water interface for 1h)_1; Pseudomonas aeruginosa PA14; RNA-Seq	652611	Pseudomonas aeruginosa PA14	-	RNA-Seq	TRANSCRIPTOMIC	cDNA	SINGLE	SRS3153630	-	SAMN08905342	PRJNA449493	Illumina HiSeq 2500	Illumina HiSeq 2500	ILLUMINA	10000000	181630119	10000000	500000000	GSM3091035_r1	SRR6977054.sralite	126432322	2020-06-20 03:55:28	19a9537c5398dff4ddfa6b354060dda1	1	SRA Lite	Primary ETL	1	s3://sra-pub-zq-4/SRR6977054/SRR6977054.sralite.1	s3.us-east-1	aws identity	https://sra-downloadb.be-md.ncbi.nlm.nih.gov/sos9/sra-pub-zq-922/SRR006/977/SRR6977054.sralite.1	https://sra-downloadb.be-md.ncbi.nlm.nih.gov/sos9/sra-pub-zq-922/SRR006/977/SRR6977054.sralite.1	worldwide	anonymous	gs://sra-pub-zq-109/SRR6977054/SRR6977054.zq.1	gs.us-east1	gcp identity	GSM3091035	PA14	-	-	-	-	-	-	-	-	-	-	-	-	-	-	-	-	-	-	-	-	-	-	-	-	-	-	-	-	-	-	-	-	-	Stationary phase microbial culture	16h culture	whole cell	exposed to hexadecane-water interface for 1h	http://ftp.sra.ebi.ac.uk/vol1/fastq/SRR697/004/SRR6977054/SRR6977054.fastq.gz	-	-	era-fasp@fasp.sra.ebi.ac.uk:vol1/fastq/SRR697/004/SRR6977054/SRR6977054.fastq.gz	-	-	
SRR6977054	evidence/RA_16.html	RA	PA4601	144	T→C	100%	intergenic (–/‑757)	– / → morA	–/motility regulator	50	173	3	 - - - -	[]	[]	SRP139288	Genome-wide analysis of Differential Responses of Pseudomonas aeruginosa PAO1 and  PA14 cells to Interfacial Stress	SRX3918620	GSM3091035: PA14_FBI (exposed to hexadecane-water interface for 1h)_1; Pseudomonas aeruginosa PA14; RNA-Seq	GSM3091035: PA14_FBI (exposed to hexadecane-water interface for 1h)_1; Pseudomonas aeruginosa PA14; RNA-Seq	652611	Pseudomonas aeruginosa PA14	-	RNA-Seq	TRANSCRIPTOMIC	cDNA	SINGLE	SRS3153630	-	SAMN08905342	PRJNA449493	Illumina HiSeq 2500	Illumina HiSeq 2500	ILLUMINA	10000000	181630119	10000000	500000000	GSM3091035_r1	SRR6977054.sralite	126432322	2020-06-20 03:55:28	19a9537c5398dff4ddfa6b354060dda1	1	SRA Lite	Primary ETL	1	s3://sra-pub-zq-4/SRR6977054/SRR6977054.sralite.1	s3.us-east-1	aws identity	https://sra-downloadb.be-md.ncbi.nlm.nih.gov/sos9/sra-pub-zq-922/SRR006/977/SRR6977054.sralite.1	https://sra-downloadb.be-md.ncbi.nlm.nih.gov/sos9/sra-pub-zq-922/SRR006/977/SRR6977054.sralite.1	worldwide	anonymous	gs://sra-pub-zq-109/SRR6977054/SRR6977054.zq.1	gs.us-east1	gcp identity	GSM3091035	PA14	-	-	-	-	-	-	-	-	-	-	-	-	-	-	-	-	-	-	-	-	-	-	-	-	-	-	-	-	-	-	-	-	-	Stationary phase microbial culture	16h culture	whole cell	exposed to hexadecane-water interface for 1h	http://ftp.sra.ebi.ac.uk/vol1/fastq/SRR697/004/SRR6977054/SRR6977054.fastq.gz	-	-	era-fasp@fasp.sra.ebi.ac.uk:vol1/fastq/SRR697/004/SRR6977054/SRR6977054.fastq.gz	-	-	
SRR6977054	evidence/RA_17.html	RA	PA4601	155	G→A	100%	intergenic (–/‑746)	– / → morA	–/motility regulator	50	173	3	 - - - -	[]	[]	SRP139288	Genome-wide analysis of Differential Responses of Pseudomonas aeruginosa PAO1 and  PA14 cells to Interfacial Stress	SRX3918620	GSM3091035: PA14_FBI (exposed to hexadecane-water interface for 1h)_1; Pseudomonas aeruginosa PA14; RNA-Seq	GSM3091035: PA14_FBI (exposed to hexadecane-water interface for 1h)_1; Pseudomonas aeruginosa PA14; RNA-Seq	652611	Pseudomonas aeruginosa PA14	-	RNA-Seq	TRANSCRIPTOMIC	cDNA	SINGLE	SRS3153630	-	SAMN08905342	PRJNA449493	Illumina HiSeq 2500	Illumina HiSeq 2500	ILLUMINA	10000000	181630119	10000000	500000000	GSM3091035_r1	SRR6977054.sralite	126432322	2020-06-20 03:55:28	19a9537c5398dff4ddfa6b354060dda1	1	SRA Lite	Primary ETL	1	s3://sra-pub-zq-4/SRR6977054/SRR6977054.sralite.1	s3.us-east-1	aws identity	https://sra-downloadb.be-md.ncbi.nlm.nih.gov/sos9/sra-pub-zq-922/SRR006/977/SRR6977054.sralite.1	https://sra-downloadb.be-md.ncbi.nlm.nih.gov/sos9/sra-pub-zq-922/SRR006/977/SRR6977054.sralite.1	worldwide	anonymous	gs://sra-pub-zq-109/SRR6977054/SRR6977054.zq.1	gs.us-east1	gcp identity	GSM3091035	PA14	-	-	-	-	-	-	-	-	-	-	-	-	-	-	-	-	-	-	-	-	-	-	-	-	-	-	-	-	-	-	-	-	-	Stationary phase microbial culture	16h culture	whole cell	exposed to hexadecane-water interface for 1h	http://ftp.sra.ebi.ac.uk/vol1/fastq/SRR697/004/SRR6977054/SRR6977054.fastq.gz	-	-	era-fasp@fasp.sra.ebi.ac.uk:vol1/fastq/SRR697/004/SRR6977054/SRR6977054.fastq.gz	-	-	
SRR6977054	evidence/RA_18.html	RA	PA4601	648	T→G	100%	intergenic (–/‑253)	– / → morA	–/motility regulator	50	173	3	 - - - -	[]	[]	SRP139288	Genome-wide analysis of Differential Responses of Pseudomonas aeruginosa PAO1 and  PA14 cells to Interfacial Stress	SRX3918620	GSM3091035: PA14_FBI (exposed to hexadecane-water interface for 1h)_1; Pseudomonas aeruginosa PA14; RNA-Seq	GSM3091035: PA14_FBI (exposed to hexadecane-water interface for 1h)_1; Pseudomonas aeruginosa PA14; RNA-Seq	652611	Pseudomonas aeruginosa PA14	-	RNA-Seq	TRANSCRIPTOMIC	cDNA	SINGLE	SRS3153630	-	SAMN08905342	PRJNA449493	Illumina HiSeq 2500	Illumina HiSeq 2500	ILLUMINA	10000000	181630119	10000000	500000000	GSM3091035_r1	SRR6977054.sralite	126432322	2020-06-20 03:55:28	19a9537c5398dff4ddfa6b354060dda1	1	SRA Lite	Primary ETL	1	s3://sra-pub-zq-4/SRR6977054/SRR6977054.sralite.1	s3.us-east-1	aws identity	https://sra-downloadb.be-md.ncbi.nlm.nih.gov/sos9/sra-pub-zq-922/SRR006/977/SRR6977054.sralite.1	https://sra-downloadb.be-md.ncbi.nlm.nih.gov/sos9/sra-pub-zq-922/SRR006/977/SRR6977054.sralite.1	worldwide	anonymous	gs://sra-pub-zq-109/SRR6977054/SRR6977054.zq.1	gs.us-east1	gcp identity	GSM3091035	PA14	-	-	-	-	-	-	-	-	-	-	-	-	-	-	-	-	-	-	-	-	-	-	-	-	-	-	-	-	-	-	-	-	-	Stationary phase microbial culture	16h culture	whole cell	exposed to hexadecane-water interface for 1h	http://ftp.sra.ebi.ac.uk/vol1/fastq/SRR697/004/SRR6977054/SRR6977054.fastq.gz	-	-	era-fasp@fasp.sra.ebi.ac.uk:vol1/fastq/SRR697/004/SRR6977054/SRR6977054.fastq.gz	-	-	
SRR6977054	evidence/RA_19.html	RA	PA4601	663	G→A	100%	intergenic (–/‑238)	– / → morA	–/motility regulator	50	173	3	 - - - -	[]	[]	SRP139288	Genome-wide analysis of Differential Responses of Pseudomonas aeruginosa PAO1 and  PA14 cells to Interfacial Stress	SRX3918620	GSM3091035: PA14_FBI (exposed to hexadecane-water interface for 1h)_1; Pseudomonas aeruginosa PA14; RNA-Seq	GSM3091035: PA14_FBI (exposed to hexadecane-water interface for 1h)_1; Pseudomonas aeruginosa PA14; RNA-Seq	652611	Pseudomonas aeruginosa PA14	-	RNA-Seq	TRANSCRIPTOMIC	cDNA	SINGLE	SRS3153630	-	SAMN08905342	PRJNA449493	Illumina HiSeq 2500	Illumina HiSeq 2500	ILLUMINA	10000000	181630119	10000000	500000000	GSM3091035_r1	SRR6977054.sralite	126432322	2020-06-20 03:55:28	19a9537c5398dff4ddfa6b354060dda1	1	SRA Lite	Primary ETL	1	s3://sra-pub-zq-4/SRR6977054/SRR6977054.sralite.1	s3.us-east-1	aws identity	https://sra-downloadb.be-md.ncbi.nlm.nih.gov/sos9/sra-pub-zq-922/SRR006/977/SRR6977054.sralite.1	https://sra-downloadb.be-md.ncbi.nlm.nih.gov/sos9/sra-pub-zq-922/SRR006/977/SRR6977054.sralite.1	worldwide	anonymous	gs://sra-pub-zq-109/SRR6977054/SRR6977054.zq.1	gs.us-east1	gcp identity	GSM3091035	PA14	-	-	-	-	-	-	-	-	-	-	-	-	-	-	-	-	-	-	-	-	-	-	-	-	-	-	-	-	-	-	-	-	-	Stationary phase microbial culture	16h culture	whole cell	exposed to hexadecane-water interface for 1h	http://ftp.sra.ebi.ac.uk/vol1/fastq/SRR697/004/SRR6977054/SRR6977054.fastq.gz	-	-	era-fasp@fasp.sra.ebi.ac.uk:vol1/fastq/SRR697/004/SRR6977054/SRR6977054.fastq.gz	-	-	
SRR6977054	evidence/RA_20.html	RA	PA4601	4,128	A→G	100%	K1076K (AAA→AAG)	morA →	motility regulator	50	173	3	 - - - -	[]	[]	SRP139288	Genome-wide analysis of Differential Responses of Pseudomonas aeruginosa PAO1 and  PA14 cells to Interfacial Stress	SRX3918620	GSM3091035: PA14_FBI (exposed to hexadecane-water interface for 1h)_1; Pseudomonas aeruginosa PA14; RNA-Seq	GSM3091035: PA14_FBI (exposed to hexadecane-water interface for 1h)_1; Pseudomonas aeruginosa PA14; RNA-Seq	652611	Pseudomonas aeruginosa PA14	-	RNA-Seq	TRANSCRIPTOMIC	cDNA	SINGLE	SRS3153630	-	SAMN08905342	PRJNA449493	Illumina HiSeq 2500	Illumina HiSeq 2500	ILLUMINA	10000000	181630119	10000000	500000000	GSM3091035_r1	SRR6977054.sralite	126432322	2020-06-20 03:55:28	19a9537c5398dff4ddfa6b354060dda1	1	SRA Lite	Primary ETL	1	s3://sra-pub-zq-4/SRR6977054/SRR6977054.sralite.1	s3.us-east-1	aws identity	https://sra-downloadb.be-md.ncbi.nlm.nih.gov/sos9/sra-pub-zq-922/SRR006/977/SRR6977054.sralite.1	https://sra-downloadb.be-md.ncbi.nlm.nih.gov/sos9/sra-pub-zq-922/SRR006/977/SRR6977054.sralite.1	worldwide	anonymous	gs://sra-pub-zq-109/SRR6977054/SRR6977054.zq.1	gs.us-east1	gcp identity	GSM3091035	PA14	-	-	-	-	-	-	-	-	-	-	-	-	-	-	-	-	-	-	-	-	-	-	-	-	-	-	-	-	-	-	-	-	-	Stationary phase microbial culture	16h culture	whole cell	exposed to hexadecane-water interface for 1h	http://ftp.sra.ebi.ac.uk/vol1/fastq/SRR697/004/SRR6977054/SRR6977054.fastq.gz	-	-	era-fasp@fasp.sra.ebi.ac.uk:vol1/fastq/SRR697/004/SRR6977054/SRR6977054.fastq.gz	-	-	
SRR27501784	evidence/RA_1.html	RA	PA1101	140	T→C	100%	intergenic (–/‑761)	– / → fliF	–/flagellar MS‑ring protein	226	140	1	 waterborne isolate of Pseudomonas aeruginosa ST299 collected from the water network of the medical ICU department not applicable not applicable -	['Engineered', 'Infection']	['Industrial', 'Medical environment']	SRP483327	Evolution of Pseudomonas aeruginosa ST299 in hospital water systems	SRX23172669	WGS of waterborne isolates of ST299 Peudomonas aeruginosa collected from the water network of the medical ICU	WGS of waterborne isolates of ST299 Peudomonas aeruginosa collected from the water network of the medical ICU	287	Pseudomonas aeruginosa	TXA13	WGS	GENOMIC	RANDOM	PAIRED	SRS20121987	-	SAMN39414485	PRJNA1064007	NextSeq 500	NextSeq 500	ILLUMINA	1528692	147838102	1528692	346235440	TXA13_S43_R1.flt.fastq	SRR27501784.lite	90494880	2024-01-18 09:16:37	16581d86a87e27b259e9106ef2bf1597	1	SRA Lite	Primary ETL	1	s3://sra-pub-zq-7/SRR27501784/SRR27501784.lite.1	s3.us-east-1	aws identity	https://sra-downloadb.be-md.ncbi.nlm.nih.gov/sos9/sra-pub-zq-922/SRR027/27501/SRR27501784/SRR27501784.lite.1	https://sra-downloadb.be-md.ncbi.nlm.nih.gov/sos9/sra-pub-zq-922/SRR027/27501/SRR27501784/SRR27501784.lite.1	worldwide	anonymous	gs://sra-pub-zq-104/SRR27501784/SRR27501784.lite.1	gs.us-east1	gcp identity	-	Pseudomonas aeruginosa TXA13	-	Microbial ecology laboratory (CHU Montpellier)	2017-06-02	France: Montpellier	waterborne isolate of Pseudomonas aeruginosa ST299 collected from the water network of the medical ICU department	-	-	-	-	not collected	-	-	Pathogen.env	ST299	not applicable	not applicable	not applicable	not applicable	-	-	-	-	-	-	-	-	-	-	-	-	-	-	-	-	-	-	-	-	ftp.sra.ebi.ac.uk/vol1/fastq/SRR275/084/SRR27501784/SRR27501784_1.fastq.gz	http://ftp.sra.ebi.ac.uk/vol1/fastq/SRR275/084/SRR27501784/SRR27501784_2.fastq.gz	-	era-fasp@fasp.sra.ebi.ac.uk:vol1/fastq/SRR275/084/SRR27501784/SRR27501784_1.fastq.gz	era-fasp@fasp.sra.ebi.ac.uk:vol1/fastq/SRR275/084/SRR27501784/SRR27501784_2.fastq.gz	
SRR27501784	evidence/RA_2.html	RA	PA1101	468	C→T	100%	intergenic (–/‑433)	– / → fliF	–/flagellar MS‑ring protein	226	140	1	 waterborne isolate of Pseudomonas aeruginosa ST299 collected from the water network of the medical ICU department not applicable not applicable -	['Engineered', 'Infection']	['Industrial', 'Medical environment']	SRP483327	Evolution of Pseudomonas aeruginosa ST299 in hospital water systems	SRX23172669	WGS of waterborne isolates of ST299 Peudomonas aeruginosa collected from the water network of the medical ICU	WGS of waterborne isolates of ST299 Peudomonas aeruginosa collected from the water network of the medical ICU	287	Pseudomonas aeruginosa	TXA13	WGS	GENOMIC	RANDOM	PAIRED	SRS20121987	-	SAMN39414485	PRJNA1064007	NextSeq 500	NextSeq 500	ILLUMINA	1528692	147838102	1528692	346235440	TXA13_S43_R1.flt.fastq	SRR27501784.lite	90494880	2024-01-18 09:16:37	16581d86a87e27b259e9106ef2bf1597	1	SRA Lite	Primary ETL	1	s3://sra-pub-zq-7/SRR27501784/SRR27501784.lite.1	s3.us-east-1	aws identity	https://sra-downloadb.be-md.ncbi.nlm.nih.gov/sos9/sra-pub-zq-922/SRR027/27501/SRR27501784/SRR27501784.lite.1	https://sra-downloadb.be-md.ncbi.nlm.nih.gov/sos9/sra-pub-zq-922/SRR027/27501/SRR27501784/SRR27501784.lite.1	worldwide	anonymous	gs://sra-pub-zq-104/SRR27501784/SRR27501784.lite.1	gs.us-east1	gcp identity	-	Pseudomonas aeruginosa TXA13	-	Microbial ecology laboratory (CHU Montpellier)	2017-06-02	France: Montpellier	waterborne isolate of Pseudomonas aeruginosa ST299 collected from the water network of the medical ICU department	-	-	-	-	not collected	-	-	Pathogen.env	ST299	not applicable	not applicable	not applicable	not applicable	-	-	-	-	-	-	-	-	-	-	-	-	-	-	-	-	-	-	-	-	ftp.sra.ebi.ac.uk/vol1/fastq/SRR275/084/SRR27501784/SRR27501784_1.fastq.gz	http://ftp.sra.ebi.ac.uk/vol1/fastq/SRR275/084/SRR27501784/SRR27501784_2.fastq.gz	-	era-fasp@fasp.sra.ebi.ac.uk:vol1/fastq/SRR275/084/SRR27501784/SRR27501784_1.fastq.gz	era-fasp@fasp.sra.ebi.ac.uk:vol1/fastq/SRR275/084/SRR27501784/SRR27501784_2.fastq.gz	
SRR27501784	evidence/RA_3.html	RA	PA1101	836	G→A	100%	intergenic (–/‑65)	– / → fliF	–/flagellar MS‑ring protein	226	140	1	 waterborne isolate of Pseudomonas aeruginosa ST299 collected from the water network of the medical ICU department not applicable not applicable -	['Engineered', 'Infection']	['Industrial', 'Medical environment']	SRP483327	Evolution of Pseudomonas aeruginosa ST299 in hospital water systems	SRX23172669	WGS of waterborne isolates of ST299 Peudomonas aeruginosa collected from the water network of the medical ICU	WGS of waterborne isolates of ST299 Peudomonas aeruginosa collected from the water network of the medical ICU	287	Pseudomonas aeruginosa	TXA13	WGS	GENOMIC	RANDOM	PAIRED	SRS20121987	-	SAMN39414485	PRJNA1064007	NextSeq 500	NextSeq 500	ILLUMINA	1528692	147838102	1528692	346235440	TXA13_S43_R1.flt.fastq	SRR27501784.lite	90494880	2024-01-18 09:16:37	16581d86a87e27b259e9106ef2bf1597	1	SRA Lite	Primary ETL	1	s3://sra-pub-zq-7/SRR27501784/SRR27501784.lite.1	s3.us-east-1	aws identity	https://sra-downloadb.be-md.ncbi.nlm.nih.gov/sos9/sra-pub-zq-922/SRR027/27501/SRR27501784/SRR27501784.lite.1	https://sra-downloadb.be-md.ncbi.nlm.nih.gov/sos9/sra-pub-zq-922/SRR027/27501/SRR27501784/SRR27501784.lite.1	worldwide	anonymous	gs://sra-pub-zq-104/SRR27501784/SRR27501784.lite.1	gs.us-east1	gcp identity	-	Pseudomonas aeruginosa TXA13	-	Microbial ecology laboratory (CHU Montpellier)	2017-06-02	France: Montpellier	waterborne isolate of Pseudomonas aeruginosa ST299 collected from the water network of the medical ICU department	-	-	-	-	not collected	-	-	Pathogen.env	ST299	not applicable	not applicable	not applicable	not applicable	-	-	-	-	-	-	-	-	-	-	-	-	-	-	-	-	-	-	-	-	ftp.sra.ebi.ac.uk/vol1/fastq/SRR275/084/SRR27501784/SRR27501784_1.fastq.gz	http://ftp.sra.ebi.ac.uk/vol1/fastq/SRR275/084/SRR27501784/SRR27501784_2.fastq.gz	-	era-fasp@fasp.sra.ebi.ac.uk:vol1/fastq/SRR275/084/SRR27501784/SRR27501784_1.fastq.gz	era-fasp@fasp.sra.ebi.ac.uk:vol1/fastq/SRR275/084/SRR27501784/SRR27501784_2.fastq.gz	
SRR27501784	evidence/RA_4.html	RA	PA1101	1,503	G→T	100%	G201G (GGG→GGT)	fliF →	flagellar MS‑ring protein	226	140	1	 waterborne isolate of Pseudomonas aeruginosa ST299 collected from the water network of the medical ICU department not applicable not applicable -	['Engineered', 'Infection']	['Industrial', 'Medical environment']	SRP483327	Evolution of Pseudomonas aeruginosa ST299 in hospital water systems	SRX23172669	WGS of waterborne isolates of ST299 Peudomonas aeruginosa collected from the water network of the medical ICU	WGS of waterborne isolates of ST299 Peudomonas aeruginosa collected from the water network of the medical ICU	287	Pseudomonas aeruginosa	TXA13	WGS	GENOMIC	RANDOM	PAIRED	SRS20121987	-	SAMN39414485	PRJNA1064007	NextSeq 500	NextSeq 500	ILLUMINA	1528692	147838102	1528692	346235440	TXA13_S43_R1.flt.fastq	SRR27501784.lite	90494880	2024-01-18 09:16:37	16581d86a87e27b259e9106ef2bf1597	1	SRA Lite	Primary ETL	1	s3://sra-pub-zq-7/SRR27501784/SRR27501784.lite.1	s3.us-east-1	aws identity	https://sra-downloadb.be-md.ncbi.nlm.nih.gov/sos9/sra-pub-zq-922/SRR027/27501/SRR27501784/SRR27501784.lite.1	https://sra-downloadb.be-md.ncbi.nlm.nih.gov/sos9/sra-pub-zq-922/SRR027/27501/SRR27501784/SRR27501784.lite.1	worldwide	anonymous	gs://sra-pub-zq-104/SRR27501784/SRR27501784.lite.1	gs.us-east1	gcp identity	-	Pseudomonas aeruginosa TXA13	-	Microbial ecology laboratory (CHU Montpellier)	2017-06-02	France: Montpellier	waterborne isolate of Pseudomonas aeruginosa ST299 collected from the water network of the medical ICU department	-	-	-	-	not collected	-	-	Pathogen.env	ST299	not applicable	not applicable	not applicable	not applicable	-	-	-	-	-	-	-	-	-	-	-	-	-	-	-	-	-	-	-	-	ftp.sra.ebi.ac.uk/vol1/fastq/SRR275/084/SRR27501784/SRR27501784_1.fastq.gz	http://ftp.sra.ebi.ac.uk/vol1/fastq/SRR275/084/SRR27501784/SRR27501784_2.fastq.gz	-	era-fasp@fasp.sra.ebi.ac.uk:vol1/fastq/SRR275/084/SRR27501784/SRR27501784_1.fastq.gz	era-fasp@fasp.sra.ebi.ac.uk:vol1/fastq/SRR275/084/SRR27501784/SRR27501784_2.fastq.gz	
SRR27501784	evidence/RA_5.html	RA	PA1101	1,581	G→A	100%	Q227Q (CAG→CAA)	fliF →	flagellar MS‑ring protein	226	140	1	 waterborne isolate of Pseudomonas aeruginosa ST299 collected from the water network of the medical ICU department not applicable not applicable -	['Engineered', 'Infection']	['Industrial', 'Medical environment']	SRP483327	Evolution of Pseudomonas aeruginosa ST299 in hospital water systems	SRX23172669	WGS of waterborne isolates of ST299 Peudomonas aeruginosa collected from the water network of the medical ICU	WGS of waterborne isolates of ST299 Peudomonas aeruginosa collected from the water network of the medical ICU	287	Pseudomonas aeruginosa	TXA13	WGS	GENOMIC	RANDOM	PAIRED	SRS20121987	-	SAMN39414485	PRJNA1064007	NextSeq 500	NextSeq 500	ILLUMINA	1528692	147838102	1528692	346235440	TXA13_S43_R1.flt.fastq	SRR27501784.lite	90494880	2024-01-18 09:16:37	16581d86a87e27b259e9106ef2bf1597	1	SRA Lite	Primary ETL	1	s3://sra-pub-zq-7/SRR27501784/SRR27501784.lite.1	s3.us-east-1	aws identity	https://sra-downloadb.be-md.ncbi.nlm.nih.gov/sos9/sra-pub-zq-922/SRR027/27501/SRR27501784/SRR27501784.lite.1	https://sra-downloadb.be-md.ncbi.nlm.nih.gov/sos9/sra-pub-zq-922/SRR027/27501/SRR27501784/SRR27501784.lite.1	worldwide	anonymous	gs://sra-pub-zq-104/SRR27501784/SRR27501784.lite.1	gs.us-east1	gcp identity	-	Pseudomonas aeruginosa TXA13	-	Microbial ecology laboratory (CHU Montpellier)	2017-06-02	France: Montpellier	waterborne isolate of Pseudomonas aeruginosa ST299 collected from the water network of the medical ICU department	-	-	-	-	not collected	-	-	Pathogen.env	ST299	not applicable	not applicable	not applicable	not applicable	-	-	-	-	-	-	-	-	-	-	-	-	-	-	-	-	-	-	-	-	ftp.sra.ebi.ac.uk/vol1/fastq/SRR275/084/SRR27501784/SRR27501784_1.fastq.gz	http://ftp.sra.ebi.ac.uk/vol1/fastq/SRR275/084/SRR27501784/SRR27501784_2.fastq.gz	-	era-fasp@fasp.sra.ebi.ac.uk:vol1/fastq/SRR275/084/SRR27501784/SRR27501784_1.fastq.gz	era-fasp@fasp.sra.ebi.ac.uk:vol1/fastq/SRR275/084/SRR27501784/SRR27501784_2.fastq.gz	
SRR27501784	evidence/RA_6.html	RA	PA1101	1,767	T→C	100%	V289V (GTT→GTC)	fliF →	flagellar MS‑ring protein	226	140	1	 waterborne isolate of Pseudomonas aeruginosa ST299 collected from the water network of the medical ICU department not applicable not applicable -	['Engineered', 'Infection']	['Industrial', 'Medical environment']	SRP483327	Evolution of Pseudomonas aeruginosa ST299 in hospital water systems	SRX23172669	WGS of waterborne isolates of ST299 Peudomonas aeruginosa collected from the water network of the medical ICU	WGS of waterborne isolates of ST299 Peudomonas aeruginosa collected from the water network of the medical ICU	287	Pseudomonas aeruginosa	TXA13	WGS	GENOMIC	RANDOM	PAIRED	SRS20121987	-	SAMN39414485	PRJNA1064007	NextSeq 500	NextSeq 500	ILLUMINA	1528692	147838102	1528692	346235440	TXA13_S43_R1.flt.fastq	SRR27501784.lite	90494880	2024-01-18 09:16:37	16581d86a87e27b259e9106ef2bf1597	1	SRA Lite	Primary ETL	1	s3://sra-pub-zq-7/SRR27501784/SRR27501784.lite.1	s3.us-east-1	aws identity	https://sra-downloadb.be-md.ncbi.nlm.nih.gov/sos9/sra-pub-zq-922/SRR027/27501/SRR27501784/SRR27501784.lite.1	https://sra-downloadb.be-md.ncbi.nlm.nih.gov/sos9/sra-pub-zq-922/SRR027/27501/SRR27501784/SRR27501784.lite.1	worldwide	anonymous	gs://sra-pub-zq-104/SRR27501784/SRR27501784.lite.1	gs.us-east1	gcp identity	-	Pseudomonas aeruginosa TXA13	-	Microbial ecology laboratory (CHU Montpellier)	2017-06-02	France: Montpellier	waterborne isolate of Pseudomonas aeruginosa ST299 collected from the water network of the medical ICU department	-	-	-	-	not collected	-	-	Pathogen.env	ST299	not applicable	not applicable	not applicable	not applicable	-	-	-	-	-	-	-	-	-	-	-	-	-	-	-	-	-	-	-	-	ftp.sra.ebi.ac.uk/vol1/fastq/SRR275/084/SRR27501784/SRR27501784_1.fastq.gz	http://ftp.sra.ebi.ac.uk/vol1/fastq/SRR275/084/SRR27501784/SRR27501784_2.fastq.gz	-	era-fasp@fasp.sra.ebi.ac.uk:vol1/fastq/SRR275/084/SRR27501784/SRR27501784_1.fastq.gz	era-fasp@fasp.sra.ebi.ac.uk:vol1/fastq/SRR275/084/SRR27501784/SRR27501784_2.fastq.gz	
SRR27501784	evidence/RA_7.html	RA	PA1101	1,869	C→G	100%	G323G (GGC→GGG)	fliF →	flagellar MS‑ring protein	226	140	1	 waterborne isolate of Pseudomonas aeruginosa ST299 collected from the water network of the medical ICU department not applicable not applicable -	['Engineered', 'Infection']	['Industrial', 'Medical environment']	SRP483327	Evolution of Pseudomonas aeruginosa ST299 in hospital water systems	SRX23172669	WGS of waterborne isolates of ST299 Peudomonas aeruginosa collected from the water network of the medical ICU	WGS of waterborne isolates of ST299 Peudomonas aeruginosa collected from the water network of the medical ICU	287	Pseudomonas aeruginosa	TXA13	WGS	GENOMIC	RANDOM	PAIRED	SRS20121987	-	SAMN39414485	PRJNA1064007	NextSeq 500	NextSeq 500	ILLUMINA	1528692	147838102	1528692	346235440	TXA13_S43_R1.flt.fastq	SRR27501784.lite	90494880	2024-01-18 09:16:37	16581d86a87e27b259e9106ef2bf1597	1	SRA Lite	Primary ETL	1	s3://sra-pub-zq-7/SRR27501784/SRR27501784.lite.1	s3.us-east-1	aws identity	https://sra-downloadb.be-md.ncbi.nlm.nih.gov/sos9/sra-pub-zq-922/SRR027/27501/SRR27501784/SRR27501784.lite.1	https://sra-downloadb.be-md.ncbi.nlm.nih.gov/sos9/sra-pub-zq-922/SRR027/27501/SRR27501784/SRR27501784.lite.1	worldwide	anonymous	gs://sra-pub-zq-104/SRR27501784/SRR27501784.lite.1	gs.us-east1	gcp identity	-	Pseudomonas aeruginosa TXA13	-	Microbial ecology laboratory (CHU Montpellier)	2017-06-02	France: Montpellier	waterborne isolate of Pseudomonas aeruginosa ST299 collected from the water network of the medical ICU department	-	-	-	-	not collected	-	-	Pathogen.env	ST299	not applicable	not applicable	not applicable	not applicable	-	-	-	-	-	-	-	-	-	-	-	-	-	-	-	-	-	-	-	-	ftp.sra.ebi.ac.uk/vol1/fastq/SRR275/084/SRR27501784/SRR27501784_1.fastq.gz	http://ftp.sra.ebi.ac.uk/vol1/fastq/SRR275/084/SRR27501784/SRR27501784_2.fastq.gz	-	era-fasp@fasp.sra.ebi.ac.uk:vol1/fastq/SRR275/084/SRR27501784/SRR27501784_1.fastq.gz	era-fasp@fasp.sra.ebi.ac.uk:vol1/fastq/SRR275/084/SRR27501784/SRR27501784_2.fastq.gz	
SRR27501784	evidence/RA_8.html	RA	PA1101	1,905	C→G	100%	P335P (CCC→CCG)	fliF →	flagellar MS‑ring protein	226	140	1	 waterborne isolate of Pseudomonas aeruginosa ST299 collected from the water network of the medical ICU department not applicable not applicable -	['Engineered', 'Infection']	['Industrial', 'Medical environment']	SRP483327	Evolution of Pseudomonas aeruginosa ST299 in hospital water systems	SRX23172669	WGS of waterborne isolates of ST299 Peudomonas aeruginosa collected from the water network of the medical ICU	WGS of waterborne isolates of ST299 Peudomonas aeruginosa collected from the water network of the medical ICU	287	Pseudomonas aeruginosa	TXA13	WGS	GENOMIC	RANDOM	PAIRED	SRS20121987	-	SAMN39414485	PRJNA1064007	NextSeq 500	NextSeq 500	ILLUMINA	1528692	147838102	1528692	346235440	TXA13_S43_R1.flt.fastq	SRR27501784.lite	90494880	2024-01-18 09:16:37	16581d86a87e27b259e9106ef2bf1597	1	SRA Lite	Primary ETL	1	s3://sra-pub-zq-7/SRR27501784/SRR27501784.lite.1	s3.us-east-1	aws identity	https://sra-downloadb.be-md.ncbi.nlm.nih.gov/sos9/sra-pub-zq-922/SRR027/27501/SRR27501784/SRR27501784.lite.1	https://sra-downloadb.be-md.ncbi.nlm.nih.gov/sos9/sra-pub-zq-922/SRR027/27501/SRR27501784/SRR27501784.lite.1	worldwide	anonymous	gs://sra-pub-zq-104/SRR27501784/SRR27501784.lite.1	gs.us-east1	gcp identity	-	Pseudomonas aeruginosa TXA13	-	Microbial ecology laboratory (CHU Montpellier)	2017-06-02	France: Montpellier	waterborne isolate of Pseudomonas aeruginosa ST299 collected from the water network of the medical ICU department	-	-	-	-	not collected	-	-	Pathogen.env	ST299	not applicable	not applicable	not applicable	not applicable	-	-	-	-	-	-	-	-	-	-	-	-	-	-	-	-	-	-	-	-	ftp.sra.ebi.ac.uk/vol1/fastq/SRR275/084/SRR27501784/SRR27501784_1.fastq.gz	http://ftp.sra.ebi.ac.uk/vol1/fastq/SRR275/084/SRR27501784/SRR27501784_2.fastq.gz	-	era-fasp@fasp.sra.ebi.ac.uk:vol1/fastq/SRR275/084/SRR27501784/SRR27501784_1.fastq.gz	era-fasp@fasp.sra.ebi.ac.uk:vol1/fastq/SRR275/084/SRR27501784/SRR27501784_2.fastq.gz	
SRR27501784	evidence/RA_9.html	RA	PA1101	1,923	G→T	100%	A341A (GCG→GCT)	fliF →	flagellar MS‑ring protein	226	140	1	 waterborne isolate of Pseudomonas aeruginosa ST299 collected from the water network of the medical ICU department not applicable not applicable -	['Engineered', 'Infection']	['Industrial', 'Medical environment']	SRP483327	Evolution of Pseudomonas aeruginosa ST299 in hospital water systems	SRX23172669	WGS of waterborne isolates of ST299 Peudomonas aeruginosa collected from the water network of the medical ICU	WGS of waterborne isolates of ST299 Peudomonas aeruginosa collected from the water network of the medical ICU	287	Pseudomonas aeruginosa	TXA13	WGS	GENOMIC	RANDOM	PAIRED	SRS20121987	-	SAMN39414485	PRJNA1064007	NextSeq 500	NextSeq 500	ILLUMINA	1528692	147838102	1528692	346235440	TXA13_S43_R1.flt.fastq	SRR27501784.lite	90494880	2024-01-18 09:16:37	16581d86a87e27b259e9106ef2bf1597	1	SRA Lite	Primary ETL	1	s3://sra-pub-zq-7/SRR27501784/SRR27501784.lite.1	s3.us-east-1	aws identity	https://sra-downloadb.be-md.ncbi.nlm.nih.gov/sos9/sra-pub-zq-922/SRR027/27501/SRR27501784/SRR27501784.lite.1	https://sra-downloadb.be-md.ncbi.nlm.nih.gov/sos9/sra-pub-zq-922/SRR027/27501/SRR27501784/SRR27501784.lite.1	worldwide	anonymous	gs://sra-pub-zq-104/SRR27501784/SRR27501784.lite.1	gs.us-east1	gcp identity	-	Pseudomonas aeruginosa TXA13	-	Microbial ecology laboratory (CHU Montpellier)	2017-06-02	France: Montpellier	waterborne isolate of Pseudomonas aeruginosa ST299 collected from the water network of the medical ICU department	-	-	-	-	not collected	-	-	Pathogen.env	ST299	not applicable	not applicable	not applicable	not applicable	-	-	-	-	-	-	-	-	-	-	-	-	-	-	-	-	-	-	-	-	ftp.sra.ebi.ac.uk/vol1/fastq/SRR275/084/SRR27501784/SRR27501784_1.fastq.gz	http://ftp.sra.ebi.ac.uk/vol1/fastq/SRR275/084/SRR27501784/SRR27501784_2.fastq.gz	-	era-fasp@fasp.sra.ebi.ac.uk:vol1/fastq/SRR275/084/SRR27501784/SRR27501784_1.fastq.gz	era-fasp@fasp.sra.ebi.ac.uk:vol1/fastq/SRR275/084/SRR27501784/SRR27501784_2.fastq.gz	
SRR27501784	evidence/RA_10.html	RA	PA1101	2,421	T→C	100%	G507G (GGT→GGC)	fliF →	flagellar MS‑ring protein	226	140	1	 waterborne isolate of Pseudomonas aeruginosa ST299 collected from the water network of the medical ICU department not applicable not applicable -	['Engineered', 'Infection']	['Industrial', 'Medical environment']	SRP483327	Evolution of Pseudomonas aeruginosa ST299 in hospital water systems	SRX23172669	WGS of waterborne isolates of ST299 Peudomonas aeruginosa collected from the water network of the medical ICU	WGS of waterborne isolates of ST299 Peudomonas aeruginosa collected from the water network of the medical ICU	287	Pseudomonas aeruginosa	TXA13	WGS	GENOMIC	RANDOM	PAIRED	SRS20121987	-	SAMN39414485	PRJNA1064007	NextSeq 500	NextSeq 500	ILLUMINA	1528692	147838102	1528692	346235440	TXA13_S43_R1.flt.fastq	SRR27501784.lite	90494880	2024-01-18 09:16:37	16581d86a87e27b259e9106ef2bf1597	1	SRA Lite	Primary ETL	1	s3://sra-pub-zq-7/SRR27501784/SRR27501784.lite.1	s3.us-east-1	aws identity	https://sra-downloadb.be-md.ncbi.nlm.nih.gov/sos9/sra-pub-zq-922/SRR027/27501/SRR27501784/SRR27501784.lite.1	https://sra-downloadb.be-md.ncbi.nlm.nih.gov/sos9/sra-pub-zq-922/SRR027/27501/SRR27501784/SRR27501784.lite.1	worldwide	anonymous	gs://sra-pub-zq-104/SRR27501784/SRR27501784.lite.1	gs.us-east1	gcp identity	-	Pseudomonas aeruginosa TXA13	-	Microbial ecology laboratory (CHU Montpellier)	2017-06-02	France: Montpellier	waterborne isolate of Pseudomonas aeruginosa ST299 collected from the water network of the medical ICU department	-	-	-	-	not collected	-	-	Pathogen.env	ST299	not applicable	not applicable	not applicable	not applicable	-	-	-	-	-	-	-	-	-	-	-	-	-	-	-	-	-	-	-	-	ftp.sra.ebi.ac.uk/vol1/fastq/SRR275/084/SRR27501784/SRR27501784_1.fastq.gz	http://ftp.sra.ebi.ac.uk/vol1/fastq/SRR275/084/SRR27501784/SRR27501784_2.fastq.gz	-	era-fasp@fasp.sra.ebi.ac.uk:vol1/fastq/SRR275/084/SRR27501784/SRR27501784_1.fastq.gz	era-fasp@fasp.sra.ebi.ac.uk:vol1/fastq/SRR275/084/SRR27501784/SRR27501784_2.fastq.gz	
SRR27501784	evidence/RA_11.html	RA	PA1101	2,437	C→T	100%	L513L (CTG→TTG)	fliF →	flagellar MS‑ring protein	226	140	1	 waterborne isolate of Pseudomonas aeruginosa ST299 collected from the water network of the medical ICU department not applicable not applicable -	['Engineered', 'Infection']	['Industrial', 'Medical environment']	SRP483327	Evolution of Pseudomonas aeruginosa ST299 in hospital water systems	SRX23172669	WGS of waterborne isolates of ST299 Peudomonas aeruginosa collected from the water network of the medical ICU	WGS of waterborne isolates of ST299 Peudomonas aeruginosa collected from the water network of the medical ICU	287	Pseudomonas aeruginosa	TXA13	WGS	GENOMIC	RANDOM	PAIRED	SRS20121987	-	SAMN39414485	PRJNA1064007	NextSeq 500	NextSeq 500	ILLUMINA	1528692	147838102	1528692	346235440	TXA13_S43_R1.flt.fastq	SRR27501784.lite	90494880	2024-01-18 09:16:37	16581d86a87e27b259e9106ef2bf1597	1	SRA Lite	Primary ETL	1	s3://sra-pub-zq-7/SRR27501784/SRR27501784.lite.1	s3.us-east-1	aws identity	https://sra-downloadb.be-md.ncbi.nlm.nih.gov/sos9/sra-pub-zq-922/SRR027/27501/SRR27501784/SRR27501784.lite.1	https://sra-downloadb.be-md.ncbi.nlm.nih.gov/sos9/sra-pub-zq-922/SRR027/27501/SRR27501784/SRR27501784.lite.1	worldwide	anonymous	gs://sra-pub-zq-104/SRR27501784/SRR27501784.lite.1	gs.us-east1	gcp identity	-	Pseudomonas aeruginosa TXA13	-	Microbial ecology laboratory (CHU Montpellier)	2017-06-02	France: Montpellier	waterborne isolate of Pseudomonas aeruginosa ST299 collected from the water network of the medical ICU department	-	-	-	-	not collected	-	-	Pathogen.env	ST299	not applicable	not applicable	not applicable	not applicable	-	-	-	-	-	-	-	-	-	-	-	-	-	-	-	-	-	-	-	-	ftp.sra.ebi.ac.uk/vol1/fastq/SRR275/084/SRR27501784/SRR27501784_1.fastq.gz	http://ftp.sra.ebi.ac.uk/vol1/fastq/SRR275/084/SRR27501784/SRR27501784_2.fastq.gz	-	era-fasp@fasp.sra.ebi.ac.uk:vol1/fastq/SRR275/084/SRR27501784/SRR27501784_1.fastq.gz	era-fasp@fasp.sra.ebi.ac.uk:vol1/fastq/SRR275/084/SRR27501784/SRR27501784_2.fastq.gz	
SRR27501784	evidence/RA_12.html	RA	PA1101	2,699	C→T	100%	intergenic (+2/–)	fliF → / –	flagellar MS‑ring protein/–	226	140	1	 waterborne isolate of Pseudomonas aeruginosa ST299 collected from the water network of the medical ICU department not applicable not applicable -	['Engineered', 'Infection']	['Industrial', 'Medical environment']	SRP483327	Evolution of Pseudomonas aeruginosa ST299 in hospital water systems	SRX23172669	WGS of waterborne isolates of ST299 Peudomonas aeruginosa collected from the water network of the medical ICU	WGS of waterborne isolates of ST299 Peudomonas aeruginosa collected from the water network of the medical ICU	287	Pseudomonas aeruginosa	TXA13	WGS	GENOMIC	RANDOM	PAIRED	SRS20121987	-	SAMN39414485	PRJNA1064007	NextSeq 500	NextSeq 500	ILLUMINA	1528692	147838102	1528692	346235440	TXA13_S43_R1.flt.fastq	SRR27501784.lite	90494880	2024-01-18 09:16:37	16581d86a87e27b259e9106ef2bf1597	1	SRA Lite	Primary ETL	1	s3://sra-pub-zq-7/SRR27501784/SRR27501784.lite.1	s3.us-east-1	aws identity	https://sra-downloadb.be-md.ncbi.nlm.nih.gov/sos9/sra-pub-zq-922/SRR027/27501/SRR27501784/SRR27501784.lite.1	https://sra-downloadb.be-md.ncbi.nlm.nih.gov/sos9/sra-pub-zq-922/SRR027/27501/SRR27501784/SRR27501784.lite.1	worldwide	anonymous	gs://sra-pub-zq-104/SRR27501784/SRR27501784.lite.1	gs.us-east1	gcp identity	-	Pseudomonas aeruginosa TXA13	-	Microbial ecology laboratory (CHU Montpellier)	2017-06-02	France: Montpellier	waterborne isolate of Pseudomonas aeruginosa ST299 collected from the water network of the medical ICU department	-	-	-	-	not collected	-	-	Pathogen.env	ST299	not applicable	not applicable	not applicable	not applicable	-	-	-	-	-	-	-	-	-	-	-	-	-	-	-	-	-	-	-	-	ftp.sra.ebi.ac.uk/vol1/fastq/SRR275/084/SRR27501784/SRR27501784_1.fastq.gz	http://ftp.sra.ebi.ac.uk/vol1/fastq/SRR275/084/SRR27501784/SRR27501784_2.fastq.gz	-	era-fasp@fasp.sra.ebi.ac.uk:vol1/fastq/SRR275/084/SRR27501784/SRR27501784_1.fastq.gz	era-fasp@fasp.sra.ebi.ac.uk:vol1/fastq/SRR275/084/SRR27501784/SRR27501784_2.fastq.gz	
SRR27501784	evidence/RA_13.html	RA	PA1101	2,810	A→G	100%	intergenic (+113/–)	fliF → / –	flagellar MS‑ring protein/–	226	140	1	 waterborne isolate of Pseudomonas aeruginosa ST299 collected from the water network of the medical ICU department not applicable not applicable -	['Engineered', 'Infection']	['Industrial', 'Medical environment']	SRP483327	Evolution of Pseudomonas aeruginosa ST299 in hospital water systems	SRX23172669	WGS of waterborne isolates of ST299 Peudomonas aeruginosa collected from the water network of the medical ICU	WGS of waterborne isolates of ST299 Peudomonas aeruginosa collected from the water network of the medical ICU	287	Pseudomonas aeruginosa	TXA13	WGS	GENOMIC	RANDOM	PAIRED	SRS20121987	-	SAMN39414485	PRJNA1064007	NextSeq 500	NextSeq 500	ILLUMINA	1528692	147838102	1528692	346235440	TXA13_S43_R1.flt.fastq	SRR27501784.lite	90494880	2024-01-18 09:16:37	16581d86a87e27b259e9106ef2bf1597	1	SRA Lite	Primary ETL	1	s3://sra-pub-zq-7/SRR27501784/SRR27501784.lite.1	s3.us-east-1	aws identity	https://sra-downloadb.be-md.ncbi.nlm.nih.gov/sos9/sra-pub-zq-922/SRR027/27501/SRR27501784/SRR27501784.lite.1	https://sra-downloadb.be-md.ncbi.nlm.nih.gov/sos9/sra-pub-zq-922/SRR027/27501/SRR27501784/SRR27501784.lite.1	worldwide	anonymous	gs://sra-pub-zq-104/SRR27501784/SRR27501784.lite.1	gs.us-east1	gcp identity	-	Pseudomonas aeruginosa TXA13	-	Microbial ecology laboratory (CHU Montpellier)	2017-06-02	France: Montpellier	waterborne isolate of Pseudomonas aeruginosa ST299 collected from the water network of the medical ICU department	-	-	-	-	not collected	-	-	Pathogen.env	ST299	not applicable	not applicable	not applicable	not applicable	-	-	-	-	-	-	-	-	-	-	-	-	-	-	-	-	-	-	-	-	ftp.sra.ebi.ac.uk/vol1/fastq/SRR275/084/SRR27501784/SRR27501784_1.fastq.gz	http://ftp.sra.ebi.ac.uk/vol1/fastq/SRR275/084/SRR27501784/SRR27501784_2.fastq.gz	-	era-fasp@fasp.sra.ebi.ac.uk:vol1/fastq/SRR275/084/SRR27501784/SRR27501784_1.fastq.gz	era-fasp@fasp.sra.ebi.ac.uk:vol1/fastq/SRR275/084/SRR27501784/SRR27501784_2.fastq.gz	
SRR27501784	evidence/RA_14.html	RA	PA1101	2,864	T→C	100%	intergenic (+167/–)	fliF → / –	flagellar MS‑ring protein/–	226	140	1	 waterborne isolate of Pseudomonas aeruginosa ST299 collected from the water network of the medical ICU department not applicable not applicable -	['Engineered', 'Infection']	['Industrial', 'Medical environment']	SRP483327	Evolution of Pseudomonas aeruginosa ST299 in hospital water systems	SRX23172669	WGS of waterborne isolates of ST299 Peudomonas aeruginosa collected from the water network of the medical ICU	WGS of waterborne isolates of ST299 Peudomonas aeruginosa collected from the water network of the medical ICU	287	Pseudomonas aeruginosa	TXA13	WGS	GENOMIC	RANDOM	PAIRED	SRS20121987	-	SAMN39414485	PRJNA1064007	NextSeq 500	NextSeq 500	ILLUMINA	1528692	147838102	1528692	346235440	TXA13_S43_R1.flt.fastq	SRR27501784.lite	90494880	2024-01-18 09:16:37	16581d86a87e27b259e9106ef2bf1597	1	SRA Lite	Primary ETL	1	s3://sra-pub-zq-7/SRR27501784/SRR27501784.lite.1	s3.us-east-1	aws identity	https://sra-downloadb.be-md.ncbi.nlm.nih.gov/sos9/sra-pub-zq-922/SRR027/27501/SRR27501784/SRR27501784.lite.1	https://sra-downloadb.be-md.ncbi.nlm.nih.gov/sos9/sra-pub-zq-922/SRR027/27501/SRR27501784/SRR27501784.lite.1	worldwide	anonymous	gs://sra-pub-zq-104/SRR27501784/SRR27501784.lite.1	gs.us-east1	gcp identity	-	Pseudomonas aeruginosa TXA13	-	Microbial ecology laboratory (CHU Montpellier)	2017-06-02	France: Montpellier	waterborne isolate of Pseudomonas aeruginosa ST299 collected from the water network of the medical ICU department	-	-	-	-	not collected	-	-	Pathogen.env	ST299	not applicable	not applicable	not applicable	not applicable	-	-	-	-	-	-	-	-	-	-	-	-	-	-	-	-	-	-	-	-	ftp.sra.ebi.ac.uk/vol1/fastq/SRR275/084/SRR27501784/SRR27501784_1.fastq.gz	http://ftp.sra.ebi.ac.uk/vol1/fastq/SRR275/084/SRR27501784/SRR27501784_2.fastq.gz	-	era-fasp@fasp.sra.ebi.ac.uk:vol1/fastq/SRR275/084/SRR27501784/SRR27501784_1.fastq.gz	era-fasp@fasp.sra.ebi.ac.uk:vol1/fastq/SRR275/084/SRR27501784/SRR27501784_2.fastq.gz	
SRR27501784	evidence/RA_15.html	RA	PA1434	581	A→T	100%	intergenic (–/‑320)	– / → N_A	–/hypothetical protein	226	140	1	 waterborne isolate of Pseudomonas aeruginosa ST299 collected from the water network of the medical ICU department not applicable not applicable -	['Engineered', 'Infection']	['Industrial', 'Medical environment']	SRP483327	Evolution of Pseudomonas aeruginosa ST299 in hospital water systems	SRX23172669	WGS of waterborne isolates of ST299 Peudomonas aeruginosa collected from the water network of the medical ICU	WGS of waterborne isolates of ST299 Peudomonas aeruginosa collected from the water network of the medical ICU	287	Pseudomonas aeruginosa	TXA13	WGS	GENOMIC	RANDOM	PAIRED	SRS20121987	-	SAMN39414485	PRJNA1064007	NextSeq 500	NextSeq 500	ILLUMINA	1528692	147838102	1528692	346235440	TXA13_S43_R1.flt.fastq	SRR27501784.lite	90494880	2024-01-18 09:16:37	16581d86a87e27b259e9106ef2bf1597	1	SRA Lite	Primary ETL	1	s3://sra-pub-zq-7/SRR27501784/SRR27501784.lite.1	s3.us-east-1	aws identity	https://sra-downloadb.be-md.ncbi.nlm.nih.gov/sos9/sra-pub-zq-922/SRR027/27501/SRR27501784/SRR27501784.lite.1	https://sra-downloadb.be-md.ncbi.nlm.nih.gov/sos9/sra-pub-zq-922/SRR027/27501/SRR27501784/SRR27501784.lite.1	worldwide	anonymous	gs://sra-pub-zq-104/SRR27501784/SRR27501784.lite.1	gs.us-east1	gcp identity	-	Pseudomonas aeruginosa TXA13	-	Microbial ecology laboratory (CHU Montpellier)	2017-06-02	France: Montpellier	waterborne isolate of Pseudomonas aeruginosa ST299 collected from the water network of the medical ICU department	-	-	-	-	not collected	-	-	Pathogen.env	ST299	not applicable	not applicable	not applicable	not applicable	-	-	-	-	-	-	-	-	-	-	-	-	-	-	-	-	-	-	-	-	ftp.sra.ebi.ac.uk/vol1/fastq/SRR275/084/SRR27501784/SRR27501784_1.fastq.gz	http://ftp.sra.ebi.ac.uk/vol1/fastq/SRR275/084/SRR27501784/SRR27501784_2.fastq.gz	-	era-fasp@fasp.sra.ebi.ac.uk:vol1/fastq/SRR275/084/SRR27501784/SRR27501784_1.fastq.gz	era-fasp@fasp.sra.ebi.ac.uk:vol1/fastq/SRR275/084/SRR27501784/SRR27501784_2.fastq.gz	
SRR27501784	evidence/RA_16.html	RA	PA1434	2,292	T→C	100%	intergenic (+678/–)	N_A → / –	hypothetical protein/–	226	140	1	 waterborne isolate of Pseudomonas aeruginosa ST299 collected from the water network of the medical ICU department not applicable not applicable -	['Engineered', 'Infection']	['Industrial', 'Medical environment']	SRP483327	Evolution of Pseudomonas aeruginosa ST299 in hospital water systems	SRX23172669	WGS of waterborne isolates of ST299 Peudomonas aeruginosa collected from the water network of the medical ICU	WGS of waterborne isolates of ST299 Peudomonas aeruginosa collected from the water network of the medical ICU	287	Pseudomonas aeruginosa	TXA13	WGS	GENOMIC	RANDOM	PAIRED	SRS20121987	-	SAMN39414485	PRJNA1064007	NextSeq 500	NextSeq 500	ILLUMINA	1528692	147838102	1528692	346235440	TXA13_S43_R1.flt.fastq	SRR27501784.lite	90494880	2024-01-18 09:16:37	16581d86a87e27b259e9106ef2bf1597	1	SRA Lite	Primary ETL	1	s3://sra-pub-zq-7/SRR27501784/SRR27501784.lite.1	s3.us-east-1	aws identity	https://sra-downloadb.be-md.ncbi.nlm.nih.gov/sos9/sra-pub-zq-922/SRR027/27501/SRR27501784/SRR27501784.lite.1	https://sra-downloadb.be-md.ncbi.nlm.nih.gov/sos9/sra-pub-zq-922/SRR027/27501/SRR27501784/SRR27501784.lite.1	worldwide	anonymous	gs://sra-pub-zq-104/SRR27501784/SRR27501784.lite.1	gs.us-east1	gcp identity	-	Pseudomonas aeruginosa TXA13	-	Microbial ecology laboratory (CHU Montpellier)	2017-06-02	France: Montpellier	waterborne isolate of Pseudomonas aeruginosa ST299 collected from the water network of the medical ICU department	-	-	-	-	not collected	-	-	Pathogen.env	ST299	not applicable	not applicable	not applicable	not applicable	-	-	-	-	-	-	-	-	-	-	-	-	-	-	-	-	-	-	-	-	ftp.sra.ebi.ac.uk/vol1/fastq/SRR275/084/SRR27501784/SRR27501784_1.fastq.gz	http://ftp.sra.ebi.ac.uk/vol1/fastq/SRR275/084/SRR27501784/SRR27501784_2.fastq.gz	-	era-fasp@fasp.sra.ebi.ac.uk:vol1/fastq/SRR275/084/SRR27501784/SRR27501784_1.fastq.gz	era-fasp@fasp.sra.ebi.ac.uk:vol1/fastq/SRR275/084/SRR27501784/SRR27501784_2.fastq.gz	
SRR27501784	evidence/MC_PLOT_120.html	MC	PA3146	1	Δ2,751 bp	100%		wbpK	wbpK	226	140	1	 waterborne isolate of Pseudomonas aeruginosa ST299 collected from the water network of the medical ICU department not applicable not applicable -	['Engineered', 'Infection']	['Industrial', 'Medical environment']	SRP483327	Evolution of Pseudomonas aeruginosa ST299 in hospital water systems	SRX23172669	WGS of waterborne isolates of ST299 Peudomonas aeruginosa collected from the water network of the medical ICU	WGS of waterborne isolates of ST299 Peudomonas aeruginosa collected from the water network of the medical ICU	287	Pseudomonas aeruginosa	TXA13	WGS	GENOMIC	RANDOM	PAIRED	SRS20121987	-	SAMN39414485	PRJNA1064007	NextSeq 500	NextSeq 500	ILLUMINA	1528692	147838102	1528692	346235440	TXA13_S43_R1.flt.fastq	SRR27501784.lite	90494880	2024-01-18 09:16:37	16581d86a87e27b259e9106ef2bf1597	1	SRA Lite	Primary ETL	1	s3://sra-pub-zq-7/SRR27501784/SRR27501784.lite.1	s3.us-east-1	aws identity	https://sra-downloadb.be-md.ncbi.nlm.nih.gov/sos9/sra-pub-zq-922/SRR027/27501/SRR27501784/SRR27501784.lite.1	https://sra-downloadb.be-md.ncbi.nlm.nih.gov/sos9/sra-pub-zq-922/SRR027/27501/SRR27501784/SRR27501784.lite.1	worldwide	anonymous	gs://sra-pub-zq-104/SRR27501784/SRR27501784.lite.1	gs.us-east1	gcp identity	-	Pseudomonas aeruginosa TXA13	-	Microbial ecology laboratory (CHU Montpellier)	2017-06-02	France: Montpellier	waterborne isolate of Pseudomonas aeruginosa ST299 collected from the water network of the medical ICU department	-	-	-	-	not collected	-	-	Pathogen.env	ST299	not applicable	not applicable	not applicable	not applicable	-	-	-	-	-	-	-	-	-	-	-	-	-	-	-	-	-	-	-	-	ftp.sra.ebi.ac.uk/vol1/fastq/SRR275/084/SRR27501784/SRR27501784_1.fastq.gz	http://ftp.sra.ebi.ac.uk/vol1/fastq/SRR275/084/SRR27501784/SRR27501784_2.fastq.gz	-	era-fasp@fasp.sra.ebi.ac.uk:vol1/fastq/SRR275/084/SRR27501784/SRR27501784_1.fastq.gz	era-fasp@fasp.sra.ebi.ac.uk:vol1/fastq/SRR275/084/SRR27501784/SRR27501784_2.fastq.gz	
SRR27501784	evidence/MC_PLOT_121.html	MC	PA3147	1	Δ3,042 bp	100%		wbpJ	wbpJ	226	140	1	 waterborne isolate of Pseudomonas aeruginosa ST299 collected from the water network of the medical ICU department not applicable not applicable -	['Engineered', 'Infection']	['Industrial', 'Medical environment']	SRP483327	Evolution of Pseudomonas aeruginosa ST299 in hospital water systems	SRX23172669	WGS of waterborne isolates of ST299 Peudomonas aeruginosa collected from the water network of the medical ICU	WGS of waterborne isolates of ST299 Peudomonas aeruginosa collected from the water network of the medical ICU	287	Pseudomonas aeruginosa	TXA13	WGS	GENOMIC	RANDOM	PAIRED	SRS20121987	-	SAMN39414485	PRJNA1064007	NextSeq 500	NextSeq 500	ILLUMINA	1528692	147838102	1528692	346235440	TXA13_S43_R1.flt.fastq	SRR27501784.lite	90494880	2024-01-18 09:16:37	16581d86a87e27b259e9106ef2bf1597	1	SRA Lite	Primary ETL	1	s3://sra-pub-zq-7/SRR27501784/SRR27501784.lite.1	s3.us-east-1	aws identity	https://sra-downloadb.be-md.ncbi.nlm.nih.gov/sos9/sra-pub-zq-922/SRR027/27501/SRR27501784/SRR27501784.lite.1	https://sra-downloadb.be-md.ncbi.nlm.nih.gov/sos9/sra-pub-zq-922/SRR027/27501/SRR27501784/SRR27501784.lite.1	worldwide	anonymous	gs://sra-pub-zq-104/SRR27501784/SRR27501784.lite.1	gs.us-east1	gcp identity	-	Pseudomonas aeruginosa TXA13	-	Microbial ecology laboratory (CHU Montpellier)	2017-06-02	France: Montpellier	waterborne isolate of Pseudomonas aeruginosa ST299 collected from the water network of the medical ICU department	-	-	-	-	not collected	-	-	Pathogen.env	ST299	not applicable	not applicable	not applicable	not applicable	-	-	-	-	-	-	-	-	-	-	-	-	-	-	-	-	-	-	-	-	ftp.sra.ebi.ac.uk/vol1/fastq/SRR275/084/SRR27501784/SRR27501784_1.fastq.gz	http://ftp.sra.ebi.ac.uk/vol1/fastq/SRR275/084/SRR27501784/SRR27501784_2.fastq.gz	-	era-fasp@fasp.sra.ebi.ac.uk:vol1/fastq/SRR275/084/SRR27501784/SRR27501784_1.fastq.gz	era-fasp@fasp.sra.ebi.ac.uk:vol1/fastq/SRR275/084/SRR27501784/SRR27501784_2.fastq.gz	
SRR27501784	evidence/MC_PLOT_122.html	MC	PA3148	1	Δ2,865 bp	100%		wbpI	wbpI	226	140	1	 waterborne isolate of Pseudomonas aeruginosa ST299 collected from the water network of the medical ICU department not applicable not applicable -	['Engineered', 'Infection']	['Industrial', 'Medical environment']	SRP483327	Evolution of Pseudomonas aeruginosa ST299 in hospital water systems	SRX23172669	WGS of waterborne isolates of ST299 Peudomonas aeruginosa collected from the water network of the medical ICU	WGS of waterborne isolates of ST299 Peudomonas aeruginosa collected from the water network of the medical ICU	287	Pseudomonas aeruginosa	TXA13	WGS	GENOMIC	RANDOM	PAIRED	SRS20121987	-	SAMN39414485	PRJNA1064007	NextSeq 500	NextSeq 500	ILLUMINA	1528692	147838102	1528692	346235440	TXA13_S43_R1.flt.fastq	SRR27501784.lite	90494880	2024-01-18 09:16:37	16581d86a87e27b259e9106ef2bf1597	1	SRA Lite	Primary ETL	1	s3://sra-pub-zq-7/SRR27501784/SRR27501784.lite.1	s3.us-east-1	aws identity	https://sra-downloadb.be-md.ncbi.nlm.nih.gov/sos9/sra-pub-zq-922/SRR027/27501/SRR27501784/SRR27501784.lite.1	https://sra-downloadb.be-md.ncbi.nlm.nih.gov/sos9/sra-pub-zq-922/SRR027/27501/SRR27501784/SRR27501784.lite.1	worldwide	anonymous	gs://sra-pub-zq-104/SRR27501784/SRR27501784.lite.1	gs.us-east1	gcp identity	-	Pseudomonas aeruginosa TXA13	-	Microbial ecology laboratory (CHU Montpellier)	2017-06-02	France: Montpellier	waterborne isolate of Pseudomonas aeruginosa ST299 collected from the water network of the medical ICU department	-	-	-	-	not collected	-	-	Pathogen.env	ST299	not applicable	not applicable	not applicable	not applicable	-	-	-	-	-	-	-	-	-	-	-	-	-	-	-	-	-	-	-	-	ftp.sra.ebi.ac.uk/vol1/fastq/SRR275/084/SRR27501784/SRR27501784_1.fastq.gz	http://ftp.sra.ebi.ac.uk/vol1/fastq/SRR275/084/SRR27501784/SRR27501784_2.fastq.gz	-	era-fasp@fasp.sra.ebi.ac.uk:vol1/fastq/SRR275/084/SRR27501784/SRR27501784_1.fastq.gz	era-fasp@fasp.sra.ebi.ac.uk:vol1/fastq/SRR275/084/SRR27501784/SRR27501784_2.fastq.gz	
SRR27501784	evidence/MC_PLOT_123.html	MC	PA3159	1	Δ3,111 bp	100%		wbpA	wbpA	226	140	1	 waterborne isolate of Pseudomonas aeruginosa ST299 collected from the water network of the medical ICU department not applicable not applicable -	['Engineered', 'Infection']	['Industrial', 'Medical environment']	SRP483327	Evolution of Pseudomonas aeruginosa ST299 in hospital water systems	SRX23172669	WGS of waterborne isolates of ST299 Peudomonas aeruginosa collected from the water network of the medical ICU	WGS of waterborne isolates of ST299 Peudomonas aeruginosa collected from the water network of the medical ICU	287	Pseudomonas aeruginosa	TXA13	WGS	GENOMIC	RANDOM	PAIRED	SRS20121987	-	SAMN39414485	PRJNA1064007	NextSeq 500	NextSeq 500	ILLUMINA	1528692	147838102	1528692	346235440	TXA13_S43_R1.flt.fastq	SRR27501784.lite	90494880	2024-01-18 09:16:37	16581d86a87e27b259e9106ef2bf1597	1	SRA Lite	Primary ETL	1	s3://sra-pub-zq-7/SRR27501784/SRR27501784.lite.1	s3.us-east-1	aws identity	https://sra-downloadb.be-md.ncbi.nlm.nih.gov/sos9/sra-pub-zq-922/SRR027/27501/SRR27501784/SRR27501784.lite.1	https://sra-downloadb.be-md.ncbi.nlm.nih.gov/sos9/sra-pub-zq-922/SRR027/27501/SRR27501784/SRR27501784.lite.1	worldwide	anonymous	gs://sra-pub-zq-104/SRR27501784/SRR27501784.lite.1	gs.us-east1	gcp identity	-	Pseudomonas aeruginosa TXA13	-	Microbial ecology laboratory (CHU Montpellier)	2017-06-02	France: Montpellier	waterborne isolate of Pseudomonas aeruginosa ST299 collected from the water network of the medical ICU department	-	-	-	-	not collected	-	-	Pathogen.env	ST299	not applicable	not applicable	not applicable	not applicable	-	-	-	-	-	-	-	-	-	-	-	-	-	-	-	-	-	-	-	-	ftp.sra.ebi.ac.uk/vol1/fastq/SRR275/084/SRR27501784/SRR27501784_1.fastq.gz	http://ftp.sra.ebi.ac.uk/vol1/fastq/SRR275/084/SRR27501784/SRR27501784_2.fastq.gz	-	era-fasp@fasp.sra.ebi.ac.uk:vol1/fastq/SRR275/084/SRR27501784/SRR27501784_1.fastq.gz	era-fasp@fasp.sra.ebi.ac.uk:vol1/fastq/SRR275/084/SRR27501784/SRR27501784_2.fastq.gz	
SRR27501784	evidence/RA_21.html	RA	PA3177	264	G→T	100%	intergenic (–/‑637)	– / → N_A	–/hypothetical protein	226	140	1	 waterborne isolate of Pseudomonas aeruginosa ST299 collected from the water network of the medical ICU department not applicable not applicable -	['Engineered', 'Infection']	['Industrial', 'Medical environment']	SRP483327	Evolution of Pseudomonas aeruginosa ST299 in hospital water systems	SRX23172669	WGS of waterborne isolates of ST299 Peudomonas aeruginosa collected from the water network of the medical ICU	WGS of waterborne isolates of ST299 Peudomonas aeruginosa collected from the water network of the medical ICU	287	Pseudomonas aeruginosa	TXA13	WGS	GENOMIC	RANDOM	PAIRED	SRS20121987	-	SAMN39414485	PRJNA1064007	NextSeq 500	NextSeq 500	ILLUMINA	1528692	147838102	1528692	346235440	TXA13_S43_R1.flt.fastq	SRR27501784.lite	90494880	2024-01-18 09:16:37	16581d86a87e27b259e9106ef2bf1597	1	SRA Lite	Primary ETL	1	s3://sra-pub-zq-7/SRR27501784/SRR27501784.lite.1	s3.us-east-1	aws identity	https://sra-downloadb.be-md.ncbi.nlm.nih.gov/sos9/sra-pub-zq-922/SRR027/27501/SRR27501784/SRR27501784.lite.1	https://sra-downloadb.be-md.ncbi.nlm.nih.gov/sos9/sra-pub-zq-922/SRR027/27501/SRR27501784/SRR27501784.lite.1	worldwide	anonymous	gs://sra-pub-zq-104/SRR27501784/SRR27501784.lite.1	gs.us-east1	gcp identity	-	Pseudomonas aeruginosa TXA13	-	Microbial ecology laboratory (CHU Montpellier)	2017-06-02	France: Montpellier	waterborne isolate of Pseudomonas aeruginosa ST299 collected from the water network of the medical ICU department	-	-	-	-	not collected	-	-	Pathogen.env	ST299	not applicable	not applicable	not applicable	not applicable	-	-	-	-	-	-	-	-	-	-	-	-	-	-	-	-	-	-	-	-	ftp.sra.ebi.ac.uk/vol1/fastq/SRR275/084/SRR27501784/SRR27501784_1.fastq.gz	http://ftp.sra.ebi.ac.uk/vol1/fastq/SRR275/084/SRR27501784/SRR27501784_2.fastq.gz	-	era-fasp@fasp.sra.ebi.ac.uk:vol1/fastq/SRR275/084/SRR27501784/SRR27501784_1.fastq.gz	era-fasp@fasp.sra.ebi.ac.uk:vol1/fastq/SRR275/084/SRR27501784/SRR27501784_2.fastq.gz	
SRR27501784	evidence/RA_22.html	RA	PA3177	300	T→C	100%	intergenic (–/‑601)	– / → N_A	–/hypothetical protein	226	140	1	 waterborne isolate of Pseudomonas aeruginosa ST299 collected from the water network of the medical ICU department not applicable not applicable -	['Engineered', 'Infection']	['Industrial', 'Medical environment']	SRP483327	Evolution of Pseudomonas aeruginosa ST299 in hospital water systems	SRX23172669	WGS of waterborne isolates of ST299 Peudomonas aeruginosa collected from the water network of the medical ICU	WGS of waterborne isolates of ST299 Peudomonas aeruginosa collected from the water network of the medical ICU	287	Pseudomonas aeruginosa	TXA13	WGS	GENOMIC	RANDOM	PAIRED	SRS20121987	-	SAMN39414485	PRJNA1064007	NextSeq 500	NextSeq 500	ILLUMINA	1528692	147838102	1528692	346235440	TXA13_S43_R1.flt.fastq	SRR27501784.lite	90494880	2024-01-18 09:16:37	16581d86a87e27b259e9106ef2bf1597	1	SRA Lite	Primary ETL	1	s3://sra-pub-zq-7/SRR27501784/SRR27501784.lite.1	s3.us-east-1	aws identity	https://sra-downloadb.be-md.ncbi.nlm.nih.gov/sos9/sra-pub-zq-922/SRR027/27501/SRR27501784/SRR27501784.lite.1	https://sra-downloadb.be-md.ncbi.nlm.nih.gov/sos9/sra-pub-zq-922/SRR027/27501/SRR27501784/SRR27501784.lite.1	worldwide	anonymous	gs://sra-pub-zq-104/SRR27501784/SRR27501784.lite.1	gs.us-east1	gcp identity	-	Pseudomonas aeruginosa TXA13	-	Microbial ecology laboratory (CHU Montpellier)	2017-06-02	France: Montpellier	waterborne isolate of Pseudomonas aeruginosa ST299 collected from the water network of the medical ICU department	-	-	-	-	not collected	-	-	Pathogen.env	ST299	not applicable	not applicable	not applicable	not applicable	-	-	-	-	-	-	-	-	-	-	-	-	-	-	-	-	-	-	-	-	ftp.sra.ebi.ac.uk/vol1/fastq/SRR275/084/SRR27501784/SRR27501784_1.fastq.gz	http://ftp.sra.ebi.ac.uk/vol1/fastq/SRR275/084/SRR27501784/SRR27501784_2.fastq.gz	-	era-fasp@fasp.sra.ebi.ac.uk:vol1/fastq/SRR275/084/SRR27501784/SRR27501784_1.fastq.gz	era-fasp@fasp.sra.ebi.ac.uk:vol1/fastq/SRR275/084/SRR27501784/SRR27501784_2.fastq.gz	
SRR27501784	evidence/RA_23.html	RA	PA3177	429	A→G	100%	intergenic (–/‑472)	– / → N_A	–/hypothetical protein	226	140	1	 waterborne isolate of Pseudomonas aeruginosa ST299 collected from the water network of the medical ICU department not applicable not applicable -	['Engineered', 'Infection']	['Industrial', 'Medical environment']	SRP483327	Evolution of Pseudomonas aeruginosa ST299 in hospital water systems	SRX23172669	WGS of waterborne isolates of ST299 Peudomonas aeruginosa collected from the water network of the medical ICU	WGS of waterborne isolates of ST299 Peudomonas aeruginosa collected from the water network of the medical ICU	287	Pseudomonas aeruginosa	TXA13	WGS	GENOMIC	RANDOM	PAIRED	SRS20121987	-	SAMN39414485	PRJNA1064007	NextSeq 500	NextSeq 500	ILLUMINA	1528692	147838102	1528692	346235440	TXA13_S43_R1.flt.fastq	SRR27501784.lite	90494880	2024-01-18 09:16:37	16581d86a87e27b259e9106ef2bf1597	1	SRA Lite	Primary ETL	1	s3://sra-pub-zq-7/SRR27501784/SRR27501784.lite.1	s3.us-east-1	aws identity	https://sra-downloadb.be-md.ncbi.nlm.nih.gov/sos9/sra-pub-zq-922/SRR027/27501/SRR27501784/SRR27501784.lite.1	https://sra-downloadb.be-md.ncbi.nlm.nih.gov/sos9/sra-pub-zq-922/SRR027/27501/SRR27501784/SRR27501784.lite.1	worldwide	anonymous	gs://sra-pub-zq-104/SRR27501784/SRR27501784.lite.1	gs.us-east1	gcp identity	-	Pseudomonas aeruginosa TXA13	-	Microbial ecology laboratory (CHU Montpellier)	2017-06-02	France: Montpellier	waterborne isolate of Pseudomonas aeruginosa ST299 collected from the water network of the medical ICU department	-	-	-	-	not collected	-	-	Pathogen.env	ST299	not applicable	not applicable	not applicable	not applicable	-	-	-	-	-	-	-	-	-	-	-	-	-	-	-	-	-	-	-	-	ftp.sra.ebi.ac.uk/vol1/fastq/SRR275/084/SRR27501784/SRR27501784_1.fastq.gz	http://ftp.sra.ebi.ac.uk/vol1/fastq/SRR275/084/SRR27501784/SRR27501784_2.fastq.gz	-	era-fasp@fasp.sra.ebi.ac.uk:vol1/fastq/SRR275/084/SRR27501784/SRR27501784_1.fastq.gz	era-fasp@fasp.sra.ebi.ac.uk:vol1/fastq/SRR275/084/SRR27501784/SRR27501784_2.fastq.gz	
SRR27501784	evidence/RA_24.html	RA	PA3177	1,614	G→A	100%	P238P (CCG→CCA)	N_A →	hypothetical protein	226	140	1	 waterborne isolate of Pseudomonas aeruginosa ST299 collected from the water network of the medical ICU department not applicable not applicable -	['Engineered', 'Infection']	['Industrial', 'Medical environment']	SRP483327	Evolution of Pseudomonas aeruginosa ST299 in hospital water systems	SRX23172669	WGS of waterborne isolates of ST299 Peudomonas aeruginosa collected from the water network of the medical ICU	WGS of waterborne isolates of ST299 Peudomonas aeruginosa collected from the water network of the medical ICU	287	Pseudomonas aeruginosa	TXA13	WGS	GENOMIC	RANDOM	PAIRED	SRS20121987	-	SAMN39414485	PRJNA1064007	NextSeq 500	NextSeq 500	ILLUMINA	1528692	147838102	1528692	346235440	TXA13_S43_R1.flt.fastq	SRR27501784.lite	90494880	2024-01-18 09:16:37	16581d86a87e27b259e9106ef2bf1597	1	SRA Lite	Primary ETL	1	s3://sra-pub-zq-7/SRR27501784/SRR27501784.lite.1	s3.us-east-1	aws identity	https://sra-downloadb.be-md.ncbi.nlm.nih.gov/sos9/sra-pub-zq-922/SRR027/27501/SRR27501784/SRR27501784.lite.1	https://sra-downloadb.be-md.ncbi.nlm.nih.gov/sos9/sra-pub-zq-922/SRR027/27501/SRR27501784/SRR27501784.lite.1	worldwide	anonymous	gs://sra-pub-zq-104/SRR27501784/SRR27501784.lite.1	gs.us-east1	gcp identity	-	Pseudomonas aeruginosa TXA13	-	Microbial ecology laboratory (CHU Montpellier)	2017-06-02	France: Montpellier	waterborne isolate of Pseudomonas aeruginosa ST299 collected from the water network of the medical ICU department	-	-	-	-	not collected	-	-	Pathogen.env	ST299	not applicable	not applicable	not applicable	not applicable	-	-	-	-	-	-	-	-	-	-	-	-	-	-	-	-	-	-	-	-	ftp.sra.ebi.ac.uk/vol1/fastq/SRR275/084/SRR27501784/SRR27501784_1.fastq.gz	http://ftp.sra.ebi.ac.uk/vol1/fastq/SRR275/084/SRR27501784/SRR27501784_2.fastq.gz	-	era-fasp@fasp.sra.ebi.ac.uk:vol1/fastq/SRR275/084/SRR27501784/SRR27501784_1.fastq.gz	era-fasp@fasp.sra.ebi.ac.uk:vol1/fastq/SRR275/084/SRR27501784/SRR27501784_2.fastq.gz	
SRR27501784	evidence/RA_25.html	RA	PA3177	1,910	T→C	100%	intergenic (+86/–)	N_A → / –	hypothetical protein/–	226	140	1	 waterborne isolate of Pseudomonas aeruginosa ST299 collected from the water network of the medical ICU department not applicable not applicable -	['Engineered', 'Infection']	['Industrial', 'Medical environment']	SRP483327	Evolution of Pseudomonas aeruginosa ST299 in hospital water systems	SRX23172669	WGS of waterborne isolates of ST299 Peudomonas aeruginosa collected from the water network of the medical ICU	WGS of waterborne isolates of ST299 Peudomonas aeruginosa collected from the water network of the medical ICU	287	Pseudomonas aeruginosa	TXA13	WGS	GENOMIC	RANDOM	PAIRED	SRS20121987	-	SAMN39414485	PRJNA1064007	NextSeq 500	NextSeq 500	ILLUMINA	1528692	147838102	1528692	346235440	TXA13_S43_R1.flt.fastq	SRR27501784.lite	90494880	2024-01-18 09:16:37	16581d86a87e27b259e9106ef2bf1597	1	SRA Lite	Primary ETL	1	s3://sra-pub-zq-7/SRR27501784/SRR27501784.lite.1	s3.us-east-1	aws identity	https://sra-downloadb.be-md.ncbi.nlm.nih.gov/sos9/sra-pub-zq-922/SRR027/27501/SRR27501784/SRR27501784.lite.1	https://sra-downloadb.be-md.ncbi.nlm.nih.gov/sos9/sra-pub-zq-922/SRR027/27501/SRR27501784/SRR27501784.lite.1	worldwide	anonymous	gs://sra-pub-zq-104/SRR27501784/SRR27501784.lite.1	gs.us-east1	gcp identity	-	Pseudomonas aeruginosa TXA13	-	Microbial ecology laboratory (CHU Montpellier)	2017-06-02	France: Montpellier	waterborne isolate of Pseudomonas aeruginosa ST299 collected from the water network of the medical ICU department	-	-	-	-	not collected	-	-	Pathogen.env	ST299	not applicable	not applicable	not applicable	not applicable	-	-	-	-	-	-	-	-	-	-	-	-	-	-	-	-	-	-	-	-	ftp.sra.ebi.ac.uk/vol1/fastq/SRR275/084/SRR27501784/SRR27501784_1.fastq.gz	http://ftp.sra.ebi.ac.uk/vol1/fastq/SRR275/084/SRR27501784/SRR27501784_2.fastq.gz	-	era-fasp@fasp.sra.ebi.ac.uk:vol1/fastq/SRR275/084/SRR27501784/SRR27501784_1.fastq.gz	era-fasp@fasp.sra.ebi.ac.uk:vol1/fastq/SRR275/084/SRR27501784/SRR27501784_2.fastq.gz	
SRR27501784	evidence/RA_26.html	RA	PA3177	1,962	A→T	100%	intergenic (+138/–)	N_A → / –	hypothetical protein/–	226	140	1	 waterborne isolate of Pseudomonas aeruginosa ST299 collected from the water network of the medical ICU department not applicable not applicable -	['Engineered', 'Infection']	['Industrial', 'Medical environment']	SRP483327	Evolution of Pseudomonas aeruginosa ST299 in hospital water systems	SRX23172669	WGS of waterborne isolates of ST299 Peudomonas aeruginosa collected from the water network of the medical ICU	WGS of waterborne isolates of ST299 Peudomonas aeruginosa collected from the water network of the medical ICU	287	Pseudomonas aeruginosa	TXA13	WGS	GENOMIC	RANDOM	PAIRED	SRS20121987	-	SAMN39414485	PRJNA1064007	NextSeq 500	NextSeq 500	ILLUMINA	1528692	147838102	1528692	346235440	TXA13_S43_R1.flt.fastq	SRR27501784.lite	90494880	2024-01-18 09:16:37	16581d86a87e27b259e9106ef2bf1597	1	SRA Lite	Primary ETL	1	s3://sra-pub-zq-7/SRR27501784/SRR27501784.lite.1	s3.us-east-1	aws identity	https://sra-downloadb.be-md.ncbi.nlm.nih.gov/sos9/sra-pub-zq-922/SRR027/27501/SRR27501784/SRR27501784.lite.1	https://sra-downloadb.be-md.ncbi.nlm.nih.gov/sos9/sra-pub-zq-922/SRR027/27501/SRR27501784/SRR27501784.lite.1	worldwide	anonymous	gs://sra-pub-zq-104/SRR27501784/SRR27501784.lite.1	gs.us-east1	gcp identity	-	Pseudomonas aeruginosa TXA13	-	Microbial ecology laboratory (CHU Montpellier)	2017-06-02	France: Montpellier	waterborne isolate of Pseudomonas aeruginosa ST299 collected from the water network of the medical ICU department	-	-	-	-	not collected	-	-	Pathogen.env	ST299	not applicable	not applicable	not applicable	not applicable	-	-	-	-	-	-	-	-	-	-	-	-	-	-	-	-	-	-	-	-	ftp.sra.ebi.ac.uk/vol1/fastq/SRR275/084/SRR27501784/SRR27501784_1.fastq.gz	http://ftp.sra.ebi.ac.uk/vol1/fastq/SRR275/084/SRR27501784/SRR27501784_2.fastq.gz	-	era-fasp@fasp.sra.ebi.ac.uk:vol1/fastq/SRR275/084/SRR27501784/SRR27501784_1.fastq.gz	era-fasp@fasp.sra.ebi.ac.uk:vol1/fastq/SRR275/084/SRR27501784/SRR27501784_2.fastq.gz	
SRR27501784	evidence/RA_27.html	RA	PA3177	2,315	A→T	100%	intergenic (+491/–)	N_A → / –	hypothetical protein/–	226	140	1	 waterborne isolate of Pseudomonas aeruginosa ST299 collected from the water network of the medical ICU department not applicable not applicable -	['Engineered', 'Infection']	['Industrial', 'Medical environment']	SRP483327	Evolution of Pseudomonas aeruginosa ST299 in hospital water systems	SRX23172669	WGS of waterborne isolates of ST299 Peudomonas aeruginosa collected from the water network of the medical ICU	WGS of waterborne isolates of ST299 Peudomonas aeruginosa collected from the water network of the medical ICU	287	Pseudomonas aeruginosa	TXA13	WGS	GENOMIC	RANDOM	PAIRED	SRS20121987	-	SAMN39414485	PRJNA1064007	NextSeq 500	NextSeq 500	ILLUMINA	1528692	147838102	1528692	346235440	TXA13_S43_R1.flt.fastq	SRR27501784.lite	90494880	2024-01-18 09:16:37	16581d86a87e27b259e9106ef2bf1597	1	SRA Lite	Primary ETL	1	s3://sra-pub-zq-7/SRR27501784/SRR27501784.lite.1	s3.us-east-1	aws identity	https://sra-downloadb.be-md.ncbi.nlm.nih.gov/sos9/sra-pub-zq-922/SRR027/27501/SRR27501784/SRR27501784.lite.1	https://sra-downloadb.be-md.ncbi.nlm.nih.gov/sos9/sra-pub-zq-922/SRR027/27501/SRR27501784/SRR27501784.lite.1	worldwide	anonymous	gs://sra-pub-zq-104/SRR27501784/SRR27501784.lite.1	gs.us-east1	gcp identity	-	Pseudomonas aeruginosa TXA13	-	Microbial ecology laboratory (CHU Montpellier)	2017-06-02	France: Montpellier	waterborne isolate of Pseudomonas aeruginosa ST299 collected from the water network of the medical ICU department	-	-	-	-	not collected	-	-	Pathogen.env	ST299	not applicable	not applicable	not applicable	not applicable	-	-	-	-	-	-	-	-	-	-	-	-	-	-	-	-	-	-	-	-	ftp.sra.ebi.ac.uk/vol1/fastq/SRR275/084/SRR27501784/SRR27501784_1.fastq.gz	http://ftp.sra.ebi.ac.uk/vol1/fastq/SRR275/084/SRR27501784/SRR27501784_2.fastq.gz	-	era-fasp@fasp.sra.ebi.ac.uk:vol1/fastq/SRR275/084/SRR27501784/SRR27501784_1.fastq.gz	era-fasp@fasp.sra.ebi.ac.uk:vol1/fastq/SRR275/084/SRR27501784/SRR27501784_2.fastq.gz	
SRR27501784	evidence/RA_28.html	RA	PA3177	2,324	C→T	100%	intergenic (+500/–)	N_A → / –	hypothetical protein/–	226	140	1	 waterborne isolate of Pseudomonas aeruginosa ST299 collected from the water network of the medical ICU department not applicable not applicable -	['Engineered', 'Infection']	['Industrial', 'Medical environment']	SRP483327	Evolution of Pseudomonas aeruginosa ST299 in hospital water systems	SRX23172669	WGS of waterborne isolates of ST299 Peudomonas aeruginosa collected from the water network of the medical ICU	WGS of waterborne isolates of ST299 Peudomonas aeruginosa collected from the water network of the medical ICU	287	Pseudomonas aeruginosa	TXA13	WGS	GENOMIC	RANDOM	PAIRED	SRS20121987	-	SAMN39414485	PRJNA1064007	NextSeq 500	NextSeq 500	ILLUMINA	1528692	147838102	1528692	346235440	TXA13_S43_R1.flt.fastq	SRR27501784.lite	90494880	2024-01-18 09:16:37	16581d86a87e27b259e9106ef2bf1597	1	SRA Lite	Primary ETL	1	s3://sra-pub-zq-7/SRR27501784/SRR27501784.lite.1	s3.us-east-1	aws identity	https://sra-downloadb.be-md.ncbi.nlm.nih.gov/sos9/sra-pub-zq-922/SRR027/27501/SRR27501784/SRR27501784.lite.1	https://sra-downloadb.be-md.ncbi.nlm.nih.gov/sos9/sra-pub-zq-922/SRR027/27501/SRR27501784/SRR27501784.lite.1	worldwide	anonymous	gs://sra-pub-zq-104/SRR27501784/SRR27501784.lite.1	gs.us-east1	gcp identity	-	Pseudomonas aeruginosa TXA13	-	Microbial ecology laboratory (CHU Montpellier)	2017-06-02	France: Montpellier	waterborne isolate of Pseudomonas aeruginosa ST299 collected from the water network of the medical ICU department	-	-	-	-	not collected	-	-	Pathogen.env	ST299	not applicable	not applicable	not applicable	not applicable	-	-	-	-	-	-	-	-	-	-	-	-	-	-	-	-	-	-	-	-	ftp.sra.ebi.ac.uk/vol1/fastq/SRR275/084/SRR27501784/SRR27501784_1.fastq.gz	http://ftp.sra.ebi.ac.uk/vol1/fastq/SRR275/084/SRR27501784/SRR27501784_2.fastq.gz	-	era-fasp@fasp.sra.ebi.ac.uk:vol1/fastq/SRR275/084/SRR27501784/SRR27501784_1.fastq.gz	era-fasp@fasp.sra.ebi.ac.uk:vol1/fastq/SRR275/084/SRR27501784/SRR27501784_2.fastq.gz	
SRR27501784	evidence/RA_29.html	RA	PA3565	554	T→C	100%	intergenic (–/‑347)	– / → N_A	–/transcriptional regulator	226	140	1	 waterborne isolate of Pseudomonas aeruginosa ST299 collected from the water network of the medical ICU department not applicable not applicable -	['Engineered', 'Infection']	['Industrial', 'Medical environment']	SRP483327	Evolution of Pseudomonas aeruginosa ST299 in hospital water systems	SRX23172669	WGS of waterborne isolates of ST299 Peudomonas aeruginosa collected from the water network of the medical ICU	WGS of waterborne isolates of ST299 Peudomonas aeruginosa collected from the water network of the medical ICU	287	Pseudomonas aeruginosa	TXA13	WGS	GENOMIC	RANDOM	PAIRED	SRS20121987	-	SAMN39414485	PRJNA1064007	NextSeq 500	NextSeq 500	ILLUMINA	1528692	147838102	1528692	346235440	TXA13_S43_R1.flt.fastq	SRR27501784.lite	90494880	2024-01-18 09:16:37	16581d86a87e27b259e9106ef2bf1597	1	SRA Lite	Primary ETL	1	s3://sra-pub-zq-7/SRR27501784/SRR27501784.lite.1	s3.us-east-1	aws identity	https://sra-downloadb.be-md.ncbi.nlm.nih.gov/sos9/sra-pub-zq-922/SRR027/27501/SRR27501784/SRR27501784.lite.1	https://sra-downloadb.be-md.ncbi.nlm.nih.gov/sos9/sra-pub-zq-922/SRR027/27501/SRR27501784/SRR27501784.lite.1	worldwide	anonymous	gs://sra-pub-zq-104/SRR27501784/SRR27501784.lite.1	gs.us-east1	gcp identity	-	Pseudomonas aeruginosa TXA13	-	Microbial ecology laboratory (CHU Montpellier)	2017-06-02	France: Montpellier	waterborne isolate of Pseudomonas aeruginosa ST299 collected from the water network of the medical ICU department	-	-	-	-	not collected	-	-	Pathogen.env	ST299	not applicable	not applicable	not applicable	not applicable	-	-	-	-	-	-	-	-	-	-	-	-	-	-	-	-	-	-	-	-	ftp.sra.ebi.ac.uk/vol1/fastq/SRR275/084/SRR27501784/SRR27501784_1.fastq.gz	http://ftp.sra.ebi.ac.uk/vol1/fastq/SRR275/084/SRR27501784/SRR27501784_2.fastq.gz	-	era-fasp@fasp.sra.ebi.ac.uk:vol1/fastq/SRR275/084/SRR27501784/SRR27501784_1.fastq.gz	era-fasp@fasp.sra.ebi.ac.uk:vol1/fastq/SRR275/084/SRR27501784/SRR27501784_2.fastq.gz	
SRR27501784	evidence/RA_30.html	RA	PA3565	1,575	C→T	100%	A225A (GCC→GCT)	N_A →	transcriptional regulator	226	140	1	 waterborne isolate of Pseudomonas aeruginosa ST299 collected from the water network of the medical ICU department not applicable not applicable -	['Engineered', 'Infection']	['Industrial', 'Medical environment']	SRP483327	Evolution of Pseudomonas aeruginosa ST299 in hospital water systems	SRX23172669	WGS of waterborne isolates of ST299 Peudomonas aeruginosa collected from the water network of the medical ICU	WGS of waterborne isolates of ST299 Peudomonas aeruginosa collected from the water network of the medical ICU	287	Pseudomonas aeruginosa	TXA13	WGS	GENOMIC	RANDOM	PAIRED	SRS20121987	-	SAMN39414485	PRJNA1064007	NextSeq 500	NextSeq 500	ILLUMINA	1528692	147838102	1528692	346235440	TXA13_S43_R1.flt.fastq	SRR27501784.lite	90494880	2024-01-18 09:16:37	16581d86a87e27b259e9106ef2bf1597	1	SRA Lite	Primary ETL	1	s3://sra-pub-zq-7/SRR27501784/SRR27501784.lite.1	s3.us-east-1	aws identity	https://sra-downloadb.be-md.ncbi.nlm.nih.gov/sos9/sra-pub-zq-922/SRR027/27501/SRR27501784/SRR27501784.lite.1	https://sra-downloadb.be-md.ncbi.nlm.nih.gov/sos9/sra-pub-zq-922/SRR027/27501/SRR27501784/SRR27501784.lite.1	worldwide	anonymous	gs://sra-pub-zq-104/SRR27501784/SRR27501784.lite.1	gs.us-east1	gcp identity	-	Pseudomonas aeruginosa TXA13	-	Microbial ecology laboratory (CHU Montpellier)	2017-06-02	France: Montpellier	waterborne isolate of Pseudomonas aeruginosa ST299 collected from the water network of the medical ICU department	-	-	-	-	not collected	-	-	Pathogen.env	ST299	not applicable	not applicable	not applicable	not applicable	-	-	-	-	-	-	-	-	-	-	-	-	-	-	-	-	-	-	-	-	ftp.sra.ebi.ac.uk/vol1/fastq/SRR275/084/SRR27501784/SRR27501784_1.fastq.gz	http://ftp.sra.ebi.ac.uk/vol1/fastq/SRR275/084/SRR27501784/SRR27501784_2.fastq.gz	-	era-fasp@fasp.sra.ebi.ac.uk:vol1/fastq/SRR275/084/SRR27501784/SRR27501784_1.fastq.gz	era-fasp@fasp.sra.ebi.ac.uk:vol1/fastq/SRR275/084/SRR27501784/SRR27501784_2.fastq.gz	
SRR27501784	evidence/RA_31.html	RA	PA3565	1,683	G→C	100%	E261D (GAG→GAC)	N_A →	transcriptional regulator	226	140	1	 waterborne isolate of Pseudomonas aeruginosa ST299 collected from the water network of the medical ICU department not applicable not applicable -	['Engineered', 'Infection']	['Industrial', 'Medical environment']	SRP483327	Evolution of Pseudomonas aeruginosa ST299 in hospital water systems	SRX23172669	WGS of waterborne isolates of ST299 Peudomonas aeruginosa collected from the water network of the medical ICU	WGS of waterborne isolates of ST299 Peudomonas aeruginosa collected from the water network of the medical ICU	287	Pseudomonas aeruginosa	TXA13	WGS	GENOMIC	RANDOM	PAIRED	SRS20121987	-	SAMN39414485	PRJNA1064007	NextSeq 500	NextSeq 500	ILLUMINA	1528692	147838102	1528692	346235440	TXA13_S43_R1.flt.fastq	SRR27501784.lite	90494880	2024-01-18 09:16:37	16581d86a87e27b259e9106ef2bf1597	1	SRA Lite	Primary ETL	1	s3://sra-pub-zq-7/SRR27501784/SRR27501784.lite.1	s3.us-east-1	aws identity	https://sra-downloadb.be-md.ncbi.nlm.nih.gov/sos9/sra-pub-zq-922/SRR027/27501/SRR27501784/SRR27501784.lite.1	https://sra-downloadb.be-md.ncbi.nlm.nih.gov/sos9/sra-pub-zq-922/SRR027/27501/SRR27501784/SRR27501784.lite.1	worldwide	anonymous	gs://sra-pub-zq-104/SRR27501784/SRR27501784.lite.1	gs.us-east1	gcp identity	-	Pseudomonas aeruginosa TXA13	-	Microbial ecology laboratory (CHU Montpellier)	2017-06-02	France: Montpellier	waterborne isolate of Pseudomonas aeruginosa ST299 collected from the water network of the medical ICU department	-	-	-	-	not collected	-	-	Pathogen.env	ST299	not applicable	not applicable	not applicable	not applicable	-	-	-	-	-	-	-	-	-	-	-	-	-	-	-	-	-	-	-	-	ftp.sra.ebi.ac.uk/vol1/fastq/SRR275/084/SRR27501784/SRR27501784_1.fastq.gz	http://ftp.sra.ebi.ac.uk/vol1/fastq/SRR275/084/SRR27501784/SRR27501784_2.fastq.gz	-	era-fasp@fasp.sra.ebi.ac.uk:vol1/fastq/SRR275/084/SRR27501784/SRR27501784_1.fastq.gz	era-fasp@fasp.sra.ebi.ac.uk:vol1/fastq/SRR275/084/SRR27501784/SRR27501784_2.fastq.gz	
SRR27501784	evidence/RA_32.html	RA	PA3565	1,695	A→G	100%	E265E (GAA→GAG)	N_A →	transcriptional regulator	226	140	1	 waterborne isolate of Pseudomonas aeruginosa ST299 collected from the water network of the medical ICU department not applicable not applicable -	['Engineered', 'Infection']	['Industrial', 'Medical environment']	SRP483327	Evolution of Pseudomonas aeruginosa ST299 in hospital water systems	SRX23172669	WGS of waterborne isolates of ST299 Peudomonas aeruginosa collected from the water network of the medical ICU	WGS of waterborne isolates of ST299 Peudomonas aeruginosa collected from the water network of the medical ICU	287	Pseudomonas aeruginosa	TXA13	WGS	GENOMIC	RANDOM	PAIRED	SRS20121987	-	SAMN39414485	PRJNA1064007	NextSeq 500	NextSeq 500	ILLUMINA	1528692	147838102	1528692	346235440	TXA13_S43_R1.flt.fastq	SRR27501784.lite	90494880	2024-01-18 09:16:37	16581d86a87e27b259e9106ef2bf1597	1	SRA Lite	Primary ETL	1	s3://sra-pub-zq-7/SRR27501784/SRR27501784.lite.1	s3.us-east-1	aws identity	https://sra-downloadb.be-md.ncbi.nlm.nih.gov/sos9/sra-pub-zq-922/SRR027/27501/SRR27501784/SRR27501784.lite.1	https://sra-downloadb.be-md.ncbi.nlm.nih.gov/sos9/sra-pub-zq-922/SRR027/27501/SRR27501784/SRR27501784.lite.1	worldwide	anonymous	gs://sra-pub-zq-104/SRR27501784/SRR27501784.lite.1	gs.us-east1	gcp identity	-	Pseudomonas aeruginosa TXA13	-	Microbial ecology laboratory (CHU Montpellier)	2017-06-02	France: Montpellier	waterborne isolate of Pseudomonas aeruginosa ST299 collected from the water network of the medical ICU department	-	-	-	-	not collected	-	-	Pathogen.env	ST299	not applicable	not applicable	not applicable	not applicable	-	-	-	-	-	-	-	-	-	-	-	-	-	-	-	-	-	-	-	-	ftp.sra.ebi.ac.uk/vol1/fastq/SRR275/084/SRR27501784/SRR27501784_1.fastq.gz	http://ftp.sra.ebi.ac.uk/vol1/fastq/SRR275/084/SRR27501784/SRR27501784_2.fastq.gz	-	era-fasp@fasp.sra.ebi.ac.uk:vol1/fastq/SRR275/084/SRR27501784/SRR27501784_1.fastq.gz	era-fasp@fasp.sra.ebi.ac.uk:vol1/fastq/SRR275/084/SRR27501784/SRR27501784_2.fastq.gz	
SRR27501784	evidence/RA_33.html	RA	PA3565	1,743	T→C	100%	R281R (CGT→CGC)	N_A →	transcriptional regulator	226	140	1	 waterborne isolate of Pseudomonas aeruginosa ST299 collected from the water network of the medical ICU department not applicable not applicable -	['Engineered', 'Infection']	['Industrial', 'Medical environment']	SRP483327	Evolution of Pseudomonas aeruginosa ST299 in hospital water systems	SRX23172669	WGS of waterborne isolates of ST299 Peudomonas aeruginosa collected from the water network of the medical ICU	WGS of waterborne isolates of ST299 Peudomonas aeruginosa collected from the water network of the medical ICU	287	Pseudomonas aeruginosa	TXA13	WGS	GENOMIC	RANDOM	PAIRED	SRS20121987	-	SAMN39414485	PRJNA1064007	NextSeq 500	NextSeq 500	ILLUMINA	1528692	147838102	1528692	346235440	TXA13_S43_R1.flt.fastq	SRR27501784.lite	90494880	2024-01-18 09:16:37	16581d86a87e27b259e9106ef2bf1597	1	SRA Lite	Primary ETL	1	s3://sra-pub-zq-7/SRR27501784/SRR27501784.lite.1	s3.us-east-1	aws identity	https://sra-downloadb.be-md.ncbi.nlm.nih.gov/sos9/sra-pub-zq-922/SRR027/27501/SRR27501784/SRR27501784.lite.1	https://sra-downloadb.be-md.ncbi.nlm.nih.gov/sos9/sra-pub-zq-922/SRR027/27501/SRR27501784/SRR27501784.lite.1	worldwide	anonymous	gs://sra-pub-zq-104/SRR27501784/SRR27501784.lite.1	gs.us-east1	gcp identity	-	Pseudomonas aeruginosa TXA13	-	Microbial ecology laboratory (CHU Montpellier)	2017-06-02	France: Montpellier	waterborne isolate of Pseudomonas aeruginosa ST299 collected from the water network of the medical ICU department	-	-	-	-	not collected	-	-	Pathogen.env	ST299	not applicable	not applicable	not applicable	not applicable	-	-	-	-	-	-	-	-	-	-	-	-	-	-	-	-	-	-	-	-	ftp.sra.ebi.ac.uk/vol1/fastq/SRR275/084/SRR27501784/SRR27501784_1.fastq.gz	http://ftp.sra.ebi.ac.uk/vol1/fastq/SRR275/084/SRR27501784/SRR27501784_2.fastq.gz	-	era-fasp@fasp.sra.ebi.ac.uk:vol1/fastq/SRR275/084/SRR27501784/SRR27501784_1.fastq.gz	era-fasp@fasp.sra.ebi.ac.uk:vol1/fastq/SRR275/084/SRR27501784/SRR27501784_2.fastq.gz	
SRR27501784	evidence/RA_34.html	RA	PA4601	255	C→T	100%	intergenic (–/‑646)	– / → morA	–/motility regulator	226	140	1	 waterborne isolate of Pseudomonas aeruginosa ST299 collected from the water network of the medical ICU department not applicable not applicable -	['Engineered', 'Infection']	['Industrial', 'Medical environment']	SRP483327	Evolution of Pseudomonas aeruginosa ST299 in hospital water systems	SRX23172669	WGS of waterborne isolates of ST299 Peudomonas aeruginosa collected from the water network of the medical ICU	WGS of waterborne isolates of ST299 Peudomonas aeruginosa collected from the water network of the medical ICU	287	Pseudomonas aeruginosa	TXA13	WGS	GENOMIC	RANDOM	PAIRED	SRS20121987	-	SAMN39414485	PRJNA1064007	NextSeq 500	NextSeq 500	ILLUMINA	1528692	147838102	1528692	346235440	TXA13_S43_R1.flt.fastq	SRR27501784.lite	90494880	2024-01-18 09:16:37	16581d86a87e27b259e9106ef2bf1597	1	SRA Lite	Primary ETL	1	s3://sra-pub-zq-7/SRR27501784/SRR27501784.lite.1	s3.us-east-1	aws identity	https://sra-downloadb.be-md.ncbi.nlm.nih.gov/sos9/sra-pub-zq-922/SRR027/27501/SRR27501784/SRR27501784.lite.1	https://sra-downloadb.be-md.ncbi.nlm.nih.gov/sos9/sra-pub-zq-922/SRR027/27501/SRR27501784/SRR27501784.lite.1	worldwide	anonymous	gs://sra-pub-zq-104/SRR27501784/SRR27501784.lite.1	gs.us-east1	gcp identity	-	Pseudomonas aeruginosa TXA13	-	Microbial ecology laboratory (CHU Montpellier)	2017-06-02	France: Montpellier	waterborne isolate of Pseudomonas aeruginosa ST299 collected from the water network of the medical ICU department	-	-	-	-	not collected	-	-	Pathogen.env	ST299	not applicable	not applicable	not applicable	not applicable	-	-	-	-	-	-	-	-	-	-	-	-	-	-	-	-	-	-	-	-	ftp.sra.ebi.ac.uk/vol1/fastq/SRR275/084/SRR27501784/SRR27501784_1.fastq.gz	http://ftp.sra.ebi.ac.uk/vol1/fastq/SRR275/084/SRR27501784/SRR27501784_2.fastq.gz	-	era-fasp@fasp.sra.ebi.ac.uk:vol1/fastq/SRR275/084/SRR27501784/SRR27501784_1.fastq.gz	era-fasp@fasp.sra.ebi.ac.uk:vol1/fastq/SRR275/084/SRR27501784/SRR27501784_2.fastq.gz	
SRR27501784	evidence/RA_35.html	RA	PA4601	767	C→G	100%	intergenic (–/‑134)	– / → morA	–/motility regulator	226	140	1	 waterborne isolate of Pseudomonas aeruginosa ST299 collected from the water network of the medical ICU department not applicable not applicable -	['Engineered', 'Infection']	['Industrial', 'Medical environment']	SRP483327	Evolution of Pseudomonas aeruginosa ST299 in hospital water systems	SRX23172669	WGS of waterborne isolates of ST299 Peudomonas aeruginosa collected from the water network of the medical ICU	WGS of waterborne isolates of ST299 Peudomonas aeruginosa collected from the water network of the medical ICU	287	Pseudomonas aeruginosa	TXA13	WGS	GENOMIC	RANDOM	PAIRED	SRS20121987	-	SAMN39414485	PRJNA1064007	NextSeq 500	NextSeq 500	ILLUMINA	1528692	147838102	1528692	346235440	TXA13_S43_R1.flt.fastq	SRR27501784.lite	90494880	2024-01-18 09:16:37	16581d86a87e27b259e9106ef2bf1597	1	SRA Lite	Primary ETL	1	s3://sra-pub-zq-7/SRR27501784/SRR27501784.lite.1	s3.us-east-1	aws identity	https://sra-downloadb.be-md.ncbi.nlm.nih.gov/sos9/sra-pub-zq-922/SRR027/27501/SRR27501784/SRR27501784.lite.1	https://sra-downloadb.be-md.ncbi.nlm.nih.gov/sos9/sra-pub-zq-922/SRR027/27501/SRR27501784/SRR27501784.lite.1	worldwide	anonymous	gs://sra-pub-zq-104/SRR27501784/SRR27501784.lite.1	gs.us-east1	gcp identity	-	Pseudomonas aeruginosa TXA13	-	Microbial ecology laboratory (CHU Montpellier)	2017-06-02	France: Montpellier	waterborne isolate of Pseudomonas aeruginosa ST299 collected from the water network of the medical ICU department	-	-	-	-	not collected	-	-	Pathogen.env	ST299	not applicable	not applicable	not applicable	not applicable	-	-	-	-	-	-	-	-	-	-	-	-	-	-	-	-	-	-	-	-	ftp.sra.ebi.ac.uk/vol1/fastq/SRR275/084/SRR27501784/SRR27501784_1.fastq.gz	http://ftp.sra.ebi.ac.uk/vol1/fastq/SRR275/084/SRR27501784/SRR27501784_2.fastq.gz	-	era-fasp@fasp.sra.ebi.ac.uk:vol1/fastq/SRR275/084/SRR27501784/SRR27501784_1.fastq.gz	era-fasp@fasp.sra.ebi.ac.uk:vol1/fastq/SRR275/084/SRR27501784/SRR27501784_2.fastq.gz	
SRR27501784	evidence/RA_36.html	RA	PA4601	775	C→T	100%	intergenic (–/‑126)	– / → morA	–/motility regulator	226	140	1	 waterborne isolate of Pseudomonas aeruginosa ST299 collected from the water network of the medical ICU department not applicable not applicable -	['Engineered', 'Infection']	['Industrial', 'Medical environment']	SRP483327	Evolution of Pseudomonas aeruginosa ST299 in hospital water systems	SRX23172669	WGS of waterborne isolates of ST299 Peudomonas aeruginosa collected from the water network of the medical ICU	WGS of waterborne isolates of ST299 Peudomonas aeruginosa collected from the water network of the medical ICU	287	Pseudomonas aeruginosa	TXA13	WGS	GENOMIC	RANDOM	PAIRED	SRS20121987	-	SAMN39414485	PRJNA1064007	NextSeq 500	NextSeq 500	ILLUMINA	1528692	147838102	1528692	346235440	TXA13_S43_R1.flt.fastq	SRR27501784.lite	90494880	2024-01-18 09:16:37	16581d86a87e27b259e9106ef2bf1597	1	SRA Lite	Primary ETL	1	s3://sra-pub-zq-7/SRR27501784/SRR27501784.lite.1	s3.us-east-1	aws identity	https://sra-downloadb.be-md.ncbi.nlm.nih.gov/sos9/sra-pub-zq-922/SRR027/27501/SRR27501784/SRR27501784.lite.1	https://sra-downloadb.be-md.ncbi.nlm.nih.gov/sos9/sra-pub-zq-922/SRR027/27501/SRR27501784/SRR27501784.lite.1	worldwide	anonymous	gs://sra-pub-zq-104/SRR27501784/SRR27501784.lite.1	gs.us-east1	gcp identity	-	Pseudomonas aeruginosa TXA13	-	Microbial ecology laboratory (CHU Montpellier)	2017-06-02	France: Montpellier	waterborne isolate of Pseudomonas aeruginosa ST299 collected from the water network of the medical ICU department	-	-	-	-	not collected	-	-	Pathogen.env	ST299	not applicable	not applicable	not applicable	not applicable	-	-	-	-	-	-	-	-	-	-	-	-	-	-	-	-	-	-	-	-	ftp.sra.ebi.ac.uk/vol1/fastq/SRR275/084/SRR27501784/SRR27501784_1.fastq.gz	http://ftp.sra.ebi.ac.uk/vol1/fastq/SRR275/084/SRR27501784/SRR27501784_2.fastq.gz	-	era-fasp@fasp.sra.ebi.ac.uk:vol1/fastq/SRR275/084/SRR27501784/SRR27501784_1.fastq.gz	era-fasp@fasp.sra.ebi.ac.uk:vol1/fastq/SRR275/084/SRR27501784/SRR27501784_2.fastq.gz	
SRR27501784	evidence/RA_37.html	RA	PA4601	1,074	G→A	100%	R58R (CGG→CGA)	morA →	motility regulator	226	140	1	 waterborne isolate of Pseudomonas aeruginosa ST299 collected from the water network of the medical ICU department not applicable not applicable -	['Engineered', 'Infection']	['Industrial', 'Medical environment']	SRP483327	Evolution of Pseudomonas aeruginosa ST299 in hospital water systems	SRX23172669	WGS of waterborne isolates of ST299 Peudomonas aeruginosa collected from the water network of the medical ICU	WGS of waterborne isolates of ST299 Peudomonas aeruginosa collected from the water network of the medical ICU	287	Pseudomonas aeruginosa	TXA13	WGS	GENOMIC	RANDOM	PAIRED	SRS20121987	-	SAMN39414485	PRJNA1064007	NextSeq 500	NextSeq 500	ILLUMINA	1528692	147838102	1528692	346235440	TXA13_S43_R1.flt.fastq	SRR27501784.lite	90494880	2024-01-18 09:16:37	16581d86a87e27b259e9106ef2bf1597	1	SRA Lite	Primary ETL	1	s3://sra-pub-zq-7/SRR27501784/SRR27501784.lite.1	s3.us-east-1	aws identity	https://sra-downloadb.be-md.ncbi.nlm.nih.gov/sos9/sra-pub-zq-922/SRR027/27501/SRR27501784/SRR27501784.lite.1	https://sra-downloadb.be-md.ncbi.nlm.nih.gov/sos9/sra-pub-zq-922/SRR027/27501/SRR27501784/SRR27501784.lite.1	worldwide	anonymous	gs://sra-pub-zq-104/SRR27501784/SRR27501784.lite.1	gs.us-east1	gcp identity	-	Pseudomonas aeruginosa TXA13	-	Microbial ecology laboratory (CHU Montpellier)	2017-06-02	France: Montpellier	waterborne isolate of Pseudomonas aeruginosa ST299 collected from the water network of the medical ICU department	-	-	-	-	not collected	-	-	Pathogen.env	ST299	not applicable	not applicable	not applicable	not applicable	-	-	-	-	-	-	-	-	-	-	-	-	-	-	-	-	-	-	-	-	ftp.sra.ebi.ac.uk/vol1/fastq/SRR275/084/SRR27501784/SRR27501784_1.fastq.gz	http://ftp.sra.ebi.ac.uk/vol1/fastq/SRR275/084/SRR27501784/SRR27501784_2.fastq.gz	-	era-fasp@fasp.sra.ebi.ac.uk:vol1/fastq/SRR275/084/SRR27501784/SRR27501784_1.fastq.gz	era-fasp@fasp.sra.ebi.ac.uk:vol1/fastq/SRR275/084/SRR27501784/SRR27501784_2.fastq.gz	
SRR27501784	evidence/RA_38.html	RA	PA4601	1,611	A→G	100%	G237G (GGA→GGG)	morA →	motility regulator	226	140	1	 waterborne isolate of Pseudomonas aeruginosa ST299 collected from the water network of the medical ICU department not applicable not applicable -	['Engineered', 'Infection']	['Industrial', 'Medical environment']	SRP483327	Evolution of Pseudomonas aeruginosa ST299 in hospital water systems	SRX23172669	WGS of waterborne isolates of ST299 Peudomonas aeruginosa collected from the water network of the medical ICU	WGS of waterborne isolates of ST299 Peudomonas aeruginosa collected from the water network of the medical ICU	287	Pseudomonas aeruginosa	TXA13	WGS	GENOMIC	RANDOM	PAIRED	SRS20121987	-	SAMN39414485	PRJNA1064007	NextSeq 500	NextSeq 500	ILLUMINA	1528692	147838102	1528692	346235440	TXA13_S43_R1.flt.fastq	SRR27501784.lite	90494880	2024-01-18 09:16:37	16581d86a87e27b259e9106ef2bf1597	1	SRA Lite	Primary ETL	1	s3://sra-pub-zq-7/SRR27501784/SRR27501784.lite.1	s3.us-east-1	aws identity	https://sra-downloadb.be-md.ncbi.nlm.nih.gov/sos9/sra-pub-zq-922/SRR027/27501/SRR27501784/SRR27501784.lite.1	https://sra-downloadb.be-md.ncbi.nlm.nih.gov/sos9/sra-pub-zq-922/SRR027/27501/SRR27501784/SRR27501784.lite.1	worldwide	anonymous	gs://sra-pub-zq-104/SRR27501784/SRR27501784.lite.1	gs.us-east1	gcp identity	-	Pseudomonas aeruginosa TXA13	-	Microbial ecology laboratory (CHU Montpellier)	2017-06-02	France: Montpellier	waterborne isolate of Pseudomonas aeruginosa ST299 collected from the water network of the medical ICU department	-	-	-	-	not collected	-	-	Pathogen.env	ST299	not applicable	not applicable	not applicable	not applicable	-	-	-	-	-	-	-	-	-	-	-	-	-	-	-	-	-	-	-	-	ftp.sra.ebi.ac.uk/vol1/fastq/SRR275/084/SRR27501784/SRR27501784_1.fastq.gz	http://ftp.sra.ebi.ac.uk/vol1/fastq/SRR275/084/SRR27501784/SRR27501784_2.fastq.gz	-	era-fasp@fasp.sra.ebi.ac.uk:vol1/fastq/SRR275/084/SRR27501784/SRR27501784_1.fastq.gz	era-fasp@fasp.sra.ebi.ac.uk:vol1/fastq/SRR275/084/SRR27501784/SRR27501784_2.fastq.gz	
SRR27501784	evidence/RA_39.html	RA	PA4601	1,908	C→T	100%	H336H (CAC→CAT)	morA →	motility regulator	226	140	1	 waterborne isolate of Pseudomonas aeruginosa ST299 collected from the water network of the medical ICU department not applicable not applicable -	['Engineered', 'Infection']	['Industrial', 'Medical environment']	SRP483327	Evolution of Pseudomonas aeruginosa ST299 in hospital water systems	SRX23172669	WGS of waterborne isolates of ST299 Peudomonas aeruginosa collected from the water network of the medical ICU	WGS of waterborne isolates of ST299 Peudomonas aeruginosa collected from the water network of the medical ICU	287	Pseudomonas aeruginosa	TXA13	WGS	GENOMIC	RANDOM	PAIRED	SRS20121987	-	SAMN39414485	PRJNA1064007	NextSeq 500	NextSeq 500	ILLUMINA	1528692	147838102	1528692	346235440	TXA13_S43_R1.flt.fastq	SRR27501784.lite	90494880	2024-01-18 09:16:37	16581d86a87e27b259e9106ef2bf1597	1	SRA Lite	Primary ETL	1	s3://sra-pub-zq-7/SRR27501784/SRR27501784.lite.1	s3.us-east-1	aws identity	https://sra-downloadb.be-md.ncbi.nlm.nih.gov/sos9/sra-pub-zq-922/SRR027/27501/SRR27501784/SRR27501784.lite.1	https://sra-downloadb.be-md.ncbi.nlm.nih.gov/sos9/sra-pub-zq-922/SRR027/27501/SRR27501784/SRR27501784.lite.1	worldwide	anonymous	gs://sra-pub-zq-104/SRR27501784/SRR27501784.lite.1	gs.us-east1	gcp identity	-	Pseudomonas aeruginosa TXA13	-	Microbial ecology laboratory (CHU Montpellier)	2017-06-02	France: Montpellier	waterborne isolate of Pseudomonas aeruginosa ST299 collected from the water network of the medical ICU department	-	-	-	-	not collected	-	-	Pathogen.env	ST299	not applicable	not applicable	not applicable	not applicable	-	-	-	-	-	-	-	-	-	-	-	-	-	-	-	-	-	-	-	-	ftp.sra.ebi.ac.uk/vol1/fastq/SRR275/084/SRR27501784/SRR27501784_1.fastq.gz	http://ftp.sra.ebi.ac.uk/vol1/fastq/SRR275/084/SRR27501784/SRR27501784_2.fastq.gz	-	era-fasp@fasp.sra.ebi.ac.uk:vol1/fastq/SRR275/084/SRR27501784/SRR27501784_1.fastq.gz	era-fasp@fasp.sra.ebi.ac.uk:vol1/fastq/SRR275/084/SRR27501784/SRR27501784_2.fastq.gz	
SRR27501784	evidence/RA_40.html	RA	PA4601	1,984	T→C	100%	L362L (TTG→CTG)	morA →	motility regulator	226	140	1	 waterborne isolate of Pseudomonas aeruginosa ST299 collected from the water network of the medical ICU department not applicable not applicable -	['Engineered', 'Infection']	['Industrial', 'Medical environment']	SRP483327	Evolution of Pseudomonas aeruginosa ST299 in hospital water systems	SRX23172669	WGS of waterborne isolates of ST299 Peudomonas aeruginosa collected from the water network of the medical ICU	WGS of waterborne isolates of ST299 Peudomonas aeruginosa collected from the water network of the medical ICU	287	Pseudomonas aeruginosa	TXA13	WGS	GENOMIC	RANDOM	PAIRED	SRS20121987	-	SAMN39414485	PRJNA1064007	NextSeq 500	NextSeq 500	ILLUMINA	1528692	147838102	1528692	346235440	TXA13_S43_R1.flt.fastq	SRR27501784.lite	90494880	2024-01-18 09:16:37	16581d86a87e27b259e9106ef2bf1597	1	SRA Lite	Primary ETL	1	s3://sra-pub-zq-7/SRR27501784/SRR27501784.lite.1	s3.us-east-1	aws identity	https://sra-downloadb.be-md.ncbi.nlm.nih.gov/sos9/sra-pub-zq-922/SRR027/27501/SRR27501784/SRR27501784.lite.1	https://sra-downloadb.be-md.ncbi.nlm.nih.gov/sos9/sra-pub-zq-922/SRR027/27501/SRR27501784/SRR27501784.lite.1	worldwide	anonymous	gs://sra-pub-zq-104/SRR27501784/SRR27501784.lite.1	gs.us-east1	gcp identity	-	Pseudomonas aeruginosa TXA13	-	Microbial ecology laboratory (CHU Montpellier)	2017-06-02	France: Montpellier	waterborne isolate of Pseudomonas aeruginosa ST299 collected from the water network of the medical ICU department	-	-	-	-	not collected	-	-	Pathogen.env	ST299	not applicable	not applicable	not applicable	not applicable	-	-	-	-	-	-	-	-	-	-	-	-	-	-	-	-	-	-	-	-	ftp.sra.ebi.ac.uk/vol1/fastq/SRR275/084/SRR27501784/SRR27501784_1.fastq.gz	http://ftp.sra.ebi.ac.uk/vol1/fastq/SRR275/084/SRR27501784/SRR27501784_2.fastq.gz	-	era-fasp@fasp.sra.ebi.ac.uk:vol1/fastq/SRR275/084/SRR27501784/SRR27501784_1.fastq.gz	era-fasp@fasp.sra.ebi.ac.uk:vol1/fastq/SRR275/084/SRR27501784/SRR27501784_2.fastq.gz	
SRR27501784	evidence/RA_41.html	RA	PA4601	2,001	A→G	100%	V367V (GTA→GTG)	morA →	motility regulator	226	140	1	 waterborne isolate of Pseudomonas aeruginosa ST299 collected from the water network of the medical ICU department not applicable not applicable -	['Engineered', 'Infection']	['Industrial', 'Medical environment']	SRP483327	Evolution of Pseudomonas aeruginosa ST299 in hospital water systems	SRX23172669	WGS of waterborne isolates of ST299 Peudomonas aeruginosa collected from the water network of the medical ICU	WGS of waterborne isolates of ST299 Peudomonas aeruginosa collected from the water network of the medical ICU	287	Pseudomonas aeruginosa	TXA13	WGS	GENOMIC	RANDOM	PAIRED	SRS20121987	-	SAMN39414485	PRJNA1064007	NextSeq 500	NextSeq 500	ILLUMINA	1528692	147838102	1528692	346235440	TXA13_S43_R1.flt.fastq	SRR27501784.lite	90494880	2024-01-18 09:16:37	16581d86a87e27b259e9106ef2bf1597	1	SRA Lite	Primary ETL	1	s3://sra-pub-zq-7/SRR27501784/SRR27501784.lite.1	s3.us-east-1	aws identity	https://sra-downloadb.be-md.ncbi.nlm.nih.gov/sos9/sra-pub-zq-922/SRR027/27501/SRR27501784/SRR27501784.lite.1	https://sra-downloadb.be-md.ncbi.nlm.nih.gov/sos9/sra-pub-zq-922/SRR027/27501/SRR27501784/SRR27501784.lite.1	worldwide	anonymous	gs://sra-pub-zq-104/SRR27501784/SRR27501784.lite.1	gs.us-east1	gcp identity	-	Pseudomonas aeruginosa TXA13	-	Microbial ecology laboratory (CHU Montpellier)	2017-06-02	France: Montpellier	waterborne isolate of Pseudomonas aeruginosa ST299 collected from the water network of the medical ICU department	-	-	-	-	not collected	-	-	Pathogen.env	ST299	not applicable	not applicable	not applicable	not applicable	-	-	-	-	-	-	-	-	-	-	-	-	-	-	-	-	-	-	-	-	ftp.sra.ebi.ac.uk/vol1/fastq/SRR275/084/SRR27501784/SRR27501784_1.fastq.gz	http://ftp.sra.ebi.ac.uk/vol1/fastq/SRR275/084/SRR27501784/SRR27501784_2.fastq.gz	-	era-fasp@fasp.sra.ebi.ac.uk:vol1/fastq/SRR275/084/SRR27501784/SRR27501784_1.fastq.gz	era-fasp@fasp.sra.ebi.ac.uk:vol1/fastq/SRR275/084/SRR27501784/SRR27501784_2.fastq.gz	
SRR27501784	evidence/RA_42.html	RA	PA4601	2,250	T→G	100%	L450L (CTT→CTG)	morA →	motility regulator	226	140	1	 waterborne isolate of Pseudomonas aeruginosa ST299 collected from the water network of the medical ICU department not applicable not applicable -	['Engineered', 'Infection']	['Industrial', 'Medical environment']	SRP483327	Evolution of Pseudomonas aeruginosa ST299 in hospital water systems	SRX23172669	WGS of waterborne isolates of ST299 Peudomonas aeruginosa collected from the water network of the medical ICU	WGS of waterborne isolates of ST299 Peudomonas aeruginosa collected from the water network of the medical ICU	287	Pseudomonas aeruginosa	TXA13	WGS	GENOMIC	RANDOM	PAIRED	SRS20121987	-	SAMN39414485	PRJNA1064007	NextSeq 500	NextSeq 500	ILLUMINA	1528692	147838102	1528692	346235440	TXA13_S43_R1.flt.fastq	SRR27501784.lite	90494880	2024-01-18 09:16:37	16581d86a87e27b259e9106ef2bf1597	1	SRA Lite	Primary ETL	1	s3://sra-pub-zq-7/SRR27501784/SRR27501784.lite.1	s3.us-east-1	aws identity	https://sra-downloadb.be-md.ncbi.nlm.nih.gov/sos9/sra-pub-zq-922/SRR027/27501/SRR27501784/SRR27501784.lite.1	https://sra-downloadb.be-md.ncbi.nlm.nih.gov/sos9/sra-pub-zq-922/SRR027/27501/SRR27501784/SRR27501784.lite.1	worldwide	anonymous	gs://sra-pub-zq-104/SRR27501784/SRR27501784.lite.1	gs.us-east1	gcp identity	-	Pseudomonas aeruginosa TXA13	-	Microbial ecology laboratory (CHU Montpellier)	2017-06-02	France: Montpellier	waterborne isolate of Pseudomonas aeruginosa ST299 collected from the water network of the medical ICU department	-	-	-	-	not collected	-	-	Pathogen.env	ST299	not applicable	not applicable	not applicable	not applicable	-	-	-	-	-	-	-	-	-	-	-	-	-	-	-	-	-	-	-	-	ftp.sra.ebi.ac.uk/vol1/fastq/SRR275/084/SRR27501784/SRR27501784_1.fastq.gz	http://ftp.sra.ebi.ac.uk/vol1/fastq/SRR275/084/SRR27501784/SRR27501784_2.fastq.gz	-	era-fasp@fasp.sra.ebi.ac.uk:vol1/fastq/SRR275/084/SRR27501784/SRR27501784_1.fastq.gz	era-fasp@fasp.sra.ebi.ac.uk:vol1/fastq/SRR275/084/SRR27501784/SRR27501784_2.fastq.gz	
SRR27501784	evidence/RA_43.html	RA	PA4601	2,256	G→A	100%	E452E (GAG→GAA)	morA →	motility regulator	226	140	1	 waterborne isolate of Pseudomonas aeruginosa ST299 collected from the water network of the medical ICU department not applicable not applicable -	['Engineered', 'Infection']	['Industrial', 'Medical environment']	SRP483327	Evolution of Pseudomonas aeruginosa ST299 in hospital water systems	SRX23172669	WGS of waterborne isolates of ST299 Peudomonas aeruginosa collected from the water network of the medical ICU	WGS of waterborne isolates of ST299 Peudomonas aeruginosa collected from the water network of the medical ICU	287	Pseudomonas aeruginosa	TXA13	WGS	GENOMIC	RANDOM	PAIRED	SRS20121987	-	SAMN39414485	PRJNA1064007	NextSeq 500	NextSeq 500	ILLUMINA	1528692	147838102	1528692	346235440	TXA13_S43_R1.flt.fastq	SRR27501784.lite	90494880	2024-01-18 09:16:37	16581d86a87e27b259e9106ef2bf1597	1	SRA Lite	Primary ETL	1	s3://sra-pub-zq-7/SRR27501784/SRR27501784.lite.1	s3.us-east-1	aws identity	https://sra-downloadb.be-md.ncbi.nlm.nih.gov/sos9/sra-pub-zq-922/SRR027/27501/SRR27501784/SRR27501784.lite.1	https://sra-downloadb.be-md.ncbi.nlm.nih.gov/sos9/sra-pub-zq-922/SRR027/27501/SRR27501784/SRR27501784.lite.1	worldwide	anonymous	gs://sra-pub-zq-104/SRR27501784/SRR27501784.lite.1	gs.us-east1	gcp identity	-	Pseudomonas aeruginosa TXA13	-	Microbial ecology laboratory (CHU Montpellier)	2017-06-02	France: Montpellier	waterborne isolate of Pseudomonas aeruginosa ST299 collected from the water network of the medical ICU department	-	-	-	-	not collected	-	-	Pathogen.env	ST299	not applicable	not applicable	not applicable	not applicable	-	-	-	-	-	-	-	-	-	-	-	-	-	-	-	-	-	-	-	-	ftp.sra.ebi.ac.uk/vol1/fastq/SRR275/084/SRR27501784/SRR27501784_1.fastq.gz	http://ftp.sra.ebi.ac.uk/vol1/fastq/SRR275/084/SRR27501784/SRR27501784_2.fastq.gz	-	era-fasp@fasp.sra.ebi.ac.uk:vol1/fastq/SRR275/084/SRR27501784/SRR27501784_1.fastq.gz	era-fasp@fasp.sra.ebi.ac.uk:vol1/fastq/SRR275/084/SRR27501784/SRR27501784_2.fastq.gz	
SRR27501784	evidence/RA_44.html	RA	PA4601	2,263	T→C	100%	L455L (TTG→CTG)	morA →	motility regulator	226	140	1	 waterborne isolate of Pseudomonas aeruginosa ST299 collected from the water network of the medical ICU department not applicable not applicable -	['Engineered', 'Infection']	['Industrial', 'Medical environment']	SRP483327	Evolution of Pseudomonas aeruginosa ST299 in hospital water systems	SRX23172669	WGS of waterborne isolates of ST299 Peudomonas aeruginosa collected from the water network of the medical ICU	WGS of waterborne isolates of ST299 Peudomonas aeruginosa collected from the water network of the medical ICU	287	Pseudomonas aeruginosa	TXA13	WGS	GENOMIC	RANDOM	PAIRED	SRS20121987	-	SAMN39414485	PRJNA1064007	NextSeq 500	NextSeq 500	ILLUMINA	1528692	147838102	1528692	346235440	TXA13_S43_R1.flt.fastq	SRR27501784.lite	90494880	2024-01-18 09:16:37	16581d86a87e27b259e9106ef2bf1597	1	SRA Lite	Primary ETL	1	s3://sra-pub-zq-7/SRR27501784/SRR27501784.lite.1	s3.us-east-1	aws identity	https://sra-downloadb.be-md.ncbi.nlm.nih.gov/sos9/sra-pub-zq-922/SRR027/27501/SRR27501784/SRR27501784.lite.1	https://sra-downloadb.be-md.ncbi.nlm.nih.gov/sos9/sra-pub-zq-922/SRR027/27501/SRR27501784/SRR27501784.lite.1	worldwide	anonymous	gs://sra-pub-zq-104/SRR27501784/SRR27501784.lite.1	gs.us-east1	gcp identity	-	Pseudomonas aeruginosa TXA13	-	Microbial ecology laboratory (CHU Montpellier)	2017-06-02	France: Montpellier	waterborne isolate of Pseudomonas aeruginosa ST299 collected from the water network of the medical ICU department	-	-	-	-	not collected	-	-	Pathogen.env	ST299	not applicable	not applicable	not applicable	not applicable	-	-	-	-	-	-	-	-	-	-	-	-	-	-	-	-	-	-	-	-	ftp.sra.ebi.ac.uk/vol1/fastq/SRR275/084/SRR27501784/SRR27501784_1.fastq.gz	http://ftp.sra.ebi.ac.uk/vol1/fastq/SRR275/084/SRR27501784/SRR27501784_2.fastq.gz	-	era-fasp@fasp.sra.ebi.ac.uk:vol1/fastq/SRR275/084/SRR27501784/SRR27501784_1.fastq.gz	era-fasp@fasp.sra.ebi.ac.uk:vol1/fastq/SRR275/084/SRR27501784/SRR27501784_2.fastq.gz	
SRR27501784	evidence/RA_45.html	RA	PA4601	2,475	G→A	100%	E525E (GAG→GAA)	morA →	motility regulator	226	140	1	 waterborne isolate of Pseudomonas aeruginosa ST299 collected from the water network of the medical ICU department not applicable not applicable -	['Engineered', 'Infection']	['Industrial', 'Medical environment']	SRP483327	Evolution of Pseudomonas aeruginosa ST299 in hospital water systems	SRX23172669	WGS of waterborne isolates of ST299 Peudomonas aeruginosa collected from the water network of the medical ICU	WGS of waterborne isolates of ST299 Peudomonas aeruginosa collected from the water network of the medical ICU	287	Pseudomonas aeruginosa	TXA13	WGS	GENOMIC	RANDOM	PAIRED	SRS20121987	-	SAMN39414485	PRJNA1064007	NextSeq 500	NextSeq 500	ILLUMINA	1528692	147838102	1528692	346235440	TXA13_S43_R1.flt.fastq	SRR27501784.lite	90494880	2024-01-18 09:16:37	16581d86a87e27b259e9106ef2bf1597	1	SRA Lite	Primary ETL	1	s3://sra-pub-zq-7/SRR27501784/SRR27501784.lite.1	s3.us-east-1	aws identity	https://sra-downloadb.be-md.ncbi.nlm.nih.gov/sos9/sra-pub-zq-922/SRR027/27501/SRR27501784/SRR27501784.lite.1	https://sra-downloadb.be-md.ncbi.nlm.nih.gov/sos9/sra-pub-zq-922/SRR027/27501/SRR27501784/SRR27501784.lite.1	worldwide	anonymous	gs://sra-pub-zq-104/SRR27501784/SRR27501784.lite.1	gs.us-east1	gcp identity	-	Pseudomonas aeruginosa TXA13	-	Microbial ecology laboratory (CHU Montpellier)	2017-06-02	France: Montpellier	waterborne isolate of Pseudomonas aeruginosa ST299 collected from the water network of the medical ICU department	-	-	-	-	not collected	-	-	Pathogen.env	ST299	not applicable	not applicable	not applicable	not applicable	-	-	-	-	-	-	-	-	-	-	-	-	-	-	-	-	-	-	-	-	ftp.sra.ebi.ac.uk/vol1/fastq/SRR275/084/SRR27501784/SRR27501784_1.fastq.gz	http://ftp.sra.ebi.ac.uk/vol1/fastq/SRR275/084/SRR27501784/SRR27501784_2.fastq.gz	-	era-fasp@fasp.sra.ebi.ac.uk:vol1/fastq/SRR275/084/SRR27501784/SRR27501784_1.fastq.gz	era-fasp@fasp.sra.ebi.ac.uk:vol1/fastq/SRR275/084/SRR27501784/SRR27501784_2.fastq.gz	
SRR27501784	evidence/RA_46.html	RA	PA4601	2,622	A→G	100%	E574E (GAA→GAG)	morA →	motility regulator	226	140	1	 waterborne isolate of Pseudomonas aeruginosa ST299 collected from the water network of the medical ICU department not applicable not applicable -	['Engineered', 'Infection']	['Industrial', 'Medical environment']	SRP483327	Evolution of Pseudomonas aeruginosa ST299 in hospital water systems	SRX23172669	WGS of waterborne isolates of ST299 Peudomonas aeruginosa collected from the water network of the medical ICU	WGS of waterborne isolates of ST299 Peudomonas aeruginosa collected from the water network of the medical ICU	287	Pseudomonas aeruginosa	TXA13	WGS	GENOMIC	RANDOM	PAIRED	SRS20121987	-	SAMN39414485	PRJNA1064007	NextSeq 500	NextSeq 500	ILLUMINA	1528692	147838102	1528692	346235440	TXA13_S43_R1.flt.fastq	SRR27501784.lite	90494880	2024-01-18 09:16:37	16581d86a87e27b259e9106ef2bf1597	1	SRA Lite	Primary ETL	1	s3://sra-pub-zq-7/SRR27501784/SRR27501784.lite.1	s3.us-east-1	aws identity	https://sra-downloadb.be-md.ncbi.nlm.nih.gov/sos9/sra-pub-zq-922/SRR027/27501/SRR27501784/SRR27501784.lite.1	https://sra-downloadb.be-md.ncbi.nlm.nih.gov/sos9/sra-pub-zq-922/SRR027/27501/SRR27501784/SRR27501784.lite.1	worldwide	anonymous	gs://sra-pub-zq-104/SRR27501784/SRR27501784.lite.1	gs.us-east1	gcp identity	-	Pseudomonas aeruginosa TXA13	-	Microbial ecology laboratory (CHU Montpellier)	2017-06-02	France: Montpellier	waterborne isolate of Pseudomonas aeruginosa ST299 collected from the water network of the medical ICU department	-	-	-	-	not collected	-	-	Pathogen.env	ST299	not applicable	not applicable	not applicable	not applicable	-	-	-	-	-	-	-	-	-	-	-	-	-	-	-	-	-	-	-	-	ftp.sra.ebi.ac.uk/vol1/fastq/SRR275/084/SRR27501784/SRR27501784_1.fastq.gz	http://ftp.sra.ebi.ac.uk/vol1/fastq/SRR275/084/SRR27501784/SRR27501784_2.fastq.gz	-	era-fasp@fasp.sra.ebi.ac.uk:vol1/fastq/SRR275/084/SRR27501784/SRR27501784_1.fastq.gz	era-fasp@fasp.sra.ebi.ac.uk:vol1/fastq/SRR275/084/SRR27501784/SRR27501784_2.fastq.gz	
SRR27501784	evidence/RA_47.html	RA	PA4601	2,751	2 bp→AC	100%	coding (1851‑1852/4248 nt)	morA →	motility regulator	226	140	1	 waterborne isolate of Pseudomonas aeruginosa ST299 collected from the water network of the medical ICU department not applicable not applicable -	['Engineered', 'Infection']	['Industrial', 'Medical environment']	SRP483327	Evolution of Pseudomonas aeruginosa ST299 in hospital water systems	SRX23172669	WGS of waterborne isolates of ST299 Peudomonas aeruginosa collected from the water network of the medical ICU	WGS of waterborne isolates of ST299 Peudomonas aeruginosa collected from the water network of the medical ICU	287	Pseudomonas aeruginosa	TXA13	WGS	GENOMIC	RANDOM	PAIRED	SRS20121987	-	SAMN39414485	PRJNA1064007	NextSeq 500	NextSeq 500	ILLUMINA	1528692	147838102	1528692	346235440	TXA13_S43_R1.flt.fastq	SRR27501784.lite	90494880	2024-01-18 09:16:37	16581d86a87e27b259e9106ef2bf1597	1	SRA Lite	Primary ETL	1	s3://sra-pub-zq-7/SRR27501784/SRR27501784.lite.1	s3.us-east-1	aws identity	https://sra-downloadb.be-md.ncbi.nlm.nih.gov/sos9/sra-pub-zq-922/SRR027/27501/SRR27501784/SRR27501784.lite.1	https://sra-downloadb.be-md.ncbi.nlm.nih.gov/sos9/sra-pub-zq-922/SRR027/27501/SRR27501784/SRR27501784.lite.1	worldwide	anonymous	gs://sra-pub-zq-104/SRR27501784/SRR27501784.lite.1	gs.us-east1	gcp identity	-	Pseudomonas aeruginosa TXA13	-	Microbial ecology laboratory (CHU Montpellier)	2017-06-02	France: Montpellier	waterborne isolate of Pseudomonas aeruginosa ST299 collected from the water network of the medical ICU department	-	-	-	-	not collected	-	-	Pathogen.env	ST299	not applicable	not applicable	not applicable	not applicable	-	-	-	-	-	-	-	-	-	-	-	-	-	-	-	-	-	-	-	-	ftp.sra.ebi.ac.uk/vol1/fastq/SRR275/084/SRR27501784/SRR27501784_1.fastq.gz	http://ftp.sra.ebi.ac.uk/vol1/fastq/SRR275/084/SRR27501784/SRR27501784_2.fastq.gz	-	era-fasp@fasp.sra.ebi.ac.uk:vol1/fastq/SRR275/084/SRR27501784/SRR27501784_1.fastq.gz	era-fasp@fasp.sra.ebi.ac.uk:vol1/fastq/SRR275/084/SRR27501784/SRR27501784_2.fastq.gz	
SRR27501784	evidence/RA_48.html	RA	PA4601	2,892	2 bp→AC	100%	coding (1992‑1993/4248 nt)	morA →	motility regulator	226	140	1	 waterborne isolate of Pseudomonas aeruginosa ST299 collected from the water network of the medical ICU department not applicable not applicable -	['Engineered', 'Infection']	['Industrial', 'Medical environment']	SRP483327	Evolution of Pseudomonas aeruginosa ST299 in hospital water systems	SRX23172669	WGS of waterborne isolates of ST299 Peudomonas aeruginosa collected from the water network of the medical ICU	WGS of waterborne isolates of ST299 Peudomonas aeruginosa collected from the water network of the medical ICU	287	Pseudomonas aeruginosa	TXA13	WGS	GENOMIC	RANDOM	PAIRED	SRS20121987	-	SAMN39414485	PRJNA1064007	NextSeq 500	NextSeq 500	ILLUMINA	1528692	147838102	1528692	346235440	TXA13_S43_R1.flt.fastq	SRR27501784.lite	90494880	2024-01-18 09:16:37	16581d86a87e27b259e9106ef2bf1597	1	SRA Lite	Primary ETL	1	s3://sra-pub-zq-7/SRR27501784/SRR27501784.lite.1	s3.us-east-1	aws identity	https://sra-downloadb.be-md.ncbi.nlm.nih.gov/sos9/sra-pub-zq-922/SRR027/27501/SRR27501784/SRR27501784.lite.1	https://sra-downloadb.be-md.ncbi.nlm.nih.gov/sos9/sra-pub-zq-922/SRR027/27501/SRR27501784/SRR27501784.lite.1	worldwide	anonymous	gs://sra-pub-zq-104/SRR27501784/SRR27501784.lite.1	gs.us-east1	gcp identity	-	Pseudomonas aeruginosa TXA13	-	Microbial ecology laboratory (CHU Montpellier)	2017-06-02	France: Montpellier	waterborne isolate of Pseudomonas aeruginosa ST299 collected from the water network of the medical ICU department	-	-	-	-	not collected	-	-	Pathogen.env	ST299	not applicable	not applicable	not applicable	not applicable	-	-	-	-	-	-	-	-	-	-	-	-	-	-	-	-	-	-	-	-	ftp.sra.ebi.ac.uk/vol1/fastq/SRR275/084/SRR27501784/SRR27501784_1.fastq.gz	http://ftp.sra.ebi.ac.uk/vol1/fastq/SRR275/084/SRR27501784/SRR27501784_2.fastq.gz	-	era-fasp@fasp.sra.ebi.ac.uk:vol1/fastq/SRR275/084/SRR27501784/SRR27501784_1.fastq.gz	era-fasp@fasp.sra.ebi.ac.uk:vol1/fastq/SRR275/084/SRR27501784/SRR27501784_2.fastq.gz	
SRR27501784	evidence/RA_49.html	RA	PA4601	3,108	A→G	100%	E736E (GAA→GAG)	morA →	motility regulator	226	140	1	 waterborne isolate of Pseudomonas aeruginosa ST299 collected from the water network of the medical ICU department not applicable not applicable -	['Engineered', 'Infection']	['Industrial', 'Medical environment']	SRP483327	Evolution of Pseudomonas aeruginosa ST299 in hospital water systems	SRX23172669	WGS of waterborne isolates of ST299 Peudomonas aeruginosa collected from the water network of the medical ICU	WGS of waterborne isolates of ST299 Peudomonas aeruginosa collected from the water network of the medical ICU	287	Pseudomonas aeruginosa	TXA13	WGS	GENOMIC	RANDOM	PAIRED	SRS20121987	-	SAMN39414485	PRJNA1064007	NextSeq 500	NextSeq 500	ILLUMINA	1528692	147838102	1528692	346235440	TXA13_S43_R1.flt.fastq	SRR27501784.lite	90494880	2024-01-18 09:16:37	16581d86a87e27b259e9106ef2bf1597	1	SRA Lite	Primary ETL	1	s3://sra-pub-zq-7/SRR27501784/SRR27501784.lite.1	s3.us-east-1	aws identity	https://sra-downloadb.be-md.ncbi.nlm.nih.gov/sos9/sra-pub-zq-922/SRR027/27501/SRR27501784/SRR27501784.lite.1	https://sra-downloadb.be-md.ncbi.nlm.nih.gov/sos9/sra-pub-zq-922/SRR027/27501/SRR27501784/SRR27501784.lite.1	worldwide	anonymous	gs://sra-pub-zq-104/SRR27501784/SRR27501784.lite.1	gs.us-east1	gcp identity	-	Pseudomonas aeruginosa TXA13	-	Microbial ecology laboratory (CHU Montpellier)	2017-06-02	France: Montpellier	waterborne isolate of Pseudomonas aeruginosa ST299 collected from the water network of the medical ICU department	-	-	-	-	not collected	-	-	Pathogen.env	ST299	not applicable	not applicable	not applicable	not applicable	-	-	-	-	-	-	-	-	-	-	-	-	-	-	-	-	-	-	-	-	ftp.sra.ebi.ac.uk/vol1/fastq/SRR275/084/SRR27501784/SRR27501784_1.fastq.gz	http://ftp.sra.ebi.ac.uk/vol1/fastq/SRR275/084/SRR27501784/SRR27501784_2.fastq.gz	-	era-fasp@fasp.sra.ebi.ac.uk:vol1/fastq/SRR275/084/SRR27501784/SRR27501784_1.fastq.gz	era-fasp@fasp.sra.ebi.ac.uk:vol1/fastq/SRR275/084/SRR27501784/SRR27501784_2.fastq.gz	
SRR27501784	evidence/RA_50.html	RA	PA4601	3,189	T→C	100%	H763H (CAT→CAC)	morA →	motility regulator	226	140	1	 waterborne isolate of Pseudomonas aeruginosa ST299 collected from the water network of the medical ICU department not applicable not applicable -	['Engineered', 'Infection']	['Industrial', 'Medical environment']	SRP483327	Evolution of Pseudomonas aeruginosa ST299 in hospital water systems	SRX23172669	WGS of waterborne isolates of ST299 Peudomonas aeruginosa collected from the water network of the medical ICU	WGS of waterborne isolates of ST299 Peudomonas aeruginosa collected from the water network of the medical ICU	287	Pseudomonas aeruginosa	TXA13	WGS	GENOMIC	RANDOM	PAIRED	SRS20121987	-	SAMN39414485	PRJNA1064007	NextSeq 500	NextSeq 500	ILLUMINA	1528692	147838102	1528692	346235440	TXA13_S43_R1.flt.fastq	SRR27501784.lite	90494880	2024-01-18 09:16:37	16581d86a87e27b259e9106ef2bf1597	1	SRA Lite	Primary ETL	1	s3://sra-pub-zq-7/SRR27501784/SRR27501784.lite.1	s3.us-east-1	aws identity	https://sra-downloadb.be-md.ncbi.nlm.nih.gov/sos9/sra-pub-zq-922/SRR027/27501/SRR27501784/SRR27501784.lite.1	https://sra-downloadb.be-md.ncbi.nlm.nih.gov/sos9/sra-pub-zq-922/SRR027/27501/SRR27501784/SRR27501784.lite.1	worldwide	anonymous	gs://sra-pub-zq-104/SRR27501784/SRR27501784.lite.1	gs.us-east1	gcp identity	-	Pseudomonas aeruginosa TXA13	-	Microbial ecology laboratory (CHU Montpellier)	2017-06-02	France: Montpellier	waterborne isolate of Pseudomonas aeruginosa ST299 collected from the water network of the medical ICU department	-	-	-	-	not collected	-	-	Pathogen.env	ST299	not applicable	not applicable	not applicable	not applicable	-	-	-	-	-	-	-	-	-	-	-	-	-	-	-	-	-	-	-	-	ftp.sra.ebi.ac.uk/vol1/fastq/SRR275/084/SRR27501784/SRR27501784_1.fastq.gz	http://ftp.sra.ebi.ac.uk/vol1/fastq/SRR275/084/SRR27501784/SRR27501784_2.fastq.gz	-	era-fasp@fasp.sra.ebi.ac.uk:vol1/fastq/SRR275/084/SRR27501784/SRR27501784_1.fastq.gz	era-fasp@fasp.sra.ebi.ac.uk:vol1/fastq/SRR275/084/SRR27501784/SRR27501784_2.fastq.gz	
SRR27501784	evidence/RA_51.html	RA	PA4601	3,708	G→A	100%	E936E (GAG→GAA)	morA →	motility regulator	226	140	1	 waterborne isolate of Pseudomonas aeruginosa ST299 collected from the water network of the medical ICU department not applicable not applicable -	['Engineered', 'Infection']	['Industrial', 'Medical environment']	SRP483327	Evolution of Pseudomonas aeruginosa ST299 in hospital water systems	SRX23172669	WGS of waterborne isolates of ST299 Peudomonas aeruginosa collected from the water network of the medical ICU	WGS of waterborne isolates of ST299 Peudomonas aeruginosa collected from the water network of the medical ICU	287	Pseudomonas aeruginosa	TXA13	WGS	GENOMIC	RANDOM	PAIRED	SRS20121987	-	SAMN39414485	PRJNA1064007	NextSeq 500	NextSeq 500	ILLUMINA	1528692	147838102	1528692	346235440	TXA13_S43_R1.flt.fastq	SRR27501784.lite	90494880	2024-01-18 09:16:37	16581d86a87e27b259e9106ef2bf1597	1	SRA Lite	Primary ETL	1	s3://sra-pub-zq-7/SRR27501784/SRR27501784.lite.1	s3.us-east-1	aws identity	https://sra-downloadb.be-md.ncbi.nlm.nih.gov/sos9/sra-pub-zq-922/SRR027/27501/SRR27501784/SRR27501784.lite.1	https://sra-downloadb.be-md.ncbi.nlm.nih.gov/sos9/sra-pub-zq-922/SRR027/27501/SRR27501784/SRR27501784.lite.1	worldwide	anonymous	gs://sra-pub-zq-104/SRR27501784/SRR27501784.lite.1	gs.us-east1	gcp identity	-	Pseudomonas aeruginosa TXA13	-	Microbial ecology laboratory (CHU Montpellier)	2017-06-02	France: Montpellier	waterborne isolate of Pseudomonas aeruginosa ST299 collected from the water network of the medical ICU department	-	-	-	-	not collected	-	-	Pathogen.env	ST299	not applicable	not applicable	not applicable	not applicable	-	-	-	-	-	-	-	-	-	-	-	-	-	-	-	-	-	-	-	-	ftp.sra.ebi.ac.uk/vol1/fastq/SRR275/084/SRR27501784/SRR27501784_1.fastq.gz	http://ftp.sra.ebi.ac.uk/vol1/fastq/SRR275/084/SRR27501784/SRR27501784_2.fastq.gz	-	era-fasp@fasp.sra.ebi.ac.uk:vol1/fastq/SRR275/084/SRR27501784/SRR27501784_1.fastq.gz	era-fasp@fasp.sra.ebi.ac.uk:vol1/fastq/SRR275/084/SRR27501784/SRR27501784_2.fastq.gz	
SRR27501784	evidence/RA_52.html	RA	PA4601	3,717	A→G	100%	P939P (CCA→CCG)	morA →	motility regulator	226	140	1	 waterborne isolate of Pseudomonas aeruginosa ST299 collected from the water network of the medical ICU department not applicable not applicable -	['Engineered', 'Infection']	['Industrial', 'Medical environment']	SRP483327	Evolution of Pseudomonas aeruginosa ST299 in hospital water systems	SRX23172669	WGS of waterborne isolates of ST299 Peudomonas aeruginosa collected from the water network of the medical ICU	WGS of waterborne isolates of ST299 Peudomonas aeruginosa collected from the water network of the medical ICU	287	Pseudomonas aeruginosa	TXA13	WGS	GENOMIC	RANDOM	PAIRED	SRS20121987	-	SAMN39414485	PRJNA1064007	NextSeq 500	NextSeq 500	ILLUMINA	1528692	147838102	1528692	346235440	TXA13_S43_R1.flt.fastq	SRR27501784.lite	90494880	2024-01-18 09:16:37	16581d86a87e27b259e9106ef2bf1597	1	SRA Lite	Primary ETL	1	s3://sra-pub-zq-7/SRR27501784/SRR27501784.lite.1	s3.us-east-1	aws identity	https://sra-downloadb.be-md.ncbi.nlm.nih.gov/sos9/sra-pub-zq-922/SRR027/27501/SRR27501784/SRR27501784.lite.1	https://sra-downloadb.be-md.ncbi.nlm.nih.gov/sos9/sra-pub-zq-922/SRR027/27501/SRR27501784/SRR27501784.lite.1	worldwide	anonymous	gs://sra-pub-zq-104/SRR27501784/SRR27501784.lite.1	gs.us-east1	gcp identity	-	Pseudomonas aeruginosa TXA13	-	Microbial ecology laboratory (CHU Montpellier)	2017-06-02	France: Montpellier	waterborne isolate of Pseudomonas aeruginosa ST299 collected from the water network of the medical ICU department	-	-	-	-	not collected	-	-	Pathogen.env	ST299	not applicable	not applicable	not applicable	not applicable	-	-	-	-	-	-	-	-	-	-	-	-	-	-	-	-	-	-	-	-	ftp.sra.ebi.ac.uk/vol1/fastq/SRR275/084/SRR27501784/SRR27501784_1.fastq.gz	http://ftp.sra.ebi.ac.uk/vol1/fastq/SRR275/084/SRR27501784/SRR27501784_2.fastq.gz	-	era-fasp@fasp.sra.ebi.ac.uk:vol1/fastq/SRR275/084/SRR27501784/SRR27501784_1.fastq.gz	era-fasp@fasp.sra.ebi.ac.uk:vol1/fastq/SRR275/084/SRR27501784/SRR27501784_2.fastq.gz	
SRR27501784	evidence/RA_53.html	RA	PA4601	3,744	C→T	100%	R948R (CGC→CGT)	morA →	motility regulator	226	140	1	 waterborne isolate of Pseudomonas aeruginosa ST299 collected from the water network of the medical ICU department not applicable not applicable -	['Engineered', 'Infection']	['Industrial', 'Medical environment']	SRP483327	Evolution of Pseudomonas aeruginosa ST299 in hospital water systems	SRX23172669	WGS of waterborne isolates of ST299 Peudomonas aeruginosa collected from the water network of the medical ICU	WGS of waterborne isolates of ST299 Peudomonas aeruginosa collected from the water network of the medical ICU	287	Pseudomonas aeruginosa	TXA13	WGS	GENOMIC	RANDOM	PAIRED	SRS20121987	-	SAMN39414485	PRJNA1064007	NextSeq 500	NextSeq 500	ILLUMINA	1528692	147838102	1528692	346235440	TXA13_S43_R1.flt.fastq	SRR27501784.lite	90494880	2024-01-18 09:16:37	16581d86a87e27b259e9106ef2bf1597	1	SRA Lite	Primary ETL	1	s3://sra-pub-zq-7/SRR27501784/SRR27501784.lite.1	s3.us-east-1	aws identity	https://sra-downloadb.be-md.ncbi.nlm.nih.gov/sos9/sra-pub-zq-922/SRR027/27501/SRR27501784/SRR27501784.lite.1	https://sra-downloadb.be-md.ncbi.nlm.nih.gov/sos9/sra-pub-zq-922/SRR027/27501/SRR27501784/SRR27501784.lite.1	worldwide	anonymous	gs://sra-pub-zq-104/SRR27501784/SRR27501784.lite.1	gs.us-east1	gcp identity	-	Pseudomonas aeruginosa TXA13	-	Microbial ecology laboratory (CHU Montpellier)	2017-06-02	France: Montpellier	waterborne isolate of Pseudomonas aeruginosa ST299 collected from the water network of the medical ICU department	-	-	-	-	not collected	-	-	Pathogen.env	ST299	not applicable	not applicable	not applicable	not applicable	-	-	-	-	-	-	-	-	-	-	-	-	-	-	-	-	-	-	-	-	ftp.sra.ebi.ac.uk/vol1/fastq/SRR275/084/SRR27501784/SRR27501784_1.fastq.gz	http://ftp.sra.ebi.ac.uk/vol1/fastq/SRR275/084/SRR27501784/SRR27501784_2.fastq.gz	-	era-fasp@fasp.sra.ebi.ac.uk:vol1/fastq/SRR275/084/SRR27501784/SRR27501784_1.fastq.gz	era-fasp@fasp.sra.ebi.ac.uk:vol1/fastq/SRR275/084/SRR27501784/SRR27501784_2.fastq.gz	
SRR27501784	evidence/RA_54.html	RA	PA4601	4,596	G→A	100%	L1232L (TTG→TTA)	morA →	motility regulator	226	140	1	 waterborne isolate of Pseudomonas aeruginosa ST299 collected from the water network of the medical ICU department not applicable not applicable -	['Engineered', 'Infection']	['Industrial', 'Medical environment']	SRP483327	Evolution of Pseudomonas aeruginosa ST299 in hospital water systems	SRX23172669	WGS of waterborne isolates of ST299 Peudomonas aeruginosa collected from the water network of the medical ICU	WGS of waterborne isolates of ST299 Peudomonas aeruginosa collected from the water network of the medical ICU	287	Pseudomonas aeruginosa	TXA13	WGS	GENOMIC	RANDOM	PAIRED	SRS20121987	-	SAMN39414485	PRJNA1064007	NextSeq 500	NextSeq 500	ILLUMINA	1528692	147838102	1528692	346235440	TXA13_S43_R1.flt.fastq	SRR27501784.lite	90494880	2024-01-18 09:16:37	16581d86a87e27b259e9106ef2bf1597	1	SRA Lite	Primary ETL	1	s3://sra-pub-zq-7/SRR27501784/SRR27501784.lite.1	s3.us-east-1	aws identity	https://sra-downloadb.be-md.ncbi.nlm.nih.gov/sos9/sra-pub-zq-922/SRR027/27501/SRR27501784/SRR27501784.lite.1	https://sra-downloadb.be-md.ncbi.nlm.nih.gov/sos9/sra-pub-zq-922/SRR027/27501/SRR27501784/SRR27501784.lite.1	worldwide	anonymous	gs://sra-pub-zq-104/SRR27501784/SRR27501784.lite.1	gs.us-east1	gcp identity	-	Pseudomonas aeruginosa TXA13	-	Microbial ecology laboratory (CHU Montpellier)	2017-06-02	France: Montpellier	waterborne isolate of Pseudomonas aeruginosa ST299 collected from the water network of the medical ICU department	-	-	-	-	not collected	-	-	Pathogen.env	ST299	not applicable	not applicable	not applicable	not applicable	-	-	-	-	-	-	-	-	-	-	-	-	-	-	-	-	-	-	-	-	ftp.sra.ebi.ac.uk/vol1/fastq/SRR275/084/SRR27501784/SRR27501784_1.fastq.gz	http://ftp.sra.ebi.ac.uk/vol1/fastq/SRR275/084/SRR27501784/SRR27501784_2.fastq.gz	-	era-fasp@fasp.sra.ebi.ac.uk:vol1/fastq/SRR275/084/SRR27501784/SRR27501784_1.fastq.gz	era-fasp@fasp.sra.ebi.ac.uk:vol1/fastq/SRR275/084/SRR27501784/SRR27501784_2.fastq.gz	
SRR27501784	evidence/RA_55.html	RA	PA4601	4,764	T→C	100%	S1288S (AGT→AGC)	morA →	motility regulator	226	140	1	 waterborne isolate of Pseudomonas aeruginosa ST299 collected from the water network of the medical ICU department not applicable not applicable -	['Engineered', 'Infection']	['Industrial', 'Medical environment']	SRP483327	Evolution of Pseudomonas aeruginosa ST299 in hospital water systems	SRX23172669	WGS of waterborne isolates of ST299 Peudomonas aeruginosa collected from the water network of the medical ICU	WGS of waterborne isolates of ST299 Peudomonas aeruginosa collected from the water network of the medical ICU	287	Pseudomonas aeruginosa	TXA13	WGS	GENOMIC	RANDOM	PAIRED	SRS20121987	-	SAMN39414485	PRJNA1064007	NextSeq 500	NextSeq 500	ILLUMINA	1528692	147838102	1528692	346235440	TXA13_S43_R1.flt.fastq	SRR27501784.lite	90494880	2024-01-18 09:16:37	16581d86a87e27b259e9106ef2bf1597	1	SRA Lite	Primary ETL	1	s3://sra-pub-zq-7/SRR27501784/SRR27501784.lite.1	s3.us-east-1	aws identity	https://sra-downloadb.be-md.ncbi.nlm.nih.gov/sos9/sra-pub-zq-922/SRR027/27501/SRR27501784/SRR27501784.lite.1	https://sra-downloadb.be-md.ncbi.nlm.nih.gov/sos9/sra-pub-zq-922/SRR027/27501/SRR27501784/SRR27501784.lite.1	worldwide	anonymous	gs://sra-pub-zq-104/SRR27501784/SRR27501784.lite.1	gs.us-east1	gcp identity	-	Pseudomonas aeruginosa TXA13	-	Microbial ecology laboratory (CHU Montpellier)	2017-06-02	France: Montpellier	waterborne isolate of Pseudomonas aeruginosa ST299 collected from the water network of the medical ICU department	-	-	-	-	not collected	-	-	Pathogen.env	ST299	not applicable	not applicable	not applicable	not applicable	-	-	-	-	-	-	-	-	-	-	-	-	-	-	-	-	-	-	-	-	ftp.sra.ebi.ac.uk/vol1/fastq/SRR275/084/SRR27501784/SRR27501784_1.fastq.gz	http://ftp.sra.ebi.ac.uk/vol1/fastq/SRR275/084/SRR27501784/SRR27501784_2.fastq.gz	-	era-fasp@fasp.sra.ebi.ac.uk:vol1/fastq/SRR275/084/SRR27501784/SRR27501784_1.fastq.gz	era-fasp@fasp.sra.ebi.ac.uk:vol1/fastq/SRR275/084/SRR27501784/SRR27501784_2.fastq.gz	
SRR32385933	evidence/RA_1.html	RA	PA1101	140	T→C	100%	intergenic (–/‑761)	– / → fliF	–/flagellar MS‑ring protein	4876	418	2	Aquaculture farms aquaculture water - - -	['Engineered', 'Environmental']	['Food production', 'Aquatic']	SRP564717	Whole Genome Sequencing of human-health related pathogens from Aquaculture farms	SRX27718405	Whole genome sequencing of P.aeruginosa isolate from Aquaculture farm	Whole genome sequencing of P.aeruginosa isolate from Aquaculture farm	287	Pseudomonas aeruginosa	P06	WGS	GENOMIC	RANDOM	SINGLE	SRS24111753	-	SAMN46866436	PRJNA1224760	MinION	MinION	OXFORD_NANOPORE	124298	438432148	124298	606114952	P06.fastq.gz	SRR32385933	438433793	2025-02-18 16:22:28	b79f3fc3470947748171196f359e6bce	1	SRA Normalized	Primary ETL	1	https://sra-pub-run-odp.s3.amazonaws.com/sra/SRR32385933/SRR32385933	worldwide	anonymous	https://sra-downloadb.be-md.ncbi.nlm.nih.gov/sos7/sra-pub-run-38/SRR032/32385/SRR32385933/SRR32385933.1	https://sra-downloadb.be-md.ncbi.nlm.nih.gov/sos7/sra-pub-run-38/SRR032/32385/SRR32385933/SRR32385933.1	worldwide	anonymous	gs://sra-pub-run-113/SRR32385933/SRR32385933.1	gs.us-east1	gcp identity	-	P06	SiWE	Akalesh Patel	2023-12-31	India: Thrissur, Kerala	aquaculture water	animal	AMR surveillance and research	A longitudinal study on Antimicrobial Resistance (AMR) and the influence of free extracellular DNA (exDNA) in the dissemination of AMR in aquaculture settings	Aquatic animals	9.81333 N 76.56222 E	G.K. Sivaraman, Akalesh Patel, Ada Zwetlana, Jaykumar Kiritkumar Patel, Ravikrishnan Elangovan	Aquaculture	One Health Enteric	-	-	-	-	-	-	-	-	-	-	-	-	-	-	-	-	-	-	-	-	-	-	-	-	http://ftp.sra.ebi.ac.uk/vol1/fastq/SRR323/033/SRR32385933/SRR32385933_1.fastq.gz	-	-	era-fasp@fasp.sra.ebi.ac.uk:vol1/fastq/SRR323/033/SRR32385933/SRR32385933_1.fastq.gz	-	-	Aquaculture farms
SRR32385933	evidence/RA_2.html	RA	PA1101	209	G→A	100%	intergenic (–/‑692)	– / → fliF	–/flagellar MS‑ring protein	4876	418	2	Aquaculture farms aquaculture water - - -	['Engineered', 'Environmental']	['Food production', 'Aquatic']	SRP564717	Whole Genome Sequencing of human-health related pathogens from Aquaculture farms	SRX27718405	Whole genome sequencing of P.aeruginosa isolate from Aquaculture farm	Whole genome sequencing of P.aeruginosa isolate from Aquaculture farm	287	Pseudomonas aeruginosa	P06	WGS	GENOMIC	RANDOM	SINGLE	SRS24111753	-	SAMN46866436	PRJNA1224760	MinION	MinION	OXFORD_NANOPORE	124298	438432148	124298	606114952	P06.fastq.gz	SRR32385933	438433793	2025-02-18 16:22:28	b79f3fc3470947748171196f359e6bce	1	SRA Normalized	Primary ETL	1	https://sra-pub-run-odp.s3.amazonaws.com/sra/SRR32385933/SRR32385933	worldwide	anonymous	https://sra-downloadb.be-md.ncbi.nlm.nih.gov/sos7/sra-pub-run-38/SRR032/32385/SRR32385933/SRR32385933.1	https://sra-downloadb.be-md.ncbi.nlm.nih.gov/sos7/sra-pub-run-38/SRR032/32385/SRR32385933/SRR32385933.1	worldwide	anonymous	gs://sra-pub-run-113/SRR32385933/SRR32385933.1	gs.us-east1	gcp identity	-	P06	SiWE	Akalesh Patel	2023-12-31	India: Thrissur, Kerala	aquaculture water	animal	AMR surveillance and research	A longitudinal study on Antimicrobial Resistance (AMR) and the influence of free extracellular DNA (exDNA) in the dissemination of AMR in aquaculture settings	Aquatic animals	9.81333 N 76.56222 E	G.K. Sivaraman, Akalesh Patel, Ada Zwetlana, Jaykumar Kiritkumar Patel, Ravikrishnan Elangovan	Aquaculture	One Health Enteric	-	-	-	-	-	-	-	-	-	-	-	-	-	-	-	-	-	-	-	-	-	-	-	-	http://ftp.sra.ebi.ac.uk/vol1/fastq/SRR323/033/SRR32385933/SRR32385933_1.fastq.gz	-	-	era-fasp@fasp.sra.ebi.ac.uk:vol1/fastq/SRR323/033/SRR32385933/SRR32385933_1.fastq.gz	-	-	Aquaculture farms
SRR32385933	evidence/RA_3.html	RA	PA1101	347	G→A	100%	intergenic (–/‑554)	– / → fliF	–/flagellar MS‑ring protein	4876	418	2	Aquaculture farms aquaculture water - - -	['Engineered', 'Environmental']	['Food production', 'Aquatic']	SRP564717	Whole Genome Sequencing of human-health related pathogens from Aquaculture farms	SRX27718405	Whole genome sequencing of P.aeruginosa isolate from Aquaculture farm	Whole genome sequencing of P.aeruginosa isolate from Aquaculture farm	287	Pseudomonas aeruginosa	P06	WGS	GENOMIC	RANDOM	SINGLE	SRS24111753	-	SAMN46866436	PRJNA1224760	MinION	MinION	OXFORD_NANOPORE	124298	438432148	124298	606114952	P06.fastq.gz	SRR32385933	438433793	2025-02-18 16:22:28	b79f3fc3470947748171196f359e6bce	1	SRA Normalized	Primary ETL	1	https://sra-pub-run-odp.s3.amazonaws.com/sra/SRR32385933/SRR32385933	worldwide	anonymous	https://sra-downloadb.be-md.ncbi.nlm.nih.gov/sos7/sra-pub-run-38/SRR032/32385/SRR32385933/SRR32385933.1	https://sra-downloadb.be-md.ncbi.nlm.nih.gov/sos7/sra-pub-run-38/SRR032/32385/SRR32385933/SRR32385933.1	worldwide	anonymous	gs://sra-pub-run-113/SRR32385933/SRR32385933.1	gs.us-east1	gcp identity	-	P06	SiWE	Akalesh Patel	2023-12-31	India: Thrissur, Kerala	aquaculture water	animal	AMR surveillance and research	A longitudinal study on Antimicrobial Resistance (AMR) and the influence of free extracellular DNA (exDNA) in the dissemination of AMR in aquaculture settings	Aquatic animals	9.81333 N 76.56222 E	G.K. Sivaraman, Akalesh Patel, Ada Zwetlana, Jaykumar Kiritkumar Patel, Ravikrishnan Elangovan	Aquaculture	One Health Enteric	-	-	-	-	-	-	-	-	-	-	-	-	-	-	-	-	-	-	-	-	-	-	-	-	http://ftp.sra.ebi.ac.uk/vol1/fastq/SRR323/033/SRR32385933/SRR32385933_1.fastq.gz	-	-	era-fasp@fasp.sra.ebi.ac.uk:vol1/fastq/SRR323/033/SRR32385933/SRR32385933_1.fastq.gz	-	-	Aquaculture farms
SRR32385933	evidence/RA_4.html	RA	PA1101	353	C→T	100%	intergenic (–/‑548)	– / → fliF	–/flagellar MS‑ring protein	4876	418	2	Aquaculture farms aquaculture water - - -	['Engineered', 'Environmental']	['Food production', 'Aquatic']	SRP564717	Whole Genome Sequencing of human-health related pathogens from Aquaculture farms	SRX27718405	Whole genome sequencing of P.aeruginosa isolate from Aquaculture farm	Whole genome sequencing of P.aeruginosa isolate from Aquaculture farm	287	Pseudomonas aeruginosa	P06	WGS	GENOMIC	RANDOM	SINGLE	SRS24111753	-	SAMN46866436	PRJNA1224760	MinION	MinION	OXFORD_NANOPORE	124298	438432148	124298	606114952	P06.fastq.gz	SRR32385933	438433793	2025-02-18 16:22:28	b79f3fc3470947748171196f359e6bce	1	SRA Normalized	Primary ETL	1	https://sra-pub-run-odp.s3.amazonaws.com/sra/SRR32385933/SRR32385933	worldwide	anonymous	https://sra-downloadb.be-md.ncbi.nlm.nih.gov/sos7/sra-pub-run-38/SRR032/32385/SRR32385933/SRR32385933.1	https://sra-downloadb.be-md.ncbi.nlm.nih.gov/sos7/sra-pub-run-38/SRR032/32385/SRR32385933/SRR32385933.1	worldwide	anonymous	gs://sra-pub-run-113/SRR32385933/SRR32385933.1	gs.us-east1	gcp identity	-	P06	SiWE	Akalesh Patel	2023-12-31	India: Thrissur, Kerala	aquaculture water	animal	AMR surveillance and research	A longitudinal study on Antimicrobial Resistance (AMR) and the influence of free extracellular DNA (exDNA) in the dissemination of AMR in aquaculture settings	Aquatic animals	9.81333 N 76.56222 E	G.K. Sivaraman, Akalesh Patel, Ada Zwetlana, Jaykumar Kiritkumar Patel, Ravikrishnan Elangovan	Aquaculture	One Health Enteric	-	-	-	-	-	-	-	-	-	-	-	-	-	-	-	-	-	-	-	-	-	-	-	-	http://ftp.sra.ebi.ac.uk/vol1/fastq/SRR323/033/SRR32385933/SRR32385933_1.fastq.gz	-	-	era-fasp@fasp.sra.ebi.ac.uk:vol1/fastq/SRR323/033/SRR32385933/SRR32385933_1.fastq.gz	-	-	Aquaculture farms
SRR32385933	evidence/RA_5.html	RA	PA1101	468	C→T	100%	intergenic (–/‑433)	– / → fliF	–/flagellar MS‑ring protein	4876	418	2	Aquaculture farms aquaculture water - - -	['Engineered', 'Environmental']	['Food production', 'Aquatic']	SRP564717	Whole Genome Sequencing of human-health related pathogens from Aquaculture farms	SRX27718405	Whole genome sequencing of P.aeruginosa isolate from Aquaculture farm	Whole genome sequencing of P.aeruginosa isolate from Aquaculture farm	287	Pseudomonas aeruginosa	P06	WGS	GENOMIC	RANDOM	SINGLE	SRS24111753	-	SAMN46866436	PRJNA1224760	MinION	MinION	OXFORD_NANOPORE	124298	438432148	124298	606114952	P06.fastq.gz	SRR32385933	438433793	2025-02-18 16:22:28	b79f3fc3470947748171196f359e6bce	1	SRA Normalized	Primary ETL	1	https://sra-pub-run-odp.s3.amazonaws.com/sra/SRR32385933/SRR32385933	worldwide	anonymous	https://sra-downloadb.be-md.ncbi.nlm.nih.gov/sos7/sra-pub-run-38/SRR032/32385/SRR32385933/SRR32385933.1	https://sra-downloadb.be-md.ncbi.nlm.nih.gov/sos7/sra-pub-run-38/SRR032/32385/SRR32385933/SRR32385933.1	worldwide	anonymous	gs://sra-pub-run-113/SRR32385933/SRR32385933.1	gs.us-east1	gcp identity	-	P06	SiWE	Akalesh Patel	2023-12-31	India: Thrissur, Kerala	aquaculture water	animal	AMR surveillance and research	A longitudinal study on Antimicrobial Resistance (AMR) and the influence of free extracellular DNA (exDNA) in the dissemination of AMR in aquaculture settings	Aquatic animals	9.81333 N 76.56222 E	G.K. Sivaraman, Akalesh Patel, Ada Zwetlana, Jaykumar Kiritkumar Patel, Ravikrishnan Elangovan	Aquaculture	One Health Enteric	-	-	-	-	-	-	-	-	-	-	-	-	-	-	-	-	-	-	-	-	-	-	-	-	http://ftp.sra.ebi.ac.uk/vol1/fastq/SRR323/033/SRR32385933/SRR32385933_1.fastq.gz	-	-	era-fasp@fasp.sra.ebi.ac.uk:vol1/fastq/SRR323/033/SRR32385933/SRR32385933_1.fastq.gz	-	-	Aquaculture farms
SRR32385933	evidence/RA_6.html	RA	PA1101	649	T→C	100%	intergenic (–/‑252)	– / → fliF	–/flagellar MS‑ring protein	4876	418	2	Aquaculture farms aquaculture water - - -	['Engineered', 'Environmental']	['Food production', 'Aquatic']	SRP564717	Whole Genome Sequencing of human-health related pathogens from Aquaculture farms	SRX27718405	Whole genome sequencing of P.aeruginosa isolate from Aquaculture farm	Whole genome sequencing of P.aeruginosa isolate from Aquaculture farm	287	Pseudomonas aeruginosa	P06	WGS	GENOMIC	RANDOM	SINGLE	SRS24111753	-	SAMN46866436	PRJNA1224760	MinION	MinION	OXFORD_NANOPORE	124298	438432148	124298	606114952	P06.fastq.gz	SRR32385933	438433793	2025-02-18 16:22:28	b79f3fc3470947748171196f359e6bce	1	SRA Normalized	Primary ETL	1	https://sra-pub-run-odp.s3.amazonaws.com/sra/SRR32385933/SRR32385933	worldwide	anonymous	https://sra-downloadb.be-md.ncbi.nlm.nih.gov/sos7/sra-pub-run-38/SRR032/32385/SRR32385933/SRR32385933.1	https://sra-downloadb.be-md.ncbi.nlm.nih.gov/sos7/sra-pub-run-38/SRR032/32385/SRR32385933/SRR32385933.1	worldwide	anonymous	gs://sra-pub-run-113/SRR32385933/SRR32385933.1	gs.us-east1	gcp identity	-	P06	SiWE	Akalesh Patel	2023-12-31	India: Thrissur, Kerala	aquaculture water	animal	AMR surveillance and research	A longitudinal study on Antimicrobial Resistance (AMR) and the influence of free extracellular DNA (exDNA) in the dissemination of AMR in aquaculture settings	Aquatic animals	9.81333 N 76.56222 E	G.K. Sivaraman, Akalesh Patel, Ada Zwetlana, Jaykumar Kiritkumar Patel, Ravikrishnan Elangovan	Aquaculture	One Health Enteric	-	-	-	-	-	-	-	-	-	-	-	-	-	-	-	-	-	-	-	-	-	-	-	-	http://ftp.sra.ebi.ac.uk/vol1/fastq/SRR323/033/SRR32385933/SRR32385933_1.fastq.gz	-	-	era-fasp@fasp.sra.ebi.ac.uk:vol1/fastq/SRR323/033/SRR32385933/SRR32385933_1.fastq.gz	-	-	Aquaculture farms
SRR32385933	evidence/RA_7.html	RA	PA1101	836	G→A	100%	intergenic (–/‑65)	– / → fliF	–/flagellar MS‑ring protein	4876	418	2	Aquaculture farms aquaculture water - - -	['Engineered', 'Environmental']	['Food production', 'Aquatic']	SRP564717	Whole Genome Sequencing of human-health related pathogens from Aquaculture farms	SRX27718405	Whole genome sequencing of P.aeruginosa isolate from Aquaculture farm	Whole genome sequencing of P.aeruginosa isolate from Aquaculture farm	287	Pseudomonas aeruginosa	P06	WGS	GENOMIC	RANDOM	SINGLE	SRS24111753	-	SAMN46866436	PRJNA1224760	MinION	MinION	OXFORD_NANOPORE	124298	438432148	124298	606114952	P06.fastq.gz	SRR32385933	438433793	2025-02-18 16:22:28	b79f3fc3470947748171196f359e6bce	1	SRA Normalized	Primary ETL	1	https://sra-pub-run-odp.s3.amazonaws.com/sra/SRR32385933/SRR32385933	worldwide	anonymous	https://sra-downloadb.be-md.ncbi.nlm.nih.gov/sos7/sra-pub-run-38/SRR032/32385/SRR32385933/SRR32385933.1	https://sra-downloadb.be-md.ncbi.nlm.nih.gov/sos7/sra-pub-run-38/SRR032/32385/SRR32385933/SRR32385933.1	worldwide	anonymous	gs://sra-pub-run-113/SRR32385933/SRR32385933.1	gs.us-east1	gcp identity	-	P06	SiWE	Akalesh Patel	2023-12-31	India: Thrissur, Kerala	aquaculture water	animal	AMR surveillance and research	A longitudinal study on Antimicrobial Resistance (AMR) and the influence of free extracellular DNA (exDNA) in the dissemination of AMR in aquaculture settings	Aquatic animals	9.81333 N 76.56222 E	G.K. Sivaraman, Akalesh Patel, Ada Zwetlana, Jaykumar Kiritkumar Patel, Ravikrishnan Elangovan	Aquaculture	One Health Enteric	-	-	-	-	-	-	-	-	-	-	-	-	-	-	-	-	-	-	-	-	-	-	-	-	http://ftp.sra.ebi.ac.uk/vol1/fastq/SRR323/033/SRR32385933/SRR32385933_1.fastq.gz	-	-	era-fasp@fasp.sra.ebi.ac.uk:vol1/fastq/SRR323/033/SRR32385933/SRR32385933_1.fastq.gz	-	-	Aquaculture farms
SRR32385933	evidence/RA_8.html	RA	PA1101	1,503	G→T	100%	G201G (GGG→GGT)	fliF →	flagellar MS‑ring protein	4876	418	2	Aquaculture farms aquaculture water - - -	['Engineered', 'Environmental']	['Food production', 'Aquatic']	SRP564717	Whole Genome Sequencing of human-health related pathogens from Aquaculture farms	SRX27718405	Whole genome sequencing of P.aeruginosa isolate from Aquaculture farm	Whole genome sequencing of P.aeruginosa isolate from Aquaculture farm	287	Pseudomonas aeruginosa	P06	WGS	GENOMIC	RANDOM	SINGLE	SRS24111753	-	SAMN46866436	PRJNA1224760	MinION	MinION	OXFORD_NANOPORE	124298	438432148	124298	606114952	P06.fastq.gz	SRR32385933	438433793	2025-02-18 16:22:28	b79f3fc3470947748171196f359e6bce	1	SRA Normalized	Primary ETL	1	https://sra-pub-run-odp.s3.amazonaws.com/sra/SRR32385933/SRR32385933	worldwide	anonymous	https://sra-downloadb.be-md.ncbi.nlm.nih.gov/sos7/sra-pub-run-38/SRR032/32385/SRR32385933/SRR32385933.1	https://sra-downloadb.be-md.ncbi.nlm.nih.gov/sos7/sra-pub-run-38/SRR032/32385/SRR32385933/SRR32385933.1	worldwide	anonymous	gs://sra-pub-run-113/SRR32385933/SRR32385933.1	gs.us-east1	gcp identity	-	P06	SiWE	Akalesh Patel	2023-12-31	India: Thrissur, Kerala	aquaculture water	animal	AMR surveillance and research	A longitudinal study on Antimicrobial Resistance (AMR) and the influence of free extracellular DNA (exDNA) in the dissemination of AMR in aquaculture settings	Aquatic animals	9.81333 N 76.56222 E	G.K. Sivaraman, Akalesh Patel, Ada Zwetlana, Jaykumar Kiritkumar Patel, Ravikrishnan Elangovan	Aquaculture	One Health Enteric	-	-	-	-	-	-	-	-	-	-	-	-	-	-	-	-	-	-	-	-	-	-	-	-	http://ftp.sra.ebi.ac.uk/vol1/fastq/SRR323/033/SRR32385933/SRR32385933_1.fastq.gz	-	-	era-fasp@fasp.sra.ebi.ac.uk:vol1/fastq/SRR323/033/SRR32385933/SRR32385933_1.fastq.gz	-	-	Aquaculture farms
SRR32385933	evidence/RA_9.html	RA	PA1101	1,905	C→G	100%	P335P (CCC→CCG)	fliF →	flagellar MS‑ring protein	4876	418	2	Aquaculture farms aquaculture water - - -	['Engineered', 'Environmental']	['Food production', 'Aquatic']	SRP564717	Whole Genome Sequencing of human-health related pathogens from Aquaculture farms	SRX27718405	Whole genome sequencing of P.aeruginosa isolate from Aquaculture farm	Whole genome sequencing of P.aeruginosa isolate from Aquaculture farm	287	Pseudomonas aeruginosa	P06	WGS	GENOMIC	RANDOM	SINGLE	SRS24111753	-	SAMN46866436	PRJNA1224760	MinION	MinION	OXFORD_NANOPORE	124298	438432148	124298	606114952	P06.fastq.gz	SRR32385933	438433793	2025-02-18 16:22:28	b79f3fc3470947748171196f359e6bce	1	SRA Normalized	Primary ETL	1	https://sra-pub-run-odp.s3.amazonaws.com/sra/SRR32385933/SRR32385933	worldwide	anonymous	https://sra-downloadb.be-md.ncbi.nlm.nih.gov/sos7/sra-pub-run-38/SRR032/32385/SRR32385933/SRR32385933.1	https://sra-downloadb.be-md.ncbi.nlm.nih.gov/sos7/sra-pub-run-38/SRR032/32385/SRR32385933/SRR32385933.1	worldwide	anonymous	gs://sra-pub-run-113/SRR32385933/SRR32385933.1	gs.us-east1	gcp identity	-	P06	SiWE	Akalesh Patel	2023-12-31	India: Thrissur, Kerala	aquaculture water	animal	AMR surveillance and research	A longitudinal study on Antimicrobial Resistance (AMR) and the influence of free extracellular DNA (exDNA) in the dissemination of AMR in aquaculture settings	Aquatic animals	9.81333 N 76.56222 E	G.K. Sivaraman, Akalesh Patel, Ada Zwetlana, Jaykumar Kiritkumar Patel, Ravikrishnan Elangovan	Aquaculture	One Health Enteric	-	-	-	-	-	-	-	-	-	-	-	-	-	-	-	-	-	-	-	-	-	-	-	-	http://ftp.sra.ebi.ac.uk/vol1/fastq/SRR323/033/SRR32385933/SRR32385933_1.fastq.gz	-	-	era-fasp@fasp.sra.ebi.ac.uk:vol1/fastq/SRR323/033/SRR32385933/SRR32385933_1.fastq.gz	-	-	Aquaculture farms
SRR32385933	evidence/RA_10.html	RA	PA1101	2,022	C→G	100%	G374G (GGC→GGG)	fliF →	flagellar MS‑ring protein	4876	418	2	Aquaculture farms aquaculture water - - -	['Engineered', 'Environmental']	['Food production', 'Aquatic']	SRP564717	Whole Genome Sequencing of human-health related pathogens from Aquaculture farms	SRX27718405	Whole genome sequencing of P.aeruginosa isolate from Aquaculture farm	Whole genome sequencing of P.aeruginosa isolate from Aquaculture farm	287	Pseudomonas aeruginosa	P06	WGS	GENOMIC	RANDOM	SINGLE	SRS24111753	-	SAMN46866436	PRJNA1224760	MinION	MinION	OXFORD_NANOPORE	124298	438432148	124298	606114952	P06.fastq.gz	SRR32385933	438433793	2025-02-18 16:22:28	b79f3fc3470947748171196f359e6bce	1	SRA Normalized	Primary ETL	1	https://sra-pub-run-odp.s3.amazonaws.com/sra/SRR32385933/SRR32385933	worldwide	anonymous	https://sra-downloadb.be-md.ncbi.nlm.nih.gov/sos7/sra-pub-run-38/SRR032/32385/SRR32385933/SRR32385933.1	https://sra-downloadb.be-md.ncbi.nlm.nih.gov/sos7/sra-pub-run-38/SRR032/32385/SRR32385933/SRR32385933.1	worldwide	anonymous	gs://sra-pub-run-113/SRR32385933/SRR32385933.1	gs.us-east1	gcp identity	-	P06	SiWE	Akalesh Patel	2023-12-31	India: Thrissur, Kerala	aquaculture water	animal	AMR surveillance and research	A longitudinal study on Antimicrobial Resistance (AMR) and the influence of free extracellular DNA (exDNA) in the dissemination of AMR in aquaculture settings	Aquatic animals	9.81333 N 76.56222 E	G.K. Sivaraman, Akalesh Patel, Ada Zwetlana, Jaykumar Kiritkumar Patel, Ravikrishnan Elangovan	Aquaculture	One Health Enteric	-	-	-	-	-	-	-	-	-	-	-	-	-	-	-	-	-	-	-	-	-	-	-	-	http://ftp.sra.ebi.ac.uk/vol1/fastq/SRR323/033/SRR32385933/SRR32385933_1.fastq.gz	-	-	era-fasp@fasp.sra.ebi.ac.uk:vol1/fastq/SRR323/033/SRR32385933/SRR32385933_1.fastq.gz	-	-	Aquaculture farms
SRR32385933	evidence/RA_11.html	RA	PA1101	2,121	G→A	100%	G407G (GGG→GGA)	fliF →	flagellar MS‑ring protein	4876	418	2	Aquaculture farms aquaculture water - - -	['Engineered', 'Environmental']	['Food production', 'Aquatic']	SRP564717	Whole Genome Sequencing of human-health related pathogens from Aquaculture farms	SRX27718405	Whole genome sequencing of P.aeruginosa isolate from Aquaculture farm	Whole genome sequencing of P.aeruginosa isolate from Aquaculture farm	287	Pseudomonas aeruginosa	P06	WGS	GENOMIC	RANDOM	SINGLE	SRS24111753	-	SAMN46866436	PRJNA1224760	MinION	MinION	OXFORD_NANOPORE	124298	438432148	124298	606114952	P06.fastq.gz	SRR32385933	438433793	2025-02-18 16:22:28	b79f3fc3470947748171196f359e6bce	1	SRA Normalized	Primary ETL	1	https://sra-pub-run-odp.s3.amazonaws.com/sra/SRR32385933/SRR32385933	worldwide	anonymous	https://sra-downloadb.be-md.ncbi.nlm.nih.gov/sos7/sra-pub-run-38/SRR032/32385/SRR32385933/SRR32385933.1	https://sra-downloadb.be-md.ncbi.nlm.nih.gov/sos7/sra-pub-run-38/SRR032/32385/SRR32385933/SRR32385933.1	worldwide	anonymous	gs://sra-pub-run-113/SRR32385933/SRR32385933.1	gs.us-east1	gcp identity	-	P06	SiWE	Akalesh Patel	2023-12-31	India: Thrissur, Kerala	aquaculture water	animal	AMR surveillance and research	A longitudinal study on Antimicrobial Resistance (AMR) and the influence of free extracellular DNA (exDNA) in the dissemination of AMR in aquaculture settings	Aquatic animals	9.81333 N 76.56222 E	G.K. Sivaraman, Akalesh Patel, Ada Zwetlana, Jaykumar Kiritkumar Patel, Ravikrishnan Elangovan	Aquaculture	One Health Enteric	-	-	-	-	-	-	-	-	-	-	-	-	-	-	-	-	-	-	-	-	-	-	-	-	http://ftp.sra.ebi.ac.uk/vol1/fastq/SRR323/033/SRR32385933/SRR32385933_1.fastq.gz	-	-	era-fasp@fasp.sra.ebi.ac.uk:vol1/fastq/SRR323/033/SRR32385933/SRR32385933_1.fastq.gz	-	-	Aquaculture farms
SRR32385933	evidence/RA_12.html	RA	PA1101	2,250	T→C	100%	D450D (GAT→GAC)	fliF →	flagellar MS‑ring protein	4876	418	2	Aquaculture farms aquaculture water - - -	['Engineered', 'Environmental']	['Food production', 'Aquatic']	SRP564717	Whole Genome Sequencing of human-health related pathogens from Aquaculture farms	SRX27718405	Whole genome sequencing of P.aeruginosa isolate from Aquaculture farm	Whole genome sequencing of P.aeruginosa isolate from Aquaculture farm	287	Pseudomonas aeruginosa	P06	WGS	GENOMIC	RANDOM	SINGLE	SRS24111753	-	SAMN46866436	PRJNA1224760	MinION	MinION	OXFORD_NANOPORE	124298	438432148	124298	606114952	P06.fastq.gz	SRR32385933	438433793	2025-02-18 16:22:28	b79f3fc3470947748171196f359e6bce	1	SRA Normalized	Primary ETL	1	https://sra-pub-run-odp.s3.amazonaws.com/sra/SRR32385933/SRR32385933	worldwide	anonymous	https://sra-downloadb.be-md.ncbi.nlm.nih.gov/sos7/sra-pub-run-38/SRR032/32385/SRR32385933/SRR32385933.1	https://sra-downloadb.be-md.ncbi.nlm.nih.gov/sos7/sra-pub-run-38/SRR032/32385/SRR32385933/SRR32385933.1	worldwide	anonymous	gs://sra-pub-run-113/SRR32385933/SRR32385933.1	gs.us-east1	gcp identity	-	P06	SiWE	Akalesh Patel	2023-12-31	India: Thrissur, Kerala	aquaculture water	animal	AMR surveillance and research	A longitudinal study on Antimicrobial Resistance (AMR) and the influence of free extracellular DNA (exDNA) in the dissemination of AMR in aquaculture settings	Aquatic animals	9.81333 N 76.56222 E	G.K. Sivaraman, Akalesh Patel, Ada Zwetlana, Jaykumar Kiritkumar Patel, Ravikrishnan Elangovan	Aquaculture	One Health Enteric	-	-	-	-	-	-	-	-	-	-	-	-	-	-	-	-	-	-	-	-	-	-	-	-	http://ftp.sra.ebi.ac.uk/vol1/fastq/SRR323/033/SRR32385933/SRR32385933_1.fastq.gz	-	-	era-fasp@fasp.sra.ebi.ac.uk:vol1/fastq/SRR323/033/SRR32385933/SRR32385933_1.fastq.gz	-	-	Aquaculture farms
SRR32385933	evidence/RA_13.html	RA	PA1434	286	T→C	100%	intergenic (–/‑615)	– / → N_A	–/hypothetical protein	4876	418	2	Aquaculture farms aquaculture water - - -	['Engineered', 'Environmental']	['Food production', 'Aquatic']	SRP564717	Whole Genome Sequencing of human-health related pathogens from Aquaculture farms	SRX27718405	Whole genome sequencing of P.aeruginosa isolate from Aquaculture farm	Whole genome sequencing of P.aeruginosa isolate from Aquaculture farm	287	Pseudomonas aeruginosa	P06	WGS	GENOMIC	RANDOM	SINGLE	SRS24111753	-	SAMN46866436	PRJNA1224760	MinION	MinION	OXFORD_NANOPORE	124298	438432148	124298	606114952	P06.fastq.gz	SRR32385933	438433793	2025-02-18 16:22:28	b79f3fc3470947748171196f359e6bce	1	SRA Normalized	Primary ETL	1	https://sra-pub-run-odp.s3.amazonaws.com/sra/SRR32385933/SRR32385933	worldwide	anonymous	https://sra-downloadb.be-md.ncbi.nlm.nih.gov/sos7/sra-pub-run-38/SRR032/32385/SRR32385933/SRR32385933.1	https://sra-downloadb.be-md.ncbi.nlm.nih.gov/sos7/sra-pub-run-38/SRR032/32385/SRR32385933/SRR32385933.1	worldwide	anonymous	gs://sra-pub-run-113/SRR32385933/SRR32385933.1	gs.us-east1	gcp identity	-	P06	SiWE	Akalesh Patel	2023-12-31	India: Thrissur, Kerala	aquaculture water	animal	AMR surveillance and research	A longitudinal study on Antimicrobial Resistance (AMR) and the influence of free extracellular DNA (exDNA) in the dissemination of AMR in aquaculture settings	Aquatic animals	9.81333 N 76.56222 E	G.K. Sivaraman, Akalesh Patel, Ada Zwetlana, Jaykumar Kiritkumar Patel, Ravikrishnan Elangovan	Aquaculture	One Health Enteric	-	-	-	-	-	-	-	-	-	-	-	-	-	-	-	-	-	-	-	-	-	-	-	-	http://ftp.sra.ebi.ac.uk/vol1/fastq/SRR323/033/SRR32385933/SRR32385933_1.fastq.gz	-	-	era-fasp@fasp.sra.ebi.ac.uk:vol1/fastq/SRR323/033/SRR32385933/SRR32385933_1.fastq.gz	-	-	Aquaculture farms
SRR32385933	evidence/RA_14.html	RA	PA1434	379	C→A	100%	intergenic (–/‑522)	– / → N_A	–/hypothetical protein	4876	418	2	Aquaculture farms aquaculture water - - -	['Engineered', 'Environmental']	['Food production', 'Aquatic']	SRP564717	Whole Genome Sequencing of human-health related pathogens from Aquaculture farms	SRX27718405	Whole genome sequencing of P.aeruginosa isolate from Aquaculture farm	Whole genome sequencing of P.aeruginosa isolate from Aquaculture farm	287	Pseudomonas aeruginosa	P06	WGS	GENOMIC	RANDOM	SINGLE	SRS24111753	-	SAMN46866436	PRJNA1224760	MinION	MinION	OXFORD_NANOPORE	124298	438432148	124298	606114952	P06.fastq.gz	SRR32385933	438433793	2025-02-18 16:22:28	b79f3fc3470947748171196f359e6bce	1	SRA Normalized	Primary ETL	1	https://sra-pub-run-odp.s3.amazonaws.com/sra/SRR32385933/SRR32385933	worldwide	anonymous	https://sra-downloadb.be-md.ncbi.nlm.nih.gov/sos7/sra-pub-run-38/SRR032/32385/SRR32385933/SRR32385933.1	https://sra-downloadb.be-md.ncbi.nlm.nih.gov/sos7/sra-pub-run-38/SRR032/32385/SRR32385933/SRR32385933.1	worldwide	anonymous	gs://sra-pub-run-113/SRR32385933/SRR32385933.1	gs.us-east1	gcp identity	-	P06	SiWE	Akalesh Patel	2023-12-31	India: Thrissur, Kerala	aquaculture water	animal	AMR surveillance and research	A longitudinal study on Antimicrobial Resistance (AMR) and the influence of free extracellular DNA (exDNA) in the dissemination of AMR in aquaculture settings	Aquatic animals	9.81333 N 76.56222 E	G.K. Sivaraman, Akalesh Patel, Ada Zwetlana, Jaykumar Kiritkumar Patel, Ravikrishnan Elangovan	Aquaculture	One Health Enteric	-	-	-	-	-	-	-	-	-	-	-	-	-	-	-	-	-	-	-	-	-	-	-	-	http://ftp.sra.ebi.ac.uk/vol1/fastq/SRR323/033/SRR32385933/SRR32385933_1.fastq.gz	-	-	era-fasp@fasp.sra.ebi.ac.uk:vol1/fastq/SRR323/033/SRR32385933/SRR32385933_1.fastq.gz	-	-	Aquaculture farms
SRR32385933	evidence/RA_15.html	RA	PA1434	581	A→T	100%	intergenic (–/‑320)	– / → N_A	–/hypothetical protein	4876	418	2	Aquaculture farms aquaculture water - - -	['Engineered', 'Environmental']	['Food production', 'Aquatic']	SRP564717	Whole Genome Sequencing of human-health related pathogens from Aquaculture farms	SRX27718405	Whole genome sequencing of P.aeruginosa isolate from Aquaculture farm	Whole genome sequencing of P.aeruginosa isolate from Aquaculture farm	287	Pseudomonas aeruginosa	P06	WGS	GENOMIC	RANDOM	SINGLE	SRS24111753	-	SAMN46866436	PRJNA1224760	MinION	MinION	OXFORD_NANOPORE	124298	438432148	124298	606114952	P06.fastq.gz	SRR32385933	438433793	2025-02-18 16:22:28	b79f3fc3470947748171196f359e6bce	1	SRA Normalized	Primary ETL	1	https://sra-pub-run-odp.s3.amazonaws.com/sra/SRR32385933/SRR32385933	worldwide	anonymous	https://sra-downloadb.be-md.ncbi.nlm.nih.gov/sos7/sra-pub-run-38/SRR032/32385/SRR32385933/SRR32385933.1	https://sra-downloadb.be-md.ncbi.nlm.nih.gov/sos7/sra-pub-run-38/SRR032/32385/SRR32385933/SRR32385933.1	worldwide	anonymous	gs://sra-pub-run-113/SRR32385933/SRR32385933.1	gs.us-east1	gcp identity	-	P06	SiWE	Akalesh Patel	2023-12-31	India: Thrissur, Kerala	aquaculture water	animal	AMR surveillance and research	A longitudinal study on Antimicrobial Resistance (AMR) and the influence of free extracellular DNA (exDNA) in the dissemination of AMR in aquaculture settings	Aquatic animals	9.81333 N 76.56222 E	G.K. Sivaraman, Akalesh Patel, Ada Zwetlana, Jaykumar Kiritkumar Patel, Ravikrishnan Elangovan	Aquaculture	One Health Enteric	-	-	-	-	-	-	-	-	-	-	-	-	-	-	-	-	-	-	-	-	-	-	-	-	http://ftp.sra.ebi.ac.uk/vol1/fastq/SRR323/033/SRR32385933/SRR32385933_1.fastq.gz	-	-	era-fasp@fasp.sra.ebi.ac.uk:vol1/fastq/SRR323/033/SRR32385933/SRR32385933_1.fastq.gz	-	-	Aquaculture farms
SRR32385933	evidence/RA_16.html	RA	PA1434	739	A→G	100%	intergenic (–/‑162)	– / → N_A	–/hypothetical protein	4876	418	2	Aquaculture farms aquaculture water - - -	['Engineered', 'Environmental']	['Food production', 'Aquatic']	SRP564717	Whole Genome Sequencing of human-health related pathogens from Aquaculture farms	SRX27718405	Whole genome sequencing of P.aeruginosa isolate from Aquaculture farm	Whole genome sequencing of P.aeruginosa isolate from Aquaculture farm	287	Pseudomonas aeruginosa	P06	WGS	GENOMIC	RANDOM	SINGLE	SRS24111753	-	SAMN46866436	PRJNA1224760	MinION	MinION	OXFORD_NANOPORE	124298	438432148	124298	606114952	P06.fastq.gz	SRR32385933	438433793	2025-02-18 16:22:28	b79f3fc3470947748171196f359e6bce	1	SRA Normalized	Primary ETL	1	https://sra-pub-run-odp.s3.amazonaws.com/sra/SRR32385933/SRR32385933	worldwide	anonymous	https://sra-downloadb.be-md.ncbi.nlm.nih.gov/sos7/sra-pub-run-38/SRR032/32385/SRR32385933/SRR32385933.1	https://sra-downloadb.be-md.ncbi.nlm.nih.gov/sos7/sra-pub-run-38/SRR032/32385/SRR32385933/SRR32385933.1	worldwide	anonymous	gs://sra-pub-run-113/SRR32385933/SRR32385933.1	gs.us-east1	gcp identity	-	P06	SiWE	Akalesh Patel	2023-12-31	India: Thrissur, Kerala	aquaculture water	animal	AMR surveillance and research	A longitudinal study on Antimicrobial Resistance (AMR) and the influence of free extracellular DNA (exDNA) in the dissemination of AMR in aquaculture settings	Aquatic animals	9.81333 N 76.56222 E	G.K. Sivaraman, Akalesh Patel, Ada Zwetlana, Jaykumar Kiritkumar Patel, Ravikrishnan Elangovan	Aquaculture	One Health Enteric	-	-	-	-	-	-	-	-	-	-	-	-	-	-	-	-	-	-	-	-	-	-	-	-	http://ftp.sra.ebi.ac.uk/vol1/fastq/SRR323/033/SRR32385933/SRR32385933_1.fastq.gz	-	-	era-fasp@fasp.sra.ebi.ac.uk:vol1/fastq/SRR323/033/SRR32385933/SRR32385933_1.fastq.gz	-	-	Aquaculture farms
SRR32385933	evidence/RA_17.html	RA	PA1434	2,292	T→C	100%	intergenic (+678/–)	N_A → / –	hypothetical protein/–	4876	418	2	Aquaculture farms aquaculture water - - -	['Engineered', 'Environmental']	['Food production', 'Aquatic']	SRP564717	Whole Genome Sequencing of human-health related pathogens from Aquaculture farms	SRX27718405	Whole genome sequencing of P.aeruginosa isolate from Aquaculture farm	Whole genome sequencing of P.aeruginosa isolate from Aquaculture farm	287	Pseudomonas aeruginosa	P06	WGS	GENOMIC	RANDOM	SINGLE	SRS24111753	-	SAMN46866436	PRJNA1224760	MinION	MinION	OXFORD_NANOPORE	124298	438432148	124298	606114952	P06.fastq.gz	SRR32385933	438433793	2025-02-18 16:22:28	b79f3fc3470947748171196f359e6bce	1	SRA Normalized	Primary ETL	1	https://sra-pub-run-odp.s3.amazonaws.com/sra/SRR32385933/SRR32385933	worldwide	anonymous	https://sra-downloadb.be-md.ncbi.nlm.nih.gov/sos7/sra-pub-run-38/SRR032/32385/SRR32385933/SRR32385933.1	https://sra-downloadb.be-md.ncbi.nlm.nih.gov/sos7/sra-pub-run-38/SRR032/32385/SRR32385933/SRR32385933.1	worldwide	anonymous	gs://sra-pub-run-113/SRR32385933/SRR32385933.1	gs.us-east1	gcp identity	-	P06	SiWE	Akalesh Patel	2023-12-31	India: Thrissur, Kerala	aquaculture water	animal	AMR surveillance and research	A longitudinal study on Antimicrobial Resistance (AMR) and the influence of free extracellular DNA (exDNA) in the dissemination of AMR in aquaculture settings	Aquatic animals	9.81333 N 76.56222 E	G.K. Sivaraman, Akalesh Patel, Ada Zwetlana, Jaykumar Kiritkumar Patel, Ravikrishnan Elangovan	Aquaculture	One Health Enteric	-	-	-	-	-	-	-	-	-	-	-	-	-	-	-	-	-	-	-	-	-	-	-	-	http://ftp.sra.ebi.ac.uk/vol1/fastq/SRR323/033/SRR32385933/SRR32385933_1.fastq.gz	-	-	era-fasp@fasp.sra.ebi.ac.uk:vol1/fastq/SRR323/033/SRR32385933/SRR32385933_1.fastq.gz	-	-	Aquaculture farms
SRR32385933	evidence/MC_PLOT_121.html	MC	PA3147	1	Δ3,042 bp	100%		wbpJ	wbpJ	4876	418	2	Aquaculture farms aquaculture water - - -	['Engineered', 'Environmental']	['Food production', 'Aquatic']	SRP564717	Whole Genome Sequencing of human-health related pathogens from Aquaculture farms	SRX27718405	Whole genome sequencing of P.aeruginosa isolate from Aquaculture farm	Whole genome sequencing of P.aeruginosa isolate from Aquaculture farm	287	Pseudomonas aeruginosa	P06	WGS	GENOMIC	RANDOM	SINGLE	SRS24111753	-	SAMN46866436	PRJNA1224760	MinION	MinION	OXFORD_NANOPORE	124298	438432148	124298	606114952	P06.fastq.gz	SRR32385933	438433793	2025-02-18 16:22:28	b79f3fc3470947748171196f359e6bce	1	SRA Normalized	Primary ETL	1	https://sra-pub-run-odp.s3.amazonaws.com/sra/SRR32385933/SRR32385933	worldwide	anonymous	https://sra-downloadb.be-md.ncbi.nlm.nih.gov/sos7/sra-pub-run-38/SRR032/32385/SRR32385933/SRR32385933.1	https://sra-downloadb.be-md.ncbi.nlm.nih.gov/sos7/sra-pub-run-38/SRR032/32385/SRR32385933/SRR32385933.1	worldwide	anonymous	gs://sra-pub-run-113/SRR32385933/SRR32385933.1	gs.us-east1	gcp identity	-	P06	SiWE	Akalesh Patel	2023-12-31	India: Thrissur, Kerala	aquaculture water	animal	AMR surveillance and research	A longitudinal study on Antimicrobial Resistance (AMR) and the influence of free extracellular DNA (exDNA) in the dissemination of AMR in aquaculture settings	Aquatic animals	9.81333 N 76.56222 E	G.K. Sivaraman, Akalesh Patel, Ada Zwetlana, Jaykumar Kiritkumar Patel, Ravikrishnan Elangovan	Aquaculture	One Health Enteric	-	-	-	-	-	-	-	-	-	-	-	-	-	-	-	-	-	-	-	-	-	-	-	-	http://ftp.sra.ebi.ac.uk/vol1/fastq/SRR323/033/SRR32385933/SRR32385933_1.fastq.gz	-	-	era-fasp@fasp.sra.ebi.ac.uk:vol1/fastq/SRR323/033/SRR32385933/SRR32385933_1.fastq.gz	-	-	Aquaculture farms
SRR32385933	evidence/RA_19.html	RA	PA3159	2,231	C→T	100%	intergenic (+20/–)	wbpA → / –	UDP‑N‑acetyl‑d‑glucosamine 6‑dehydrogenase/–	4876	418	2	Aquaculture farms aquaculture water - - -	['Engineered', 'Environmental']	['Food production', 'Aquatic']	SRP564717	Whole Genome Sequencing of human-health related pathogens from Aquaculture farms	SRX27718405	Whole genome sequencing of P.aeruginosa isolate from Aquaculture farm	Whole genome sequencing of P.aeruginosa isolate from Aquaculture farm	287	Pseudomonas aeruginosa	P06	WGS	GENOMIC	RANDOM	SINGLE	SRS24111753	-	SAMN46866436	PRJNA1224760	MinION	MinION	OXFORD_NANOPORE	124298	438432148	124298	606114952	P06.fastq.gz	SRR32385933	438433793	2025-02-18 16:22:28	b79f3fc3470947748171196f359e6bce	1	SRA Normalized	Primary ETL	1	https://sra-pub-run-odp.s3.amazonaws.com/sra/SRR32385933/SRR32385933	worldwide	anonymous	https://sra-downloadb.be-md.ncbi.nlm.nih.gov/sos7/sra-pub-run-38/SRR032/32385/SRR32385933/SRR32385933.1	https://sra-downloadb.be-md.ncbi.nlm.nih.gov/sos7/sra-pub-run-38/SRR032/32385/SRR32385933/SRR32385933.1	worldwide	anonymous	gs://sra-pub-run-113/SRR32385933/SRR32385933.1	gs.us-east1	gcp identity	-	P06	SiWE	Akalesh Patel	2023-12-31	India: Thrissur, Kerala	aquaculture water	animal	AMR surveillance and research	A longitudinal study on Antimicrobial Resistance (AMR) and the influence of free extracellular DNA (exDNA) in the dissemination of AMR in aquaculture settings	Aquatic animals	9.81333 N 76.56222 E	G.K. Sivaraman, Akalesh Patel, Ada Zwetlana, Jaykumar Kiritkumar Patel, Ravikrishnan Elangovan	Aquaculture	One Health Enteric	-	-	-	-	-	-	-	-	-	-	-	-	-	-	-	-	-	-	-	-	-	-	-	-	http://ftp.sra.ebi.ac.uk/vol1/fastq/SRR323/033/SRR32385933/SRR32385933_1.fastq.gz	-	-	era-fasp@fasp.sra.ebi.ac.uk:vol1/fastq/SRR323/033/SRR32385933/SRR32385933_1.fastq.gz	-	-	Aquaculture farms
SRR32385933	evidence/RA_20.html	RA	PA3159	2,251	C→T	100%	intergenic (+40/–)	wbpA → / –	UDP‑N‑acetyl‑d‑glucosamine 6‑dehydrogenase/–	4876	418	2	Aquaculture farms aquaculture water - - -	['Engineered', 'Environmental']	['Food production', 'Aquatic']	SRP564717	Whole Genome Sequencing of human-health related pathogens from Aquaculture farms	SRX27718405	Whole genome sequencing of P.aeruginosa isolate from Aquaculture farm	Whole genome sequencing of P.aeruginosa isolate from Aquaculture farm	287	Pseudomonas aeruginosa	P06	WGS	GENOMIC	RANDOM	SINGLE	SRS24111753	-	SAMN46866436	PRJNA1224760	MinION	MinION	OXFORD_NANOPORE	124298	438432148	124298	606114952	P06.fastq.gz	SRR32385933	438433793	2025-02-18 16:22:28	b79f3fc3470947748171196f359e6bce	1	SRA Normalized	Primary ETL	1	https://sra-pub-run-odp.s3.amazonaws.com/sra/SRR32385933/SRR32385933	worldwide	anonymous	https://sra-downloadb.be-md.ncbi.nlm.nih.gov/sos7/sra-pub-run-38/SRR032/32385/SRR32385933/SRR32385933.1	https://sra-downloadb.be-md.ncbi.nlm.nih.gov/sos7/sra-pub-run-38/SRR032/32385/SRR32385933/SRR32385933.1	worldwide	anonymous	gs://sra-pub-run-113/SRR32385933/SRR32385933.1	gs.us-east1	gcp identity	-	P06	SiWE	Akalesh Patel	2023-12-31	India: Thrissur, Kerala	aquaculture water	animal	AMR surveillance and research	A longitudinal study on Antimicrobial Resistance (AMR) and the influence of free extracellular DNA (exDNA) in the dissemination of AMR in aquaculture settings	Aquatic animals	9.81333 N 76.56222 E	G.K. Sivaraman, Akalesh Patel, Ada Zwetlana, Jaykumar Kiritkumar Patel, Ravikrishnan Elangovan	Aquaculture	One Health Enteric	-	-	-	-	-	-	-	-	-	-	-	-	-	-	-	-	-	-	-	-	-	-	-	-	http://ftp.sra.ebi.ac.uk/vol1/fastq/SRR323/033/SRR32385933/SRR32385933_1.fastq.gz	-	-	era-fasp@fasp.sra.ebi.ac.uk:vol1/fastq/SRR323/033/SRR32385933/SRR32385933_1.fastq.gz	-	-	Aquaculture farms
SRR32385933	evidence/RA_21.html	RA	PA3159	2,608	A→T	100%	intergenic (+397/–)	wbpA → / –	UDP‑N‑acetyl‑d‑glucosamine 6‑dehydrogenase/–	4876	418	2	Aquaculture farms aquaculture water - - -	['Engineered', 'Environmental']	['Food production', 'Aquatic']	SRP564717	Whole Genome Sequencing of human-health related pathogens from Aquaculture farms	SRX27718405	Whole genome sequencing of P.aeruginosa isolate from Aquaculture farm	Whole genome sequencing of P.aeruginosa isolate from Aquaculture farm	287	Pseudomonas aeruginosa	P06	WGS	GENOMIC	RANDOM	SINGLE	SRS24111753	-	SAMN46866436	PRJNA1224760	MinION	MinION	OXFORD_NANOPORE	124298	438432148	124298	606114952	P06.fastq.gz	SRR32385933	438433793	2025-02-18 16:22:28	b79f3fc3470947748171196f359e6bce	1	SRA Normalized	Primary ETL	1	https://sra-pub-run-odp.s3.amazonaws.com/sra/SRR32385933/SRR32385933	worldwide	anonymous	https://sra-downloadb.be-md.ncbi.nlm.nih.gov/sos7/sra-pub-run-38/SRR032/32385/SRR32385933/SRR32385933.1	https://sra-downloadb.be-md.ncbi.nlm.nih.gov/sos7/sra-pub-run-38/SRR032/32385/SRR32385933/SRR32385933.1	worldwide	anonymous	gs://sra-pub-run-113/SRR32385933/SRR32385933.1	gs.us-east1	gcp identity	-	P06	SiWE	Akalesh Patel	2023-12-31	India: Thrissur, Kerala	aquaculture water	animal	AMR surveillance and research	A longitudinal study on Antimicrobial Resistance (AMR) and the influence of free extracellular DNA (exDNA) in the dissemination of AMR in aquaculture settings	Aquatic animals	9.81333 N 76.56222 E	G.K. Sivaraman, Akalesh Patel, Ada Zwetlana, Jaykumar Kiritkumar Patel, Ravikrishnan Elangovan	Aquaculture	One Health Enteric	-	-	-	-	-	-	-	-	-	-	-	-	-	-	-	-	-	-	-	-	-	-	-	-	http://ftp.sra.ebi.ac.uk/vol1/fastq/SRR323/033/SRR32385933/SRR32385933_1.fastq.gz	-	-	era-fasp@fasp.sra.ebi.ac.uk:vol1/fastq/SRR323/033/SRR32385933/SRR32385933_1.fastq.gz	-	-	Aquaculture farms
SRR32385933	evidence/RA_22.html	RA	PA3159	2,737	T→C	100%	intergenic (+526/–)	wbpA → / –	UDP‑N‑acetyl‑d‑glucosamine 6‑dehydrogenase/–	4876	418	2	Aquaculture farms aquaculture water - - -	['Engineered', 'Environmental']	['Food production', 'Aquatic']	SRP564717	Whole Genome Sequencing of human-health related pathogens from Aquaculture farms	SRX27718405	Whole genome sequencing of P.aeruginosa isolate from Aquaculture farm	Whole genome sequencing of P.aeruginosa isolate from Aquaculture farm	287	Pseudomonas aeruginosa	P06	WGS	GENOMIC	RANDOM	SINGLE	SRS24111753	-	SAMN46866436	PRJNA1224760	MinION	MinION	OXFORD_NANOPORE	124298	438432148	124298	606114952	P06.fastq.gz	SRR32385933	438433793	2025-02-18 16:22:28	b79f3fc3470947748171196f359e6bce	1	SRA Normalized	Primary ETL	1	https://sra-pub-run-odp.s3.amazonaws.com/sra/SRR32385933/SRR32385933	worldwide	anonymous	https://sra-downloadb.be-md.ncbi.nlm.nih.gov/sos7/sra-pub-run-38/SRR032/32385/SRR32385933/SRR32385933.1	https://sra-downloadb.be-md.ncbi.nlm.nih.gov/sos7/sra-pub-run-38/SRR032/32385/SRR32385933/SRR32385933.1	worldwide	anonymous	gs://sra-pub-run-113/SRR32385933/SRR32385933.1	gs.us-east1	gcp identity	-	P06	SiWE	Akalesh Patel	2023-12-31	India: Thrissur, Kerala	aquaculture water	animal	AMR surveillance and research	A longitudinal study on Antimicrobial Resistance (AMR) and the influence of free extracellular DNA (exDNA) in the dissemination of AMR in aquaculture settings	Aquatic animals	9.81333 N 76.56222 E	G.K. Sivaraman, Akalesh Patel, Ada Zwetlana, Jaykumar Kiritkumar Patel, Ravikrishnan Elangovan	Aquaculture	One Health Enteric	-	-	-	-	-	-	-	-	-	-	-	-	-	-	-	-	-	-	-	-	-	-	-	-	http://ftp.sra.ebi.ac.uk/vol1/fastq/SRR323/033/SRR32385933/SRR32385933_1.fastq.gz	-	-	era-fasp@fasp.sra.ebi.ac.uk:vol1/fastq/SRR323/033/SRR32385933/SRR32385933_1.fastq.gz	-	-	Aquaculture farms
SRR32385933	evidence/RA_23.html	RA	PA3159	2,923	A→C	100%	intergenic (+712/–)	wbpA → / –	UDP‑N‑acetyl‑d‑glucosamine 6‑dehydrogenase/–	4876	418	2	Aquaculture farms aquaculture water - - -	['Engineered', 'Environmental']	['Food production', 'Aquatic']	SRP564717	Whole Genome Sequencing of human-health related pathogens from Aquaculture farms	SRX27718405	Whole genome sequencing of P.aeruginosa isolate from Aquaculture farm	Whole genome sequencing of P.aeruginosa isolate from Aquaculture farm	287	Pseudomonas aeruginosa	P06	WGS	GENOMIC	RANDOM	SINGLE	SRS24111753	-	SAMN46866436	PRJNA1224760	MinION	MinION	OXFORD_NANOPORE	124298	438432148	124298	606114952	P06.fastq.gz	SRR32385933	438433793	2025-02-18 16:22:28	b79f3fc3470947748171196f359e6bce	1	SRA Normalized	Primary ETL	1	https://sra-pub-run-odp.s3.amazonaws.com/sra/SRR32385933/SRR32385933	worldwide	anonymous	https://sra-downloadb.be-md.ncbi.nlm.nih.gov/sos7/sra-pub-run-38/SRR032/32385/SRR32385933/SRR32385933.1	https://sra-downloadb.be-md.ncbi.nlm.nih.gov/sos7/sra-pub-run-38/SRR032/32385/SRR32385933/SRR32385933.1	worldwide	anonymous	gs://sra-pub-run-113/SRR32385933/SRR32385933.1	gs.us-east1	gcp identity	-	P06	SiWE	Akalesh Patel	2023-12-31	India: Thrissur, Kerala	aquaculture water	animal	AMR surveillance and research	A longitudinal study on Antimicrobial Resistance (AMR) and the influence of free extracellular DNA (exDNA) in the dissemination of AMR in aquaculture settings	Aquatic animals	9.81333 N 76.56222 E	G.K. Sivaraman, Akalesh Patel, Ada Zwetlana, Jaykumar Kiritkumar Patel, Ravikrishnan Elangovan	Aquaculture	One Health Enteric	-	-	-	-	-	-	-	-	-	-	-	-	-	-	-	-	-	-	-	-	-	-	-	-	http://ftp.sra.ebi.ac.uk/vol1/fastq/SRR323/033/SRR32385933/SRR32385933_1.fastq.gz	-	-	era-fasp@fasp.sra.ebi.ac.uk:vol1/fastq/SRR323/033/SRR32385933/SRR32385933_1.fastq.gz	-	-	Aquaculture farms
SRR32385933	evidence/RA_24.html	RA	PA3177	735	G→T	100%	intergenic (–/‑166)	– / → N_A	–/hypothetical protein	4876	418	2	Aquaculture farms aquaculture water - - -	['Engineered', 'Environmental']	['Food production', 'Aquatic']	SRP564717	Whole Genome Sequencing of human-health related pathogens from Aquaculture farms	SRX27718405	Whole genome sequencing of P.aeruginosa isolate from Aquaculture farm	Whole genome sequencing of P.aeruginosa isolate from Aquaculture farm	287	Pseudomonas aeruginosa	P06	WGS	GENOMIC	RANDOM	SINGLE	SRS24111753	-	SAMN46866436	PRJNA1224760	MinION	MinION	OXFORD_NANOPORE	124298	438432148	124298	606114952	P06.fastq.gz	SRR32385933	438433793	2025-02-18 16:22:28	b79f3fc3470947748171196f359e6bce	1	SRA Normalized	Primary ETL	1	https://sra-pub-run-odp.s3.amazonaws.com/sra/SRR32385933/SRR32385933	worldwide	anonymous	https://sra-downloadb.be-md.ncbi.nlm.nih.gov/sos7/sra-pub-run-38/SRR032/32385/SRR32385933/SRR32385933.1	https://sra-downloadb.be-md.ncbi.nlm.nih.gov/sos7/sra-pub-run-38/SRR032/32385/SRR32385933/SRR32385933.1	worldwide	anonymous	gs://sra-pub-run-113/SRR32385933/SRR32385933.1	gs.us-east1	gcp identity	-	P06	SiWE	Akalesh Patel	2023-12-31	India: Thrissur, Kerala	aquaculture water	animal	AMR surveillance and research	A longitudinal study on Antimicrobial Resistance (AMR) and the influence of free extracellular DNA (exDNA) in the dissemination of AMR in aquaculture settings	Aquatic animals	9.81333 N 76.56222 E	G.K. Sivaraman, Akalesh Patel, Ada Zwetlana, Jaykumar Kiritkumar Patel, Ravikrishnan Elangovan	Aquaculture	One Health Enteric	-	-	-	-	-	-	-	-	-	-	-	-	-	-	-	-	-	-	-	-	-	-	-	-	http://ftp.sra.ebi.ac.uk/vol1/fastq/SRR323/033/SRR32385933/SRR32385933_1.fastq.gz	-	-	era-fasp@fasp.sra.ebi.ac.uk:vol1/fastq/SRR323/033/SRR32385933/SRR32385933_1.fastq.gz	-	-	Aquaculture farms
SRR32385933	evidence/RA_25.html	RA	PA3177	1,296	C→T	100%	F132F (TTC→TTT)	N_A →	hypothetical protein	4876	418	2	Aquaculture farms aquaculture water - - -	['Engineered', 'Environmental']	['Food production', 'Aquatic']	SRP564717	Whole Genome Sequencing of human-health related pathogens from Aquaculture farms	SRX27718405	Whole genome sequencing of P.aeruginosa isolate from Aquaculture farm	Whole genome sequencing of P.aeruginosa isolate from Aquaculture farm	287	Pseudomonas aeruginosa	P06	WGS	GENOMIC	RANDOM	SINGLE	SRS24111753	-	SAMN46866436	PRJNA1224760	MinION	MinION	OXFORD_NANOPORE	124298	438432148	124298	606114952	P06.fastq.gz	SRR32385933	438433793	2025-02-18 16:22:28	b79f3fc3470947748171196f359e6bce	1	SRA Normalized	Primary ETL	1	https://sra-pub-run-odp.s3.amazonaws.com/sra/SRR32385933/SRR32385933	worldwide	anonymous	https://sra-downloadb.be-md.ncbi.nlm.nih.gov/sos7/sra-pub-run-38/SRR032/32385/SRR32385933/SRR32385933.1	https://sra-downloadb.be-md.ncbi.nlm.nih.gov/sos7/sra-pub-run-38/SRR032/32385/SRR32385933/SRR32385933.1	worldwide	anonymous	gs://sra-pub-run-113/SRR32385933/SRR32385933.1	gs.us-east1	gcp identity	-	P06	SiWE	Akalesh Patel	2023-12-31	India: Thrissur, Kerala	aquaculture water	animal	AMR surveillance and research	A longitudinal study on Antimicrobial Resistance (AMR) and the influence of free extracellular DNA (exDNA) in the dissemination of AMR in aquaculture settings	Aquatic animals	9.81333 N 76.56222 E	G.K. Sivaraman, Akalesh Patel, Ada Zwetlana, Jaykumar Kiritkumar Patel, Ravikrishnan Elangovan	Aquaculture	One Health Enteric	-	-	-	-	-	-	-	-	-	-	-	-	-	-	-	-	-	-	-	-	-	-	-	-	http://ftp.sra.ebi.ac.uk/vol1/fastq/SRR323/033/SRR32385933/SRR32385933_1.fastq.gz	-	-	era-fasp@fasp.sra.ebi.ac.uk:vol1/fastq/SRR323/033/SRR32385933/SRR32385933_1.fastq.gz	-	-	Aquaculture farms
SRR32385933	evidence/RA_26.html	RA	PA3177	1,962	A→T	100%	intergenic (+138/–)	N_A → / –	hypothetical protein/–	4876	418	2	Aquaculture farms aquaculture water - - -	['Engineered', 'Environmental']	['Food production', 'Aquatic']	SRP564717	Whole Genome Sequencing of human-health related pathogens from Aquaculture farms	SRX27718405	Whole genome sequencing of P.aeruginosa isolate from Aquaculture farm	Whole genome sequencing of P.aeruginosa isolate from Aquaculture farm	287	Pseudomonas aeruginosa	P06	WGS	GENOMIC	RANDOM	SINGLE	SRS24111753	-	SAMN46866436	PRJNA1224760	MinION	MinION	OXFORD_NANOPORE	124298	438432148	124298	606114952	P06.fastq.gz	SRR32385933	438433793	2025-02-18 16:22:28	b79f3fc3470947748171196f359e6bce	1	SRA Normalized	Primary ETL	1	https://sra-pub-run-odp.s3.amazonaws.com/sra/SRR32385933/SRR32385933	worldwide	anonymous	https://sra-downloadb.be-md.ncbi.nlm.nih.gov/sos7/sra-pub-run-38/SRR032/32385/SRR32385933/SRR32385933.1	https://sra-downloadb.be-md.ncbi.nlm.nih.gov/sos7/sra-pub-run-38/SRR032/32385/SRR32385933/SRR32385933.1	worldwide	anonymous	gs://sra-pub-run-113/SRR32385933/SRR32385933.1	gs.us-east1	gcp identity	-	P06	SiWE	Akalesh Patel	2023-12-31	India: Thrissur, Kerala	aquaculture water	animal	AMR surveillance and research	A longitudinal study on Antimicrobial Resistance (AMR) and the influence of free extracellular DNA (exDNA) in the dissemination of AMR in aquaculture settings	Aquatic animals	9.81333 N 76.56222 E	G.K. Sivaraman, Akalesh Patel, Ada Zwetlana, Jaykumar Kiritkumar Patel, Ravikrishnan Elangovan	Aquaculture	One Health Enteric	-	-	-	-	-	-	-	-	-	-	-	-	-	-	-	-	-	-	-	-	-	-	-	-	http://ftp.sra.ebi.ac.uk/vol1/fastq/SRR323/033/SRR32385933/SRR32385933_1.fastq.gz	-	-	era-fasp@fasp.sra.ebi.ac.uk:vol1/fastq/SRR323/033/SRR32385933/SRR32385933_1.fastq.gz	-	-	Aquaculture farms
SRR32385933	evidence/RA_27.html	RA	PA3177	2,324	C→T	100%	intergenic (+500/–)	N_A → / –	hypothetical protein/–	4876	418	2	Aquaculture farms aquaculture water - - -	['Engineered', 'Environmental']	['Food production', 'Aquatic']	SRP564717	Whole Genome Sequencing of human-health related pathogens from Aquaculture farms	SRX27718405	Whole genome sequencing of P.aeruginosa isolate from Aquaculture farm	Whole genome sequencing of P.aeruginosa isolate from Aquaculture farm	287	Pseudomonas aeruginosa	P06	WGS	GENOMIC	RANDOM	SINGLE	SRS24111753	-	SAMN46866436	PRJNA1224760	MinION	MinION	OXFORD_NANOPORE	124298	438432148	124298	606114952	P06.fastq.gz	SRR32385933	438433793	2025-02-18 16:22:28	b79f3fc3470947748171196f359e6bce	1	SRA Normalized	Primary ETL	1	https://sra-pub-run-odp.s3.amazonaws.com/sra/SRR32385933/SRR32385933	worldwide	anonymous	https://sra-downloadb.be-md.ncbi.nlm.nih.gov/sos7/sra-pub-run-38/SRR032/32385/SRR32385933/SRR32385933.1	https://sra-downloadb.be-md.ncbi.nlm.nih.gov/sos7/sra-pub-run-38/SRR032/32385/SRR32385933/SRR32385933.1	worldwide	anonymous	gs://sra-pub-run-113/SRR32385933/SRR32385933.1	gs.us-east1	gcp identity	-	P06	SiWE	Akalesh Patel	2023-12-31	India: Thrissur, Kerala	aquaculture water	animal	AMR surveillance and research	A longitudinal study on Antimicrobial Resistance (AMR) and the influence of free extracellular DNA (exDNA) in the dissemination of AMR in aquaculture settings	Aquatic animals	9.81333 N 76.56222 E	G.K. Sivaraman, Akalesh Patel, Ada Zwetlana, Jaykumar Kiritkumar Patel, Ravikrishnan Elangovan	Aquaculture	One Health Enteric	-	-	-	-	-	-	-	-	-	-	-	-	-	-	-	-	-	-	-	-	-	-	-	-	http://ftp.sra.ebi.ac.uk/vol1/fastq/SRR323/033/SRR32385933/SRR32385933_1.fastq.gz	-	-	era-fasp@fasp.sra.ebi.ac.uk:vol1/fastq/SRR323/033/SRR32385933/SRR32385933_1.fastq.gz	-	-	Aquaculture farms
SRR32385933	evidence/RA_28.html	RA	PA3565	554	T→C	100%	intergenic (–/‑347)	– / → N_A	–/transcriptional regulator	4876	418	2	Aquaculture farms aquaculture water - - -	['Engineered', 'Environmental']	['Food production', 'Aquatic']	SRP564717	Whole Genome Sequencing of human-health related pathogens from Aquaculture farms	SRX27718405	Whole genome sequencing of P.aeruginosa isolate from Aquaculture farm	Whole genome sequencing of P.aeruginosa isolate from Aquaculture farm	287	Pseudomonas aeruginosa	P06	WGS	GENOMIC	RANDOM	SINGLE	SRS24111753	-	SAMN46866436	PRJNA1224760	MinION	MinION	OXFORD_NANOPORE	124298	438432148	124298	606114952	P06.fastq.gz	SRR32385933	438433793	2025-02-18 16:22:28	b79f3fc3470947748171196f359e6bce	1	SRA Normalized	Primary ETL	1	https://sra-pub-run-odp.s3.amazonaws.com/sra/SRR32385933/SRR32385933	worldwide	anonymous	https://sra-downloadb.be-md.ncbi.nlm.nih.gov/sos7/sra-pub-run-38/SRR032/32385/SRR32385933/SRR32385933.1	https://sra-downloadb.be-md.ncbi.nlm.nih.gov/sos7/sra-pub-run-38/SRR032/32385/SRR32385933/SRR32385933.1	worldwide	anonymous	gs://sra-pub-run-113/SRR32385933/SRR32385933.1	gs.us-east1	gcp identity	-	P06	SiWE	Akalesh Patel	2023-12-31	India: Thrissur, Kerala	aquaculture water	animal	AMR surveillance and research	A longitudinal study on Antimicrobial Resistance (AMR) and the influence of free extracellular DNA (exDNA) in the dissemination of AMR in aquaculture settings	Aquatic animals	9.81333 N 76.56222 E	G.K. Sivaraman, Akalesh Patel, Ada Zwetlana, Jaykumar Kiritkumar Patel, Ravikrishnan Elangovan	Aquaculture	One Health Enteric	-	-	-	-	-	-	-	-	-	-	-	-	-	-	-	-	-	-	-	-	-	-	-	-	http://ftp.sra.ebi.ac.uk/vol1/fastq/SRR323/033/SRR32385933/SRR32385933_1.fastq.gz	-	-	era-fasp@fasp.sra.ebi.ac.uk:vol1/fastq/SRR323/033/SRR32385933/SRR32385933_1.fastq.gz	-	-	Aquaculture farms
SRR32385933	evidence/RA_29.html	RA	PA3565	1,647	C→T	100%	D249D (GAC→GAT)	N_A →	transcriptional regulator	4876	418	2	Aquaculture farms aquaculture water - - -	['Engineered', 'Environmental']	['Food production', 'Aquatic']	SRP564717	Whole Genome Sequencing of human-health related pathogens from Aquaculture farms	SRX27718405	Whole genome sequencing of P.aeruginosa isolate from Aquaculture farm	Whole genome sequencing of P.aeruginosa isolate from Aquaculture farm	287	Pseudomonas aeruginosa	P06	WGS	GENOMIC	RANDOM	SINGLE	SRS24111753	-	SAMN46866436	PRJNA1224760	MinION	MinION	OXFORD_NANOPORE	124298	438432148	124298	606114952	P06.fastq.gz	SRR32385933	438433793	2025-02-18 16:22:28	b79f3fc3470947748171196f359e6bce	1	SRA Normalized	Primary ETL	1	https://sra-pub-run-odp.s3.amazonaws.com/sra/SRR32385933/SRR32385933	worldwide	anonymous	https://sra-downloadb.be-md.ncbi.nlm.nih.gov/sos7/sra-pub-run-38/SRR032/32385/SRR32385933/SRR32385933.1	https://sra-downloadb.be-md.ncbi.nlm.nih.gov/sos7/sra-pub-run-38/SRR032/32385/SRR32385933/SRR32385933.1	worldwide	anonymous	gs://sra-pub-run-113/SRR32385933/SRR32385933.1	gs.us-east1	gcp identity	-	P06	SiWE	Akalesh Patel	2023-12-31	India: Thrissur, Kerala	aquaculture water	animal	AMR surveillance and research	A longitudinal study on Antimicrobial Resistance (AMR) and the influence of free extracellular DNA (exDNA) in the dissemination of AMR in aquaculture settings	Aquatic animals	9.81333 N 76.56222 E	G.K. Sivaraman, Akalesh Patel, Ada Zwetlana, Jaykumar Kiritkumar Patel, Ravikrishnan Elangovan	Aquaculture	One Health Enteric	-	-	-	-	-	-	-	-	-	-	-	-	-	-	-	-	-	-	-	-	-	-	-	-	http://ftp.sra.ebi.ac.uk/vol1/fastq/SRR323/033/SRR32385933/SRR32385933_1.fastq.gz	-	-	era-fasp@fasp.sra.ebi.ac.uk:vol1/fastq/SRR323/033/SRR32385933/SRR32385933_1.fastq.gz	-	-	Aquaculture farms
SRR32385933	evidence/RA_30.html	RA	PA4601	573	T→C	100%	intergenic (–/‑328)	– / → morA	–/motility regulator	4876	418	2	Aquaculture farms aquaculture water - - -	['Engineered', 'Environmental']	['Food production', 'Aquatic']	SRP564717	Whole Genome Sequencing of human-health related pathogens from Aquaculture farms	SRX27718405	Whole genome sequencing of P.aeruginosa isolate from Aquaculture farm	Whole genome sequencing of P.aeruginosa isolate from Aquaculture farm	287	Pseudomonas aeruginosa	P06	WGS	GENOMIC	RANDOM	SINGLE	SRS24111753	-	SAMN46866436	PRJNA1224760	MinION	MinION	OXFORD_NANOPORE	124298	438432148	124298	606114952	P06.fastq.gz	SRR32385933	438433793	2025-02-18 16:22:28	b79f3fc3470947748171196f359e6bce	1	SRA Normalized	Primary ETL	1	https://sra-pub-run-odp.s3.amazonaws.com/sra/SRR32385933/SRR32385933	worldwide	anonymous	https://sra-downloadb.be-md.ncbi.nlm.nih.gov/sos7/sra-pub-run-38/SRR032/32385/SRR32385933/SRR32385933.1	https://sra-downloadb.be-md.ncbi.nlm.nih.gov/sos7/sra-pub-run-38/SRR032/32385/SRR32385933/SRR32385933.1	worldwide	anonymous	gs://sra-pub-run-113/SRR32385933/SRR32385933.1	gs.us-east1	gcp identity	-	P06	SiWE	Akalesh Patel	2023-12-31	India: Thrissur, Kerala	aquaculture water	animal	AMR surveillance and research	A longitudinal study on Antimicrobial Resistance (AMR) and the influence of free extracellular DNA (exDNA) in the dissemination of AMR in aquaculture settings	Aquatic animals	9.81333 N 76.56222 E	G.K. Sivaraman, Akalesh Patel, Ada Zwetlana, Jaykumar Kiritkumar Patel, Ravikrishnan Elangovan	Aquaculture	One Health Enteric	-	-	-	-	-	-	-	-	-	-	-	-	-	-	-	-	-	-	-	-	-	-	-	-	http://ftp.sra.ebi.ac.uk/vol1/fastq/SRR323/033/SRR32385933/SRR32385933_1.fastq.gz	-	-	era-fasp@fasp.sra.ebi.ac.uk:vol1/fastq/SRR323/033/SRR32385933/SRR32385933_1.fastq.gz	-	-	Aquaculture farms
SRR32385933	evidence/RA_31.html	RA	PA4601	630	T→C	100%	intergenic (–/‑271)	– / → morA	–/motility regulator	4876	418	2	Aquaculture farms aquaculture water - - -	['Engineered', 'Environmental']	['Food production', 'Aquatic']	SRP564717	Whole Genome Sequencing of human-health related pathogens from Aquaculture farms	SRX27718405	Whole genome sequencing of P.aeruginosa isolate from Aquaculture farm	Whole genome sequencing of P.aeruginosa isolate from Aquaculture farm	287	Pseudomonas aeruginosa	P06	WGS	GENOMIC	RANDOM	SINGLE	SRS24111753	-	SAMN46866436	PRJNA1224760	MinION	MinION	OXFORD_NANOPORE	124298	438432148	124298	606114952	P06.fastq.gz	SRR32385933	438433793	2025-02-18 16:22:28	b79f3fc3470947748171196f359e6bce	1	SRA Normalized	Primary ETL	1	https://sra-pub-run-odp.s3.amazonaws.com/sra/SRR32385933/SRR32385933	worldwide	anonymous	https://sra-downloadb.be-md.ncbi.nlm.nih.gov/sos7/sra-pub-run-38/SRR032/32385/SRR32385933/SRR32385933.1	https://sra-downloadb.be-md.ncbi.nlm.nih.gov/sos7/sra-pub-run-38/SRR032/32385/SRR32385933/SRR32385933.1	worldwide	anonymous	gs://sra-pub-run-113/SRR32385933/SRR32385933.1	gs.us-east1	gcp identity	-	P06	SiWE	Akalesh Patel	2023-12-31	India: Thrissur, Kerala	aquaculture water	animal	AMR surveillance and research	A longitudinal study on Antimicrobial Resistance (AMR) and the influence of free extracellular DNA (exDNA) in the dissemination of AMR in aquaculture settings	Aquatic animals	9.81333 N 76.56222 E	G.K. Sivaraman, Akalesh Patel, Ada Zwetlana, Jaykumar Kiritkumar Patel, Ravikrishnan Elangovan	Aquaculture	One Health Enteric	-	-	-	-	-	-	-	-	-	-	-	-	-	-	-	-	-	-	-	-	-	-	-	-	http://ftp.sra.ebi.ac.uk/vol1/fastq/SRR323/033/SRR32385933/SRR32385933_1.fastq.gz	-	-	era-fasp@fasp.sra.ebi.ac.uk:vol1/fastq/SRR323/033/SRR32385933/SRR32385933_1.fastq.gz	-	-	Aquaculture farms
SRR32385933	evidence/RA_32.html	RA	PA4601	636	C→T	100%	intergenic (–/‑265)	– / → morA	–/motility regulator	4876	418	2	Aquaculture farms aquaculture water - - -	['Engineered', 'Environmental']	['Food production', 'Aquatic']	SRP564717	Whole Genome Sequencing of human-health related pathogens from Aquaculture farms	SRX27718405	Whole genome sequencing of P.aeruginosa isolate from Aquaculture farm	Whole genome sequencing of P.aeruginosa isolate from Aquaculture farm	287	Pseudomonas aeruginosa	P06	WGS	GENOMIC	RANDOM	SINGLE	SRS24111753	-	SAMN46866436	PRJNA1224760	MinION	MinION	OXFORD_NANOPORE	124298	438432148	124298	606114952	P06.fastq.gz	SRR32385933	438433793	2025-02-18 16:22:28	b79f3fc3470947748171196f359e6bce	1	SRA Normalized	Primary ETL	1	https://sra-pub-run-odp.s3.amazonaws.com/sra/SRR32385933/SRR32385933	worldwide	anonymous	https://sra-downloadb.be-md.ncbi.nlm.nih.gov/sos7/sra-pub-run-38/SRR032/32385/SRR32385933/SRR32385933.1	https://sra-downloadb.be-md.ncbi.nlm.nih.gov/sos7/sra-pub-run-38/SRR032/32385/SRR32385933/SRR32385933.1	worldwide	anonymous	gs://sra-pub-run-113/SRR32385933/SRR32385933.1	gs.us-east1	gcp identity	-	P06	SiWE	Akalesh Patel	2023-12-31	India: Thrissur, Kerala	aquaculture water	animal	AMR surveillance and research	A longitudinal study on Antimicrobial Resistance (AMR) and the influence of free extracellular DNA (exDNA) in the dissemination of AMR in aquaculture settings	Aquatic animals	9.81333 N 76.56222 E	G.K. Sivaraman, Akalesh Patel, Ada Zwetlana, Jaykumar Kiritkumar Patel, Ravikrishnan Elangovan	Aquaculture	One Health Enteric	-	-	-	-	-	-	-	-	-	-	-	-	-	-	-	-	-	-	-	-	-	-	-	-	http://ftp.sra.ebi.ac.uk/vol1/fastq/SRR323/033/SRR32385933/SRR32385933_1.fastq.gz	-	-	era-fasp@fasp.sra.ebi.ac.uk:vol1/fastq/SRR323/033/SRR32385933/SRR32385933_1.fastq.gz	-	-	Aquaculture farms
SRR32385933	evidence/RA_33.html	RA	PA4601	648	T→G	100%	intergenic (–/‑253)	– / → morA	–/motility regulator	4876	418	2	Aquaculture farms aquaculture water - - -	['Engineered', 'Environmental']	['Food production', 'Aquatic']	SRP564717	Whole Genome Sequencing of human-health related pathogens from Aquaculture farms	SRX27718405	Whole genome sequencing of P.aeruginosa isolate from Aquaculture farm	Whole genome sequencing of P.aeruginosa isolate from Aquaculture farm	287	Pseudomonas aeruginosa	P06	WGS	GENOMIC	RANDOM	SINGLE	SRS24111753	-	SAMN46866436	PRJNA1224760	MinION	MinION	OXFORD_NANOPORE	124298	438432148	124298	606114952	P06.fastq.gz	SRR32385933	438433793	2025-02-18 16:22:28	b79f3fc3470947748171196f359e6bce	1	SRA Normalized	Primary ETL	1	https://sra-pub-run-odp.s3.amazonaws.com/sra/SRR32385933/SRR32385933	worldwide	anonymous	https://sra-downloadb.be-md.ncbi.nlm.nih.gov/sos7/sra-pub-run-38/SRR032/32385/SRR32385933/SRR32385933.1	https://sra-downloadb.be-md.ncbi.nlm.nih.gov/sos7/sra-pub-run-38/SRR032/32385/SRR32385933/SRR32385933.1	worldwide	anonymous	gs://sra-pub-run-113/SRR32385933/SRR32385933.1	gs.us-east1	gcp identity	-	P06	SiWE	Akalesh Patel	2023-12-31	India: Thrissur, Kerala	aquaculture water	animal	AMR surveillance and research	A longitudinal study on Antimicrobial Resistance (AMR) and the influence of free extracellular DNA (exDNA) in the dissemination of AMR in aquaculture settings	Aquatic animals	9.81333 N 76.56222 E	G.K. Sivaraman, Akalesh Patel, Ada Zwetlana, Jaykumar Kiritkumar Patel, Ravikrishnan Elangovan	Aquaculture	One Health Enteric	-	-	-	-	-	-	-	-	-	-	-	-	-	-	-	-	-	-	-	-	-	-	-	-	http://ftp.sra.ebi.ac.uk/vol1/fastq/SRR323/033/SRR32385933/SRR32385933_1.fastq.gz	-	-	era-fasp@fasp.sra.ebi.ac.uk:vol1/fastq/SRR323/033/SRR32385933/SRR32385933_1.fastq.gz	-	-	Aquaculture farms
SRR32385933	evidence/RA_34.html	RA	PA4601	662	C→T	100%	intergenic (–/‑239)	– / → morA	–/motility regulator	4876	418	2	Aquaculture farms aquaculture water - - -	['Engineered', 'Environmental']	['Food production', 'Aquatic']	SRP564717	Whole Genome Sequencing of human-health related pathogens from Aquaculture farms	SRX27718405	Whole genome sequencing of P.aeruginosa isolate from Aquaculture farm	Whole genome sequencing of P.aeruginosa isolate from Aquaculture farm	287	Pseudomonas aeruginosa	P06	WGS	GENOMIC	RANDOM	SINGLE	SRS24111753	-	SAMN46866436	PRJNA1224760	MinION	MinION	OXFORD_NANOPORE	124298	438432148	124298	606114952	P06.fastq.gz	SRR32385933	438433793	2025-02-18 16:22:28	b79f3fc3470947748171196f359e6bce	1	SRA Normalized	Primary ETL	1	https://sra-pub-run-odp.s3.amazonaws.com/sra/SRR32385933/SRR32385933	worldwide	anonymous	https://sra-downloadb.be-md.ncbi.nlm.nih.gov/sos7/sra-pub-run-38/SRR032/32385/SRR32385933/SRR32385933.1	https://sra-downloadb.be-md.ncbi.nlm.nih.gov/sos7/sra-pub-run-38/SRR032/32385/SRR32385933/SRR32385933.1	worldwide	anonymous	gs://sra-pub-run-113/SRR32385933/SRR32385933.1	gs.us-east1	gcp identity	-	P06	SiWE	Akalesh Patel	2023-12-31	India: Thrissur, Kerala	aquaculture water	animal	AMR surveillance and research	A longitudinal study on Antimicrobial Resistance (AMR) and the influence of free extracellular DNA (exDNA) in the dissemination of AMR in aquaculture settings	Aquatic animals	9.81333 N 76.56222 E	G.K. Sivaraman, Akalesh Patel, Ada Zwetlana, Jaykumar Kiritkumar Patel, Ravikrishnan Elangovan	Aquaculture	One Health Enteric	-	-	-	-	-	-	-	-	-	-	-	-	-	-	-	-	-	-	-	-	-	-	-	-	http://ftp.sra.ebi.ac.uk/vol1/fastq/SRR323/033/SRR32385933/SRR32385933_1.fastq.gz	-	-	era-fasp@fasp.sra.ebi.ac.uk:vol1/fastq/SRR323/033/SRR32385933/SRR32385933_1.fastq.gz	-	-	Aquaculture farms
SRR32385933	evidence/RA_35.html	RA	PA4601	767	C→G	100%	intergenic (–/‑134)	– / → morA	–/motility regulator	4876	418	2	Aquaculture farms aquaculture water - - -	['Engineered', 'Environmental']	['Food production', 'Aquatic']	SRP564717	Whole Genome Sequencing of human-health related pathogens from Aquaculture farms	SRX27718405	Whole genome sequencing of P.aeruginosa isolate from Aquaculture farm	Whole genome sequencing of P.aeruginosa isolate from Aquaculture farm	287	Pseudomonas aeruginosa	P06	WGS	GENOMIC	RANDOM	SINGLE	SRS24111753	-	SAMN46866436	PRJNA1224760	MinION	MinION	OXFORD_NANOPORE	124298	438432148	124298	606114952	P06.fastq.gz	SRR32385933	438433793	2025-02-18 16:22:28	b79f3fc3470947748171196f359e6bce	1	SRA Normalized	Primary ETL	1	https://sra-pub-run-odp.s3.amazonaws.com/sra/SRR32385933/SRR32385933	worldwide	anonymous	https://sra-downloadb.be-md.ncbi.nlm.nih.gov/sos7/sra-pub-run-38/SRR032/32385/SRR32385933/SRR32385933.1	https://sra-downloadb.be-md.ncbi.nlm.nih.gov/sos7/sra-pub-run-38/SRR032/32385/SRR32385933/SRR32385933.1	worldwide	anonymous	gs://sra-pub-run-113/SRR32385933/SRR32385933.1	gs.us-east1	gcp identity	-	P06	SiWE	Akalesh Patel	2023-12-31	India: Thrissur, Kerala	aquaculture water	animal	AMR surveillance and research	A longitudinal study on Antimicrobial Resistance (AMR) and the influence of free extracellular DNA (exDNA) in the dissemination of AMR in aquaculture settings	Aquatic animals	9.81333 N 76.56222 E	G.K. Sivaraman, Akalesh Patel, Ada Zwetlana, Jaykumar Kiritkumar Patel, Ravikrishnan Elangovan	Aquaculture	One Health Enteric	-	-	-	-	-	-	-	-	-	-	-	-	-	-	-	-	-	-	-	-	-	-	-	-	http://ftp.sra.ebi.ac.uk/vol1/fastq/SRR323/033/SRR32385933/SRR32385933_1.fastq.gz	-	-	era-fasp@fasp.sra.ebi.ac.uk:vol1/fastq/SRR323/033/SRR32385933/SRR32385933_1.fastq.gz	-	-	Aquaculture farms
SRR32385933	evidence/RA_36.html	RA	PA4601	772	C→G	100%	intergenic (–/‑129)	– / → morA	–/motility regulator	4876	418	2	Aquaculture farms aquaculture water - - -	['Engineered', 'Environmental']	['Food production', 'Aquatic']	SRP564717	Whole Genome Sequencing of human-health related pathogens from Aquaculture farms	SRX27718405	Whole genome sequencing of P.aeruginosa isolate from Aquaculture farm	Whole genome sequencing of P.aeruginosa isolate from Aquaculture farm	287	Pseudomonas aeruginosa	P06	WGS	GENOMIC	RANDOM	SINGLE	SRS24111753	-	SAMN46866436	PRJNA1224760	MinION	MinION	OXFORD_NANOPORE	124298	438432148	124298	606114952	P06.fastq.gz	SRR32385933	438433793	2025-02-18 16:22:28	b79f3fc3470947748171196f359e6bce	1	SRA Normalized	Primary ETL	1	https://sra-pub-run-odp.s3.amazonaws.com/sra/SRR32385933/SRR32385933	worldwide	anonymous	https://sra-downloadb.be-md.ncbi.nlm.nih.gov/sos7/sra-pub-run-38/SRR032/32385/SRR32385933/SRR32385933.1	https://sra-downloadb.be-md.ncbi.nlm.nih.gov/sos7/sra-pub-run-38/SRR032/32385/SRR32385933/SRR32385933.1	worldwide	anonymous	gs://sra-pub-run-113/SRR32385933/SRR32385933.1	gs.us-east1	gcp identity	-	P06	SiWE	Akalesh Patel	2023-12-31	India: Thrissur, Kerala	aquaculture water	animal	AMR surveillance and research	A longitudinal study on Antimicrobial Resistance (AMR) and the influence of free extracellular DNA (exDNA) in the dissemination of AMR in aquaculture settings	Aquatic animals	9.81333 N 76.56222 E	G.K. Sivaraman, Akalesh Patel, Ada Zwetlana, Jaykumar Kiritkumar Patel, Ravikrishnan Elangovan	Aquaculture	One Health Enteric	-	-	-	-	-	-	-	-	-	-	-	-	-	-	-	-	-	-	-	-	-	-	-	-	http://ftp.sra.ebi.ac.uk/vol1/fastq/SRR323/033/SRR32385933/SRR32385933_1.fastq.gz	-	-	era-fasp@fasp.sra.ebi.ac.uk:vol1/fastq/SRR323/033/SRR32385933/SRR32385933_1.fastq.gz	-	-	Aquaculture farms
SRR32385933	evidence/RA_37.html	RA	PA4601	1,074	G→A	100%	R58R (CGG→CGA)	morA →	motility regulator	4876	418	2	Aquaculture farms aquaculture water - - -	['Engineered', 'Environmental']	['Food production', 'Aquatic']	SRP564717	Whole Genome Sequencing of human-health related pathogens from Aquaculture farms	SRX27718405	Whole genome sequencing of P.aeruginosa isolate from Aquaculture farm	Whole genome sequencing of P.aeruginosa isolate from Aquaculture farm	287	Pseudomonas aeruginosa	P06	WGS	GENOMIC	RANDOM	SINGLE	SRS24111753	-	SAMN46866436	PRJNA1224760	MinION	MinION	OXFORD_NANOPORE	124298	438432148	124298	606114952	P06.fastq.gz	SRR32385933	438433793	2025-02-18 16:22:28	b79f3fc3470947748171196f359e6bce	1	SRA Normalized	Primary ETL	1	https://sra-pub-run-odp.s3.amazonaws.com/sra/SRR32385933/SRR32385933	worldwide	anonymous	https://sra-downloadb.be-md.ncbi.nlm.nih.gov/sos7/sra-pub-run-38/SRR032/32385/SRR32385933/SRR32385933.1	https://sra-downloadb.be-md.ncbi.nlm.nih.gov/sos7/sra-pub-run-38/SRR032/32385/SRR32385933/SRR32385933.1	worldwide	anonymous	gs://sra-pub-run-113/SRR32385933/SRR32385933.1	gs.us-east1	gcp identity	-	P06	SiWE	Akalesh Patel	2023-12-31	India: Thrissur, Kerala	aquaculture water	animal	AMR surveillance and research	A longitudinal study on Antimicrobial Resistance (AMR) and the influence of free extracellular DNA (exDNA) in the dissemination of AMR in aquaculture settings	Aquatic animals	9.81333 N 76.56222 E	G.K. Sivaraman, Akalesh Patel, Ada Zwetlana, Jaykumar Kiritkumar Patel, Ravikrishnan Elangovan	Aquaculture	One Health Enteric	-	-	-	-	-	-	-	-	-	-	-	-	-	-	-	-	-	-	-	-	-	-	-	-	http://ftp.sra.ebi.ac.uk/vol1/fastq/SRR323/033/SRR32385933/SRR32385933_1.fastq.gz	-	-	era-fasp@fasp.sra.ebi.ac.uk:vol1/fastq/SRR323/033/SRR32385933/SRR32385933_1.fastq.gz	-	-	Aquaculture farms
SRR32385933	evidence/RA_38.html	RA	PA4601	1,329	T→C	100%	G143G (GGT→GGC)	morA →	motility regulator	4876	418	2	Aquaculture farms aquaculture water - - -	['Engineered', 'Environmental']	['Food production', 'Aquatic']	SRP564717	Whole Genome Sequencing of human-health related pathogens from Aquaculture farms	SRX27718405	Whole genome sequencing of P.aeruginosa isolate from Aquaculture farm	Whole genome sequencing of P.aeruginosa isolate from Aquaculture farm	287	Pseudomonas aeruginosa	P06	WGS	GENOMIC	RANDOM	SINGLE	SRS24111753	-	SAMN46866436	PRJNA1224760	MinION	MinION	OXFORD_NANOPORE	124298	438432148	124298	606114952	P06.fastq.gz	SRR32385933	438433793	2025-02-18 16:22:28	b79f3fc3470947748171196f359e6bce	1	SRA Normalized	Primary ETL	1	https://sra-pub-run-odp.s3.amazonaws.com/sra/SRR32385933/SRR32385933	worldwide	anonymous	https://sra-downloadb.be-md.ncbi.nlm.nih.gov/sos7/sra-pub-run-38/SRR032/32385/SRR32385933/SRR32385933.1	https://sra-downloadb.be-md.ncbi.nlm.nih.gov/sos7/sra-pub-run-38/SRR032/32385/SRR32385933/SRR32385933.1	worldwide	anonymous	gs://sra-pub-run-113/SRR32385933/SRR32385933.1	gs.us-east1	gcp identity	-	P06	SiWE	Akalesh Patel	2023-12-31	India: Thrissur, Kerala	aquaculture water	animal	AMR surveillance and research	A longitudinal study on Antimicrobial Resistance (AMR) and the influence of free extracellular DNA (exDNA) in the dissemination of AMR in aquaculture settings	Aquatic animals	9.81333 N 76.56222 E	G.K. Sivaraman, Akalesh Patel, Ada Zwetlana, Jaykumar Kiritkumar Patel, Ravikrishnan Elangovan	Aquaculture	One Health Enteric	-	-	-	-	-	-	-	-	-	-	-	-	-	-	-	-	-	-	-	-	-	-	-	-	http://ftp.sra.ebi.ac.uk/vol1/fastq/SRR323/033/SRR32385933/SRR32385933_1.fastq.gz	-	-	era-fasp@fasp.sra.ebi.ac.uk:vol1/fastq/SRR323/033/SRR32385933/SRR32385933_1.fastq.gz	-	-	Aquaculture farms
SRR32385933	evidence/RA_39.html	RA	PA4601	1,533	G→A	100%	P211P (CCG→CCA)	morA →	motility regulator	4876	418	2	Aquaculture farms aquaculture water - - -	['Engineered', 'Environmental']	['Food production', 'Aquatic']	SRP564717	Whole Genome Sequencing of human-health related pathogens from Aquaculture farms	SRX27718405	Whole genome sequencing of P.aeruginosa isolate from Aquaculture farm	Whole genome sequencing of P.aeruginosa isolate from Aquaculture farm	287	Pseudomonas aeruginosa	P06	WGS	GENOMIC	RANDOM	SINGLE	SRS24111753	-	SAMN46866436	PRJNA1224760	MinION	MinION	OXFORD_NANOPORE	124298	438432148	124298	606114952	P06.fastq.gz	SRR32385933	438433793	2025-02-18 16:22:28	b79f3fc3470947748171196f359e6bce	1	SRA Normalized	Primary ETL	1	https://sra-pub-run-odp.s3.amazonaws.com/sra/SRR32385933/SRR32385933	worldwide	anonymous	https://sra-downloadb.be-md.ncbi.nlm.nih.gov/sos7/sra-pub-run-38/SRR032/32385/SRR32385933/SRR32385933.1	https://sra-downloadb.be-md.ncbi.nlm.nih.gov/sos7/sra-pub-run-38/SRR032/32385/SRR32385933/SRR32385933.1	worldwide	anonymous	gs://sra-pub-run-113/SRR32385933/SRR32385933.1	gs.us-east1	gcp identity	-	P06	SiWE	Akalesh Patel	2023-12-31	India: Thrissur, Kerala	aquaculture water	animal	AMR surveillance and research	A longitudinal study on Antimicrobial Resistance (AMR) and the influence of free extracellular DNA (exDNA) in the dissemination of AMR in aquaculture settings	Aquatic animals	9.81333 N 76.56222 E	G.K. Sivaraman, Akalesh Patel, Ada Zwetlana, Jaykumar Kiritkumar Patel, Ravikrishnan Elangovan	Aquaculture	One Health Enteric	-	-	-	-	-	-	-	-	-	-	-	-	-	-	-	-	-	-	-	-	-	-	-	-	http://ftp.sra.ebi.ac.uk/vol1/fastq/SRR323/033/SRR32385933/SRR32385933_1.fastq.gz	-	-	era-fasp@fasp.sra.ebi.ac.uk:vol1/fastq/SRR323/033/SRR32385933/SRR32385933_1.fastq.gz	-	-	Aquaculture farms
SRR32385933	evidence/RA_40.html	RA	PA4601	1,611	A→G	100%	G237G (GGA→GGG)	morA →	motility regulator	4876	418	2	Aquaculture farms aquaculture water - - -	['Engineered', 'Environmental']	['Food production', 'Aquatic']	SRP564717	Whole Genome Sequencing of human-health related pathogens from Aquaculture farms	SRX27718405	Whole genome sequencing of P.aeruginosa isolate from Aquaculture farm	Whole genome sequencing of P.aeruginosa isolate from Aquaculture farm	287	Pseudomonas aeruginosa	P06	WGS	GENOMIC	RANDOM	SINGLE	SRS24111753	-	SAMN46866436	PRJNA1224760	MinION	MinION	OXFORD_NANOPORE	124298	438432148	124298	606114952	P06.fastq.gz	SRR32385933	438433793	2025-02-18 16:22:28	b79f3fc3470947748171196f359e6bce	1	SRA Normalized	Primary ETL	1	https://sra-pub-run-odp.s3.amazonaws.com/sra/SRR32385933/SRR32385933	worldwide	anonymous	https://sra-downloadb.be-md.ncbi.nlm.nih.gov/sos7/sra-pub-run-38/SRR032/32385/SRR32385933/SRR32385933.1	https://sra-downloadb.be-md.ncbi.nlm.nih.gov/sos7/sra-pub-run-38/SRR032/32385/SRR32385933/SRR32385933.1	worldwide	anonymous	gs://sra-pub-run-113/SRR32385933/SRR32385933.1	gs.us-east1	gcp identity	-	P06	SiWE	Akalesh Patel	2023-12-31	India: Thrissur, Kerala	aquaculture water	animal	AMR surveillance and research	A longitudinal study on Antimicrobial Resistance (AMR) and the influence of free extracellular DNA (exDNA) in the dissemination of AMR in aquaculture settings	Aquatic animals	9.81333 N 76.56222 E	G.K. Sivaraman, Akalesh Patel, Ada Zwetlana, Jaykumar Kiritkumar Patel, Ravikrishnan Elangovan	Aquaculture	One Health Enteric	-	-	-	-	-	-	-	-	-	-	-	-	-	-	-	-	-	-	-	-	-	-	-	-	http://ftp.sra.ebi.ac.uk/vol1/fastq/SRR323/033/SRR32385933/SRR32385933_1.fastq.gz	-	-	era-fasp@fasp.sra.ebi.ac.uk:vol1/fastq/SRR323/033/SRR32385933/SRR32385933_1.fastq.gz	-	-	Aquaculture farms
SRR32385933	evidence/RA_41.html	RA	PA4601	1,731	A→G	100%	Q277Q (CAA→CAG)	morA →	motility regulator	4876	418	2	Aquaculture farms aquaculture water - - -	['Engineered', 'Environmental']	['Food production', 'Aquatic']	SRP564717	Whole Genome Sequencing of human-health related pathogens from Aquaculture farms	SRX27718405	Whole genome sequencing of P.aeruginosa isolate from Aquaculture farm	Whole genome sequencing of P.aeruginosa isolate from Aquaculture farm	287	Pseudomonas aeruginosa	P06	WGS	GENOMIC	RANDOM	SINGLE	SRS24111753	-	SAMN46866436	PRJNA1224760	MinION	MinION	OXFORD_NANOPORE	124298	438432148	124298	606114952	P06.fastq.gz	SRR32385933	438433793	2025-02-18 16:22:28	b79f3fc3470947748171196f359e6bce	1	SRA Normalized	Primary ETL	1	https://sra-pub-run-odp.s3.amazonaws.com/sra/SRR32385933/SRR32385933	worldwide	anonymous	https://sra-downloadb.be-md.ncbi.nlm.nih.gov/sos7/sra-pub-run-38/SRR032/32385/SRR32385933/SRR32385933.1	https://sra-downloadb.be-md.ncbi.nlm.nih.gov/sos7/sra-pub-run-38/SRR032/32385/SRR32385933/SRR32385933.1	worldwide	anonymous	gs://sra-pub-run-113/SRR32385933/SRR32385933.1	gs.us-east1	gcp identity	-	P06	SiWE	Akalesh Patel	2023-12-31	India: Thrissur, Kerala	aquaculture water	animal	AMR surveillance and research	A longitudinal study on Antimicrobial Resistance (AMR) and the influence of free extracellular DNA (exDNA) in the dissemination of AMR in aquaculture settings	Aquatic animals	9.81333 N 76.56222 E	G.K. Sivaraman, Akalesh Patel, Ada Zwetlana, Jaykumar Kiritkumar Patel, Ravikrishnan Elangovan	Aquaculture	One Health Enteric	-	-	-	-	-	-	-	-	-	-	-	-	-	-	-	-	-	-	-	-	-	-	-	-	http://ftp.sra.ebi.ac.uk/vol1/fastq/SRR323/033/SRR32385933/SRR32385933_1.fastq.gz	-	-	era-fasp@fasp.sra.ebi.ac.uk:vol1/fastq/SRR323/033/SRR32385933/SRR32385933_1.fastq.gz	-	-	Aquaculture farms
SRR32385933	evidence/RA_42.html	RA	PA4601	1,734	G→A	100%	Q278Q (CAG→CAA)	morA →	motility regulator	4876	418	2	Aquaculture farms aquaculture water - - -	['Engineered', 'Environmental']	['Food production', 'Aquatic']	SRP564717	Whole Genome Sequencing of human-health related pathogens from Aquaculture farms	SRX27718405	Whole genome sequencing of P.aeruginosa isolate from Aquaculture farm	Whole genome sequencing of P.aeruginosa isolate from Aquaculture farm	287	Pseudomonas aeruginosa	P06	WGS	GENOMIC	RANDOM	SINGLE	SRS24111753	-	SAMN46866436	PRJNA1224760	MinION	MinION	OXFORD_NANOPORE	124298	438432148	124298	606114952	P06.fastq.gz	SRR32385933	438433793	2025-02-18 16:22:28	b79f3fc3470947748171196f359e6bce	1	SRA Normalized	Primary ETL	1	https://sra-pub-run-odp.s3.amazonaws.com/sra/SRR32385933/SRR32385933	worldwide	anonymous	https://sra-downloadb.be-md.ncbi.nlm.nih.gov/sos7/sra-pub-run-38/SRR032/32385/SRR32385933/SRR32385933.1	https://sra-downloadb.be-md.ncbi.nlm.nih.gov/sos7/sra-pub-run-38/SRR032/32385/SRR32385933/SRR32385933.1	worldwide	anonymous	gs://sra-pub-run-113/SRR32385933/SRR32385933.1	gs.us-east1	gcp identity	-	P06	SiWE	Akalesh Patel	2023-12-31	India: Thrissur, Kerala	aquaculture water	animal	AMR surveillance and research	A longitudinal study on Antimicrobial Resistance (AMR) and the influence of free extracellular DNA (exDNA) in the dissemination of AMR in aquaculture settings	Aquatic animals	9.81333 N 76.56222 E	G.K. Sivaraman, Akalesh Patel, Ada Zwetlana, Jaykumar Kiritkumar Patel, Ravikrishnan Elangovan	Aquaculture	One Health Enteric	-	-	-	-	-	-	-	-	-	-	-	-	-	-	-	-	-	-	-	-	-	-	-	-	http://ftp.sra.ebi.ac.uk/vol1/fastq/SRR323/033/SRR32385933/SRR32385933_1.fastq.gz	-	-	era-fasp@fasp.sra.ebi.ac.uk:vol1/fastq/SRR323/033/SRR32385933/SRR32385933_1.fastq.gz	-	-	Aquaculture farms
SRR32385933	evidence/RA_43.html	RA	PA4601	1,926	G→A	100%	P342P (CCG→CCA)	morA →	motility regulator	4876	418	2	Aquaculture farms aquaculture water - - -	['Engineered', 'Environmental']	['Food production', 'Aquatic']	SRP564717	Whole Genome Sequencing of human-health related pathogens from Aquaculture farms	SRX27718405	Whole genome sequencing of P.aeruginosa isolate from Aquaculture farm	Whole genome sequencing of P.aeruginosa isolate from Aquaculture farm	287	Pseudomonas aeruginosa	P06	WGS	GENOMIC	RANDOM	SINGLE	SRS24111753	-	SAMN46866436	PRJNA1224760	MinION	MinION	OXFORD_NANOPORE	124298	438432148	124298	606114952	P06.fastq.gz	SRR32385933	438433793	2025-02-18 16:22:28	b79f3fc3470947748171196f359e6bce	1	SRA Normalized	Primary ETL	1	https://sra-pub-run-odp.s3.amazonaws.com/sra/SRR32385933/SRR32385933	worldwide	anonymous	https://sra-downloadb.be-md.ncbi.nlm.nih.gov/sos7/sra-pub-run-38/SRR032/32385/SRR32385933/SRR32385933.1	https://sra-downloadb.be-md.ncbi.nlm.nih.gov/sos7/sra-pub-run-38/SRR032/32385/SRR32385933/SRR32385933.1	worldwide	anonymous	gs://sra-pub-run-113/SRR32385933/SRR32385933.1	gs.us-east1	gcp identity	-	P06	SiWE	Akalesh Patel	2023-12-31	India: Thrissur, Kerala	aquaculture water	animal	AMR surveillance and research	A longitudinal study on Antimicrobial Resistance (AMR) and the influence of free extracellular DNA (exDNA) in the dissemination of AMR in aquaculture settings	Aquatic animals	9.81333 N 76.56222 E	G.K. Sivaraman, Akalesh Patel, Ada Zwetlana, Jaykumar Kiritkumar Patel, Ravikrishnan Elangovan	Aquaculture	One Health Enteric	-	-	-	-	-	-	-	-	-	-	-	-	-	-	-	-	-	-	-	-	-	-	-	-	http://ftp.sra.ebi.ac.uk/vol1/fastq/SRR323/033/SRR32385933/SRR32385933_1.fastq.gz	-	-	era-fasp@fasp.sra.ebi.ac.uk:vol1/fastq/SRR323/033/SRR32385933/SRR32385933_1.fastq.gz	-	-	Aquaculture farms
SRR32385933	evidence/RA_44.html	RA	PA4601	1,984	T→C	100%	L362L (TTG→CTG)	morA →	motility regulator	4876	418	2	Aquaculture farms aquaculture water - - -	['Engineered', 'Environmental']	['Food production', 'Aquatic']	SRP564717	Whole Genome Sequencing of human-health related pathogens from Aquaculture farms	SRX27718405	Whole genome sequencing of P.aeruginosa isolate from Aquaculture farm	Whole genome sequencing of P.aeruginosa isolate from Aquaculture farm	287	Pseudomonas aeruginosa	P06	WGS	GENOMIC	RANDOM	SINGLE	SRS24111753	-	SAMN46866436	PRJNA1224760	MinION	MinION	OXFORD_NANOPORE	124298	438432148	124298	606114952	P06.fastq.gz	SRR32385933	438433793	2025-02-18 16:22:28	b79f3fc3470947748171196f359e6bce	1	SRA Normalized	Primary ETL	1	https://sra-pub-run-odp.s3.amazonaws.com/sra/SRR32385933/SRR32385933	worldwide	anonymous	https://sra-downloadb.be-md.ncbi.nlm.nih.gov/sos7/sra-pub-run-38/SRR032/32385/SRR32385933/SRR32385933.1	https://sra-downloadb.be-md.ncbi.nlm.nih.gov/sos7/sra-pub-run-38/SRR032/32385/SRR32385933/SRR32385933.1	worldwide	anonymous	gs://sra-pub-run-113/SRR32385933/SRR32385933.1	gs.us-east1	gcp identity	-	P06	SiWE	Akalesh Patel	2023-12-31	India: Thrissur, Kerala	aquaculture water	animal	AMR surveillance and research	A longitudinal study on Antimicrobial Resistance (AMR) and the influence of free extracellular DNA (exDNA) in the dissemination of AMR in aquaculture settings	Aquatic animals	9.81333 N 76.56222 E	G.K. Sivaraman, Akalesh Patel, Ada Zwetlana, Jaykumar Kiritkumar Patel, Ravikrishnan Elangovan	Aquaculture	One Health Enteric	-	-	-	-	-	-	-	-	-	-	-	-	-	-	-	-	-	-	-	-	-	-	-	-	http://ftp.sra.ebi.ac.uk/vol1/fastq/SRR323/033/SRR32385933/SRR32385933_1.fastq.gz	-	-	era-fasp@fasp.sra.ebi.ac.uk:vol1/fastq/SRR323/033/SRR32385933/SRR32385933_1.fastq.gz	-	-	Aquaculture farms
SRR32385933	evidence/RA_45.html	RA	PA4601	2,001	A→G	100%	V367V (GTA→GTG)	morA →	motility regulator	4876	418	2	Aquaculture farms aquaculture water - - -	['Engineered', 'Environmental']	['Food production', 'Aquatic']	SRP564717	Whole Genome Sequencing of human-health related pathogens from Aquaculture farms	SRX27718405	Whole genome sequencing of P.aeruginosa isolate from Aquaculture farm	Whole genome sequencing of P.aeruginosa isolate from Aquaculture farm	287	Pseudomonas aeruginosa	P06	WGS	GENOMIC	RANDOM	SINGLE	SRS24111753	-	SAMN46866436	PRJNA1224760	MinION	MinION	OXFORD_NANOPORE	124298	438432148	124298	606114952	P06.fastq.gz	SRR32385933	438433793	2025-02-18 16:22:28	b79f3fc3470947748171196f359e6bce	1	SRA Normalized	Primary ETL	1	https://sra-pub-run-odp.s3.amazonaws.com/sra/SRR32385933/SRR32385933	worldwide	anonymous	https://sra-downloadb.be-md.ncbi.nlm.nih.gov/sos7/sra-pub-run-38/SRR032/32385/SRR32385933/SRR32385933.1	https://sra-downloadb.be-md.ncbi.nlm.nih.gov/sos7/sra-pub-run-38/SRR032/32385/SRR32385933/SRR32385933.1	worldwide	anonymous	gs://sra-pub-run-113/SRR32385933/SRR32385933.1	gs.us-east1	gcp identity	-	P06	SiWE	Akalesh Patel	2023-12-31	India: Thrissur, Kerala	aquaculture water	animal	AMR surveillance and research	A longitudinal study on Antimicrobial Resistance (AMR) and the influence of free extracellular DNA (exDNA) in the dissemination of AMR in aquaculture settings	Aquatic animals	9.81333 N 76.56222 E	G.K. Sivaraman, Akalesh Patel, Ada Zwetlana, Jaykumar Kiritkumar Patel, Ravikrishnan Elangovan	Aquaculture	One Health Enteric	-	-	-	-	-	-	-	-	-	-	-	-	-	-	-	-	-	-	-	-	-	-	-	-	http://ftp.sra.ebi.ac.uk/vol1/fastq/SRR323/033/SRR32385933/SRR32385933_1.fastq.gz	-	-	era-fasp@fasp.sra.ebi.ac.uk:vol1/fastq/SRR323/033/SRR32385933/SRR32385933_1.fastq.gz	-	-	Aquaculture farms
SRR32385933	evidence/RA_46.html	RA	PA4601	2,250	T→G	100%	L450L (CTT→CTG)	morA →	motility regulator	4876	418	2	Aquaculture farms aquaculture water - - -	['Engineered', 'Environmental']	['Food production', 'Aquatic']	SRP564717	Whole Genome Sequencing of human-health related pathogens from Aquaculture farms	SRX27718405	Whole genome sequencing of P.aeruginosa isolate from Aquaculture farm	Whole genome sequencing of P.aeruginosa isolate from Aquaculture farm	287	Pseudomonas aeruginosa	P06	WGS	GENOMIC	RANDOM	SINGLE	SRS24111753	-	SAMN46866436	PRJNA1224760	MinION	MinION	OXFORD_NANOPORE	124298	438432148	124298	606114952	P06.fastq.gz	SRR32385933	438433793	2025-02-18 16:22:28	b79f3fc3470947748171196f359e6bce	1	SRA Normalized	Primary ETL	1	https://sra-pub-run-odp.s3.amazonaws.com/sra/SRR32385933/SRR32385933	worldwide	anonymous	https://sra-downloadb.be-md.ncbi.nlm.nih.gov/sos7/sra-pub-run-38/SRR032/32385/SRR32385933/SRR32385933.1	https://sra-downloadb.be-md.ncbi.nlm.nih.gov/sos7/sra-pub-run-38/SRR032/32385/SRR32385933/SRR32385933.1	worldwide	anonymous	gs://sra-pub-run-113/SRR32385933/SRR32385933.1	gs.us-east1	gcp identity	-	P06	SiWE	Akalesh Patel	2023-12-31	India: Thrissur, Kerala	aquaculture water	animal	AMR surveillance and research	A longitudinal study on Antimicrobial Resistance (AMR) and the influence of free extracellular DNA (exDNA) in the dissemination of AMR in aquaculture settings	Aquatic animals	9.81333 N 76.56222 E	G.K. Sivaraman, Akalesh Patel, Ada Zwetlana, Jaykumar Kiritkumar Patel, Ravikrishnan Elangovan	Aquaculture	One Health Enteric	-	-	-	-	-	-	-	-	-	-	-	-	-	-	-	-	-	-	-	-	-	-	-	-	http://ftp.sra.ebi.ac.uk/vol1/fastq/SRR323/033/SRR32385933/SRR32385933_1.fastq.gz	-	-	era-fasp@fasp.sra.ebi.ac.uk:vol1/fastq/SRR323/033/SRR32385933/SRR32385933_1.fastq.gz	-	-	Aquaculture farms
