mutation	term	p.value	p.adj	significant
PA0506; N_A →; A134A (GCC→GCT)	Host Body-Site: Organ; Ear	0.608137196228752	1	FALSE
PA0506; N_A →; A148A (GCA→GCG)	Host Body-Site: Organ; Ear	0.145680688325582	1	FALSE
PA0506; N_A →; A220A (GCC→GCT)	Host Body-Site: Organ; Ear	0.220101439155275	1	FALSE
PA0506; N_A →; A243V (GCC→GTC)	Host Body-Site: Organ; Ear	1	1	FALSE
PA0506; N_A →; A272G (GCC→GGC)	Host Body-Site: Organ; Ear	1	1	FALSE
PA0506; N_A →; A295A (GCT→GCG)	Host Body-Site: Organ; Ear	1	1	FALSE
PA0506; N_A →; A318A (GCT→GCC)	Host Body-Site: Organ; Ear	0.116876024030584	1	FALSE
PA0506; N_A →; A355A (GCC→GCA)	Host Body-Site: Organ; Ear	0.116876024030584	1	FALSE
PA0506; N_A →; A355A (GCC→GCG)	Host Body-Site: Organ; Ear	0.116876024030584	1	FALSE
PA0506; N_A →; A355A (GCC→GCT)	Host Body-Site: Organ; Ear	1	1	FALSE
PA0506; N_A →; A385A (GCC→GCT)	Host Body-Site: Organ; Ear	0.0425727072689097	1	FALSE
PA0506; N_A →; A386A (GCC→GCT)	Host Body-Site: Organ; Ear	1	1	FALSE
PA0506; N_A →; A423A (GCC→GCT)	Host Body-Site: Organ; Ear	1	1	FALSE
PA0506; N_A →; A463A (GCG→GCA)	Host Body-Site: Organ; Ear	0.220101439155275	1	FALSE
PA0506; N_A →; A489A (GCT→GCC)	Host Body-Site: Organ; Ear	0.220101439155275	1	FALSE
PA0506; N_A →; A492A (GCA→GCG)	Host Body-Site: Organ; Ear	0.229373037708886	1	FALSE
PA0506; N_A →; A508A (GCC→GCA)	Host Body-Site: Organ; Ear	1	1	FALSE
PA0506; N_A →; A537A (GCC→GCT)	Host Body-Site: Organ; Ear	1	1	FALSE
PA0506; N_A →; A540V (GCG→GTG)	Host Body-Site: Organ; Ear	1	1	FALSE
PA0506; N_A →; C251C (TGC→TGT)	Host Body-Site: Organ; Ear	1	1	FALSE
PA0506; N_A →; C66C (TGC→TGT)	Host Body-Site: Organ; Ear	1	1	FALSE
PA0506; N_A →; coding (657‑665/1806 nt)	Host Body-Site: Organ; Ear	1	1	FALSE
PA0506; N_A →; coding (728‑729/1806 nt)	Host Body-Site: Organ; Ear	1	1	FALSE
PA0506; N_A →; D173D (GAC→GAT)	Host Body-Site: Organ; Ear	1	1	FALSE
PA0506; N_A →; D33E (GAC→GAG)	Host Body-Site: Organ; Ear	1	1	FALSE
PA0506; N_A →; D372D (GAC→GAT)	Host Body-Site: Organ; Ear	0.0132748941950527	1	FALSE
PA0506; N_A →; D37D (GAC→GAT)	Host Body-Site: Organ; Ear	1	1	FALSE
PA0506; N_A →; D433G (GAC→GGC)	Host Body-Site: Organ; Ear	1	1	FALSE
PA0506; N_A →; D522D (GAC→GAT)	Host Body-Site: Organ; Ear	1	1	FALSE
PA0506; N_A →; D62D (GAC→GAT)	Host Body-Site: Organ; Ear	1	1	FALSE
PA0506; N_A →; D71E (GAC→GAG)	Host Body-Site: Organ; Ear	0.220101439155275	1	FALSE
PA0506; N_A →; E403E (GAA→GAG)	Host Body-Site: Organ; Ear	1	1	FALSE
PA0506; N_A →; E407E (GAG→GAA)	Host Body-Site: Organ; Ear	0.00290224959769859	1	FALSE
PA0506; N_A →; E424E (GAG→GAA)	Host Body-Site: Organ; Ear	1	1	FALSE
PA0506; N_A →; E486E (GAA→GAG)	Host Body-Site: Organ; Ear	1	1	FALSE
PA0506; N_A →; E595E (GAA→GAG)	Host Body-Site: Organ; Ear	1	1	FALSE
PA0506; N_A →; E64E (GAA→GAG)	Host Body-Site: Organ; Ear	0.220101439155275	1	FALSE
PA0506; N_A →; E81E (GAG→GAA)	Host Body-Site: Organ; Ear	0.220101439155275	1	FALSE
PA0506; N_A →; E99E (GAG→GAA)	Host Body-Site: Organ; Ear	1	1	FALSE
PA0506; N_A →; F416Y (TTC→TAC)	Host Body-Site: Organ; Ear	0.220101439155275	1	FALSE
PA0506; N_A →; G104G (GGT→GGC)	Host Body-Site: Organ; Ear	0.391787551579914	1	FALSE
PA0506; N_A →; G104G (GGT→GGG)	Host Body-Site: Organ; Ear	1	1	FALSE
PA0506; N_A →; G110G (GGC→GGG)	Host Body-Site: Organ; Ear	0.191256931563613	1	FALSE
PA0506; N_A →; G129G (GGC→GGT)	Host Body-Site: Organ; Ear	1	1	FALSE
PA0506; N_A →; G142G (GGC→GGT)	Host Body-Site: Organ; Ear	1	1	FALSE
PA0506; N_A →; G171G (GGC→GGT)	Host Body-Site: Organ; Ear	1	1	FALSE
PA0506; N_A →; G187G (GGT→GGC)	Host Body-Site: Organ; Ear	0.0776167570260278	1	FALSE
PA0506; N_A →; G193G (GGC→GGT)	Host Body-Site: Organ; Ear	0.674732213052371	1	FALSE
PA0506; N_A →; G201G (GGC→GGT)	Host Body-Site: Organ; Ear	0.311269479224888	1	FALSE
PA0506; N_A →; G223G (GGC→GGT)	Host Body-Site: Organ; Ear	1	1	FALSE
PA0506; N_A →; G241G (GGC→GGT)	Host Body-Site: Organ; Ear	0.000690844701295878	1	FALSE
PA0506; N_A →; G252G (GGT→GGA)	Host Body-Site: Organ; Ear	1	1	FALSE
PA0506; N_A →; G252G (GGT→GGC)	Host Body-Site: Organ; Ear	0.00201637413824164	1	FALSE
PA0506; N_A →; G259G (GGC→GGT)	Host Body-Site: Organ; Ear	0.0175111181249579	1	FALSE
PA0506; N_A →; G279G (GGC→GGA)	Host Body-Site: Organ; Ear	1	1	FALSE
PA0506; N_A →; G310G (GGT→GGC)	Host Body-Site: Organ; Ear	1	1	FALSE
PA0506; N_A →; G329G (GGT→GGC)	Host Body-Site: Organ; Ear	1	1	FALSE
PA0506; N_A →; G329G (GGT→GGG)	Host Body-Site: Organ; Ear	0.220101439155275	1	FALSE
PA0506; N_A →; G417G (GGC→GGT)	Host Body-Site: Organ; Ear	0.422862176598134	1	FALSE
PA0506; N_A →; G420G (GGT→GGG)	Host Body-Site: Organ; Ear	0.220101439155275	1	FALSE
PA0506; N_A →; G445G (GGC→GGT)	Host Body-Site: Organ; Ear	0.116876024030584	1	FALSE
PA0506; N_A →; G453G (GGT→GGC)	Host Body-Site: Organ; Ear	0.03177682854622	1	FALSE
PA0506; N_A →; G453G (GGT→GGG)	Host Body-Site: Organ; Ear	0.220101439155275	1	FALSE
PA0506; N_A →; G550G (GGC→GGT)	Host Body-Site: Organ; Ear	1	1	FALSE
PA0506; N_A →; G600G (GGT→GGG)	Host Body-Site: Organ; Ear	0.116876024030584	1	FALSE
PA0506; N_A →; G72G (GGC→GGG)	Host Body-Site: Organ; Ear	0.220101439155275	1	FALSE
PA0506; N_A →; G90G (GGC→GGT)	Host Body-Site: Organ; Ear	0.249186626895223	1	FALSE
PA0506; N_A →; H132H (CAC→CAT)	Host Body-Site: Organ; Ear	0.220101439155275	1	FALSE
PA0506; N_A →; H139H (CAT→CAC)	Host Body-Site: Organ; Ear	0.391787551579914	1	FALSE
PA0506; N_A →; H306H (CAT→CAC)	Host Body-Site: Organ; Ear	0.0154065853009493	1	FALSE
PA0506; N_A →; H419H (CAC→CAT)	Host Body-Site: Organ; Ear	1	1	FALSE
PA0506; N_A →; H425H (CAC→CAT)	Host Body-Site: Organ; Ear	0.220101439155275	1	FALSE
PA0506; N_A →; H578Y (CAC→TAC)	Host Body-Site: Organ; Ear	1	1	FALSE
PA0506; N_A →; H96H (CAT→CAC)	Host Body-Site: Organ; Ear	1	1	FALSE
PA0506; N_A →; I231L (ATC→CTC) ‡	Host Body-Site: Organ; Ear	1	1	FALSE
PA0506; N_A →; I231M (ATC→ATG) ‡	Host Body-Site: Organ; Ear	1	1	FALSE
PA0506; N_A →; I373I (ATC→ATT)	Host Body-Site: Organ; Ear	1	1	FALSE
PA0506; N_A →; K153K (AAG→AAA)	Host Body-Site: Organ; Ear	1	1	FALSE
PA0506; N_A →; K190R (AAG→AGG)	Host Body-Site: Organ; Ear	0.116876024030584	1	FALSE
PA0506; N_A →; K257K (AAG→AAA)	Host Body-Site: Organ; Ear	1	1	FALSE
PA0506; N_A →; K384K (AAA→AAG)	Host Body-Site: Organ; Ear	0.391787551579914	1	FALSE
PA0506; N_A →; K473K (AAG→AAA)	Host Body-Site: Organ; Ear	1	1	FALSE
PA0506; N_A →; L109L (CTC→CTT)	Host Body-Site: Organ; Ear	1	1	FALSE
PA0506; N_A →; L177L (CTG→CTA)	Host Body-Site: Organ; Ear	1	1	FALSE
PA0506; N_A →; L236L (CTG→CTA)	Host Body-Site: Organ; Ear	1	1	FALSE
PA0506; N_A →; L236L (CTG→CTC)	Host Body-Site: Organ; Ear	1	1	FALSE
PA0506; N_A →; L236L (CTG→CTT)	Host Body-Site: Organ; Ear	0.71012278920428	1	FALSE
PA0506; N_A →; L277L (CTG→CTC)	Host Body-Site: Organ; Ear	1	1	FALSE
PA0506; N_A →; L301L (CTG→CTA)	Host Body-Site: Organ; Ear	1	1	FALSE
PA0506; N_A →; L304L (CTG→TTG)	Host Body-Site: Organ; Ear	1	1	FALSE
PA0506; N_A →; L451L (CTG→TTG)	Host Body-Site: Organ; Ear	1	1	FALSE
PA0506; N_A →; L457L (CTG→TTG)	Host Body-Site: Organ; Ear	1	1	FALSE
PA0506; N_A →; L494L (CTG→TTG)	Host Body-Site: Organ; Ear	0.116876024030584	1	FALSE
PA0506; N_A →; L542L (TTG→CTG)	Host Body-Site: Organ; Ear	0.752610812074995	1	FALSE
PA0506; N_A →; L561L (CTG→TTG)	Host Body-Site: Organ; Ear	1	1	FALSE
PA0506; N_A →; M38I (ATG→ATA)	Host Body-Site: Organ; Ear	1	1	FALSE
PA0506; N_A →; N136N (AAC→AAT)	Host Body-Site: Organ; Ear	1	1	FALSE
PA0506; N_A →; N238D (AAC→GAC)	Host Body-Site: Organ; Ear	0.763228681041901	1	FALSE
PA0506; N_A →; N238N (AAC→AAT)	Host Body-Site: Organ; Ear	1	1	FALSE
PA0506; N_A →; N238T (AAC→ACC)	Host Body-Site: Organ; Ear	1	1	FALSE
PA0506; N_A →; N286D (AAC→GAC) ‡	Host Body-Site: Organ; Ear	1	1	FALSE
PA0506; N_A →; N286K (AAC→AAA) ‡	Host Body-Site: Organ; Ear	1	1	FALSE
PA0506; N_A →; N360N (AAC→AAT)	Host Body-Site: Organ; Ear	0.179751612399327	1	FALSE
PA0506; N_A →; N40N (AAC→AAT)	Host Body-Site: Organ; Ear	1	1	FALSE
PA0506; N_A →; N587S (AAC→AGC)	Host Body-Site: Organ; Ear	1	1	FALSE
PA0506; N_A →; P128P (CCG→CCC)	Host Body-Site: Organ; Ear	1	1	FALSE
PA0506; N_A →; P168P (CCG→CCA)	Host Body-Site: Organ; Ear	1	1	FALSE
PA0506; N_A →; P333P (CCC→CCG)	Host Body-Site: Organ; Ear	1	1	FALSE
PA0506; N_A →; P336P (CCC→CCT)	Host Body-Site: Organ; Ear	1	1	FALSE
PA0506; N_A →; P344P (CCT→CCC)	Host Body-Site: Organ; Ear	0.116876024030584	1	FALSE
PA0506; N_A →; P573P (CCG→CCT)	Host Body-Site: Organ; Ear	1	1	FALSE
PA0506; N_A →; Q146Q (CAG→CAA)	Host Body-Site: Organ; Ear	1	1	FALSE
PA0506; N_A →; Q493Q (CAG→CAA)	Host Body-Site: Organ; Ear	0.628896720569647	1	FALSE
PA0506; N_A →; Q85Q (CAG→CAA)	Host Body-Site: Organ; Ear	1	1	FALSE
PA0506; N_A →; R325R (CGC→CGT)	Host Body-Site: Organ; Ear	0.220101439155275	1	FALSE
PA0506; N_A →; R565R (CGC→CGT)	Host Body-Site: Organ; Ear	0.116876024030584	1	FALSE
PA0506; N_A →; R59R (CGC→CGT)	Host Body-Site: Organ; Ear	1	1	FALSE
PA0506; N_A →; S123F (TCC→TTC)	Host Body-Site: Organ; Ear	1	1	FALSE
PA0506; N_A →; S131P (TCC→CCC)	Host Body-Site: Organ; Ear	1	1	FALSE
PA0506; N_A →; S188C (AGC→TGC) ‡	Host Body-Site: Organ; Ear	0.116876024030584	1	FALSE
PA0506; N_A →; S188T (AGC→ACC) ‡	Host Body-Site: Organ; Ear	0.116876024030584	1	FALSE
PA0506; N_A →; S388S (TCG→TCT)	Host Body-Site: Organ; Ear	0.116876024030584	1	FALSE
PA0506; N_A →; S408S (TCC→TCT)	Host Body-Site: Organ; Ear	1	1	FALSE
PA0506; N_A →; S93S (AGC→AGT)	Host Body-Site: Organ; Ear	1	1	FALSE
PA0506; N_A →; T274T (ACC→ACT)	Host Body-Site: Organ; Ear	0.0237921254889393	1	FALSE
PA0506; N_A →; T394T (ACG→ACA)	Host Body-Site: Organ; Ear	1	1	FALSE
PA0506; N_A →; T443T (ACC→ACT)	Host Body-Site: Organ; Ear	0.119270128004184	1	FALSE
PA0506; N_A →; T444T (ACC→ACT)	Host Body-Site: Organ; Ear	0.462898895940812	1	FALSE
PA0506; N_A →; T551T (ACC→ACT)	Host Body-Site: Organ; Ear	1	1	FALSE
PA0506; N_A →; T75T (ACC→ACG)	Host Body-Site: Organ; Ear	1	1	FALSE
PA0506; N_A →; T77S (ACC→AGC)	Host Body-Site: Organ; Ear	0.220101439155275	1	FALSE
PA0506; N_A →; T77S (ACC→TCT)	Host Body-Site: Organ; Ear	0.0136506089058935	1	FALSE
PA0506; N_A →; T77T (ACC→ACT)	Host Body-Site: Organ; Ear	0.107740872525557	1	FALSE
PA0506; N_A →; V232A (GTG→GCG)	Host Body-Site: Organ; Ear	1	1	FALSE
PA0506; N_A →; V232V (GTG→GTA)	Host Body-Site: Organ; Ear	1	1	FALSE
PA0506; N_A →; V579V (GTC→GTT)	Host Body-Site: Organ; Ear	1	1	FALSE
PA0506; N_A →; V60V (GTC→GTT)	Host Body-Site: Organ; Ear	0.280141978376777	1	FALSE
PA0506; N_A →; Y365Y (TAC→TAT)	Host Body-Site: Organ; Ear	0.355429997613719	1	FALSE
PA0506; N_A →; Y440Y (TAC→TAT)	Host Body-Site: Organ; Ear	1	1	FALSE
PA0506; N_A →; Y529C (TAC→TGC)	Host Body-Site: Organ; Ear	1	1	FALSE
PA0506; N_A; 	Host Body-Site: Organ; Ear	1	1	FALSE
PA0997; pqsB →; A104A (GCC→GCT)	Host Body-Site: Organ; Ear	0.179151184352748	1	FALSE
PA0997; pqsB →; A106A (GCC→GCG)	Host Body-Site: Organ; Ear	1	1	FALSE
PA0997; pqsB →; A147A (GCC→GCT)	Host Body-Site: Organ; Ear	0.220101439155275	1	FALSE
PA0997; pqsB →; A149A (GCG→GCC)	Host Body-Site: Organ; Ear	1	1	FALSE
PA0997; pqsB →; A158A (GCC→GCT)	Host Body-Site: Organ; Ear	1	1	FALSE
PA0997; pqsB →; A244A (GCG→GCA)	Host Body-Site: Organ; Ear	1	1	FALSE
PA0997; pqsB →; A250A (GCA→GCC)	Host Body-Site: Organ; Ear	1	1	FALSE
PA0997; pqsB →; A250A (GCA→GCG)	Host Body-Site: Organ; Ear	0.64248667789714	1	FALSE
PA0997; pqsB →; A281P (GCT→CCT)	Host Body-Site: Organ; Ear	1	1	FALSE
PA0997; pqsB →; A281V (GCT→GTT)	Host Body-Site: Organ; Ear	1	1	FALSE
PA0997; pqsB →; A28A (GCC→GCT)	Host Body-Site: Organ; Ear	0.116876024030584	1	FALSE
PA0997; pqsB →; A50V (GCG→GTG)	Host Body-Site: Organ; Ear	1	1	FALSE
PA0997; pqsB →; A90V (GCG→GTG)	Host Body-Site: Organ; Ear	1	1	FALSE
PA0997; pqsB →; A93A (GCG→GCA)	Host Body-Site: Organ; Ear	1	1	FALSE
PA0997; pqsB →; A93A (GCG→GCC)	Host Body-Site: Organ; Ear	1	1	FALSE
PA0997; pqsB →; coding (222‑223/852 nt)	Host Body-Site: Organ; Ear	1	1	FALSE
PA0997; pqsB →; coding (222‑271/852 nt)	Host Body-Site: Organ; Ear	1	1	FALSE
PA0997; pqsB →; coding (35/852 nt)	Host Body-Site: Organ; Ear	1	1	FALSE
PA0997; pqsB →; coding (623‑624/852 nt)	Host Body-Site: Organ; Ear	1	1	FALSE
PA0997; pqsB →; D256G (GAT→GGT)	Host Body-Site: Organ; Ear	1	1	FALSE
PA0997; pqsB →; D256N (GAT→AAT)	Host Body-Site: Organ; Ear	1	1	FALSE
PA0997; pqsB →; D47E (GAC→GAG)	Host Body-Site: Organ; Ear	1	1	FALSE
PA0997; pqsB →; D47N (GAC→AAC)	Host Body-Site: Organ; Ear	0.220101439155275	1	FALSE
PA0997; pqsB →; D97D (GAC→GAT)	Host Body-Site: Organ; Ear	1	1	FALSE
PA0997; pqsB →; E242E (GAA→GAG)	Host Body-Site: Organ; Ear	0.128639970043853	1	FALSE
PA0997; pqsB →; E280E (GAA→GAG)	Host Body-Site: Organ; Ear	1	1	FALSE
PA0997; pqsB →; F217F (TTC→TTT)	Host Body-Site: Organ; Ear	0.391787551579914	1	FALSE
PA0997; pqsB →; G156D (GGC→GAC)	Host Body-Site: Organ; Ear	1	1	FALSE
PA0997; pqsB →; G166G (GGC→GGT)	Host Body-Site: Organ; Ear	1	1	FALSE
PA0997; pqsB →; G192G (GGA→GGG)	Host Body-Site: Organ; Ear	0.157329057635501	1	FALSE
PA0997; pqsB →; G201G (GGA→GGG)	Host Body-Site: Organ; Ear	1	1	FALSE
PA0997; pqsB →; G215G (GGG→GGA)	Host Body-Site: Organ; Ear	1	1	FALSE
PA0997; pqsB →; G231G (GGA→GGG)	Host Body-Site: Organ; Ear	1	1	FALSE
PA0997; pqsB →; G231G (GGA→GGT)	Host Body-Site: Organ; Ear	1	1	FALSE
PA0997; pqsB →; G235G (GGT→GGC)	Host Body-Site: Organ; Ear	1	1	FALSE
PA0997; pqsB →; G279E (GGA→GAA)	Host Body-Site: Organ; Ear	1	1	FALSE
PA0997; pqsB →; G61G (GGC→GGT)	Host Body-Site: Organ; Ear	1	1	FALSE
PA0997; pqsB →; G89G (GGC→GGT)	Host Body-Site: Organ; Ear	1	1	FALSE
PA0997; pqsB →; I80I (ATC→ATT)	Host Body-Site: Organ; Ear	1	1	FALSE
PA0997; pqsB →; L123L (CTG→CTA)	Host Body-Site: Organ; Ear	1	1	FALSE
PA0997; pqsB →; L133L (TTG→CTG)	Host Body-Site: Organ; Ear	1	1	FALSE
PA0997; pqsB →; L148L (CTG→CTA)	Host Body-Site: Organ; Ear	0.220101439155275	1	FALSE
PA0997; pqsB →; L176L (CTG→TTG)	Host Body-Site: Organ; Ear	1	1	FALSE
PA0997; pqsB →; L213L (CTG→TTG)	Host Body-Site: Organ; Ear	1	1	FALSE
PA0997; pqsB →; L258L (CTG→TTG)	Host Body-Site: Organ; Ear	1	1	FALSE
PA0997; pqsB →; L260L (CTG→CTC)	Host Body-Site: Organ; Ear	0.128639970043853	1	FALSE
PA0997; pqsB →; L277M (CTG→ATG)	Host Body-Site: Organ; Ear	1	1	FALSE
PA0997; pqsB →; L46L (CTG→CTC)	Host Body-Site: Organ; Ear	1	1	FALSE
PA0997; pqsB →; L46L (CTG→TTG)	Host Body-Site: Organ; Ear	1	1	FALSE
PA0997; pqsB →; L64L (CTG→TTG)	Host Body-Site: Organ; Ear	1	1	FALSE
PA0997; pqsB →; N181N (AAT→AAC)	Host Body-Site: Organ; Ear	1	1	FALSE
PA0997; pqsB →; P179P (CCG→CCA)	Host Body-Site: Organ; Ear	1	1	FALSE
PA0997; pqsB →; P179P (CCG→CCT)	Host Body-Site: Organ; Ear	1	1	FALSE
PA0997; pqsB →; P200L (CCT→CTT)	Host Body-Site: Organ; Ear	0.116876024030584	1	FALSE
PA0997; pqsB →; P200P (CCT→CCC)	Host Body-Site: Organ; Ear	1	1	FALSE
PA0997; pqsB →; P20P (CCG→CCA)	Host Body-Site: Organ; Ear	0.581166109559527	1	FALSE
PA0997; pqsB →; P218P (CCG→CCA)	Host Body-Site: Organ; Ear	1	1	FALSE
PA0997; pqsB →; P233P (CCC→CCA)	Host Body-Site: Organ; Ear	1	1	FALSE
PA0997; pqsB →; Q199Q (CAA→CAG)	Host Body-Site: Organ; Ear	1	1	FALSE
PA0997; pqsB →; R105R (CGC→CGT)	Host Body-Site: Organ; Ear	1	1	FALSE
PA0997; pqsB →; R161R (CGT→CGC)	Host Body-Site: Organ; Ear	1	1	FALSE
PA0997; pqsB →; R212R (CGT→CGC)	Host Body-Site: Organ; Ear	1	1	FALSE
PA0997; pqsB →; S102S (AGC→AGT)	Host Body-Site: Organ; Ear	1	1	FALSE
PA0997; pqsB →; S139S (TCC→TCT)	Host Body-Site: Organ; Ear	0.517185593723774	1	FALSE
PA0997; pqsB →; V187V (GTA→GTG)	Host Body-Site: Organ; Ear	0.581166109559527	1	FALSE
PA0997; pqsB →; V206V (GTA→GTG)	Host Body-Site: Organ; Ear	1	1	FALSE
PA0997; pqsB →; V51I (GTC→ATC)	Host Body-Site: Organ; Ear	1	1	FALSE
PA0997; pqsB →; V51V (GTC→GTT)	Host Body-Site: Organ; Ear	0.116876024030584	1	FALSE
PA0997; pqsB →; V87I (GTC→ATC)	Host Body-Site: Organ; Ear	0.526173958879803	1	FALSE
PA0997; pqsB →; Y119Y (TAT→TAC)	Host Body-Site: Organ; Ear	1	1	FALSE
PA0997; pqsB; 	Host Body-Site: Organ; Ear	1	1	FALSE
PA1097; fleQ →; A131A (GCC→GCT)	Host Body-Site: Organ; Ear	1	1	FALSE
PA1097; fleQ →; A21A (GCA→GCG)	Host Body-Site: Organ; Ear	1	1	FALSE
PA1097; fleQ →; A284A (GCC→GCT)	Host Body-Site: Organ; Ear	1	1	FALSE
PA1097; fleQ →; A325A (GCC→GCA)	Host Body-Site: Organ; Ear	0.311269479224888	1	FALSE
PA1097; fleQ →; A348A (GCG→GCA)	Host Body-Site: Organ; Ear	1	1	FALSE
PA1097; fleQ →; A349A (GCA→GCC)	Host Body-Site: Organ; Ear	1	1	FALSE
PA1097; fleQ →; A349A (GCA→GCG)	Host Body-Site: Organ; Ear	0.590680993342513	1	FALSE
PA1097; fleQ →; A412A (GCG→GCA)	Host Body-Site: Organ; Ear	1	1	FALSE
PA1097; fleQ →; A416A (GCC→GCT)	Host Body-Site: Organ; Ear	0.329587681493648	1	FALSE
PA1097; fleQ →; A460A (GCC→GCT)	Host Body-Site: Organ; Ear	0.116876024030584	1	FALSE
PA1097; fleQ →; A91S (GCC→TCC)	Host Body-Site: Organ; Ear	1	1	FALSE
PA1097; fleQ →; coding (1358‑1456/1473 nt)	Host Body-Site: Organ; Ear	1	1	FALSE
PA1097; fleQ →; coding (642‑643/1473 nt)	Host Body-Site: Organ; Ear	1	1	FALSE
PA1097; fleQ →; coding (675‑707/1473 nt)	Host Body-Site: Organ; Ear	1	1	FALSE
PA1097; fleQ →; coding (678‑707/1473 nt)	Host Body-Site: Organ; Ear	1	1	FALSE
PA1097; fleQ →; coding (679‑707/1473 nt)	Host Body-Site: Organ; Ear	1	1	FALSE
PA1097; fleQ →; coding (804‑805/1473 nt)	Host Body-Site: Organ; Ear	1	1	FALSE
PA1097; fleQ →; D116D (GAT→GAC)	Host Body-Site: Organ; Ear	0.435069173059173	1	FALSE
PA1097; fleQ →; D12D (GAC→GAT)	Host Body-Site: Organ; Ear	1	1	FALSE
PA1097; fleQ →; D249D (GAC→GAT)	Host Body-Site: Organ; Ear	0.220101439155275	1	FALSE
PA1097; fleQ →; D279D (GAC→GAT)	Host Body-Site: Organ; Ear	1	1	FALSE
PA1097; fleQ →; D296D (GAC→GAT)	Host Body-Site: Organ; Ear	1	1	FALSE
PA1097; fleQ →; D30D (GAT→GAC)	Host Body-Site: Organ; Ear	1	1	FALSE
PA1097; fleQ →; D38D (GAT→GAC)	Host Body-Site: Organ; Ear	1	1	FALSE
PA1097; fleQ →; D433D (GAC→GAT)	Host Body-Site: Organ; Ear	1	1	FALSE
PA1097; fleQ →; D452D (GAC→GAT)	Host Body-Site: Organ; Ear	0.650880039885051	1	FALSE
PA1097; fleQ →; D485D (GAC→GAT)	Host Body-Site: Organ; Ear	1	1	FALSE
PA1097; fleQ →; D489E (GAT→GAG)	Host Body-Site: Organ; Ear	1	1	FALSE
PA1097; fleQ →; D92D (GAC→GAT)	Host Body-Site: Organ; Ear	1	1	FALSE
PA1097; fleQ →; E106E (GAG→GAA)	Host Body-Site: Organ; Ear	1	1	FALSE
PA1097; fleQ →; E126E (GAG→GAA)	Host Body-Site: Organ; Ear	1	1	FALSE
PA1097; fleQ →; E235E (GAG→GAA)	Host Body-Site: Organ; Ear	1	1	FALSE
PA1097; fleQ →; E264E (GAG→GAA)	Host Body-Site: Organ; Ear	1	1	FALSE
PA1097; fleQ →; E29E (GAA→GAG)	Host Body-Site: Organ; Ear	1	1	FALSE
PA1097; fleQ →; E301E (GAA→GAG)	Host Body-Site: Organ; Ear	1	1	FALSE
PA1097; fleQ →; E322E (GAA→GAG)	Host Body-Site: Organ; Ear	1	1	FALSE
PA1097; fleQ →; E336E (GAG→GAA)	Host Body-Site: Organ; Ear	0.394797155338257	1	FALSE
PA1097; fleQ →; E398E (GAG→GAA)	Host Body-Site: Organ; Ear	0.220101439155275	1	FALSE
PA1097; fleQ →; E410E (GAG→GAA)	Host Body-Site: Organ; Ear	1	1	FALSE
PA1097; fleQ →; E430E (GAA→GAG)	Host Body-Site: Organ; Ear	0.220101439155275	1	FALSE
PA1097; fleQ →; E95E (GAA→GAG)	Host Body-Site: Organ; Ear	1	1	FALSE
PA1097; fleQ →; F223F (TTC→TTT)	Host Body-Site: Organ; Ear	0.462898895940812	1	FALSE
PA1097; fleQ →; G174G (GGC→GGT)	Host Body-Site: Organ; Ear	1	1	FALSE
PA1097; fleQ →; G177G (GGC→GGT)	Host Body-Site: Organ; Ear	1	1	FALSE
PA1097; fleQ →; G196G (GGG→GGT)	Host Body-Site: Organ; Ear	1	1	FALSE
PA1097; fleQ →; G204R (GGG→CGG)	Host Body-Site: Organ; Ear	1	1	FALSE
PA1097; fleQ →; G221G (GGT→GGC)	Host Body-Site: Organ; Ear	1	1	FALSE
PA1097; fleQ →; G225G (GGT→GGC)	Host Body-Site: Organ; Ear	1	1	FALSE
PA1097; fleQ →; G271G (GGC→GGT)	Host Body-Site: Organ; Ear	1	1	FALSE
PA1097; fleQ →; G341G (GGG→GGT)	Host Body-Site: Organ; Ear	1	1	FALSE
PA1097; fleQ →; G384G (GGC→GGA)	Host Body-Site: Organ; Ear	1	1	FALSE
PA1097; fleQ →; G384G (GGC→GGT)	Host Body-Site: Organ; Ear	1	1	FALSE
PA1097; fleQ →; G417G (GGG→GGC)	Host Body-Site: Organ; Ear	1	1	FALSE
PA1097; fleQ →; G420G (GGA→GGG)	Host Body-Site: Organ; Ear	1	1	FALSE
PA1097; fleQ →; G58G (GGC→GGT)	Host Body-Site: Organ; Ear	1	1	FALSE
PA1097; fleQ →; G65G (GGT→GGA)	Host Body-Site: Organ; Ear	1	1	FALSE
PA1097; fleQ →; G65G (GGT→GGG)	Host Body-Site: Organ; Ear	0.419843184170103	1	FALSE
PA1097; fleQ →; H188H (CAT→CAC)	Host Body-Site: Organ; Ear	1	1	FALSE
PA1097; fleQ →; H337H (CAT→CAC)	Host Body-Site: Organ; Ear	0.179751612399327	1	FALSE
PA1097; fleQ →; I206I (ATC→ATT)	Host Body-Site: Organ; Ear	1	1	FALSE
PA1097; fleQ →; I23I (ATT→ATC)	Host Body-Site: Organ; Ear	1	1	FALSE
PA1097; fleQ →; I343I (ATC→ATT)	Host Body-Site: Organ; Ear	1	1	FALSE
PA1097; fleQ →; K180K (AAG→AAA)	Host Body-Site: Organ; Ear	1	1	FALSE
PA1097; fleQ →; K220R (AAG→AGG)	Host Body-Site: Organ; Ear	1	1	FALSE
PA1097; fleQ →; K292K (AAG→AAA)	Host Body-Site: Organ; Ear	1	1	FALSE
PA1097; fleQ →; L114L (CTG→TTG)	Host Body-Site: Organ; Ear	1	1	FALSE
PA1097; fleQ →; L215L (TTG→CTG)	Host Body-Site: Organ; Ear	0.659928955529274	1	FALSE
PA1097; fleQ →; L236L (CTG→TTG)	Host Body-Site: Organ; Ear	1	1	FALSE
PA1097; fleQ →; L242L (CTG→CTA)	Host Body-Site: Organ; Ear	1	1	FALSE
PA1097; fleQ →; L242L (CTG→TTG)	Host Body-Site: Organ; Ear	0.391787551579914	1	FALSE
PA1097; fleQ →; L252M (CTG→ATG)	Host Body-Site: Organ; Ear	1	1	FALSE
PA1097; fleQ →; L258L (CTG→TTG)	Host Body-Site: Organ; Ear	1	1	FALSE
PA1097; fleQ →; L262L (CTG→TTG)	Host Body-Site: Organ; Ear	1	1	FALSE
PA1097; fleQ →; L32L (CTG→CTC)	Host Body-Site: Organ; Ear	1	1	FALSE
PA1097; fleQ →; L353L (CTC→CTG)	Host Body-Site: Organ; Ear	1	1	FALSE
PA1097; fleQ →; L434L (CTC→CTT)	Host Body-Site: Organ; Ear	0.608137196228752	1	FALSE
PA1097; fleQ →; L438L (CTG→CTT)	Host Body-Site: Organ; Ear	1	1	FALSE
PA1097; fleQ →; L445L (CTG→TTG)	Host Body-Site: Organ; Ear	1	1	FALSE
PA1097; fleQ →; L56L (CTG→TTG)	Host Body-Site: Organ; Ear	1	1	FALSE
PA1097; fleQ →; L69L (CTG→TTG)	Host Body-Site: Organ; Ear	1	1	FALSE
PA1097; fleQ →; L83L (CTG→CTA)	Host Body-Site: Organ; Ear	1	1	FALSE
PA1097; fleQ →; L83P (CTG→CCG)	Host Body-Site: Organ; Ear	1	1	FALSE
PA1097; fleQ →; M250L (ATG→CTG)	Host Body-Site: Organ; Ear	0.692250443882911	1	FALSE
PA1097; fleQ →; M254I (ATG→ATC)	Host Body-Site: Organ; Ear	1	1	FALSE
PA1097; fleQ →; N202N (AAC→AAT)	Host Body-Site: Organ; Ear	1	1	FALSE
PA1097; fleQ →; N238D (AAC→GAC)	Host Body-Site: Organ; Ear	1	1	FALSE
PA1097; fleQ →; N25N (AAC→AAT)	Host Body-Site: Organ; Ear	1	1	FALSE
PA1097; fleQ →; N48N (AAC→AAT)	Host Body-Site: Organ; Ear	1	1	FALSE
PA1097; fleQ →; P140P (CCG→CCC)	Host Body-Site: Organ; Ear	1	1	FALSE
PA1097; fleQ →; P377P (CCC→CCA)	Host Body-Site: Organ; Ear	1	1	FALSE
PA1097; fleQ →; P377P (CCC→CCT)	Host Body-Site: Organ; Ear	0.608137196228752	1	FALSE
PA1097; fleQ →; P419P (CCG→CCA)	Host Body-Site: Organ; Ear	1	1	FALSE
PA1097; fleQ →; P419P (CCG→CCT)	Host Body-Site: Organ; Ear	1	1	FALSE
PA1097; fleQ →; Q72Q (CAA→CAG)	Host Body-Site: Organ; Ear	0.401533459332089	1	FALSE
PA1097; fleQ →; R136R (CGT→CGC)	Host Body-Site: Organ; Ear	1	1	FALSE
PA1097; fleQ →; R233R (CGT→CGC)	Host Body-Site: Organ; Ear	0.745733236256621	1	FALSE
PA1097; fleQ →; R260R (CGC→CGT)	Host Body-Site: Organ; Ear	1	1	FALSE
PA1097; fleQ →; R269R (AGG→AGA)	Host Body-Site: Organ; Ear	1	1	FALSE
PA1097; fleQ →; R318R (CGC→CGT)	Host Body-Site: Organ; Ear	0.220101439155275	1	FALSE
PA1097; fleQ →; R334R (CGG→CGC)	Host Body-Site: Organ; Ear	1	1	FALSE
PA1097; fleQ →; R371R (CGC→CGG)	Host Body-Site: Organ; Ear	1	1	FALSE
PA1097; fleQ →; R405R (CGC→CGT)	Host Body-Site: Organ; Ear	0.311269479224888	1	FALSE
PA1097; fleQ →; R465R (CGC→CGT)	Host Body-Site: Organ; Ear	1	1	FALSE
PA1097; fleQ →; R467R (CGC→CGT)	Host Body-Site: Organ; Ear	1	1	FALSE
PA1097; fleQ →; R483R (CGT→CGC)	Host Body-Site: Organ; Ear	0.743648077639122	1	FALSE
PA1097; fleQ →; S145S (AGC→AGT)	Host Body-Site: Organ; Ear	1	1	FALSE
PA1097; fleQ →; S176S (TCC→TCG)	Host Body-Site: Organ; Ear	1	1	FALSE
PA1097; fleQ →; S229S (AGT→AGC)	Host Body-Site: Organ; Ear	1	1	FALSE
PA1097; fleQ →; S36S (AGC→AGT)	Host Body-Site: Organ; Ear	1	1	FALSE
PA1097; fleQ →; S402S (AGC→AGT)	Host Body-Site: Organ; Ear	1	1	FALSE
PA1097; fleQ →; S403S (AGC→AGT)	Host Body-Site: Organ; Ear	1	1	FALSE
PA1097; fleQ →; T224T (ACC→ACT)	Host Body-Site: Organ; Ear	1	1	FALSE
PA1097; fleQ →; T241T (ACC→ACG)	Host Body-Site: Organ; Ear	1	1	FALSE
PA1097; fleQ →; T241T (ACC→ACT)	Host Body-Site: Organ; Ear	1	1	FALSE
PA1097; fleQ →; T286T (ACC→ACT)	Host Body-Site: Organ; Ear	1	1	FALSE
PA1097; fleQ →; T298T (ACT→ACC)	Host Body-Site: Organ; Ear	1	1	FALSE
PA1097; fleQ →; V170V (GTG→GTA)	Host Body-Site: Organ; Ear	1	1	FALSE
PA1097; fleQ →; V270V (GTT→GTC)	Host Body-Site: Organ; Ear	1	1	FALSE
PA1097; fleQ →; V278V (GTC→GTA)	Host Body-Site: Organ; Ear	0.116876024030584	1	FALSE
PA1097; fleQ →; V280V (GTG→GTA)	Host Body-Site: Organ; Ear	1	1	FALSE
PA1097; fleQ →; V472V (GTA→GTG)	Host Body-Site: Organ; Ear	1	1	FALSE
PA1097; fleQ →; Y304Y (TAC→TAT)	Host Body-Site: Organ; Ear	1	1	FALSE
PA1097; fleQ; 	Host Body-Site: Organ; Ear	1	1	FALSE
PA2121; N_A →; A108V (GCC→GTC)	Host Body-Site: Organ; Ear	1	1	FALSE
PA2121; N_A →; A141A (GCG→GCA)	Host Body-Site: Organ; Ear	1	1	FALSE
PA2121; N_A →; A190A (GCG→GCC)	Host Body-Site: Organ; Ear	0.400871760038409	1	FALSE
PA2121; N_A →; A190P (GCG→CCG)	Host Body-Site: Organ; Ear	1	1	FALSE
PA2121; N_A →; A235D (GCC→GAC)	Host Body-Site: Organ; Ear	1	1	FALSE
PA2121; N_A →; A255S (GCC→TCC)	Host Body-Site: Organ; Ear	0.462898895940812	1	FALSE
PA2121; N_A →; A263T (GCG→ACG)	Host Body-Site: Organ; Ear	0.311269479224888	1	FALSE
PA2121; N_A →; A270A (GCC→GCA)	Host Body-Site: Organ; Ear	1	1	FALSE
PA2121; N_A →; A270A (GCC→GCG)	Host Body-Site: Organ; Ear	0.220101439155275	1	FALSE
PA2121; N_A →; A270A (GCC→GCT)	Host Body-Site: Organ; Ear	1	1	FALSE
PA2121; N_A →; A28A (GCG→GCA)	Host Body-Site: Organ; Ear	1	1	FALSE
PA2121; N_A →; A28A (GCG→GCT)	Host Body-Site: Organ; Ear	1	1	FALSE
PA2121; N_A →; A29A (GCG→GCA)	Host Body-Site: Organ; Ear	0.459407250968273	1	FALSE
PA2121; N_A →; A58T (GCC→ACC)	Host Body-Site: Organ; Ear	1	1	FALSE
PA2121; N_A →; A67A (GCC→GCG)	Host Body-Site: Organ; Ear	1	1	FALSE
PA2121; N_A →; D153D (GAC→GAT)	Host Body-Site: Organ; Ear	1	1	FALSE
PA2121; N_A →; E193A (GAG→GCG)	Host Body-Site: Organ; Ear	1	1	FALSE
PA2121; N_A →; E268D (GAG→GAC)	Host Body-Site: Organ; Ear	1	1	FALSE
PA2121; N_A →; E48E (GAA→GAG)	Host Body-Site: Organ; Ear	0.571399782828276	1	FALSE
PA2121; N_A →; F100F (TTT→TTC)	Host Body-Site: Organ; Ear	1	1	FALSE
PA2121; N_A →; G176A (GGC→GCC)	Host Body-Site: Organ; Ear	0.793737005375817	1	FALSE
PA2121; N_A →; G176G (GGC→GGT)	Host Body-Site: Organ; Ear	1	1	FALSE
PA2121; N_A →; G205G (GGG→GGC)	Host Body-Site: Organ; Ear	1	1	FALSE
PA2121; N_A →; G205G (GGG→GGT)	Host Body-Site: Organ; Ear	0.382190272880751	1	FALSE
PA2121; N_A →; G256S (GGC→AGC)	Host Body-Site: Organ; Ear	0.329587681493648	1	FALSE
PA2121; N_A →; G259G (GGT→GGC)	Host Body-Site: Organ; Ear	1	1	FALSE
PA2121; N_A →; G61G (GGC→GGT)	Host Body-Site: Organ; Ear	1	1	FALSE
PA2121; N_A →; I277V (ATC→GTC)	Host Body-Site: Organ; Ear	1	1	FALSE
PA2121; N_A →; I30M (ATC→ATG)	Host Body-Site: Organ; Ear	1	1	FALSE
PA2121; N_A →; K2K (AAG→AAA)	Host Body-Site: Organ; Ear	1	1	FALSE
PA2121; N_A →; L120L (CTG→TTG)	Host Body-Site: Organ; Ear	1	1	FALSE
PA2121; N_A →; L13L (CTT→CTG)	Host Body-Site: Organ; Ear	0.377400392336633	1	FALSE
PA2121; N_A →; L148L (CTC→CTG)	Host Body-Site: Organ; Ear	1	1	FALSE
PA2121; N_A →; L201L (CTG→CTC)	Host Body-Site: Organ; Ear	0.311269479224888	1	FALSE
PA2121; N_A →; L260L (TTG→CTG)	Host Body-Site: Organ; Ear	0.435989630258092	1	FALSE
PA2121; N_A →; L276L (CTG→CTC)	Host Body-Site: Organ; Ear	1	1	FALSE
PA2121; N_A →; L291L (CTA→CTG)	Host Body-Site: Organ; Ear	0.862744225011205	1	FALSE
PA2121; N_A →; L43L (CTC→CTT)	Host Body-Site: Organ; Ear	1	1	FALSE
PA2121; N_A →; L5L (TTG→TTA)	Host Body-Site: Organ; Ear	1	1	FALSE
PA2121; N_A →; L71L (CTG→CTA)	Host Body-Site: Organ; Ear	1	1	FALSE
PA2121; N_A →; L8F (CTC→TTC)	Host Body-Site: Organ; Ear	0.311269479224888	1	FALSE
PA2121; N_A →; N4N (AAC→AAT)	Host Body-Site: Organ; Ear	1	1	FALSE
PA2121; N_A →; P114P (CCG→CCT)	Host Body-Site: Organ; Ear	1	1	FALSE
PA2121; N_A →; P160P (CCC→CCT)	Host Body-Site: Organ; Ear	0.526173958879803	1	FALSE
PA2121; N_A →; P228P (CCT→CCG)	Host Body-Site: Organ; Ear	0.769327457854551	1	FALSE
PA2121; N_A →; P247P (CCA→CCG)	Host Body-Site: Organ; Ear	0.304689086024263	1	FALSE
PA2121; N_A →; P271P (CCG→CCA)	Host Body-Site: Organ; Ear	1	1	FALSE
PA2121; N_A →; P74P (CCG→CCA)	Host Body-Site: Organ; Ear	1	1	FALSE
PA2121; N_A →; Q142Q (CAA→CAG)	Host Body-Site: Organ; Ear	0.316114137845844	1	FALSE
PA2121; N_A →; Q222R (CAG→CGG)	Host Body-Site: Organ; Ear	0.526173958879803	1	FALSE
PA2121; N_A →; R126Q (CGG→CAG)	Host Body-Site: Organ; Ear	0.298193292091217	1	FALSE
PA2121; N_A →; R132R (CGT→CGG)	Host Body-Site: Organ; Ear	0.745733236256621	1	FALSE
PA2121; N_A →; R171R (CGC→CGT)	Host Body-Site: Organ; Ear	1	1	FALSE
PA2121; N_A →; R177R (CGG→CGC)	Host Body-Site: Organ; Ear	0.548738245016021	1	FALSE
PA2121; N_A →; R203R (CGG→CGC)	Host Body-Site: Organ; Ear	0.148884772631461	1	FALSE
PA2121; N_A →; R253R (CGC→CGT)	Host Body-Site: Organ; Ear	0.304689086024263	1	FALSE
PA2121; N_A →; S208S (AGT→AGC)	Host Body-Site: Organ; Ear	0.220101439155275	1	FALSE
PA2121; N_A →; T122I (ACC→ATC)	Host Body-Site: Organ; Ear	1	1	FALSE
PA2121; N_A →; T285T (ACG→ACC)	Host Body-Site: Organ; Ear	1	1	FALSE
PA2121; N_A →; T91A (ACC→GCC)	Host Body-Site: Organ; Ear	1	1	FALSE
PA2121; N_A →; T96T (ACT→ACC)	Host Body-Site: Organ; Ear	1	1	FALSE
PA2121; N_A →; T99S (ACC→AGC)	Host Body-Site: Organ; Ear	1	1	FALSE
PA2121; N_A →; V117V (GTG→GTA)	Host Body-Site: Organ; Ear	0.116876024030584	1	FALSE
PA2121; N_A →; V127L (GTG→CTG)	Host Body-Site: Organ; Ear	1	1	FALSE
PA2121; N_A →; V131V (GTA→GTG)	Host Body-Site: Organ; Ear	0.745733236256621	1	FALSE
PA2121; N_A →; V167I (GTC→ATC)	Host Body-Site: Organ; Ear	1	1	FALSE
PA2121; N_A →; V173A (GTG→GCG)	Host Body-Site: Organ; Ear	1	1	FALSE
PA2121; N_A →; V204I (GTC→ATC)	Host Body-Site: Organ; Ear	1	1	FALSE
PA2121; N_A →; V204V (GTC→GTG)	Host Body-Site: Organ; Ear	1	1	FALSE
PA2121; N_A →; V213V (GTC→GTG)	Host Body-Site: Organ; Ear	1	1	FALSE
PA2121; N_A →; V219V (GTG→GTA)	Host Body-Site: Organ; Ear	1	1	FALSE
PA2121; N_A →; V272A (GTG→GCG)	Host Body-Site: Organ; Ear	1	1	FALSE
PA2121; N_A →; Y107Y (TAT→TAC)	Host Body-Site: Organ; Ear	1	1	FALSE
PA2121; N_A →; Y154Y (TAC→TAT)	Host Body-Site: Organ; Ear	1	1	FALSE
PA2121; N_A →; Y72H (TAC→CAC)	Host Body-Site: Organ; Ear	1	1	FALSE
PA2121; N_A; 	Host Body-Site: Organ; Ear	1	1	FALSE
PA2312; N_A →; A102A (GCG→GCT)	Host Body-Site: Organ; Ear	1	1	FALSE
PA2312; N_A →; A131A (GCC→GCA)	Host Body-Site: Organ; Ear	0.116876024030584	1	FALSE
PA2312; N_A →; A180A (GCC→GCG)	Host Body-Site: Organ; Ear	0.571399782828276	1	FALSE
PA2312; N_A →; A182A (GCG→GCA)	Host Body-Site: Organ; Ear	0.0568030786674005	1	FALSE
PA2312; N_A →; A30A (GCC→GCT)	Host Body-Site: Organ; Ear	0.0559682681236211	1	FALSE
PA2312; N_A →; E128E (GAA→GAG)	Host Body-Site: Organ; Ear	1	1	FALSE
PA2312; N_A →; E146E (GAA→GAG)	Host Body-Site: Organ; Ear	0.220101439155275	1	FALSE
PA2312; N_A →; E151E (GAG→GAA)	Host Body-Site: Organ; Ear	0.358916449792259	1	FALSE
PA2312; N_A →; E4D (GAA→GAT)	Host Body-Site: Organ; Ear	1	1	FALSE
PA2312; N_A →; E4E (GAA→GAG)	Host Body-Site: Organ; Ear	0.284083202829052	1	FALSE
PA2312; N_A →; F104F (TTC→TTT)	Host Body-Site: Organ; Ear	0.116876024030584	1	FALSE
PA2312; N_A →; G10S (GGC→AGC)	Host Body-Site: Organ; Ear	1	1	FALSE
PA2312; N_A →; G133G (GGT→GGC)	Host Body-Site: Organ; Ear	1	1	FALSE
PA2312; N_A →; G36G (GGT→GGC)	Host Body-Site: Organ; Ear	0.179751612399327	1	FALSE
PA2312; N_A →; G63G (GGT→GGC)	Host Body-Site: Organ; Ear	0.304689086024263	1	FALSE
PA2312; N_A →; G79G (GGT→GGC)	Host Body-Site: Organ; Ear	0.471693729905843	1	FALSE
PA2312; N_A →; H130H (CAC→CAT)	Host Body-Site: Organ; Ear	1	1	FALSE
PA2312; N_A →; H15H (CAC→CAT)	Host Body-Site: Organ; Ear	0.391787551579914	1	FALSE
PA2312; N_A →; I34N (ATT→AAT)	Host Body-Site: Organ; Ear	1	1	FALSE
PA2312; N_A →; L145V (CTG→GTG)	Host Body-Site: Organ; Ear	0.391787551579914	1	FALSE
PA2312; N_A →; L163L (CTG→CTA)	Host Body-Site: Organ; Ear	1	1	FALSE
PA2312; N_A →; L18L (CTG→CTA)	Host Body-Site: Organ; Ear	1	1	FALSE
PA2312; N_A →; L192P (CTG→CCG)	Host Body-Site: Organ; Ear	1	1	FALSE
PA2312; N_A →; L31L (CTG→TTG)	Host Body-Site: Organ; Ear	1	1	FALSE
PA2312; N_A →; N174N (AAC→AAT)	Host Body-Site: Organ; Ear	1	1	FALSE
PA2312; N_A →; P189P (CCG→CCA)	Host Body-Site: Organ; Ear	1	1	FALSE
PA2312; N_A →; P84P (CCG→CCA)	Host Body-Site: Organ; Ear	0.116876024030584	1	FALSE
PA2312; N_A →; P84P (CCG→CCT)	Host Body-Site: Organ; Ear	1	1	FALSE
PA2312; N_A →; Q142Q (CAG→CAA)	Host Body-Site: Organ; Ear	0.745733236256621	1	FALSE
PA2312; N_A →; Q168Q (CAG→CAA)	Host Body-Site: Organ; Ear	1	1	FALSE
PA2312; N_A →; R101R (CGC→CGG)	Host Body-Site: Organ; Ear	1	1	FALSE
PA2312; N_A →; R110R (CGC→CGT)	Host Body-Site: Organ; Ear	1	1	FALSE
PA2312; N_A →; R153R (CGC→CGT)	Host Body-Site: Organ; Ear	1	1	FALSE
PA2312; N_A →; S171G (AGC→GGC)	Host Body-Site: Organ; Ear	0.220101439155275	1	FALSE
PA2312; N_A →; T134I (ACC→ATC)	Host Body-Site: Organ; Ear	0.462898895940812	1	FALSE
PA2312; N_A →; T3T (ACC→ACT)	Host Body-Site: Organ; Ear	1	1	FALSE
PA2312; N_A →; V147V (GTG→GTA)	Host Body-Site: Organ; Ear	0.391787551579914	1	FALSE
PA2312; N_A →; V147V (GTG→GTC)	Host Body-Site: Organ; Ear	1	1	FALSE
PA2312; N_A →; V82V (GTG→GTA)	Host Body-Site: Organ; Ear	0.116876024030584	1	FALSE
PA2312; N_A →; Y165Y (TAC→TAT)	Host Body-Site: Organ; Ear	1	1	FALSE
PA2312; N_A; 	Host Body-Site: Organ; Ear	0.525701720602682	1	FALSE
PA2435; N_A →; A103A (GCG→GCC)	Host Body-Site: Organ; Ear	1	1	FALSE
PA2435; N_A →; A144A (GCC→GCT)	Host Body-Site: Organ; Ear	0.238286156259685	1	FALSE
PA2435; N_A →; A144G (GCC→GGC)	Host Body-Site: Organ; Ear	1	1	FALSE
PA2435; N_A →; A144T (GCC→ACC)	Host Body-Site: Organ; Ear	1	1	FALSE
PA2435; N_A →; A201A (GCG→GCA)	Host Body-Site: Organ; Ear	1	1	FALSE
PA2435; N_A →; A213V (GCG→GTG)	Host Body-Site: Organ; Ear	1	1	FALSE
PA2435; N_A →; A267S (GCC→TCC)	Host Body-Site: Organ; Ear	0.311269479224888	1	FALSE
PA2435; N_A →; A279A (GCG→GCC)	Host Body-Site: Organ; Ear	0.0886453108991399	1	FALSE
PA2435; N_A →; A307A (GCC→GCA)	Host Body-Site: Organ; Ear	1	1	FALSE
PA2435; N_A →; A311A (GCT→GCC)	Host Body-Site: Organ; Ear	0.582511876480344	1	FALSE
PA2435; N_A →; A313A (GCC→GCT)	Host Body-Site: Organ; Ear	0.116876024030584	1	FALSE
PA2435; N_A →; A36A (GCG→GCA)	Host Body-Site: Organ; Ear	1	1	FALSE
PA2435; N_A →; A36A (GCG→GCC)	Host Body-Site: Organ; Ear	0.291771288418743	1	FALSE
PA2435; N_A →; A374A (GCT→GCC)	Host Body-Site: Organ; Ear	0.697822887613477	1	FALSE
PA2435; N_A →; A387A (GCG→GCA)	Host Body-Site: Organ; Ear	1	1	FALSE
PA2435; N_A →; A389A (GCA→GCG)	Host Body-Site: Organ; Ear	0.588924410430341	1	FALSE
PA2435; N_A →; A389V (GCA→GTA)	Host Body-Site: Organ; Ear	1	1	FALSE
PA2435; N_A →; A390V (GCC→GTC)	Host Body-Site: Organ; Ear	0.116876024030584	1	FALSE
PA2435; N_A →; A416T (GCG→ACG)	Host Body-Site: Organ; Ear	1	1	FALSE
PA2435; N_A →; A521T (GCG→ACG)	Host Body-Site: Organ; Ear	1	1	FALSE
PA2435; N_A →; A54A (GCC→GCT)	Host Body-Site: Organ; Ear	1	1	FALSE
PA2435; N_A →; A550A (GCA→GCC)	Host Body-Site: Organ; Ear	1	1	FALSE
PA2435; N_A →; A550A (GCA→GCG)	Host Body-Site: Organ; Ear	1	1	FALSE
PA2435; N_A →; A553A (GCC→GCT)	Host Body-Site: Organ; Ear	1	1	FALSE
PA2435; N_A →; A59A (GCG→GCC)	Host Body-Site: Organ; Ear	1	1	FALSE
PA2435; N_A →; A60V (GCG→GTG)	Host Body-Site: Organ; Ear	1	1	FALSE
PA2435; N_A →; A621A (GCG→GCA)	Host Body-Site: Organ; Ear	1	1	FALSE
PA2435; N_A →; A63A (GCC→GCT)	Host Body-Site: Organ; Ear	1	1	FALSE
PA2435; N_A →; A78A (GCG→GCA)	Host Body-Site: Organ; Ear	1	1	FALSE
PA2435; N_A →; C585C (TGC→TGT)	Host Body-Site: Organ; Ear	0.116876024030584	1	FALSE
PA2435; N_A →; coding (102‑106/1986 nt)	Host Body-Site: Organ; Ear	1	1	FALSE
PA2435; N_A →; coding (1515‑1516/1986 nt)	Host Body-Site: Organ; Ear	0.596466488272528	1	FALSE
PA2435; N_A →; coding (48‑50/1986 nt)	Host Body-Site: Organ; Ear	0.128500818353757	1	FALSE
PA2435; N_A →; coding (516‑517/1986 nt)	Host Body-Site: Organ; Ear	1	1	FALSE
PA2435; N_A →; D160D (GAC→GAT)	Host Body-Site: Organ; Ear	1	1	FALSE
PA2435; N_A →; D514D (GAC→GAT)	Host Body-Site: Organ; Ear	1	1	FALSE
PA2435; N_A →; D557D (GAC→GAT)	Host Body-Site: Organ; Ear	0.128500818353757	1	FALSE
PA2435; N_A →; D564D (GAT→GAC)	Host Body-Site: Organ; Ear	1	1	FALSE
PA2435; N_A →; E148E (GAG→GAA)	Host Body-Site: Organ; Ear	0.268453657663439	1	FALSE
PA2435; N_A →; E31E (GAG→GAA)	Host Body-Site: Organ; Ear	1	1	FALSE
PA2435; N_A →; E332E (GAG→GAA)	Host Body-Site: Organ; Ear	1	1	FALSE
PA2435; N_A →; E333E (GAG→GAA)	Host Body-Site: Organ; Ear	1	1	FALSE
PA2435; N_A →; E3G (GAG→GGG)	Host Body-Site: Organ; Ear	1	1	FALSE
PA2435; N_A →; E426E (GAA→GAG)	Host Body-Site: Organ; Ear	1	1	FALSE
PA2435; N_A →; E440A (GAG→GCG)	Host Body-Site: Organ; Ear	0.588924410430341	1	FALSE
PA2435; N_A →; E522E (GAG→GAA)	Host Body-Site: Organ; Ear	0.220101439155275	1	FALSE
PA2435; N_A →; F22L (TTC→CTC)	Host Body-Site: Organ; Ear	1	1	FALSE
PA2435; N_A →; F283F (TTC→TTT)	Host Body-Site: Organ; Ear	1	1	FALSE
PA2435; N_A →; F609F (TTC→TTT)	Host Body-Site: Organ; Ear	1	1	FALSE
PA2435; N_A →; G11G (GGC→GGT)	Host Body-Site: Organ; Ear	1	1	FALSE
PA2435; N_A →; G12G (GGC→GGG)	Host Body-Site: Organ; Ear	1	1	FALSE
PA2435; N_A →; G182G (GGC→GGT)	Host Body-Site: Organ; Ear	0.722719844616614	1	FALSE
PA2435; N_A →; G215G (GGG→GGA)	Host Body-Site: Organ; Ear	1	1	FALSE
PA2435; N_A →; G322G (GGT→GGC)	Host Body-Site: Organ; Ear	0.674360018491936	1	FALSE
PA2435; N_A →; G346G (GGC→GGT)	Host Body-Site: Organ; Ear	1	1	FALSE
PA2435; N_A →; G377G (GGC→GGT)	Host Body-Site: Organ; Ear	0.765813526429267	1	FALSE
PA2435; N_A →; G479G (GGT→GGC)	Host Body-Site: Organ; Ear	1	1	FALSE
PA2435; N_A →; G481R (GGC→CGC)	Host Body-Site: Organ; Ear	1	1	FALSE
PA2435; N_A →; G488G (GGC→GGT)	Host Body-Site: Organ; Ear	0.311269479224888	1	FALSE
PA2435; N_A →; G545G (GGT→GGA)	Host Body-Site: Organ; Ear	1	1	FALSE
PA2435; N_A →; G548G (GGG→GGA)	Host Body-Site: Organ; Ear	1	1	FALSE
PA2435; N_A →; G552G (GGC→GGT)	Host Body-Site: Organ; Ear	0.798426590420825	1	FALSE
PA2435; N_A →; G596G (GGC→GGT)	Host Body-Site: Organ; Ear	1	1	FALSE
PA2435; N_A →; G654R (GGA→AGA)	Host Body-Site: Organ; Ear	1	1	FALSE
PA2435; N_A →; G71G (GGC→GGT)	Host Body-Site: Organ; Ear	1	1	FALSE
PA2435; N_A →; H129H (CAT→CAC)	Host Body-Site: Organ; Ear	0.524889605775454	1	FALSE
PA2435; N_A →; H15H (CAT→CAC)	Host Body-Site: Organ; Ear	0.311269479224888	1	FALSE
PA2435; N_A →; H16H (CAC→CAT)	Host Body-Site: Organ; Ear	1	1	FALSE
PA2435; N_A →; H18H (CAT→CAC)	Host Body-Site: Organ; Ear	1	1	FALSE
PA2435; N_A →; H321H (CAC→CAT)	Host Body-Site: Organ; Ear	0.668931139624279	1	FALSE
PA2435; N_A →; H350H (CAC→CAT)	Host Body-Site: Organ; Ear	0.650880039885051	1	FALSE
PA2435; N_A →; H382H (CAT→CAC)	Host Body-Site: Organ; Ear	1	1	FALSE
PA2435; N_A →; H441H (CAT→CAC)	Host Body-Site: Organ; Ear	0.596466488272528	1	FALSE
PA2435; N_A →; H624H (CAC→CAT)	Host Body-Site: Organ; Ear	0.422205421235471	1	FALSE
PA2435; N_A →; H95H (CAT→CAC)	Host Body-Site: Organ; Ear	1	1	FALSE
PA2435; N_A →; I403I (ATC→ATT)	Host Body-Site: Organ; Ear	1	1	FALSE
PA2435; N_A →; I448I (ATC→ATT)	Host Body-Site: Organ; Ear	1	1	FALSE
PA2435; N_A →; I448V (ATC→GTC)	Host Body-Site: Organ; Ear	0.116876024030584	1	FALSE
PA2435; N_A →; I558I (ATC→ATT)	Host Body-Site: Organ; Ear	1	1	FALSE
PA2435; N_A →; I68L (ATC→CTC)	Host Body-Site: Organ; Ear	0.107342174136318	1	FALSE
PA2435; N_A →; L192L (CTG→CTA)	Host Body-Site: Organ; Ear	1	1	FALSE
PA2435; N_A →; L248L (CTG→TTG)	Host Body-Site: Organ; Ear	1	1	FALSE
PA2435; N_A →; L276L (CTG→CTT)	Host Body-Site: Organ; Ear	1	1	FALSE
PA2435; N_A →; L292L (CTC→CTT)	Host Body-Site: Organ; Ear	1	1	FALSE
PA2435; N_A →; L305L (CTG→CTA)	Host Body-Site: Organ; Ear	1	1	FALSE
PA2435; N_A →; L305L (CTG→TTG)	Host Body-Site: Organ; Ear	1	1	FALSE
PA2435; N_A →; L331L (CTC→CTT)	Host Body-Site: Organ; Ear	1	1	FALSE
PA2435; N_A →; L340L (CTG→TTG)	Host Body-Site: Organ; Ear	1	1	FALSE
PA2435; N_A →; L355L (CTG→CTA)	Host Body-Site: Organ; Ear	1	1	FALSE
PA2435; N_A →; L355L (CTG→TTG)	Host Body-Site: Organ; Ear	0.238286156259685	1	FALSE
PA2435; N_A →; L358L (CTG→TTG)	Host Body-Site: Organ; Ear	1	1	FALSE
PA2435; N_A →; L460L (CTG→TTG)	Host Body-Site: Organ; Ear	0.116876024030584	1	FALSE
PA2435; N_A →; L46L (CTC→CTT)	Host Body-Site: Organ; Ear	0.291771288418743	1	FALSE
PA2435; N_A →; L475L (CTG→CTA)	Host Body-Site: Organ; Ear	0.717414732299366	1	FALSE
PA2435; N_A →; L485L (TTG→CTG)	Host Body-Site: Organ; Ear	0.0311994698421816	1	FALSE
PA2435; N_A →; L49L (TTG→TTA)	Host Body-Site: Organ; Ear	1	1	FALSE
PA2435; N_A →; L506R (CTG→CGG)	Host Body-Site: Organ; Ear	1	1	FALSE
PA2435; N_A →; L516L (CTG→TTG)	Host Body-Site: Organ; Ear	0.304689086024263	1	FALSE
PA2435; N_A →; L51L (CTC→CTA)	Host Body-Site: Organ; Ear	0.220101439155275	1	FALSE
PA2435; N_A →; L612P (CTC→CCC)	Host Body-Site: Organ; Ear	1	1	FALSE
PA2435; N_A →; L623L (CTG→TTG)	Host Body-Site: Organ; Ear	1	1	FALSE
PA2435; N_A →; L79L (CTG→CTT)	Host Body-Site: Organ; Ear	0.692250443882911	1	FALSE
PA2435; N_A →; P173A (CCG→GCG)	Host Body-Site: Organ; Ear	0.588924410430341	1	FALSE
PA2435; N_A →; P209L (CCG→CTG)	Host Body-Site: Organ; Ear	1	1	FALSE
PA2435; N_A →; P648P (CCC→CCA)	Host Body-Site: Organ; Ear	1	1	FALSE
PA2435; N_A →; Q140R (CAG→CGG)	Host Body-Site: Organ; Ear	1	1	FALSE
PA2435; N_A →; Q193Q (CAA→CAG)	Host Body-Site: Organ; Ear	1	1	FALSE
PA2435; N_A →; Q250Q (CAG→CAA)	Host Body-Site: Organ; Ear	0.391787551579914	1	FALSE
PA2435; N_A →; Q32Q (CAG→CAA)	Host Body-Site: Organ; Ear	1	1	FALSE
PA2435; N_A →; Q356Q (CAG→CAA)	Host Body-Site: Organ; Ear	0.116876024030584	1	FALSE
PA2435; N_A →; Q38Q (CAG→CAA)	Host Body-Site: Organ; Ear	1	1	FALSE
PA2435; N_A →; Q584Q (CAA→CAG)	Host Body-Site: Organ; Ear	0.116876024030584	1	FALSE
PA2435; N_A →; R134R (CGC→CGT)	Host Body-Site: Organ; Ear	1	1	FALSE
PA2435; N_A →; R172R (CGG→CGA)	Host Body-Site: Organ; Ear	0.116876024030584	1	FALSE
PA2435; N_A →; R180R (CGC→CGT)	Host Body-Site: Organ; Ear	1	1	FALSE
PA2435; N_A →; R254R (CGC→CGT)	Host Body-Site: Organ; Ear	1	1	FALSE
PA2435; N_A →; R320R (CGC→CGT)	Host Body-Site: Organ; Ear	0.65646714333971	1	FALSE
PA2435; N_A →; R34R (CGT→CGC)	Host Body-Site: Organ; Ear	1	1	FALSE
PA2435; N_A →; R354R (CGC→CGT)	Host Body-Site: Organ; Ear	0.536771935481983	1	FALSE
PA2435; N_A →; R404R (CGC→CGT)	Host Body-Site: Organ; Ear	1	1	FALSE
PA2435; N_A →; R406R (CGC→CGT)	Host Body-Site: Organ; Ear	1	1	FALSE
PA2435; N_A →; R465R (CGC→CGA)	Host Body-Site: Organ; Ear	1	1	FALSE
PA2435; N_A →; R491Q (CGG→CAG)	Host Body-Site: Organ; Ear	0.798426590420825	1	FALSE
PA2435; N_A →; R574R (CGG→CGC)	Host Body-Site: Organ; Ear	0.805380770597061	1	FALSE
PA2435; N_A →; R640S (CGT→AGT)	Host Body-Site: Organ; Ear	1	1	FALSE
PA2435; N_A →; R655R (CGC→CGT)	Host Body-Site: Organ; Ear	1	1	FALSE
PA2435; N_A →; S112S (AGC→AGT)	Host Body-Site: Organ; Ear	1	1	FALSE
PA2435; N_A →; S162S (AGC→AGT)	Host Body-Site: Organ; Ear	0.391787551579914	1	FALSE
PA2435; N_A →; S197S (AGT→AGC)	Host Body-Site: Organ; Ear	1	1	FALSE
PA2435; N_A →; S306S (TCC→TCT)	Host Body-Site: Organ; Ear	1	1	FALSE
PA2435; N_A →; S436G (AGC→GGC)	Host Body-Site: Organ; Ear	0.582511876480344	1	FALSE
PA2435; N_A →; S562S (TCG→TCA)	Host Body-Site: Organ; Ear	0.220101439155275	1	FALSE
PA2435; N_A →; S627S (AGC→AGT)	Host Body-Site: Organ; Ear	1	1	FALSE
PA2435; N_A →; S66G (AGC→GGC)	Host Body-Site: Organ; Ear	1	1	FALSE
PA2435; N_A →; T234P (ACC→CCC)	Host Body-Site: Organ; Ear	1	1	FALSE
PA2435; N_A →; T310T (ACG→ACC)	Host Body-Site: Organ; Ear	1	1	FALSE
PA2435; N_A →; T310T (ACG→ACT)	Host Body-Site: Organ; Ear	1	1	FALSE
PA2435; N_A →; T5S (ACC→TCC)	Host Body-Site: Organ; Ear	0.284083202829052	1	FALSE
PA2435; N_A →; T660T (ACA→ACG)	Host Body-Site: Organ; Ear	1	1	FALSE
PA2435; N_A →; V130V (GTA→GTG)	Host Body-Site: Organ; Ear	1	1	FALSE
PA2435; N_A →; V218V (GTC→GTA)	Host Body-Site: Organ; Ear	1	1	FALSE
PA2435; N_A →; V274V (GTG→GTC)	Host Body-Site: Organ; Ear	1	1	FALSE
PA2435; N_A →; V294V (GTG→GTA)	Host Body-Site: Organ; Ear	1	1	FALSE
PA2435; N_A →; V464V (GTA→GTG)	Host Body-Site: Organ; Ear	1	1	FALSE
PA2435; N_A →; V519V (GTC→GTT)	Host Body-Site: Organ; Ear	1	1	FALSE
PA2435; N_A →; V532V (GTC→GTT)	Host Body-Site: Organ; Ear	1	1	FALSE
PA2435; N_A →; V619V (GTC→GTT)	Host Body-Site: Organ; Ear	1	1	FALSE
PA2435; N_A →; V652M (GTG→ATG)	Host Body-Site: Organ; Ear	0.116876024030584	1	FALSE
PA2435; N_A →; V72G (GTC→GGC)	Host Body-Site: Organ; Ear	1	1	FALSE
PA2435; N_A →; V72V (GTC→GTT)	Host Body-Site: Organ; Ear	1	1	FALSE
PA2435; N_A →; W86C (TGG→TGT)	Host Body-Site: Organ; Ear	1	1	FALSE
PA2435; N_A →; Y219Y (TAC→TAT)	Host Body-Site: Organ; Ear	1	1	FALSE
PA2435; N_A →; Y266Y (TAC→TAT)	Host Body-Site: Organ; Ear	1	1	FALSE
PA2435; N_A →; Y270Y (TAC→TAT)	Host Body-Site: Organ; Ear	1	1	FALSE
PA2435; N_A; 	Host Body-Site: Organ; Ear	1	1	FALSE
PA2492; mexT →; A245A (GCC→GCA)	Host Body-Site: Organ; Ear	0.628896720569647	1	FALSE
PA2492; mexT →; A319A (GCT→GCC)	Host Body-Site: Organ; Ear	0.722719844616614	1	FALSE
PA2492; mexT →; A329A (GCC→GCG)	Host Body-Site: Organ; Ear	0.502449044927448	1	FALSE
PA2492; mexT →; coding (706/1044 nt)	Host Body-Site: Organ; Ear	1	1	FALSE
PA2492; mexT →; D327D (GAT→GAC)	Host Body-Site: Organ; Ear	0.713695737339897	1	FALSE
PA2492; mexT →; E255E (GAG→GAA)	Host Body-Site: Organ; Ear	0.330575082093714	1	FALSE
PA2492; mexT →; E257E (GAA→GAG)	Host Body-Site: Organ; Ear	0.323549683387602	1	FALSE
PA2492; mexT →; G274D (GGC→GAC)	Host Body-Site: Organ; Ear	1	1	FALSE
PA2492; mexT →; G276G (GGC→GGT)	Host Body-Site: Organ; Ear	1	1	FALSE
PA2492; mexT →; I341F (ATC→TTC)	Host Body-Site: Organ; Ear	1	1	FALSE
PA2492; mexT →; K258K (AAA→AAG)	Host Body-Site: Organ; Ear	0.220101439155275	1	FALSE
PA2492; mexT →; K262K (AAG→AAA)	Host Body-Site: Organ; Ear	0.329587681493648	1	FALSE
PA2492; mexT →; L267L (CTG→TTG)	Host Body-Site: Organ; Ear	1	1	FALSE
PA2492; mexT →; L279L (CTG→CTC)	Host Body-Site: Organ; Ear	0.223407820908012	1	FALSE
PA2492; mexT →; L279L (CTG→TTG)	Host Body-Site: Organ; Ear	1	1	FALSE
PA2492; mexT →; L302L (CTA→CTG)	Host Body-Site: Organ; Ear	0.0897934257669513	1	FALSE
PA2492; mexT →; P307P (CCA→CCG)	Host Body-Site: Organ; Ear	1	1	FALSE
PA2492; mexT →; Q228Q (CAG→CAA)	Host Body-Site: Organ; Ear	1	1	FALSE
PA2492; mexT →; R237R (CGA→CGG)	Host Body-Site: Organ; Ear	0.116876024030584	1	FALSE
PA2492; mexT →; R303R (CGC→CGT)	Host Body-Site: Organ; Ear	1	1	FALSE
PA2492; mexT →; R312R (CGG→CGC)	Host Body-Site: Organ; Ear	1	1	FALSE
PA2492; mexT →; R334H (CGC→CAC)	Host Body-Site: Organ; Ear	1	1	FALSE
PA2492; mexT →; T287T (ACC→ACT)	Host Body-Site: Organ; Ear	1	1	FALSE
PA2492; mexT →; Y234Y (TAT→TAC)	Host Body-Site: Organ; Ear	0.737103379865233	1	FALSE
PA2492; mexT; 	Host Body-Site: Organ; Ear	1	1	FALSE
PA3217; cyaB →; *464* (TAA→TGA)	Host Body-Site: Organ; Ear	0.526173958879803	1	FALSE
PA3217; cyaB →; A114A (GCA→GCG)	Host Body-Site: Organ; Ear	1	1	FALSE
PA3217; cyaB →; A16A (GCG→GCA)	Host Body-Site: Organ; Ear	1	1	FALSE
PA3217; cyaB →; A194A (GCG→GCA)	Host Body-Site: Organ; Ear	1	1	FALSE
PA3217; cyaB →; A27A (GCC→GCT)	Host Body-Site: Organ; Ear	1	1	FALSE
PA3217; cyaB →; A296A (GCG→GCC)	Host Body-Site: Organ; Ear	0.10817238186669	1	FALSE
PA3217; cyaB →; A298A (GCT→GCG)	Host Body-Site: Organ; Ear	0.761682115390179	1	FALSE
PA3217; cyaB →; A30A (GCC→GCG)	Host Body-Site: Organ; Ear	1	1	FALSE
PA3217; cyaB →; A395T (GCG→ACG)	Host Body-Site: Organ; Ear	1	1	FALSE
PA3217; cyaB →; A55A (GCG→GCC)	Host Body-Site: Organ; Ear	1	1	FALSE
PA3217; cyaB →; A62A (GCG→GCA)	Host Body-Site: Organ; Ear	1	1	FALSE
PA3217; cyaB →; A62A (GCG→GCC)	Host Body-Site: Organ; Ear	1	1	FALSE
PA3217; cyaB →; A80A (GCC→GCG)	Host Body-Site: Organ; Ear	1	1	FALSE
PA3217; cyaB →; A80V (GCC→GTC)	Host Body-Site: Organ; Ear	1	1	FALSE
PA3217; cyaB →; C388C (TGC→TGT)	Host Body-Site: Organ; Ear	1	1	FALSE
PA3217; cyaB →; C89C (TGT→TGC)	Host Body-Site: Organ; Ear	1	1	FALSE
PA3217; cyaB →; coding (204‑205/1392 nt)	Host Body-Site: Organ; Ear	1	1	FALSE
PA3217; cyaB →; coding (544/1392 nt)	Host Body-Site: Organ; Ear	1	1	FALSE
PA3217; cyaB →; D234D (GAC→GAT)	Host Body-Site: Organ; Ear	0.64248667789714	1	FALSE
PA3217; cyaB →; D434D (GAC→GAT)	Host Body-Site: Organ; Ear	0.391787551579914	1	FALSE
PA3217; cyaB →; D442D (GAC→GAT)	Host Body-Site: Organ; Ear	1	1	FALSE
PA3217; cyaB →; E191E (GAA→GAG)	Host Body-Site: Organ; Ear	1	1	FALSE
PA3217; cyaB →; E210E (GAA→GAG)	Host Body-Site: Organ; Ear	0.220101439155275	1	FALSE
PA3217; cyaB →; E244E (GAA→GAG)	Host Body-Site: Organ; Ear	0.150767680531585	1	FALSE
PA3217; cyaB →; E246E (GAA→GAG)	Host Body-Site: Organ; Ear	1	1	FALSE
PA3217; cyaB →; E248E (GAG→GAA)	Host Body-Site: Organ; Ear	1	1	FALSE
PA3217; cyaB →; E260E (GAA→GAG)	Host Body-Site: Organ; Ear	0.157329057635501	1	FALSE
PA3217; cyaB →; E327E (GAA→GAG)	Host Body-Site: Organ; Ear	0.391787551579914	1	FALSE
PA3217; cyaB →; E327K (GAA→AAA)	Host Body-Site: Organ; Ear	1	1	FALSE
PA3217; cyaB →; E356E (GAG→GAA)	Host Body-Site: Organ; Ear	0.243446852937684	1	FALSE
PA3217; cyaB →; E364D (GAA→GAT)	Host Body-Site: Organ; Ear	1	1	FALSE
PA3217; cyaB →; E371E (GAA→GAG)	Host Body-Site: Organ; Ear	0.220101439155275	1	FALSE
PA3217; cyaB →; E423E (GAG→GAA)	Host Body-Site: Organ; Ear	0.220101439155275	1	FALSE
PA3217; cyaB →; E455E (GAA→GAG)	Host Body-Site: Organ; Ear	1	1	FALSE
PA3217; cyaB →; F69L (TTC→TTG)	Host Body-Site: Organ; Ear	1	1	FALSE
PA3217; cyaB →; G119G (GGC→GGT)	Host Body-Site: Organ; Ear	1	1	FALSE
PA3217; cyaB →; G162G (GGA→GGC)	Host Body-Site: Organ; Ear	0.525701720602682	1	FALSE
PA3217; cyaB →; G162G (GGA→GGG)	Host Body-Site: Organ; Ear	1	1	FALSE
PA3217; cyaB →; G172G (GGC→GGG)	Host Body-Site: Organ; Ear	1	1	FALSE
PA3217; cyaB →; G270G (GGC→GGT)	Host Body-Site: Organ; Ear	0.439854239095533	1	FALSE
PA3217; cyaB →; G331S (GGC→AGC)	Host Body-Site: Organ; Ear	1	1	FALSE
PA3217; cyaB →; G340G (GGC→GGT)	Host Body-Site: Organ; Ear	0.236275090240059	1	FALSE
PA3217; cyaB →; G354G (GGC→GGT)	Host Body-Site: Organ; Ear	0.391787551579914	1	FALSE
PA3217; cyaB →; G428D (GGC→GAC)	Host Body-Site: Organ; Ear	1	1	FALSE
PA3217; cyaB →; H64H (CAC→CAT)	Host Body-Site: Organ; Ear	1	1	FALSE
PA3217; cyaB →; H88H (CAC→CAT)	Host Body-Site: Organ; Ear	1	1	FALSE
PA3217; cyaB →; I382V (ATC→GTC)	Host Body-Site: Organ; Ear	0.220101439155275	1	FALSE
PA3217; cyaB →; I405I (ATC→ATT)	Host Body-Site: Organ; Ear	0.608137196228752	1	FALSE
PA3217; cyaB →; K293K (AAG→AAA)	Host Body-Site: Organ; Ear	1	1	FALSE
PA3217; cyaB →; L127L (TTG→CTG)	Host Body-Site: Organ; Ear	0.517185593723774	1	FALSE
PA3217; cyaB →; L146R (CTG→CGG)	Host Body-Site: Organ; Ear	1	1	FALSE
PA3217; cyaB →; L196L (CTC→CTG)	Host Body-Site: Organ; Ear	1	1	FALSE
PA3217; cyaB →; L204L (CTG→CTA)	Host Body-Site: Organ; Ear	1	1	FALSE
PA3217; cyaB →; L313L (CTG→CTA)	Host Body-Site: Organ; Ear	0.0263408352875421	1	FALSE
PA3217; cyaB →; L426L (TTG→CTG)	Host Body-Site: Organ; Ear	0.525701720602682	1	FALSE
PA3217; cyaB →; L457L (CTG→CTA)	Host Body-Site: Organ; Ear	1	1	FALSE
PA3217; cyaB →; M310I (ATG→ATA)	Host Body-Site: Organ; Ear	1	1	FALSE
PA3217; cyaB →; N148N (AAT→AAC)	Host Body-Site: Organ; Ear	1	1	FALSE
PA3217; cyaB →; P150S (CCG→TCG)	Host Body-Site: Organ; Ear	0.525701720602682	1	FALSE
PA3217; cyaB →; P3P (CCT→CCC)	Host Body-Site: Organ; Ear	1	1	FALSE
PA3217; cyaB →; P402P (CCG→CCA)	Host Body-Site: Organ; Ear	0.391787551579914	1	FALSE
PA3217; cyaB →; P53P (CCC→CCG)	Host Body-Site: Organ; Ear	1	1	FALSE
PA3217; cyaB →; P6S (CCC→TCC)	Host Body-Site: Organ; Ear	1	1	FALSE
PA3217; cyaB →; Q290H (CAG→CAT)	Host Body-Site: Organ; Ear	1	1	FALSE
PA3217; cyaB →; Q451Q (CAA→CAG)	Host Body-Site: Organ; Ear	1	1	FALSE
PA3217; cyaB →; Q67Q (CAG→CAA)	Host Body-Site: Organ; Ear	1	1	FALSE
PA3217; cyaB →; R178R (CGC→CGA)	Host Body-Site: Organ; Ear	1	1	FALSE
PA3217; cyaB →; R19R (CGT→CGC)	Host Body-Site: Organ; Ear	1	1	FALSE
PA3217; cyaB →; R236R (CGC→CGT)	Host Body-Site: Organ; Ear	1	1	FALSE
PA3217; cyaB →; R401R (CGC→CGG)	Host Body-Site: Organ; Ear	1	1	FALSE
PA3217; cyaB →; R413R (CGC→CGT)	Host Body-Site: Organ; Ear	0.610676023147884	1	FALSE
PA3217; cyaB →; T289T (ACC→ACT)	Host Body-Site: Organ; Ear	0.128639970043853	1	FALSE
PA3217; cyaB →; T338T (ACG→ACT)	Host Body-Site: Organ; Ear	0.220101439155275	1	FALSE
PA3217; cyaB →; T346T (ACG→ACA)	Host Body-Site: Organ; Ear	1	1	FALSE
PA3217; cyaB →; V101V (GTG→GTA)	Host Body-Site: Organ; Ear	1	1	FALSE
PA3217; cyaB →; V109V (GTG→GTT)	Host Body-Site: Organ; Ear	1	1	FALSE
PA3217; cyaB →; V129V (GTA→GTG)	Host Body-Site: Organ; Ear	1	1	FALSE
PA3217; cyaB →; V300V (GTA→GTG)	Host Body-Site: Organ; Ear	0.220101439155275	1	FALSE
PA3217; cyaB →; V403M (GTG→ATG)	Host Body-Site: Organ; Ear	1	1	FALSE
PA3217; cyaB →; V84V (GTC→GTG)	Host Body-Site: Organ; Ear	0.737103379865233	1	FALSE
PA3217; cyaB →; Y336Y (TAT→TAC)	Host Body-Site: Organ; Ear	0.220101439155275	1	FALSE
PA3217; cyaB →; Y421Y (TAC→TAT)	Host Body-Site: Organ; Ear	1	1	FALSE
PA3217; cyaB →; Y43Y (TAT→TAC)	Host Body-Site: Organ; Ear	1	1	FALSE
PA3217; cyaB →; Y54Y (TAT→TAC)	Host Body-Site: Organ; Ear	1	1	FALSE
PA3217; cyaB; 	Host Body-Site: Organ; Ear	1	1	FALSE
PA4420; N_A →; *314S (TGA→TCA)	Host Body-Site: Organ; Ear	1	1	FALSE
PA4420; N_A →; A143T (GCC→ACC)	Host Body-Site: Organ; Ear	1	1	FALSE
PA4420; N_A →; A167A (GCC→GCT)	Host Body-Site: Organ; Ear	0.352442869507962	1	FALSE
PA4420; N_A →; A183A (GCC→GCT)	Host Body-Site: Organ; Ear	1	1	FALSE
PA4420; N_A →; A18A (GCA→GCG)	Host Body-Site: Organ; Ear	0.220101439155275	1	FALSE
PA4420; N_A →; A47T (GCC→ACC)	Host Body-Site: Organ; Ear	0.644578780283525	1	FALSE
PA4420; N_A →; A90A (GCA→GCG)	Host Body-Site: Organ; Ear	1	1	FALSE
PA4420; N_A →; coding (618‑629/942 nt)	Host Body-Site: Organ; Ear	1	1	FALSE
PA4420; N_A →; coding (651‑652/942 nt)	Host Body-Site: Organ; Ear	0.761682115390179	1	FALSE
PA4420; N_A →; coding (878‑879/942 nt)	Host Body-Site: Organ; Ear	1	1	FALSE
PA4420; N_A →; D123D (GAT→GAC)	Host Body-Site: Organ; Ear	1	1	FALSE
PA4420; N_A →; D248D (GAC→GAT)	Host Body-Site: Organ; Ear	1	1	FALSE
PA4420; N_A →; D24G (GAC→GGC)	Host Body-Site: Organ; Ear	1	1	FALSE
PA4420; N_A →; D269D (GAC→GAT)	Host Body-Site: Organ; Ear	1	1	FALSE
PA4420; N_A →; D86D (GAT→GAC)	Host Body-Site: Organ; Ear	1	1	FALSE
PA4420; N_A →; E115E (GAG→GAA)	Host Body-Site: Organ; Ear	1	1	FALSE
PA4420; N_A →; E156V (GAA→GTA)	Host Body-Site: Organ; Ear	1	1	FALSE
PA4420; N_A →; E160E (GAG→GAA)	Host Body-Site: Organ; Ear	0.382190272880751	1	FALSE
PA4420; N_A →; E176A (GAG→GCG)	Host Body-Site: Organ; Ear	0.116876024030584	1	FALSE
PA4420; N_A →; E278E (GAG→GAA)	Host Body-Site: Organ; Ear	0.422205421235471	1	FALSE
PA4420; N_A →; E292E (GAA→GAG)	Host Body-Site: Organ; Ear	1	1	FALSE
PA4420; N_A →; E293E (GAA→GAG)	Host Body-Site: Organ; Ear	1	1	FALSE
PA4420; N_A →; G133G (GGC→GGA)	Host Body-Site: Organ; Ear	1	1	FALSE
PA4420; N_A →; G133G (GGC→GGT)	Host Body-Site: Organ; Ear	1	1	FALSE
PA4420; N_A →; G199G (GGC→GGT)	Host Body-Site: Organ; Ear	0.581166109559527	1	FALSE
PA4420; N_A →; G209G (GGC→GGT)	Host Body-Site: Organ; Ear	1	1	FALSE
PA4420; N_A →; G235G (GGT→GGC)	Host Body-Site: Organ; Ear	0.509680712652437	1	FALSE
PA4420; N_A →; G261A (GGC→GCC)	Host Body-Site: Organ; Ear	1	1	FALSE
PA4420; N_A →; G36G (GGC→GGG)	Host Body-Site: Organ; Ear	0.382190272880751	1	FALSE
PA4420; N_A →; G49G (GGA→GGG)	Host Body-Site: Organ; Ear	0.391787551579914	1	FALSE
PA4420; N_A →; G64G (GGA→GGG)	Host Body-Site: Organ; Ear	1	1	FALSE
PA4420; N_A →; G92D (GGT→GAT)	Host Body-Site: Organ; Ear	0.617978335347199	1	FALSE
PA4420; N_A →; G92G (GGT→GGC)	Host Body-Site: Organ; Ear	1	1	FALSE
PA4420; N_A →; G95G (GGG→GGT)	Host Body-Site: Organ; Ear	0.793737005375817	1	FALSE
PA4420; N_A →; H244H (CAT→CAC)	Host Body-Site: Organ; Ear	1	1	FALSE
PA4420; N_A →; H258H (CAC→CAT)	Host Body-Site: Organ; Ear	1	1	FALSE
PA4420; N_A →; I170I (ATC→ATT)	Host Body-Site: Organ; Ear	1	1	FALSE
PA4420; N_A →; I8I (ATC→ATT)	Host Body-Site: Organ; Ear	0.116876024030584	1	FALSE
PA4420; N_A →; K198K (AAG→AAA)	Host Body-Site: Organ; Ear	1	1	FALSE
PA4420; N_A →; K65N (AAA→AAC)	Host Body-Site: Organ; Ear	1	1	FALSE
PA4420; N_A →; L104L (CTT→CTC)	Host Body-Site: Organ; Ear	1	1	FALSE
PA4420; N_A →; L185L (CTC→CTG)	Host Body-Site: Organ; Ear	0.713695737339897	1	FALSE
PA4420; N_A →; L238L (CTG→CTA)	Host Body-Site: Organ; Ear	1	1	FALSE
PA4420; N_A →; L266L (CTG→CTT)	Host Body-Site: Organ; Ear	1	1	FALSE
PA4420; N_A →; L266L (CTG→TTG)	Host Body-Site: Organ; Ear	1	1	FALSE
PA4420; N_A →; L281L (CTG→TTG)	Host Body-Site: Organ; Ear	1	1	FALSE
PA4420; N_A →; L284L (CTG→TTG)	Host Body-Site: Organ; Ear	1	1	FALSE
PA4420; N_A →; L84L (CTG→CTC)	Host Body-Site: Organ; Ear	1	1	FALSE
PA4420; N_A →; N122N (AAC→AAT)	Host Body-Site: Organ; Ear	1	1	FALSE
PA4420; N_A →; N144N (AAC→AAT)	Host Body-Site: Organ; Ear	1	1	FALSE
PA4420; N_A →; N215S (AAC→AGC)	Host Body-Site: Organ; Ear	1	1	FALSE
PA4420; N_A →; P125P (CCG→CCC)	Host Body-Site: Organ; Ear	0.605005365036514	1	FALSE
PA4420; N_A →; P132P (CCC→CCA)	Host Body-Site: Organ; Ear	1	1	FALSE
PA4420; N_A →; P194P (CCC→CCT)	Host Body-Site: Organ; Ear	0.608137196228752	1	FALSE
PA4420; N_A →; P21P (CCG→CCA)	Host Body-Site: Organ; Ear	0.220101439155275	1	FALSE
PA4420; N_A →; P267P (CCG→CCA)	Host Body-Site: Organ; Ear	1	1	FALSE
PA4420; N_A →; Q110Q (CAA→CAG)	Host Body-Site: Organ; Ear	1	1	FALSE
PA4420; N_A →; R116R (CGC→CGT)	Host Body-Site: Organ; Ear	1	1	FALSE
PA4420; N_A →; R161R (CGC→CGT)	Host Body-Site: Organ; Ear	1	1	FALSE
PA4420; N_A →; R165R (CGG→CGA)	Host Body-Site: Organ; Ear	1	1	FALSE
PA4420; N_A →; R168R (CGC→CGT)	Host Body-Site: Organ; Ear	1	1	FALSE
PA4420; N_A →; R174R (CGT→CGC)	Host Body-Site: Organ; Ear	0.313720157305636	1	FALSE
PA4420; N_A →; R177R (CGG→CGC)	Host Body-Site: Organ; Ear	0.711827172075412	1	FALSE
PA4420; N_A →; R181R (CGA→CGG)	Host Body-Site: Organ; Ear	0.637948351785196	1	FALSE
PA4420; N_A →; R223R (CGT→CGC)	Host Body-Site: Organ; Ear	1	1	FALSE
PA4420; N_A →; R237R (CGG→CGC)	Host Body-Site: Organ; Ear	0.792388602430688	1	FALSE
PA4420; N_A →; R249R (CGC→CGT)	Host Body-Site: Organ; Ear	1	1	FALSE
PA4420; N_A →; R273R (CGT→CGC)	Host Body-Site: Organ; Ear	1	1	FALSE
PA4420; N_A →; R89C (CGC→TGC)	Host Body-Site: Organ; Ear	1	1	FALSE
PA4420; N_A →; S119S (AGC→AGT)	Host Body-Site: Organ; Ear	1	1	FALSE
PA4420; N_A →; S242S (AGT→AGC)	Host Body-Site: Organ; Ear	1	1	FALSE
PA4420; N_A →; T146A (ACC→GCC)	Host Body-Site: Organ; Ear	1	1	FALSE
PA4420; N_A →; T182T (ACT→ACC)	Host Body-Site: Organ; Ear	0.765813526429267	1	FALSE
PA4420; N_A →; V153V (GTC→GTT)	Host Body-Site: Organ; Ear	1	1	FALSE
PA4420; N_A →; V97I (GTC→ATC)	Host Body-Site: Organ; Ear	0.628896720569647	1	FALSE
PA4420; N_A; 	Host Body-Site: Organ; Ear	1	1	FALSE
PA4462; rpoN →; A150A (GCA→GCG)	Host Body-Site: Organ; Ear	1	1	FALSE
PA4462; rpoN →; A160A (GCG→GCA)	Host Body-Site: Organ; Ear	1	1	FALSE
PA4462; rpoN →; A160A (GCG→GCC)	Host Body-Site: Organ; Ear	1	1	FALSE
PA4462; rpoN →; A208A (GCC→GCT)	Host Body-Site: Organ; Ear	0.0377653590160498	1	FALSE
PA4462; rpoN →; A212A (GCC→GCT)	Host Body-Site: Organ; Ear	0.711827172075412	1	FALSE
PA4462; rpoN →; A236A (GCG→GCA)	Host Body-Site: Organ; Ear	1	1	FALSE
PA4462; rpoN →; A321A (GCC→GCG)	Host Body-Site: Organ; Ear	1	1	FALSE
PA4462; rpoN →; A346A (GCC→GCG)	Host Body-Site: Organ; Ear	1	1	FALSE
PA4462; rpoN →; A346T (GCC→ACC)	Host Body-Site: Organ; Ear	1	1	FALSE
PA4462; rpoN →; A364A (GCC→GCG)	Host Body-Site: Organ; Ear	1	1	FALSE
PA4462; rpoN →; A430A (GCT→GCC)	Host Body-Site: Organ; Ear	1	1	FALSE
PA4462; rpoN →; A439A (GCG→GCA)	Host Body-Site: Organ; Ear	1	1	FALSE
PA4462; rpoN →; A442T (GCG→ACG)	Host Body-Site: Organ; Ear	1	1	FALSE
PA4462; rpoN →; A66V (GCC→GTC)	Host Body-Site: Organ; Ear	1	1	FALSE
PA4462; rpoN →; coding (172‑173/1494 nt)	Host Body-Site: Organ; Ear	1	1	FALSE
PA4462; rpoN →; coding (226‑227/1494 nt)	Host Body-Site: Organ; Ear	1	1	FALSE
PA4462; rpoN →; coding (232/1494 nt)	Host Body-Site: Organ; Ear	1	1	FALSE
PA4462; rpoN →; coding (416‑424/1494 nt)	Host Body-Site: Organ; Ear	1	1	FALSE
PA4462; rpoN →; coding (795‑796/1494 nt)	Host Body-Site: Organ; Ear	1	1	FALSE
PA4462; rpoN →; coding (959/1494 nt)	Host Body-Site: Organ; Ear	1	1	FALSE
PA4462; rpoN →; D124D (GAT→GAC)	Host Body-Site: Organ; Ear	1	1	FALSE
PA4462; rpoN →; D156D (GAT→GAC)	Host Body-Site: Organ; Ear	1	1	FALSE
PA4462; rpoN →; D170D (GAT→GAC)	Host Body-Site: Organ; Ear	1	1	FALSE
PA4462; rpoN →; D264E (GAC→GAG)	Host Body-Site: Organ; Ear	1	1	FALSE
PA4462; rpoN →; D295G (GAC→GGC)	Host Body-Site: Organ; Ear	1	1	FALSE
PA4462; rpoN →; D331D (GAT→GAC)	Host Body-Site: Organ; Ear	0.867210755245413	1	FALSE
PA4462; rpoN →; D55D (GAT→GAC)	Host Body-Site: Organ; Ear	1	1	FALSE
PA4462; rpoN →; E109E (GAA→GAG)	Host Body-Site: Organ; Ear	1	1	FALSE
PA4462; rpoN →; E126E (GAG→GAA)	Host Body-Site: Organ; Ear	1	1	FALSE
PA4462; rpoN →; E178E (GAA→GAG)	Host Body-Site: Organ; Ear	0.148884772631461	1	FALSE
PA4462; rpoN →; E179E (GAA→GAG)	Host Body-Site: Organ; Ear	1	1	FALSE
PA4462; rpoN →; E191E (GAG→GAA)	Host Body-Site: Organ; Ear	0.439854239095533	1	FALSE
PA4462; rpoN →; E206E (GAA→GAG)	Host Body-Site: Organ; Ear	1	1	FALSE
PA4462; rpoN →; E308E (GAG→GAA)	Host Body-Site: Organ; Ear	1	1	FALSE
PA4462; rpoN →; E358E (GAA→GAG)	Host Body-Site: Organ; Ear	1	1	FALSE
PA4462; rpoN →; E379E (GAA→GAG)	Host Body-Site: Organ; Ear	1	1	FALSE
PA4462; rpoN →; E392E (GAA→GAG)	Host Body-Site: Organ; Ear	1	1	FALSE
PA4462; rpoN →; E398E (GAA→GAG)	Host Body-Site: Organ; Ear	0.311269479224888	1	FALSE
PA4462; rpoN →; G209G (GGC→GGG)	Host Body-Site: Organ; Ear	0.713695737339897	1	FALSE
PA4462; rpoN →; G248D (GGC→GAC)	Host Body-Site: Organ; Ear	1	1	FALSE
PA4462; rpoN →; G373G (GGT→GGC)	Host Body-Site: Organ; Ear	0.628896720569647	1	FALSE
PA4462; rpoN →; G378G (GGC→GGT)	Host Body-Site: Organ; Ear	1	1	FALSE
PA4462; rpoN →; G415G (GGC→GGT)	Host Body-Site: Organ; Ear	0.220101439155275	1	FALSE
PA4462; rpoN →; H388H (CAT→CAC)	Host Body-Site: Organ; Ear	0.852286051371203	1	FALSE
PA4462; rpoN →; H411H (CAT→CAC)	Host Body-Site: Organ; Ear	1	1	FALSE
PA4462; rpoN →; I111I (ATC→ATT)	Host Body-Site: Organ; Ear	1	1	FALSE
PA4462; rpoN →; I180I (ATC→ATT)	Host Body-Site: Organ; Ear	1	1	FALSE
PA4462; rpoN →; I270I (ATC→ATA)	Host Body-Site: Organ; Ear	1	1	FALSE
PA4462; rpoN →; I297I (ATC→ATT)	Host Body-Site: Organ; Ear	1	1	FALSE
PA4462; rpoN →; I98I (ATA→ATT)	Host Body-Site: Organ; Ear	1	1	FALSE
PA4462; rpoN →; K408K (AAA→AAG)	Host Body-Site: Organ; Ear	0.220101439155275	1	FALSE
PA4462; rpoN →; K480K (AAA→AAG)	Host Body-Site: Organ; Ear	0.220101439155275	1	FALSE
PA4462; rpoN →; L102L (TTG→CTG)	Host Body-Site: Organ; Ear	0.220101439155275	1	FALSE
PA4462; rpoN →; L144P (CTC→CCC)	Host Body-Site: Organ; Ear	1	1	FALSE
PA4462; rpoN →; L19L (CTG→TTG)	Host Body-Site: Organ; Ear	1	1	FALSE
PA4462; rpoN →; L219L (CTG→CTA)	Host Body-Site: Organ; Ear	1	1	FALSE
PA4462; rpoN →; L247L (CTC→CTT)	Host Body-Site: Organ; Ear	1	1	FALSE
PA4462; rpoN →; L25L (CTC→CTT)	Host Body-Site: Organ; Ear	1	1	FALSE
PA4462; rpoN →; L28L (CTA→CTC)	Host Body-Site: Organ; Ear	0.220101439155275	1	FALSE
PA4462; rpoN →; L419P (CTG→CCG)	Host Body-Site: Organ; Ear	1	1	FALSE
PA4462; rpoN →; L419V (CTG→GTG)	Host Body-Site: Organ; Ear	1	1	FALSE
PA4462; rpoN →; L447L (CTG→CTA)	Host Body-Site: Organ; Ear	1	1	FALSE
PA4462; rpoN →; N122S (AAC→AGC)	Host Body-Site: Organ; Ear	1	1	FALSE
PA4462; rpoN →; N320N (AAC→AAT)	Host Body-Site: Organ; Ear	1	1	FALSE
PA4462; rpoN →; N44N (AAT→AAC)	Host Body-Site: Organ; Ear	1	1	FALSE
PA4462; rpoN →; P17P (CCG→CCT)	Host Body-Site: Organ; Ear	0.220101439155275	1	FALSE
PA4462; rpoN →; P207P (CCC→CCT)	Host Body-Site: Organ; Ear	0.220101439155275	1	FALSE
PA4462; rpoN →; P227P (CCG→CCA)	Host Body-Site: Organ; Ear	1	1	FALSE
PA4462; rpoN →; P231A (CCC→GCC)	Host Body-Site: Organ; Ear	1	1	FALSE
PA4462; rpoN →; P315P (CCG→CCA)	Host Body-Site: Organ; Ear	0.82895381490438	1	FALSE
PA4462; rpoN →; P61P (CCT→CCC)	Host Body-Site: Organ; Ear	1	1	FALSE
PA4462; rpoN →; P61P (CCT→CCG)	Host Body-Site: Organ; Ear	1	1	FALSE
PA4462; rpoN →; P77P (CCC→CCG)	Host Body-Site: Organ; Ear	1	1	FALSE
PA4462; rpoN →; P77P (CCC→CCT)	Host Body-Site: Organ; Ear	0.556209893117207	1	FALSE
PA4462; rpoN →; Q12P (CAG→CCG)	Host Body-Site: Organ; Ear	1	1	FALSE
PA4462; rpoN →; Q204Q (CAA→CAG)	Host Body-Site: Organ; Ear	1	1	FALSE
PA4462; rpoN →; Q222Q (CAA→CAG)	Host Body-Site: Organ; Ear	1	1	FALSE
PA4462; rpoN →; Q254Q (CAA→CAG)	Host Body-Site: Organ; Ear	1	1	FALSE
PA4462; rpoN →; Q268L (CAG→CTG)	Host Body-Site: Organ; Ear	1	1	FALSE
PA4462; rpoN →; Q354Q (CAG→CAA)	Host Body-Site: Organ; Ear	1	1	FALSE
PA4462; rpoN →; Q366Q (CAG→CAA)	Host Body-Site: Organ; Ear	1	1	FALSE
PA4462; rpoN →; R157R (CGG→CGC)	Host Body-Site: Organ; Ear	1	1	FALSE
PA4462; rpoN →; R200R (CGC→CGT)	Host Body-Site: Organ; Ear	1	1	FALSE
PA4462; rpoN →; R257R (CGG→CGA)	Host Body-Site: Organ; Ear	1	1	FALSE
PA4462; rpoN →; R267R (CGC→CGT)	Host Body-Site: Organ; Ear	0.116876024030584	1	FALSE
PA4462; rpoN →; R328R (CGC→CGT)	Host Body-Site: Organ; Ear	1	1	FALSE
PA4462; rpoN →; R329R (CGC→CGT)	Host Body-Site: Organ; Ear	1	1	FALSE
PA4462; rpoN →; R372R (CGC→CGA)	Host Body-Site: Organ; Ear	1	1	FALSE
PA4462; rpoN →; R372R (CGC→CGT)	Host Body-Site: Organ; Ear	1	1	FALSE
PA4462; rpoN →; S115S (AGC→AGT)	Host Body-Site: Organ; Ear	0.116876024030584	1	FALSE
PA4462; rpoN →; S135S (AGC→AGT)	Host Body-Site: Organ; Ear	1	1	FALSE
PA4462; rpoN →; S176S (TCC→TCT)	Host Body-Site: Organ; Ear	1	1	FALSE
PA4462; rpoN →; S241S (TCC→TCT)	Host Body-Site: Organ; Ear	1	1	FALSE
PA4462; rpoN →; S253G (AGC→GGC)	Host Body-Site: Organ; Ear	1	1	FALSE
PA4462; rpoN →; S286S (TCG→TCA)	Host Body-Site: Organ; Ear	1	1	FALSE
PA4462; rpoN →; S29S (TCC→TCT)	Host Body-Site: Organ; Ear	0.116876024030584	1	FALSE
PA4462; rpoN →; S333S (AGC→AGT)	Host Body-Site: Organ; Ear	1	1	FALSE
PA4462; rpoN →; S428S (AGT→AGC)	Host Body-Site: Organ; Ear	0.192915386861614	1	FALSE
PA4462; rpoN →; S437P (TCC→CCC)	Host Body-Site: Organ; Ear	1	1	FALSE
PA4462; rpoN →; S484P (TCC→CCC)	Host Body-Site: Organ; Ear	1	1	FALSE
PA4462; rpoN →; S71T (AGC→ACC)	Host Body-Site: Organ; Ear	1	1	FALSE
PA4462; rpoN →; T406T (ACG→ACC)	Host Body-Site: Organ; Ear	0.610676023147884	1	FALSE
PA4462; rpoN →; T83T (ACG→ACC)	Host Body-Site: Organ; Ear	1	1	FALSE
PA4462; rpoN →; V147V (GTC→GTG)	Host Body-Site: Organ; Ear	1	1	FALSE
PA4462; rpoN →; V195V (GTG→GTC)	Host Body-Site: Organ; Ear	1	1	FALSE
PA4462; rpoN →; Y172Y (TAC→TAT)	Host Body-Site: Organ; Ear	1	1	FALSE
PA4462; rpoN →; Y323Y (TAC→TAT)	Host Body-Site: Organ; Ear	1	1	FALSE
PA4462; rpoN →; Y377Q (TAC→CAG)	Host Body-Site: Organ; Ear	1	1	FALSE
PA4462; rpoN; 	Host Body-Site: Organ; Ear	1	1	FALSE
PA4522; ampD →; A136V (GCC→GTC)	Host Body-Site: Organ; Ear	1	1	FALSE
PA4522; ampD →; A29V (GCG→GTG)	Host Body-Site: Organ; Ear	1	1	FALSE
PA4522; ampD →; A85G (GCC→GGC)	Host Body-Site: Organ; Ear	1	1	FALSE
PA4522; ampD →; A85S (GCC→TCC)	Host Body-Site: Organ; Ear	1	1	FALSE
PA4522; ampD →; C92C (TGT→TGC)	Host Body-Site: Organ; Ear	1	1	FALSE
PA4522; ampD →; coding (125/567 nt)	Host Body-Site: Organ; Ear	1	1	FALSE
PA4522; ampD →; coding (314‑324/567 nt)	Host Body-Site: Organ; Ear	1	1	FALSE
PA4522; ampD →; D183Y (GAT→TAT)	Host Body-Site: Organ; Ear	0.745733236256621	1	FALSE
PA4522; ampD →; D28G (GAC→GGC)	Host Body-Site: Organ; Ear	1	1	FALSE
PA4522; ampD →; E163E (GAG→GAA)	Host Body-Site: Organ; Ear	0.628896720569647	1	FALSE
PA4522; ampD →; E170G (GAG→GGG)	Host Body-Site: Organ; Ear	1	1	FALSE
PA4522; ampD →; E68D (GAG→GAT)	Host Body-Site: Organ; Ear	0.116876024030584	1	FALSE
PA4522; ampD →; E68E (GAG→GAA)	Host Body-Site: Organ; Ear	1	1	FALSE
PA4522; ampD →; E81E (GAA→GAG)	Host Body-Site: Organ; Ear	1	1	FALSE
PA4522; ampD →; F113F (TTC→TTT)	Host Body-Site: Organ; Ear	1	1	FALSE
PA4522; ampD →; F45F (TTC→TTT)	Host Body-Site: Organ; Ear	0.220101439155275	1	FALSE
PA4522; ampD →; G148A (GGG→GCG)	Host Body-Site: Organ; Ear	0.343766388774798	1	FALSE
PA4522; ampD →; G180G (GGA→GGT)	Host Body-Site: Organ; Ear	1	1	FALSE
PA4522; ampD →; G46G (GGC→GGT)	Host Body-Site: Organ; Ear	1	1	FALSE
PA4522; ampD →; G46S (GGC→AGC)	Host Body-Site: Organ; Ear	1	1	FALSE
PA4522; ampD →; G48G (GGT→GGC)	Host Body-Site: Organ; Ear	1	1	FALSE
PA4522; ampD →; I69T (ATC→ACC)	Host Body-Site: Organ; Ear	1	1	FALSE
PA4522; ampD →; L58P (CTG→CCG)	Host Body-Site: Organ; Ear	1	1	FALSE
PA4522; ampD →; N111N (AAC→AAT)	Host Body-Site: Organ; Ear	1	1	FALSE
PA4522; ampD →; N22N (AAC→AAT)	Host Body-Site: Organ; Ear	0.116876024030584	1	FALSE
PA4522; ampD →; N37N (AAT→AAC)	Host Body-Site: Organ; Ear	1	1	FALSE
PA4522; ampD →; P17P (CCT→CCC)	Host Body-Site: Organ; Ear	1	1	FALSE
PA4522; ampD →; P41S (CCG→TCG)	Host Body-Site: Organ; Ear	1	1	FALSE
PA4522; ampD →; Q44H (CAG→CAC)	Host Body-Site: Organ; Ear	0.391787551579914	1	FALSE
PA4522; ampD →; Q44K (CAG→AAG)	Host Body-Site: Organ; Ear	1	1	FALSE
PA4522; ampD →; Q88* (CAG→TAG)	Host Body-Site: Organ; Ear	1	1	FALSE
PA4522; ampD →; R107R (CGC→CGT)	Host Body-Site: Organ; Ear	0.116876024030584	1	FALSE
PA4522; ampD →; R11H (CGT→CAT)	Host Body-Site: Organ; Ear	1	1	FALSE
PA4522; ampD →; R11L (CGT→CTT)	Host Body-Site: Organ; Ear	1	1	FALSE
PA4522; ampD →; R143R (CGC→CGT)	Host Body-Site: Organ; Ear	1	1	FALSE
PA4522; ampD →; R164H (CGC→CAC)	Host Body-Site: Organ; Ear	1	1	FALSE
PA4522; ampD →; R164R (CGC→CGT)	Host Body-Site: Organ; Ear	1	1	FALSE
PA4522; ampD →; R178R (CGC→CGT)	Host Body-Site: Organ; Ear	1	1	FALSE
PA4522; ampD →; R24R (CGT→CGC)	Host Body-Site: Organ; Ear	1	1	FALSE
PA4522; ampD →; R57R (CGC→CGT)	Host Body-Site: Organ; Ear	0.329587681493648	1	FALSE
PA4522; ampD →; R95R (CGC→CGT)	Host Body-Site: Organ; Ear	1	1	FALSE
PA4522; ampD →; S114S (TCC→TCT)	Host Body-Site: Organ; Ear	1	1	FALSE
PA4522; ampD →; S175L (TCG→TTG)	Host Body-Site: Organ; Ear	1	1	FALSE
PA4522; ampD →; S175P (TCG→CCG)	Host Body-Site: Organ; Ear	1	1	FALSE
PA4522; ampD →; S39S (AGC→AGT)	Host Body-Site: Organ; Ear	0.608137196228752	1	FALSE
PA4522; ampD →; S5F (TCC→TTC)	Host Body-Site: Organ; Ear	1	1	FALSE
PA4522; ampD →; T139T (ACG→ACT)	Host Body-Site: Organ; Ear	1	1	FALSE
PA4522; ampD →; T7S (ACC→AGC)	Host Body-Site: Organ; Ear	1	1	FALSE
PA4522; ampD →; T87T (ACC→ACT)	Host Body-Site: Organ; Ear	1	1	FALSE
PA4522; ampD →; V10G (GTC→GGC)	Host Body-Site: Organ; Ear	1	1	FALSE
PA4522; ampD →; V10I (GTC→ATC)	Host Body-Site: Organ; Ear	1	1	FALSE
PA4522; ampD →; V34V (GTT→GTC)	Host Body-Site: Organ; Ear	0.737731106504476	1	FALSE
PA4522; ampD; 	Host Body-Site: Organ; Ear	1	1	FALSE
PA4526; pilB →; A167T (GCG→ACG)	Host Body-Site: Organ; Ear	1	1	FALSE
PA4526; pilB →; A175T (GCC→ACC)	Host Body-Site: Organ; Ear	1	1	FALSE
PA4526; pilB →; A17A (GCC→GCT)	Host Body-Site: Organ; Ear	1	1	FALSE
PA4526; pilB →; A182A (GCA→GCG)	Host Body-Site: Organ; Ear	1	1	FALSE
PA4526; pilB →; A182A (GCA→GCT)	Host Body-Site: Organ; Ear	1	1	FALSE
PA4526; pilB →; A195A (GCC→GCA)	Host Body-Site: Organ; Ear	1	1	FALSE
PA4526; pilB →; A233A (GCC→GCT)	Host Body-Site: Organ; Ear	1	1	FALSE
PA4526; pilB →; A238A (GCT→GCG)	Host Body-Site: Organ; Ear	1	1	FALSE
PA4526; pilB →; A28A (GCC→GCG)	Host Body-Site: Organ; Ear	0.391787551579914	1	FALSE
PA4526; pilB →; A294A (GCA→GCG)	Host Body-Site: Organ; Ear	0.475385719224112	1	FALSE
PA4526; pilB →; A300A (GCC→GCA)	Host Body-Site: Organ; Ear	1	1	FALSE
PA4526; pilB →; A30T (GCG→ACG)	Host Body-Site: Organ; Ear	1	1	FALSE
PA4526; pilB →; A313A (GCC→GCT)	Host Body-Site: Organ; Ear	0.311269479224888	1	FALSE
PA4526; pilB →; A314A (GCA→GCG)	Host Body-Site: Organ; Ear	1	1	FALSE
PA4526; pilB →; A353A (GCC→GCT)	Host Body-Site: Organ; Ear	0.717414732299366	1	FALSE
PA4526; pilB →; A380A (GCG→GCA)	Host Body-Site: Organ; Ear	1	1	FALSE
PA4526; pilB →; A406A (GCC→GCT)	Host Body-Site: Organ; Ear	1	1	FALSE
PA4526; pilB →; A410A (GCG→GCA)	Host Body-Site: Organ; Ear	1	1	FALSE
PA4526; pilB →; A426A (GCC→GCA)	Host Body-Site: Organ; Ear	1	1	FALSE
PA4526; pilB →; A439A (GCG→GCA)	Host Body-Site: Organ; Ear	0.692250443882911	1	FALSE
PA4526; pilB →; A443A (GCG→GCA)	Host Body-Site: Organ; Ear	1	1	FALSE
PA4526; pilB →; A81T (GCC→ACC)	Host Body-Site: Organ; Ear	0.116876024030584	1	FALSE
PA4526; pilB →; C459C (TGT→TGC)	Host Body-Site: Organ; Ear	0.64248667789714	1	FALSE
PA4526; pilB →; coding (1293‑1294/1701 nt)	Host Body-Site: Organ; Ear	0.468062050746601	1	FALSE
PA4526; pilB →; coding (1545‑1546/1701 nt)	Host Body-Site: Organ; Ear	1	1	FALSE
PA4526; pilB →; coding (75‑76/1701 nt)	Host Body-Site: Organ; Ear	0.391787551579914	1	FALSE
PA4526; pilB →; D108D (GAC→GAT)	Host Body-Site: Organ; Ear	1	1	FALSE
PA4526; pilB →; D149D (GAC→GAT)	Host Body-Site: Organ; Ear	1	1	FALSE
PA4526; pilB →; D168E (GAC→GAA)	Host Body-Site: Organ; Ear	1	1	FALSE
PA4526; pilB →; D194D (GAT→GAC)	Host Body-Site: Organ; Ear	1	1	FALSE
PA4526; pilB →; D247D (GAT→GAC)	Host Body-Site: Organ; Ear	1	1	FALSE
PA4526; pilB →; D270D (GAC→GAT)	Host Body-Site: Organ; Ear	1	1	FALSE
PA4526; pilB →; D290D (GAC→GAT)	Host Body-Site: Organ; Ear	1	1	FALSE
PA4526; pilB →; D299D (GAC→GAT)	Host Body-Site: Organ; Ear	1	1	FALSE
PA4526; pilB →; D306D (GAC→GAT)	Host Body-Site: Organ; Ear	1	1	FALSE
PA4526; pilB →; D347D (GAC→GAT)	Host Body-Site: Organ; Ear	1	1	FALSE
PA4526; pilB →; D355D (GAC→GAT)	Host Body-Site: Organ; Ear	1	1	FALSE
PA4526; pilB →; D388D (GAC→GAT)	Host Body-Site: Organ; Ear	0.311269479224888	1	FALSE
PA4526; pilB →; D390D (GAT→GAC)	Host Body-Site: Organ; Ear	0.210006492813044	1	FALSE
PA4526; pilB →; D399D (GAC→GAT)	Host Body-Site: Organ; Ear	0.119270128004184	1	FALSE
PA4526; pilB →; D566D (GAT→GAC)	Host Body-Site: Organ; Ear	1	1	FALSE
PA4526; pilB →; E206E (GAG→GAA)	Host Body-Site: Organ; Ear	1	1	FALSE
PA4526; pilB →; E209E (GAG→GAA)	Host Body-Site: Organ; Ear	1	1	FALSE
PA4526; pilB →; E304E (GAG→GAA)	Host Body-Site: Organ; Ear	1	1	FALSE
PA4526; pilB →; E305E (GAG→GAA)	Host Body-Site: Organ; Ear	1	1	FALSE
PA4526; pilB →; E358E (GAG→GAA)	Host Body-Site: Organ; Ear	1	1	FALSE
PA4526; pilB →; E401E (GAG→GAA)	Host Body-Site: Organ; Ear	1	1	FALSE
PA4526; pilB →; E465E (GAA→GAG)	Host Body-Site: Organ; Ear	1	1	FALSE
PA4526; pilB →; E467D (GAG→GAC)	Host Body-Site: Organ; Ear	0.793737005375817	1	FALSE
PA4526; pilB →; E467D (GAG→GAT)	Host Body-Site: Organ; Ear	1	1	FALSE
PA4526; pilB →; E476E (GAG→GAA)	Host Body-Site: Organ; Ear	1	1	FALSE
PA4526; pilB →; E523E (GAG→GAA)	Host Body-Site: Organ; Ear	0.481278458701345	1	FALSE
PA4526; pilB →; E529* (GAG→TAG)	Host Body-Site: Organ; Ear	1	1	FALSE
PA4526; pilB →; E532E (GAG→GAA)	Host Body-Site: Organ; Ear	1	1	FALSE
PA4526; pilB →; E84E (GAA→GAG)	Host Body-Site: Organ; Ear	1	1	FALSE
PA4526; pilB →; F103F (TTT→TTC)	Host Body-Site: Organ; Ear	1	1	FALSE
PA4526; pilB →; F271F (TTT→TTC)	Host Body-Site: Organ; Ear	0.239162501772025	1	FALSE
PA4526; pilB →; F478F (TTC→TTT)	Host Body-Site: Organ; Ear	1	1	FALSE
PA4526; pilB →; G165G (GGT→GGC)	Host Body-Site: Organ; Ear	1	1	FALSE
PA4526; pilB →; G198G (GGC→GGT)	Host Body-Site: Organ; Ear	1	1	FALSE
PA4526; pilB →; G257G (GGA→GGG)	Host Body-Site: Organ; Ear	1	1	FALSE
PA4526; pilB →; G326G (GGC→GGG)	Host Body-Site: Organ; Ear	0.220101439155275	1	FALSE
PA4526; pilB →; G329G (GGC→GGT)	Host Body-Site: Organ; Ear	1	1	FALSE
PA4526; pilB →; G331V (GGC→GTC)	Host Body-Site: Organ; Ear	1	1	FALSE
PA4526; pilB →; G339G (GGC→GGT)	Host Body-Site: Organ; Ear	1	1	FALSE
PA4526; pilB →; G363D (GGC→GAC)	Host Body-Site: Organ; Ear	0.116876024030584	1	FALSE
PA4526; pilB →; G374G (GGC→GGT)	Host Body-Site: Organ; Ear	1	1	FALSE
PA4526; pilB →; G395G (GGC→GGT)	Host Body-Site: Organ; Ear	1	1	FALSE
PA4526; pilB →; G413G (GGG→GGA)	Host Body-Site: Organ; Ear	1	1	FALSE
PA4526; pilB →; G436G (GGC→GGT)	Host Body-Site: Organ; Ear	1	1	FALSE
PA4526; pilB →; G477G (GGC→GGT)	Host Body-Site: Organ; Ear	1	1	FALSE
PA4526; pilB →; G484G (GGC→GGT)	Host Body-Site: Organ; Ear	1	1	FALSE
PA4526; pilB →; G503G (GGC→GGA)	Host Body-Site: Organ; Ear	1	1	FALSE
PA4526; pilB →; G553G (GGG→GGA)	Host Body-Site: Organ; Ear	0.653770755072004	1	FALSE
PA4526; pilB →; G63G (GGC→GGT)	Host Body-Site: Organ; Ear	1	1	FALSE
PA4526; pilB →; G9G (GGC→GGT)	Host Body-Site: Organ; Ear	1	1	FALSE
PA4526; pilB →; H414H (CAT→CAC)	Host Body-Site: Organ; Ear	0.391787551579914	1	FALSE
PA4526; pilB →; H42H (CAC→CAT)	Host Body-Site: Organ; Ear	1	1	FALSE
PA4526; pilB →; H461H (CAC→CAT)	Host Body-Site: Organ; Ear	0.220101439155275	1	FALSE
PA4526; pilB →; H466H (CAC→CAT)	Host Body-Site: Organ; Ear	1	1	FALSE
PA4526; pilB →; I115V (ATC→GTC)	Host Body-Site: Organ; Ear	1	1	FALSE
PA4526; pilB →; I196I (ATC→ATA)	Host Body-Site: Organ; Ear	1	1	FALSE
PA4526; pilB →; I211T (ATC→ACC)	Host Body-Site: Organ; Ear	0.711827172075412	1	FALSE
PA4526; pilB →; I236I (ATC→ATA)	Host Body-Site: Organ; Ear	1	1	FALSE
PA4526; pilB →; I248I (ATC→ATT)	Host Body-Site: Organ; Ear	1	1	FALSE
PA4526; pilB →; I322I (ATC→ATT)	Host Body-Site: Organ; Ear	1	1	FALSE
PA4526; pilB →; I350I (ATT→ATC)	Host Body-Site: Organ; Ear	1	1	FALSE
PA4526; pilB →; I397I (ATC→ATT)	Host Body-Site: Organ; Ear	0.502415375261672	1	FALSE
PA4526; pilB →; K142K (AAG→AAA)	Host Body-Site: Organ; Ear	1	1	FALSE
PA4526; pilB →; K23K (AAG→AAA)	Host Body-Site: Organ; Ear	1	1	FALSE
PA4526; pilB →; K253K (AAA→AAG)	Host Body-Site: Organ; Ear	0.745733236256621	1	FALSE
PA4526; pilB →; K74R (AAG→AGG)	Host Body-Site: Organ; Ear	1	1	FALSE
PA4526; pilB →; L138L (CTG→CTA)	Host Body-Site: Organ; Ear	0.220101439155275	1	FALSE
PA4526; pilB →; L192L (CTG→TTG)	Host Body-Site: Organ; Ear	1	1	FALSE
PA4526; pilB →; L222L (CTC→CTT)	Host Body-Site: Organ; Ear	1	1	FALSE
PA4526; pilB →; L232L (TTG→CTG)	Host Body-Site: Organ; Ear	1	1	FALSE
PA4526; pilB →; L279L (CTG→CTC)	Host Body-Site: Organ; Ear	1	1	FALSE
PA4526; pilB →; L279L (CTG→TTG)	Host Body-Site: Organ; Ear	1	1	FALSE
PA4526; pilB →; L301L (CTC→CTG)	Host Body-Site: Organ; Ear	0.729360600135409	1	FALSE
PA4526; pilB →; L315L (CTC→CTT)	Host Body-Site: Organ; Ear	1	1	FALSE
PA4526; pilB →; L336L (CTA→CTG)	Host Body-Site: Organ; Ear	0.791780217382865	1	FALSE
PA4526; pilB →; L343L (CTG→CTC)	Host Body-Site: Organ; Ear	0.422862176598134	1	FALSE
PA4526; pilB →; L361L (CTG→TTG)	Host Body-Site: Organ; Ear	0.581166109559527	1	FALSE
PA4526; pilB →; L381L (CTG→CTA)	Host Body-Site: Organ; Ear	0.148884772631461	1	FALSE
PA4526; pilB →; L385L (CTG→TTG)	Host Body-Site: Organ; Ear	1	1	FALSE
PA4526; pilB →; L420L (CTG→CTA)	Host Body-Site: Organ; Ear	1	1	FALSE
PA4526; pilB →; L429L (CTG→CTA)	Host Body-Site: Organ; Ear	1	1	FALSE
PA4526; pilB →; L429L (CTG→CTC)	Host Body-Site: Organ; Ear	1	1	FALSE
PA4526; pilB →; L432L (TTG→CTG)	Host Body-Site: Organ; Ear	1	1	FALSE
PA4526; pilB →; L433P (CTG→CCG)	Host Body-Site: Organ; Ear	1	1	FALSE
PA4526; pilB →; L442L (CTG→CTA)	Host Body-Site: Organ; Ear	1	1	FALSE
PA4526; pilB →; L488L (CTT→CTG)	Host Body-Site: Organ; Ear	1	1	FALSE
PA4526; pilB →; L542L (CTG→CTA)	Host Body-Site: Organ; Ear	1	1	FALSE
PA4526; pilB →; L57L (TTG→TTA)	Host Body-Site: Organ; Ear	1	1	FALSE
PA4526; pilB →; L95L (CTG→TTG)	Host Body-Site: Organ; Ear	1	1	FALSE
PA4526; pilB →; N274N (AAC→AAT)	Host Body-Site: Organ; Ear	1	1	FALSE
PA4526; pilB →; N344N (AAT→AAC)	Host Body-Site: Organ; Ear	1	1	FALSE
PA4526; pilB →; N349N (AAC→AAT)	Host Body-Site: Organ; Ear	1	1	FALSE
PA4526; pilB →; N370N (AAT→AAC)	Host Body-Site: Organ; Ear	0.813726127834015	1	FALSE
PA4526; pilB →; N423N (AAC→AAT)	Host Body-Site: Organ; Ear	1	1	FALSE
PA4526; pilB →; N441N (AAC→AAT)	Host Body-Site: Organ; Ear	1	1	FALSE
PA4526; pilB →; N447N (AAC→AAT)	Host Body-Site: Organ; Ear	0.581166109559527	1	FALSE
PA4526; pilB →; N70N (AAT→AAC)	Host Body-Site: Organ; Ear	1	1	FALSE
PA4526; pilB →; P318P (CCG→CCA)	Host Body-Site: Organ; Ear	0.505058581756678	1	FALSE
PA4526; pilB →; P356P (CCG→CCT)	Host Body-Site: Organ; Ear	1	1	FALSE
PA4526; pilB →; P438P (CCG→CCA)	Host Body-Site: Organ; Ear	1	1	FALSE
PA4526; pilB →; P469P (CCG→CCA)	Host Body-Site: Organ; Ear	1	1	FALSE
PA4526; pilB →; P479L (CCG→CTG)	Host Body-Site: Organ; Ear	1	1	FALSE
PA4526; pilB →; P491P (CCG→CCA)	Host Body-Site: Organ; Ear	1	1	FALSE
PA4526; pilB →; P515P (CCG→CCC)	Host Body-Site: Organ; Ear	0.430286468132232	1	FALSE
PA4526; pilB →; Q172Q (CAA→CAG)	Host Body-Site: Organ; Ear	1	1	FALSE
PA4526; pilB →; Q295Q (CAG→CAA)	Host Body-Site: Organ; Ear	1	1	FALSE
PA4526; pilB →; Q29Q (CAG→CAA)	Host Body-Site: Organ; Ear	1	1	FALSE
PA4526; pilB →; Q373Q (CAG→CAA)	Host Body-Site: Organ; Ear	1	1	FALSE
PA4526; pilB →; Q411Q (CAG→CAA)	Host Body-Site: Organ; Ear	1	1	FALSE
PA4526; pilB →; Q533Q (CAA→CAG)	Host Body-Site: Organ; Ear	1	1	FALSE
PA4526; pilB →; Q89Q (CAA→CAG)	Host Body-Site: Organ; Ear	1	1	FALSE
PA4526; pilB →; R213R (CGG→CGA)	Host Body-Site: Organ; Ear	1	1	FALSE
PA4526; pilB →; R251R (CGA→CGG)	Host Body-Site: Organ; Ear	0.581166109559527	1	FALSE
PA4526; pilB →; R258R (CGG→CGA)	Host Body-Site: Organ; Ear	0.116876024030584	1	FALSE
PA4526; pilB →; R272R (CGC→CGG)	Host Body-Site: Organ; Ear	1	1	FALSE
PA4526; pilB →; R287R (CGG→CGT)	Host Body-Site: Organ; Ear	1	1	FALSE
PA4526; pilB →; R372R (CGC→CGT)	Host Body-Site: Organ; Ear	0.628896720569647	1	FALSE
PA4526; pilB →; R453R (CGC→CGA)	Host Body-Site: Organ; Ear	1	1	FALSE
PA4526; pilB →; R470K (AGG→AAG)	Host Body-Site: Organ; Ear	1	1	FALSE
PA4526; pilB →; R79R (CGG→CGC)	Host Body-Site: Organ; Ear	1	1	FALSE
PA4526; pilB →; R97R (CGG→CGC)	Host Body-Site: Organ; Ear	1	1	FALSE
PA4526; pilB →; S234S (AGT→AGC)	Host Body-Site: Organ; Ear	1	1	FALSE
PA4526; pilB →; S264S (TCG→TCA)	Host Body-Site: Organ; Ear	1	1	FALSE
PA4526; pilB →; S268S (TCC→TCG)	Host Body-Site: Organ; Ear	0.510059828093732	1	FALSE
PA4526; pilB →; S292S (TCC→TCT)	Host Body-Site: Organ; Ear	0.462898895940812	1	FALSE
PA4526; pilB →; S335S (TCG→TCC)	Host Body-Site: Organ; Ear	0.220101439155275	1	FALSE
PA4526; pilB →; S46N (AGC→AAC)	Host Body-Site: Organ; Ear	1	1	FALSE
PA4526; pilB →; S490S (TCG→TCA)	Host Body-Site: Organ; Ear	1	1	FALSE
PA4526; pilB →; S527S (TCC→TCT)	Host Body-Site: Organ; Ear	1	1	FALSE
PA4526; pilB →; T266N (ACC→AAC)	Host Body-Site: Organ; Ear	0.722719844616614	1	FALSE
PA4526; pilB →; T266S (ACC→AGC)	Host Body-Site: Organ; Ear	1	1	FALSE
PA4526; pilB →; T345T (ACC→ACA)	Host Body-Site: Organ; Ear	1	1	FALSE
PA4526; pilB →; T352T (ACC→ACT)	Host Body-Site: Organ; Ear	0.374242728482491	1	FALSE
PA4526; pilB →; T402T (ACC→ACG)	Host Body-Site: Organ; Ear	0.729360600135409	1	FALSE
PA4526; pilB →; T402T (ACC→ACT)	Host Body-Site: Organ; Ear	0.622941281018733	1	FALSE
PA4526; pilB →; T412T (ACC→ACA)	Host Body-Site: Organ; Ear	1	1	FALSE
PA4526; pilB →; T41T (ACG→ACA)	Host Body-Site: Organ; Ear	1	1	FALSE
PA4526; pilB →; T430T (ACC→ACT)	Host Body-Site: Organ; Ear	1	1	FALSE
PA4526; pilB →; T544A (ACC→GCC)	Host Body-Site: Organ; Ear	1	1	FALSE
PA4526; pilB →; T544S (ACC→TCC)	Host Body-Site: Organ; Ear	0.220101439155275	1	FALSE
PA4526; pilB →; T544T (ACC→ACT)	Host Body-Site: Organ; Ear	1	1	FALSE
PA4526; pilB →; V104V (GTA→GTG)	Host Body-Site: Organ; Ear	1	1	FALSE
PA4526; pilB →; V157V (GTC→GTT)	Host Body-Site: Organ; Ear	1	1	FALSE
PA4526; pilB →; V185V (GTA→GTC)	Host Body-Site: Organ; Ear	1	1	FALSE
PA4526; pilB →; V188V (GTC→GTA)	Host Body-Site: Organ; Ear	1	1	FALSE
PA4526; pilB →; V242V (GTA→GTG)	Host Body-Site: Organ; Ear	1	1	FALSE
PA4526; pilB →; V263V (GTG→GTA)	Host Body-Site: Organ; Ear	1	1	FALSE
PA4526; pilB →; V26L (GTG→CTG)	Host Body-Site: Organ; Ear	1	1	FALSE
PA4526; pilB →; V334V (GTA→GTC)	Host Body-Site: Organ; Ear	0.391787551579914	1	FALSE
PA4526; pilB →; V334V (GTA→GTT)	Host Body-Site: Organ; Ear	0.761682115390179	1	FALSE
PA4526; pilB →; V391V (GTG→GTT)	Host Body-Site: Organ; Ear	1	1	FALSE
PA4526; pilB →; V416E (GTG→GAG)	Host Body-Site: Organ; Ear	1	1	FALSE
PA4526; pilB →; V437V (GTG→GTA)	Host Body-Site: Organ; Ear	1	1	FALSE
PA4526; pilB →; V468V (GTG→GTT)	Host Body-Site: Organ; Ear	1	1	FALSE
PA4526; pilB →; V492V (GTG→GTA)	Host Body-Site: Organ; Ear	1	1	FALSE
PA4526; pilB →; V510V (GTA→GTG)	Host Body-Site: Organ; Ear	1	1	FALSE
PA4526; pilB →; Y212Y (TAC→TAT)	Host Body-Site: Organ; Ear	1	1	FALSE
PA4526; pilB →; Y311Y (TAC→TAT)	Host Body-Site: Organ; Ear	1	1	FALSE
PA4526; pilB →; Y66Y (TAT→TAC)	Host Body-Site: Organ; Ear	1	1	FALSE
PA4526; pilB; 	Host Body-Site: Organ; Ear	0.525701720602682	1	FALSE
PA4796; N_A →; A130A (GCG→GCT)	Host Body-Site: Organ; Ear	1	1	FALSE
PA4796; N_A →; A152A (GCA→GCG)	Host Body-Site: Organ; Ear	0.355429997613719	1	FALSE
PA4796; N_A →; A73A (GCT→GCC)	Host Body-Site: Organ; Ear	1	1	FALSE
PA4796; N_A →; A87T (GCG→ACG)	Host Body-Site: Organ; Ear	1	1	FALSE
PA4796; N_A →; coding (86‑87/468 nt)	Host Body-Site: Organ; Ear	1	1	FALSE
PA4796; N_A →; D19A (GAC→GCC)	Host Body-Site: Organ; Ear	1	1	FALSE
PA4796; N_A →; D55D (GAC→GAT)	Host Body-Site: Organ; Ear	1	1	FALSE
PA4796; N_A →; D62G (GAC→GGC)	Host Body-Site: Organ; Ear	1	1	FALSE
PA4796; N_A →; E136E (GAG→GAA)	Host Body-Site: Organ; Ear	1	1	FALSE
PA4796; N_A →; E60E (GAA→GAG)	Host Body-Site: Organ; Ear	1	1	FALSE
PA4796; N_A →; E9E (GAG→GAA)	Host Body-Site: Organ; Ear	0.0994036398342656	1	FALSE
PA4796; N_A →; F155V (TTC→GTC)	Host Body-Site: Organ; Ear	0.657974903875185	1	FALSE
PA4796; N_A →; F70F (TTC→TTT)	Host Body-Site: Organ; Ear	1	1	FALSE
PA4796; N_A →; G7D (GGC→GAC)	Host Body-Site: Organ; Ear	1	1	FALSE
PA4796; N_A →; G7S (GGC→AGC)	Host Body-Site: Organ; Ear	1	1	FALSE
PA4796; N_A →; H58H (CAC→CAT)	Host Body-Site: Organ; Ear	1	1	FALSE
PA4796; N_A →; H58Y (CAC→TAC)	Host Body-Site: Organ; Ear	1	1	FALSE
PA4796; N_A →; L24L (TTG→CTG)	Host Body-Site: Organ; Ear	0.269938459963899	1	FALSE
PA4796; N_A →; L43L (CTG→TTG)	Host Body-Site: Organ; Ear	0.154097841999972	1	FALSE
PA4796; N_A →; P148P (CCA→CCG)	Host Body-Site: Organ; Ear	1	1	FALSE
PA4796; N_A →; P90A (CCG→GCG)	Host Body-Site: Organ; Ear	1	1	FALSE
PA4796; N_A →; R121Q (CGG→CAG)	Host Body-Site: Organ; Ear	1	1	FALSE
PA4796; N_A →; R131W (CGG→TGG)	Host Body-Site: Organ; Ear	1	1	FALSE
PA4796; N_A →; R139H (CGC→CAC)	Host Body-Site: Organ; Ear	1	1	FALSE
PA4796; N_A →; R54R (CGC→CGT)	Host Body-Site: Organ; Ear	1	1	FALSE
PA4796; N_A →; R78C (CGC→TGC)	Host Body-Site: Organ; Ear	1	1	FALSE
PA4796; N_A →; S122G (AGC→GGA)	Host Body-Site: Organ; Ear	0.0665239146100941	1	FALSE
PA4796; N_A →; S122G (AGC→GGG)	Host Body-Site: Organ; Ear	1	1	FALSE
PA4796; N_A →; V110A (GTA→GCA)	Host Body-Site: Organ; Ear	1	1	FALSE
PA4796; N_A →; V110V (GTA→GTG)	Host Body-Site: Organ; Ear	0.291771288418743	1	FALSE
PA4796; N_A →; V150V (GTG→GTA)	Host Body-Site: Organ; Ear	1	1	FALSE
PA4796; N_A →; V67V (GTG→GTA)	Host Body-Site: Organ; Ear	1	1	FALSE
PA4796; N_A; 	Host Body-Site: Organ; Ear	1	1	FALSE
PA4848; accC →; A119T (GCC→ACC)	Host Body-Site: Organ; Ear	1	1	FALSE
PA4848; accC →; A189T (GCC→ACC)	Host Body-Site: Organ; Ear	1	1	FALSE
PA4848; accC →; A243A (GCG→GCA)	Host Body-Site: Organ; Ear	1	1	FALSE
PA4848; accC →; A252A (GCT→GCC)	Host Body-Site: Organ; Ear	0.412850699199407	1	FALSE
PA4848; accC →; A56A (GCC→GCA)	Host Body-Site: Organ; Ear	1	1	FALSE
PA4848; accC →; coding (1224‑1225/1350 nt)	Host Body-Site: Organ; Ear	0.220101439155275	1	FALSE
PA4848; accC →; coding (383‑384/1350 nt)	Host Body-Site: Organ; Ear	1	1	FALSE
PA4848; accC →; coding (485/1350 nt)	Host Body-Site: Organ; Ear	1	1	FALSE
PA4848; accC →; coding (495‑497/1350 nt)	Host Body-Site: Organ; Ear	0.220101439155275	1	FALSE
PA4848; accC →; D121D (GAC→GAT)	Host Body-Site: Organ; Ear	0.220101439155275	1	FALSE
PA4848; accC →; D141D (GAT→GAC)	Host Body-Site: Organ; Ear	1	1	FALSE
PA4848; accC →; D229G (GAC→GGC)	Host Body-Site: Organ; Ear	1	1	FALSE
PA4848; accC →; D249N (GAC→AAC)	Host Body-Site: Organ; Ear	1	1	FALSE
PA4848; accC →; D307N (GAC→AAC)	Host Body-Site: Organ; Ear	1	1	FALSE
PA4848; accC →; D343D (GAC→GAT)	Host Body-Site: Organ; Ear	0.220101439155275	1	FALSE
PA4848; accC →; E143E (GAG→GAA)	Host Body-Site: Organ; Ear	0.830770900277028	1	FALSE
PA4848; accC →; E175E (GAG→GAA)	Host Body-Site: Organ; Ear	0.86002908365022	1	FALSE
PA4848; accC →; E177E (GAG→GAA)	Host Body-Site: Organ; Ear	1	1	FALSE
PA4848; accC →; E188K (GAG→AAG)	Host Body-Site: Organ; Ear	1	1	FALSE
PA4848; accC →; E280E (GAG→GAA)	Host Body-Site: Organ; Ear	0.116876024030584	1	FALSE
PA4848; accC →; E326E (GAG→GAA)	Host Body-Site: Organ; Ear	1	1	FALSE
PA4848; accC →; E336E (GAA→GAG)	Host Body-Site: Organ; Ear	1	1	FALSE
PA4848; accC →; E3G (GAA→GGA)	Host Body-Site: Organ; Ear	1	1	FALSE
PA4848; accC →; F193F (TTC→TTT)	Host Body-Site: Organ; Ear	1	1	FALSE
PA4848; accC →; F277L (TTC→CTC)	Host Body-Site: Organ; Ear	1	1	FALSE
PA4848; accC →; G104C (GGC→TGC)	Host Body-Site: Organ; Ear	1	1	FALSE
PA4848; accC →; G114S (GGC→AGC)	Host Body-Site: Organ; Ear	1	1	FALSE
PA4848; accC →; G165G (GGT→GGC)	Host Body-Site: Organ; Ear	1	1	FALSE
PA4848; accC →; G166G (GGG→GGT)	Host Body-Site: Organ; Ear	1	1	FALSE
PA4848; accC →; G190G (GGC→GGT)	Host Body-Site: Organ; Ear	1	1	FALSE
PA4848; accC →; G226D (GGC→GAC)	Host Body-Site: Organ; Ear	1	1	FALSE
PA4848; accC →; G273G (GGC→GGT)	Host Body-Site: Organ; Ear	1	1	FALSE
PA4848; accC →; G392G (GGT→GGC)	Host Body-Site: Organ; Ear	0.0136506089058935	1	FALSE
PA4848; accC →; G413G (GGT→GGC)	Host Body-Site: Organ; Ear	0.462898895940812	1	FALSE
PA4848; accC →; G445G (GGT→GGC)	Host Body-Site: Organ; Ear	1	1	FALSE
PA4848; accC →; G52G (GGT→GGC)	Host Body-Site: Organ; Ear	0.220101439155275	1	FALSE
PA4848; accC →; G52S (GGT→AGT)	Host Body-Site: Organ; Ear	1	1	FALSE
PA4848; accC →; G81S (GGC→AGC)	Host Body-Site: Organ; Ear	1	1	FALSE
PA4848; accC →; H224H (CAC→CAT)	Host Body-Site: Organ; Ear	1	1	FALSE
PA4848; accC →; H356H (CAC→CAT)	Host Body-Site: Organ; Ear	0.220101439155275	1	FALSE
PA4848; accC →; H358H (CAC→CAT)	Host Body-Site: Organ; Ear	0.116876024030584	1	FALSE
PA4848; accC →; H438H (CAT→CAC)	Host Body-Site: Organ; Ear	0.0382374323595773	1	FALSE
PA4848; accC →; I267I (ATC→ATT)	Host Body-Site: Organ; Ear	1	1	FALSE
PA4848; accC →; I287I (ATC→ATA)	Host Body-Site: Organ; Ear	1	1	FALSE
PA4848; accC →; I437T (ATC→ACC)	Host Body-Site: Organ; Ear	1	1	FALSE
PA4848; accC →; I67I (ATC→ATT)	Host Body-Site: Organ; Ear	1	1	FALSE
PA4848; accC →; K202K (AAG→AAA)	Host Body-Site: Organ; Ear	1	1	FALSE
PA4848; accC →; K251E (AAG→GAG)	Host Body-Site: Organ; Ear	1	1	FALSE
PA4848; accC →; K251K (AAG→AAA)	Host Body-Site: Organ; Ear	0.116876024030584	1	FALSE
PA4848; accC →; L138L (CTG→TTG)	Host Body-Site: Organ; Ear	1	1	FALSE
PA4848; accC →; L200P (CTG→CCG)	Host Body-Site: Organ; Ear	1	1	FALSE
PA4848; accC →; L225F (CTC→TTC)	Host Body-Site: Organ; Ear	1	1	FALSE
PA4848; accC →; L232L (CTG→TTG)	Host Body-Site: Organ; Ear	1	1	FALSE
PA4848; accC →; L24L (CTG→CTA)	Host Body-Site: Organ; Ear	1	1	FALSE
PA4848; accC →; L39L (TTG→CTG)	Host Body-Site: Organ; Ear	0.391787551579914	1	FALSE
PA4848; accC →; L406L (CTG→CTA)	Host Body-Site: Organ; Ear	0.329587681493648	1	FALSE
PA4848; accC →; L424L (CTG→CTT)	Host Body-Site: Organ; Ear	1	1	FALSE
PA4848; accC →; N206N (AAC→AAT)	Host Body-Site: Organ; Ear	1	1	FALSE
PA4848; accC →; N290N (AAC→AAT)	Host Body-Site: Organ; Ear	1	1	FALSE
PA4848; accC →; N417N (AAT→AAC)	Host Body-Site: Organ; Ear	0.525701720602682	1	FALSE
PA4848; accC →; N436N (AAC→AAT)	Host Body-Site: Organ; Ear	1	1	FALSE
PA4848; accC →; N88N (AAC→AAT)	Host Body-Site: Organ; Ear	1	1	FALSE
PA4848; accC →; P132L (CCG→CTG)	Host Body-Site: Organ; Ear	1	1	FALSE
PA4848; accC →; P132P (CCG→CCA)	Host Body-Site: Organ; Ear	1	1	FALSE
PA4848; accC →; P207P (CCG→CCT)	Host Body-Site: Organ; Ear	1	1	FALSE
PA4848; accC →; P244P (CCG→CCA)	Host Body-Site: Organ; Ear	0.0132748941950527	1	FALSE
PA4848; accC →; P360P (CCC→CCG)	Host Body-Site: Organ; Ear	0.116876024030584	1	FALSE
PA4848; accC →; Q58Q (CAG→CAA)	Host Body-Site: Organ; Ear	1	1	FALSE
PA4848; accC →; Q62Q (CAG→CAA)	Host Body-Site: Organ; Ear	1	1	FALSE
PA4848; accC →; R170R (CGC→CGT)	Host Body-Site: Organ; Ear	1	1	FALSE
PA4848; accC →; R186P (CGC→CCC)	Host Body-Site: Organ; Ear	1	1	FALSE
PA4848; accC →; R253R (CGC→CGT)	Host Body-Site: Organ; Ear	1	1	FALSE
PA4848; accC →; R270C (CGC→TGC)	Host Body-Site: Organ; Ear	1	1	FALSE
PA4848; accC →; R283R (CGC→CGT)	Host Body-Site: Organ; Ear	1	1	FALSE
PA4848; accC →; S181L (TCG→TTG)	Host Body-Site: Organ; Ear	1	1	FALSE
PA4848; accC →; S231P (TCC→CCC)	Host Body-Site: Organ; Ear	1	1	FALSE
PA4848; accC →; S300S (TCT→TCG)	Host Body-Site: Organ; Ear	0.137931977562916	1	FALSE
PA4848; accC →; S383S (TCG→TCA)	Host Body-Site: Organ; Ear	1	1	FALSE
PA4848; accC →; T73T (ACC→ACT)	Host Body-Site: Organ; Ear	1	1	FALSE
PA4848; accC →; V103V (GTC→GTT)	Host Body-Site: Organ; Ear	1	1	FALSE
PA4848; accC →; V117I (GTT→ATT)	Host Body-Site: Organ; Ear	1	1	FALSE
PA4848; accC →; V117V (GTT→GTC)	Host Body-Site: Organ; Ear	0.861630931645956	1	FALSE
PA4848; accC →; V128A (GTC→GCC)	Host Body-Site: Organ; Ear	1	1	FALSE
PA4848; accC →; V128V (GTC→GTA)	Host Body-Site: Organ; Ear	0.462898895940812	1	FALSE
PA4848; accC →; V210M (GTG→ATG)	Host Body-Site: Organ; Ear	1	1	FALSE
PA4848; accC →; V214V (GTG→GTC)	Host Body-Site: Organ; Ear	1	1	FALSE
PA4848; accC →; V239V (GTG→GTA)	Host Body-Site: Organ; Ear	0.116876024030584	1	FALSE
PA4848; accC →; V303F (GTC→TTC)	Host Body-Site: Organ; Ear	1	1	FALSE
PA4848; accC →; V309I (GTC→ATC)	Host Body-Site: Organ; Ear	1	1	FALSE
PA4848; accC →; V329I (GTC→ATC)	Host Body-Site: Organ; Ear	1	1	FALSE
PA4848; accC →; V377V (GTG→GTA)	Host Body-Site: Organ; Ear	0.0337412028610274	1	FALSE
PA4848; accC →; V435V (GTG→GTT)	Host Body-Site: Organ; Ear	1	1	FALSE
PA4848; accC →; Y173Y (TAC→TAT)	Host Body-Site: Organ; Ear	1	1	FALSE
PA4848; accC; 	Host Body-Site: Organ; Ear	1	1	FALSE
PA0506; N_A →; A134A (GCC→GCT)	Host Body-Site: Organ; Eye	1	1	FALSE
PA0506; N_A →; A148A (GCA→GCG)	Host Body-Site: Organ; Eye	0.699940125563049	1	FALSE
PA0506; N_A →; A220A (GCC→GCT)	Host Body-Site: Organ; Eye	1	1	FALSE
PA0506; N_A →; A243V (GCC→GTC)	Host Body-Site: Organ; Eye	1	1	FALSE
PA0506; N_A →; A272G (GCC→GGC)	Host Body-Site: Organ; Eye	1	1	FALSE
PA0506; N_A →; A295A (GCT→GCG)	Host Body-Site: Organ; Eye	1	1	FALSE
PA0506; N_A →; A318A (GCT→GCC)	Host Body-Site: Organ; Eye	1	1	FALSE
PA0506; N_A →; A355A (GCC→GCA)	Host Body-Site: Organ; Eye	1	1	FALSE
PA0506; N_A →; A355A (GCC→GCG)	Host Body-Site: Organ; Eye	1	1	FALSE
PA0506; N_A →; A355A (GCC→GCT)	Host Body-Site: Organ; Eye	1	1	FALSE
PA0506; N_A →; A385A (GCC→GCT)	Host Body-Site: Organ; Eye	1	1	FALSE
PA0506; N_A →; A386A (GCC→GCT)	Host Body-Site: Organ; Eye	1	1	FALSE
PA0506; N_A →; A423A (GCC→GCT)	Host Body-Site: Organ; Eye	1	1	FALSE
PA0506; N_A →; A463A (GCG→GCA)	Host Body-Site: Organ; Eye	1	1	FALSE
PA0506; N_A →; A489A (GCT→GCC)	Host Body-Site: Organ; Eye	1	1	FALSE
PA0506; N_A →; A492A (GCA→GCG)	Host Body-Site: Organ; Eye	0.826749397804001	1	FALSE
PA0506; N_A →; A508A (GCC→GCA)	Host Body-Site: Organ; Eye	1	1	FALSE
PA0506; N_A →; A537A (GCC→GCT)	Host Body-Site: Organ; Eye	1	1	FALSE
PA0506; N_A →; A540V (GCG→GTG)	Host Body-Site: Organ; Eye	1	1	FALSE
PA0506; N_A →; C251C (TGC→TGT)	Host Body-Site: Organ; Eye	1	1	FALSE
PA0506; N_A →; C66C (TGC→TGT)	Host Body-Site: Organ; Eye	1	1	FALSE
PA0506; N_A →; coding (657‑665/1806 nt)	Host Body-Site: Organ; Eye	1	1	FALSE
PA0506; N_A →; coding (728‑729/1806 nt)	Host Body-Site: Organ; Eye	1	1	FALSE
PA0506; N_A →; D173D (GAC→GAT)	Host Body-Site: Organ; Eye	1	1	FALSE
PA0506; N_A →; D33E (GAC→GAG)	Host Body-Site: Organ; Eye	0.14199890770071	1	FALSE
PA0506; N_A →; D372D (GAC→GAT)	Host Body-Site: Organ; Eye	0.535084784667768	1	FALSE
PA0506; N_A →; D37D (GAC→GAT)	Host Body-Site: Organ; Eye	1	1	FALSE
PA0506; N_A →; D433G (GAC→GGC)	Host Body-Site: Organ; Eye	1	1	FALSE
PA0506; N_A →; D522D (GAC→GAT)	Host Body-Site: Organ; Eye	1	1	FALSE
PA0506; N_A →; D62D (GAC→GAT)	Host Body-Site: Organ; Eye	1	1	FALSE
PA0506; N_A →; D71E (GAC→GAG)	Host Body-Site: Organ; Eye	1	1	FALSE
PA0506; N_A →; E403E (GAA→GAG)	Host Body-Site: Organ; Eye	1	1	FALSE
PA0506; N_A →; E407E (GAG→GAA)	Host Body-Site: Organ; Eye	0.733738708032091	1	FALSE
PA0506; N_A →; E424E (GAG→GAA)	Host Body-Site: Organ; Eye	0.375449984874994	1	FALSE
PA0506; N_A →; E486E (GAA→GAG)	Host Body-Site: Organ; Eye	1	1	FALSE
PA0506; N_A →; E595E (GAA→GAG)	Host Body-Site: Organ; Eye	1	1	FALSE
PA0506; N_A →; E64E (GAA→GAG)	Host Body-Site: Organ; Eye	1	1	FALSE
PA0506; N_A →; E81E (GAG→GAA)	Host Body-Site: Organ; Eye	1	1	FALSE
PA0506; N_A →; E99E (GAG→GAA)	Host Body-Site: Organ; Eye	1	1	FALSE
PA0506; N_A →; F416Y (TTC→TAC)	Host Body-Site: Organ; Eye	1	1	FALSE
PA0506; N_A →; G104G (GGT→GGC)	Host Body-Site: Organ; Eye	1	1	FALSE
PA0506; N_A →; G104G (GGT→GGG)	Host Body-Site: Organ; Eye	1	1	FALSE
PA0506; N_A →; G110G (GGC→GGG)	Host Body-Site: Organ; Eye	0.373644987884545	1	FALSE
PA0506; N_A →; G129G (GGC→GGT)	Host Body-Site: Organ; Eye	1	1	FALSE
PA0506; N_A →; G142G (GGC→GGT)	Host Body-Site: Organ; Eye	1	1	FALSE
PA0506; N_A →; G171G (GGC→GGT)	Host Body-Site: Organ; Eye	0.26384521666629	1	FALSE
PA0506; N_A →; G187G (GGT→GGC)	Host Body-Site: Organ; Eye	0.81470745052858	1	FALSE
PA0506; N_A →; G193G (GGC→GGT)	Host Body-Site: Organ; Eye	0.707757260748577	1	FALSE
PA0506; N_A →; G201G (GGC→GGT)	Host Body-Site: Organ; Eye	1	1	FALSE
PA0506; N_A →; G223G (GGC→GGT)	Host Body-Site: Organ; Eye	1	1	FALSE
PA0506; N_A →; G241G (GGC→GGT)	Host Body-Site: Organ; Eye	1	1	FALSE
PA0506; N_A →; G252G (GGT→GGA)	Host Body-Site: Organ; Eye	1	1	FALSE
PA0506; N_A →; G252G (GGT→GGC)	Host Body-Site: Organ; Eye	0.0716069056513031	1	FALSE
PA0506; N_A →; G259G (GGC→GGT)	Host Body-Site: Organ; Eye	0.707757260748577	1	FALSE
PA0506; N_A →; G279G (GGC→GGA)	Host Body-Site: Organ; Eye	1	1	FALSE
PA0506; N_A →; G310G (GGT→GGC)	Host Body-Site: Organ; Eye	1	1	FALSE
PA0506; N_A →; G329G (GGT→GGC)	Host Body-Site: Organ; Eye	1	1	FALSE
PA0506; N_A →; G329G (GGT→GGG)	Host Body-Site: Organ; Eye	1	1	FALSE
PA0506; N_A →; G417G (GGC→GGT)	Host Body-Site: Organ; Eye	0.80379062520412	1	FALSE
PA0506; N_A →; G420G (GGT→GGG)	Host Body-Site: Organ; Eye	1	1	FALSE
PA0506; N_A →; G445G (GGC→GGT)	Host Body-Site: Organ; Eye	1	1	FALSE
PA0506; N_A →; G453G (GGT→GGC)	Host Body-Site: Organ; Eye	0.787669114918331	1	FALSE
PA0506; N_A →; G453G (GGT→GGG)	Host Body-Site: Organ; Eye	1	1	FALSE
PA0506; N_A →; G550G (GGC→GGT)	Host Body-Site: Organ; Eye	1	1	FALSE
PA0506; N_A →; G600G (GGT→GGG)	Host Body-Site: Organ; Eye	1	1	FALSE
PA0506; N_A →; G72G (GGC→GGG)	Host Body-Site: Organ; Eye	1	1	FALSE
PA0506; N_A →; G90G (GGC→GGT)	Host Body-Site: Organ; Eye	0.495822105318415	1	FALSE
PA0506; N_A →; H132H (CAC→CAT)	Host Body-Site: Organ; Eye	1	1	FALSE
PA0506; N_A →; H139H (CAT→CAC)	Host Body-Site: Organ; Eye	1	1	FALSE
PA0506; N_A →; H306H (CAT→CAC)	Host Body-Site: Organ; Eye	0.0559382438651713	1	FALSE
PA0506; N_A →; H419H (CAC→CAT)	Host Body-Site: Organ; Eye	1	1	FALSE
PA0506; N_A →; H425H (CAC→CAT)	Host Body-Site: Organ; Eye	1	1	FALSE
PA0506; N_A →; H578Y (CAC→TAC)	Host Body-Site: Organ; Eye	1	1	FALSE
PA0506; N_A →; H96H (CAT→CAC)	Host Body-Site: Organ; Eye	1	1	FALSE
PA0506; N_A →; I231L (ATC→CTC) ‡	Host Body-Site: Organ; Eye	0.535084784667768	1	FALSE
PA0506; N_A →; I231M (ATC→ATG) ‡	Host Body-Site: Organ; Eye	0.535084784667768	1	FALSE
PA0506; N_A →; I373I (ATC→ATT)	Host Body-Site: Organ; Eye	1	1	FALSE
PA0506; N_A →; K153K (AAG→AAA)	Host Body-Site: Organ; Eye	1	1	FALSE
PA0506; N_A →; K190R (AAG→AGG)	Host Body-Site: Organ; Eye	1	1	FALSE
PA0506; N_A →; K257K (AAG→AAA)	Host Body-Site: Organ; Eye	1	1	FALSE
PA0506; N_A →; K384K (AAA→AAG)	Host Body-Site: Organ; Eye	0.458108799110744	1	FALSE
PA0506; N_A →; K473K (AAG→AAA)	Host Body-Site: Organ; Eye	1	1	FALSE
PA0506; N_A →; L109L (CTC→CTT)	Host Body-Site: Organ; Eye	1	1	FALSE
PA0506; N_A →; L177L (CTG→CTA)	Host Body-Site: Organ; Eye	1	1	FALSE
PA0506; N_A →; L236L (CTG→CTA)	Host Body-Site: Organ; Eye	0.150695964811563	1	FALSE
PA0506; N_A →; L236L (CTG→CTC)	Host Body-Site: Organ; Eye	1	1	FALSE
PA0506; N_A →; L236L (CTG→CTT)	Host Body-Site: Organ; Eye	0.71630360159949	1	FALSE
PA0506; N_A →; L277L (CTG→CTC)	Host Body-Site: Organ; Eye	1	1	FALSE
PA0506; N_A →; L301L (CTG→CTA)	Host Body-Site: Organ; Eye	1	1	FALSE
PA0506; N_A →; L304L (CTG→TTG)	Host Body-Site: Organ; Eye	1	1	FALSE
PA0506; N_A →; L451L (CTG→TTG)	Host Body-Site: Organ; Eye	1	1	FALSE
PA0506; N_A →; L457L (CTG→TTG)	Host Body-Site: Organ; Eye	1	1	FALSE
PA0506; N_A →; L494L (CTG→TTG)	Host Body-Site: Organ; Eye	1	1	FALSE
PA0506; N_A →; L542L (TTG→CTG)	Host Body-Site: Organ; Eye	0.557776166445401	1	FALSE
PA0506; N_A →; L561L (CTG→TTG)	Host Body-Site: Organ; Eye	1	1	FALSE
PA0506; N_A →; M38I (ATG→ATA)	Host Body-Site: Organ; Eye	1	1	FALSE
PA0506; N_A →; N136N (AAC→AAT)	Host Body-Site: Organ; Eye	1	1	FALSE
PA0506; N_A →; N238D (AAC→GAC)	Host Body-Site: Organ; Eye	0.0255742150926448	1	FALSE
PA0506; N_A →; N238N (AAC→AAT)	Host Body-Site: Organ; Eye	1	1	FALSE
PA0506; N_A →; N238T (AAC→ACC)	Host Body-Site: Organ; Eye	1	1	FALSE
PA0506; N_A →; N286D (AAC→GAC) ‡	Host Body-Site: Organ; Eye	1	1	FALSE
PA0506; N_A →; N286K (AAC→AAA) ‡	Host Body-Site: Organ; Eye	1	1	FALSE
PA0506; N_A →; N360N (AAC→AAT)	Host Body-Site: Organ; Eye	1	1	FALSE
PA0506; N_A →; N40N (AAC→AAT)	Host Body-Site: Organ; Eye	1	1	FALSE
PA0506; N_A →; N587S (AAC→AGC)	Host Body-Site: Organ; Eye	0.346922581619508	1	FALSE
PA0506; N_A →; P128P (CCG→CCC)	Host Body-Site: Organ; Eye	1	1	FALSE
PA0506; N_A →; P168P (CCG→CCA)	Host Body-Site: Organ; Eye	1	1	FALSE
PA0506; N_A →; P333P (CCC→CCG)	Host Body-Site: Organ; Eye	1	1	FALSE
PA0506; N_A →; P336P (CCC→CCT)	Host Body-Site: Organ; Eye	0.00990635530872266	1	FALSE
PA0506; N_A →; P344P (CCT→CCC)	Host Body-Site: Organ; Eye	1	1	FALSE
PA0506; N_A →; P573P (CCG→CCT)	Host Body-Site: Organ; Eye	0.14199890770071	1	FALSE
PA0506; N_A →; Q146Q (CAG→CAA)	Host Body-Site: Organ; Eye	0.14199890770071	1	FALSE
PA0506; N_A →; Q493Q (CAG→CAA)	Host Body-Site: Organ; Eye	0.38258700738235	1	FALSE
PA0506; N_A →; Q85Q (CAG→CAA)	Host Body-Site: Organ; Eye	1	1	FALSE
PA0506; N_A →; R325R (CGC→CGT)	Host Body-Site: Organ; Eye	0.26384521666629	1	FALSE
PA0506; N_A →; R565R (CGC→CGT)	Host Body-Site: Organ; Eye	1	1	FALSE
PA0506; N_A →; R59R (CGC→CGT)	Host Body-Site: Organ; Eye	0.601132297273021	1	FALSE
PA0506; N_A →; S123F (TCC→TTC)	Host Body-Site: Organ; Eye	1	1	FALSE
PA0506; N_A →; S131P (TCC→CCC)	Host Body-Site: Organ; Eye	1	1	FALSE
PA0506; N_A →; S188C (AGC→TGC) ‡	Host Body-Site: Organ; Eye	1	1	FALSE
PA0506; N_A →; S188T (AGC→ACC) ‡	Host Body-Site: Organ; Eye	1	1	FALSE
PA0506; N_A →; S388S (TCG→TCT)	Host Body-Site: Organ; Eye	1	1	FALSE
PA0506; N_A →; S408S (TCC→TCT)	Host Body-Site: Organ; Eye	1	1	FALSE
PA0506; N_A →; S93S (AGC→AGT)	Host Body-Site: Organ; Eye	1	1	FALSE
PA0506; N_A →; T274T (ACC→ACT)	Host Body-Site: Organ; Eye	0.710678950547594	1	FALSE
PA0506; N_A →; T394T (ACG→ACA)	Host Body-Site: Organ; Eye	1	1	FALSE
PA0506; N_A →; T443T (ACC→ACT)	Host Body-Site: Organ; Eye	0.475338940376975	1	FALSE
PA0506; N_A →; T444T (ACC→ACT)	Host Body-Site: Organ; Eye	1	1	FALSE
PA0506; N_A →; T551T (ACC→ACT)	Host Body-Site: Organ; Eye	1	1	FALSE
PA0506; N_A →; T75T (ACC→ACG)	Host Body-Site: Organ; Eye	1	1	FALSE
PA0506; N_A →; T77S (ACC→AGC)	Host Body-Site: Organ; Eye	1	1	FALSE
PA0506; N_A →; T77S (ACC→TCT)	Host Body-Site: Organ; Eye	1	1	FALSE
PA0506; N_A →; T77T (ACC→ACT)	Host Body-Site: Organ; Eye	0.71630360159949	1	FALSE
PA0506; N_A →; V232A (GTG→GCG)	Host Body-Site: Organ; Eye	1	1	FALSE
PA0506; N_A →; V232V (GTG→GTA)	Host Body-Site: Organ; Eye	1	1	FALSE
PA0506; N_A →; V579V (GTC→GTT)	Host Body-Site: Organ; Eye	1	1	FALSE
PA0506; N_A →; V60V (GTC→GTT)	Host Body-Site: Organ; Eye	0.809219687669941	1	FALSE
PA0506; N_A →; Y365Y (TAC→TAT)	Host Body-Site: Organ; Eye	0.570574392685116	1	FALSE
PA0506; N_A →; Y440Y (TAC→TAT)	Host Body-Site: Organ; Eye	1	1	FALSE
PA0506; N_A →; Y529C (TAC→TGC)	Host Body-Site: Organ; Eye	1	1	FALSE
PA0506; N_A; 	Host Body-Site: Organ; Eye	0.26384521666629	1	FALSE
PA0997; pqsB →; A104A (GCC→GCT)	Host Body-Site: Organ; Eye	0.329102593127371	1	FALSE
PA0997; pqsB →; A106A (GCC→GCG)	Host Body-Site: Organ; Eye	1	1	FALSE
PA0997; pqsB →; A147A (GCC→GCT)	Host Body-Site: Organ; Eye	1	1	FALSE
PA0997; pqsB →; A149A (GCG→GCC)	Host Body-Site: Organ; Eye	1	1	FALSE
PA0997; pqsB →; A158A (GCC→GCT)	Host Body-Site: Organ; Eye	1	1	FALSE
PA0997; pqsB →; A244A (GCG→GCA)	Host Body-Site: Organ; Eye	1	1	FALSE
PA0997; pqsB →; A250A (GCA→GCC)	Host Body-Site: Organ; Eye	1	1	FALSE
PA0997; pqsB →; A250A (GCA→GCG)	Host Body-Site: Organ; Eye	0.00347862248170356	1	FALSE
PA0997; pqsB →; A281P (GCT→CCT)	Host Body-Site: Organ; Eye	1	1	FALSE
PA0997; pqsB →; A281V (GCT→GTT)	Host Body-Site: Organ; Eye	0.017603301789291	1	FALSE
PA0997; pqsB →; A28A (GCC→GCT)	Host Body-Site: Organ; Eye	1	1	FALSE
PA0997; pqsB →; A50V (GCG→GTG)	Host Body-Site: Organ; Eye	1	1	FALSE
PA0997; pqsB →; A90V (GCG→GTG)	Host Body-Site: Organ; Eye	1	1	FALSE
PA0997; pqsB →; A93A (GCG→GCA)	Host Body-Site: Organ; Eye	0.26384521666629	1	FALSE
PA0997; pqsB →; A93A (GCG→GCC)	Host Body-Site: Organ; Eye	1	1	FALSE
PA0997; pqsB →; coding (222‑223/852 nt)	Host Body-Site: Organ; Eye	1	1	FALSE
PA0997; pqsB →; coding (222‑271/852 nt)	Host Body-Site: Organ; Eye	1	1	FALSE
PA0997; pqsB →; coding (35/852 nt)	Host Body-Site: Organ; Eye	1	1	FALSE
PA0997; pqsB →; coding (623‑624/852 nt)	Host Body-Site: Organ; Eye	0.00347862248170356	1	FALSE
PA0997; pqsB →; D256G (GAT→GGT)	Host Body-Site: Organ; Eye	1	1	FALSE
PA0997; pqsB →; D256N (GAT→AAT)	Host Body-Site: Organ; Eye	0.14199890770071	1	FALSE
PA0997; pqsB →; D47E (GAC→GAG)	Host Body-Site: Organ; Eye	1	1	FALSE
PA0997; pqsB →; D47N (GAC→AAC)	Host Body-Site: Organ; Eye	1	1	FALSE
PA0997; pqsB →; D97D (GAC→GAT)	Host Body-Site: Organ; Eye	1	1	FALSE
PA0997; pqsB →; E242E (GAA→GAG)	Host Body-Site: Organ; Eye	1	1	FALSE
PA0997; pqsB →; E280E (GAA→GAG)	Host Body-Site: Organ; Eye	1	1	FALSE
PA0997; pqsB →; F217F (TTC→TTT)	Host Body-Site: Organ; Eye	1	1	FALSE
PA0997; pqsB →; G156D (GGC→GAC)	Host Body-Site: Organ; Eye	1	1	FALSE
PA0997; pqsB →; G166G (GGC→GGT)	Host Body-Site: Organ; Eye	1	1	FALSE
PA0997; pqsB →; G192G (GGA→GGG)	Host Body-Site: Organ; Eye	1	1	FALSE
PA0997; pqsB →; G201G (GGA→GGG)	Host Body-Site: Organ; Eye	0.26384521666629	1	FALSE
PA0997; pqsB →; G215G (GGG→GGA)	Host Body-Site: Organ; Eye	0.0281728962130353	1	FALSE
PA0997; pqsB →; G231G (GGA→GGG)	Host Body-Site: Organ; Eye	0.00197542178020093	1	FALSE
PA0997; pqsB →; G231G (GGA→GGT)	Host Body-Site: Organ; Eye	1	1	FALSE
PA0997; pqsB →; G235G (GGT→GGC)	Host Body-Site: Organ; Eye	1	1	FALSE
PA0997; pqsB →; G279E (GGA→GAA)	Host Body-Site: Organ; Eye	1	1	FALSE
PA0997; pqsB →; G61G (GGC→GGT)	Host Body-Site: Organ; Eye	1	1	FALSE
PA0997; pqsB →; G89G (GGC→GGT)	Host Body-Site: Organ; Eye	0.26384521666629	1	FALSE
PA0997; pqsB →; I80I (ATC→ATT)	Host Body-Site: Organ; Eye	0.0967893139292111	1	FALSE
PA0997; pqsB →; L123L (CTG→CTA)	Host Body-Site: Organ; Eye	1	1	FALSE
PA0997; pqsB →; L133L (TTG→CTG)	Host Body-Site: Organ; Eye	1	1	FALSE
PA0997; pqsB →; L148L (CTG→CTA)	Host Body-Site: Organ; Eye	0.26384521666629	1	FALSE
PA0997; pqsB →; L176L (CTG→TTG)	Host Body-Site: Organ; Eye	1	1	FALSE
PA0997; pqsB →; L213L (CTG→TTG)	Host Body-Site: Organ; Eye	1	1	FALSE
PA0997; pqsB →; L258L (CTG→TTG)	Host Body-Site: Organ; Eye	0.14199890770071	1	FALSE
PA0997; pqsB →; L260L (CTG→CTC)	Host Body-Site: Organ; Eye	1	1	FALSE
PA0997; pqsB →; L277M (CTG→ATG)	Host Body-Site: Organ; Eye	1	1	FALSE
PA0997; pqsB →; L46L (CTG→CTC)	Host Body-Site: Organ; Eye	1	1	FALSE
PA0997; pqsB →; L46L (CTG→TTG)	Host Body-Site: Organ; Eye	1	1	FALSE
PA0997; pqsB →; L64L (CTG→TTG)	Host Body-Site: Organ; Eye	1	1	FALSE
PA0997; pqsB →; N181N (AAT→AAC)	Host Body-Site: Organ; Eye	1	1	FALSE
PA0997; pqsB →; P179P (CCG→CCA)	Host Body-Site: Organ; Eye	1	1	FALSE
PA0997; pqsB →; P179P (CCG→CCT)	Host Body-Site: Organ; Eye	0.14199890770071	1	FALSE
PA0997; pqsB →; P200L (CCT→CTT)	Host Body-Site: Organ; Eye	1	1	FALSE
PA0997; pqsB →; P200P (CCT→CCC)	Host Body-Site: Organ; Eye	0.00569062757553389	1	FALSE
PA0997; pqsB →; P20P (CCG→CCA)	Host Body-Site: Organ; Eye	0.261113927735268	1	FALSE
PA0997; pqsB →; P218P (CCG→CCA)	Host Body-Site: Organ; Eye	1	1	FALSE
PA0997; pqsB →; P233P (CCC→CCA)	Host Body-Site: Organ; Eye	0.14199890770071	1	FALSE
PA0997; pqsB →; Q199Q (CAA→CAG)	Host Body-Site: Organ; Eye	1	1	FALSE
PA0997; pqsB →; R105R (CGC→CGT)	Host Body-Site: Organ; Eye	1	1	FALSE
PA0997; pqsB →; R161R (CGT→CGC)	Host Body-Site: Organ; Eye	1	1	FALSE
PA0997; pqsB →; R212R (CGT→CGC)	Host Body-Site: Organ; Eye	1	1	FALSE
PA0997; pqsB →; S102S (AGC→AGT)	Host Body-Site: Organ; Eye	1	1	FALSE
PA0997; pqsB →; S139S (TCC→TCT)	Host Body-Site: Organ; Eye	0.139416518207667	1	FALSE
PA0997; pqsB →; V187V (GTA→GTG)	Host Body-Site: Organ; Eye	0.261113927735268	1	FALSE
PA0997; pqsB →; V206V (GTA→GTG)	Host Body-Site: Organ; Eye	0.26384521666629	1	FALSE
PA0997; pqsB →; V51I (GTC→ATC)	Host Body-Site: Organ; Eye	1	1	FALSE
PA0997; pqsB →; V51V (GTC→GTT)	Host Body-Site: Organ; Eye	1	1	FALSE
PA0997; pqsB →; V87I (GTC→ATC)	Host Body-Site: Organ; Eye	0.154802527645787	1	FALSE
PA0997; pqsB →; Y119Y (TAT→TAC)	Host Body-Site: Organ; Eye	1	1	FALSE
PA0997; pqsB; 	Host Body-Site: Organ; Eye	0.26384521666629	1	FALSE
PA1097; fleQ →; A131A (GCC→GCT)	Host Body-Site: Organ; Eye	1	1	FALSE
PA1097; fleQ →; A21A (GCA→GCG)	Host Body-Site: Organ; Eye	1	1	FALSE
PA1097; fleQ →; A284A (GCC→GCT)	Host Body-Site: Organ; Eye	1	1	FALSE
PA1097; fleQ →; A325A (GCC→GCA)	Host Body-Site: Organ; Eye	1	1	FALSE
PA1097; fleQ →; A348A (GCG→GCA)	Host Body-Site: Organ; Eye	0.0792922070933471	1	FALSE
PA1097; fleQ →; A349A (GCA→GCC)	Host Body-Site: Organ; Eye	0.00569062757553389	1	FALSE
PA1097; fleQ →; A349A (GCA→GCG)	Host Body-Site: Organ; Eye	0.0665941191989908	1	FALSE
PA1097; fleQ →; A412A (GCG→GCA)	Host Body-Site: Organ; Eye	1	1	FALSE
PA1097; fleQ →; A416A (GCC→GCT)	Host Body-Site: Organ; Eye	1	1	FALSE
PA1097; fleQ →; A460A (GCC→GCT)	Host Body-Site: Organ; Eye	1	1	FALSE
PA1097; fleQ →; A91S (GCC→TCC)	Host Body-Site: Organ; Eye	1	1	FALSE
PA1097; fleQ →; coding (1358‑1456/1473 nt)	Host Body-Site: Organ; Eye	1	1	FALSE
PA1097; fleQ →; coding (642‑643/1473 nt)	Host Body-Site: Organ; Eye	1	1	FALSE
PA1097; fleQ →; coding (675‑707/1473 nt)	Host Body-Site: Organ; Eye	1	1	FALSE
PA1097; fleQ →; coding (678‑707/1473 nt)	Host Body-Site: Organ; Eye	0.12410367566014	1	FALSE
PA1097; fleQ →; coding (679‑707/1473 nt)	Host Body-Site: Organ; Eye	0.237082076764715	1	FALSE
PA1097; fleQ →; coding (804‑805/1473 nt)	Host Body-Site: Organ; Eye	1	1	FALSE
PA1097; fleQ →; D116D (GAT→GAC)	Host Body-Site: Organ; Eye	0.203092358496559	1	FALSE
PA1097; fleQ →; D12D (GAC→GAT)	Host Body-Site: Organ; Eye	1	1	FALSE
PA1097; fleQ →; D249D (GAC→GAT)	Host Body-Site: Organ; Eye	0.26384521666629	1	FALSE
PA1097; fleQ →; D279D (GAC→GAT)	Host Body-Site: Organ; Eye	1	1	FALSE
PA1097; fleQ →; D296D (GAC→GAT)	Host Body-Site: Organ; Eye	1	1	FALSE
PA1097; fleQ →; D30D (GAT→GAC)	Host Body-Site: Organ; Eye	1	1	FALSE
PA1097; fleQ →; D38D (GAT→GAC)	Host Body-Site: Organ; Eye	1	1	FALSE
PA1097; fleQ →; D433D (GAC→GAT)	Host Body-Site: Organ; Eye	1	1	FALSE
PA1097; fleQ →; D452D (GAC→GAT)	Host Body-Site: Organ; Eye	0.834653152507542	1	FALSE
PA1097; fleQ →; D485D (GAC→GAT)	Host Body-Site: Organ; Eye	1	1	FALSE
PA1097; fleQ →; D489E (GAT→GAG)	Host Body-Site: Organ; Eye	0.0547407989677121	1	FALSE
PA1097; fleQ →; D92D (GAC→GAT)	Host Body-Site: Organ; Eye	1	1	FALSE
PA1097; fleQ →; E106E (GAG→GAA)	Host Body-Site: Organ; Eye	1	1	FALSE
PA1097; fleQ →; E126E (GAG→GAA)	Host Body-Site: Organ; Eye	1	1	FALSE
PA1097; fleQ →; E235E (GAG→GAA)	Host Body-Site: Organ; Eye	1	1	FALSE
PA1097; fleQ →; E264E (GAG→GAA)	Host Body-Site: Organ; Eye	1	1	FALSE
PA1097; fleQ →; E29E (GAA→GAG)	Host Body-Site: Organ; Eye	1	1	FALSE
PA1097; fleQ →; E301E (GAA→GAG)	Host Body-Site: Organ; Eye	1	1	FALSE
PA1097; fleQ →; E322E (GAA→GAG)	Host Body-Site: Organ; Eye	1	1	FALSE
PA1097; fleQ →; E336E (GAG→GAA)	Host Body-Site: Organ; Eye	0.125809405857473	1	FALSE
PA1097; fleQ →; E398E (GAG→GAA)	Host Body-Site: Organ; Eye	1	1	FALSE
PA1097; fleQ →; E410E (GAG→GAA)	Host Body-Site: Organ; Eye	1	1	FALSE
PA1097; fleQ →; E430E (GAA→GAG)	Host Body-Site: Organ; Eye	1	1	FALSE
PA1097; fleQ →; E95E (GAA→GAG)	Host Body-Site: Organ; Eye	0.154802527645787	1	FALSE
PA1097; fleQ →; F223F (TTC→TTT)	Host Body-Site: Organ; Eye	0.535084784667768	1	FALSE
PA1097; fleQ →; G174G (GGC→GGT)	Host Body-Site: Organ; Eye	1	1	FALSE
PA1097; fleQ →; G177G (GGC→GGT)	Host Body-Site: Organ; Eye	1	1	FALSE
PA1097; fleQ →; G196G (GGG→GGT)	Host Body-Site: Organ; Eye	1	1	FALSE
PA1097; fleQ →; G204R (GGG→CGG)	Host Body-Site: Organ; Eye	1	1	FALSE
PA1097; fleQ →; G221G (GGT→GGC)	Host Body-Site: Organ; Eye	0.569204934624096	1	FALSE
PA1097; fleQ →; G225G (GGT→GGC)	Host Body-Site: Organ; Eye	0.603311902205955	1	FALSE
PA1097; fleQ →; G271G (GGC→GGT)	Host Body-Site: Organ; Eye	1	1	FALSE
PA1097; fleQ →; G341G (GGG→GGT)	Host Body-Site: Organ; Eye	1	1	FALSE
PA1097; fleQ →; G384G (GGC→GGA)	Host Body-Site: Organ; Eye	1	1	FALSE
PA1097; fleQ →; G384G (GGC→GGT)	Host Body-Site: Organ; Eye	1	1	FALSE
PA1097; fleQ →; G417G (GGG→GGC)	Host Body-Site: Organ; Eye	1	1	FALSE
PA1097; fleQ →; G420G (GGA→GGG)	Host Body-Site: Organ; Eye	1	1	FALSE
PA1097; fleQ →; G58G (GGC→GGT)	Host Body-Site: Organ; Eye	0.151023038278284	1	FALSE
PA1097; fleQ →; G65G (GGT→GGA)	Host Body-Site: Organ; Eye	1	1	FALSE
PA1097; fleQ →; G65G (GGT→GGG)	Host Body-Site: Organ; Eye	0.88120804866055	1	FALSE
PA1097; fleQ →; H188H (CAT→CAC)	Host Body-Site: Organ; Eye	1	1	FALSE
PA1097; fleQ →; H337H (CAT→CAC)	Host Body-Site: Organ; Eye	0.762729921618182	1	FALSE
PA1097; fleQ →; I206I (ATC→ATT)	Host Body-Site: Organ; Eye	1	1	FALSE
PA1097; fleQ →; I23I (ATT→ATC)	Host Body-Site: Organ; Eye	1	1	FALSE
PA1097; fleQ →; I343I (ATC→ATT)	Host Body-Site: Organ; Eye	1	1	FALSE
PA1097; fleQ →; K180K (AAG→AAA)	Host Body-Site: Organ; Eye	1	1	FALSE
PA1097; fleQ →; K220R (AAG→AGG)	Host Body-Site: Organ; Eye	1	1	FALSE
PA1097; fleQ →; K292K (AAG→AAA)	Host Body-Site: Organ; Eye	1	1	FALSE
PA1097; fleQ →; L114L (CTG→TTG)	Host Body-Site: Organ; Eye	1	1	FALSE
PA1097; fleQ →; L215L (TTG→CTG)	Host Body-Site: Organ; Eye	0.155183848824819	1	FALSE
PA1097; fleQ →; L236L (CTG→TTG)	Host Body-Site: Organ; Eye	0.458108799110744	1	FALSE
PA1097; fleQ →; L242L (CTG→CTA)	Host Body-Site: Organ; Eye	1	1	FALSE
PA1097; fleQ →; L242L (CTG→TTG)	Host Body-Site: Organ; Eye	0.458108799110744	1	FALSE
PA1097; fleQ →; L252M (CTG→ATG)	Host Body-Site: Organ; Eye	0.375449984874994	1	FALSE
PA1097; fleQ →; L258L (CTG→TTG)	Host Body-Site: Organ; Eye	0.611018241971566	1	FALSE
PA1097; fleQ →; L262L (CTG→TTG)	Host Body-Site: Organ; Eye	1	1	FALSE
PA1097; fleQ →; L32L (CTG→CTC)	Host Body-Site: Organ; Eye	1	1	FALSE
PA1097; fleQ →; L353L (CTC→CTG)	Host Body-Site: Organ; Eye	1	1	FALSE
PA1097; fleQ →; L434L (CTC→CTT)	Host Body-Site: Organ; Eye	1	1	FALSE
PA1097; fleQ →; L438L (CTG→CTT)	Host Body-Site: Organ; Eye	1	1	FALSE
PA1097; fleQ →; L445L (CTG→TTG)	Host Body-Site: Organ; Eye	1	1	FALSE
PA1097; fleQ →; L56L (CTG→TTG)	Host Body-Site: Organ; Eye	1	1	FALSE
PA1097; fleQ →; L69L (CTG→TTG)	Host Body-Site: Organ; Eye	1	1	FALSE
PA1097; fleQ →; L83L (CTG→CTA)	Host Body-Site: Organ; Eye	1	1	FALSE
PA1097; fleQ →; L83P (CTG→CCG)	Host Body-Site: Organ; Eye	0.14199890770071	1	FALSE
PA1097; fleQ →; M250L (ATG→CTG)	Host Body-Site: Organ; Eye	0.710678950547594	1	FALSE
PA1097; fleQ →; M254I (ATG→ATC)	Host Body-Site: Organ; Eye	0.375449984874994	1	FALSE
PA1097; fleQ →; N202N (AAC→AAT)	Host Body-Site: Organ; Eye	1	1	FALSE
PA1097; fleQ →; N238D (AAC→GAC)	Host Body-Site: Organ; Eye	0.611018241971566	1	FALSE
PA1097; fleQ →; N25N (AAC→AAT)	Host Body-Site: Organ; Eye	1	1	FALSE
PA1097; fleQ →; N48N (AAC→AAT)	Host Body-Site: Organ; Eye	1	1	FALSE
PA1097; fleQ →; P140P (CCG→CCC)	Host Body-Site: Organ; Eye	1	1	FALSE
PA1097; fleQ →; P377P (CCC→CCA)	Host Body-Site: Organ; Eye	1	1	FALSE
PA1097; fleQ →; P377P (CCC→CCT)	Host Body-Site: Organ; Eye	1	1	FALSE
PA1097; fleQ →; P419P (CCG→CCA)	Host Body-Site: Organ; Eye	1	1	FALSE
PA1097; fleQ →; P419P (CCG→CCT)	Host Body-Site: Organ; Eye	1	1	FALSE
PA1097; fleQ →; Q72Q (CAA→CAG)	Host Body-Site: Organ; Eye	0.174718480989212	1	FALSE
PA1097; fleQ →; R136R (CGT→CGC)	Host Body-Site: Organ; Eye	0.467357176722964	1	FALSE
PA1097; fleQ →; R233R (CGT→CGC)	Host Body-Site: Organ; Eye	0.361734890348747	1	FALSE
PA1097; fleQ →; R260R (CGC→CGT)	Host Body-Site: Organ; Eye	1	1	FALSE
PA1097; fleQ →; R269R (AGG→AGA)	Host Body-Site: Organ; Eye	1	1	FALSE
PA1097; fleQ →; R318R (CGC→CGT)	Host Body-Site: Organ; Eye	1	1	FALSE
PA1097; fleQ →; R334R (CGG→CGC)	Host Body-Site: Organ; Eye	1	1	FALSE
PA1097; fleQ →; R371R (CGC→CGG)	Host Body-Site: Organ; Eye	1	1	FALSE
PA1097; fleQ →; R405R (CGC→CGT)	Host Body-Site: Organ; Eye	1	1	FALSE
PA1097; fleQ →; R465R (CGC→CGT)	Host Body-Site: Organ; Eye	1	1	FALSE
PA1097; fleQ →; R467R (CGC→CGT)	Host Body-Site: Organ; Eye	0.0243052077959626	1	FALSE
PA1097; fleQ →; R483R (CGT→CGC)	Host Body-Site: Organ; Eye	0.452728441989324	1	FALSE
PA1097; fleQ →; S145S (AGC→AGT)	Host Body-Site: Organ; Eye	1	1	FALSE
PA1097; fleQ →; S176S (TCC→TCG)	Host Body-Site: Organ; Eye	1	1	FALSE
PA1097; fleQ →; S229S (AGT→AGC)	Host Body-Site: Organ; Eye	0.0962302253832513	1	FALSE
PA1097; fleQ →; S36S (AGC→AGT)	Host Body-Site: Organ; Eye	0.458108799110744	1	FALSE
PA1097; fleQ →; S402S (AGC→AGT)	Host Body-Site: Organ; Eye	1	1	FALSE
PA1097; fleQ →; S403S (AGC→AGT)	Host Body-Site: Organ; Eye	1	1	FALSE
PA1097; fleQ →; T224T (ACC→ACT)	Host Body-Site: Organ; Eye	0.601132297273021	1	FALSE
PA1097; fleQ →; T241T (ACC→ACG)	Host Body-Site: Organ; Eye	1	1	FALSE
PA1097; fleQ →; T241T (ACC→ACT)	Host Body-Site: Organ; Eye	0.14199890770071	1	FALSE
PA1097; fleQ →; T286T (ACC→ACT)	Host Body-Site: Organ; Eye	1	1	FALSE
PA1097; fleQ →; T298T (ACT→ACC)	Host Body-Site: Organ; Eye	1	1	FALSE
PA1097; fleQ →; V170V (GTG→GTA)	Host Body-Site: Organ; Eye	0.14199890770071	1	FALSE
PA1097; fleQ →; V270V (GTT→GTC)	Host Body-Site: Organ; Eye	0.54114780791136	1	FALSE
PA1097; fleQ →; V278V (GTC→GTA)	Host Body-Site: Organ; Eye	1	1	FALSE
PA1097; fleQ →; V280V (GTG→GTA)	Host Body-Site: Organ; Eye	1	1	FALSE
PA1097; fleQ →; V472V (GTA→GTG)	Host Body-Site: Organ; Eye	0.664208430678579	1	FALSE
PA1097; fleQ →; Y304Y (TAC→TAT)	Host Body-Site: Organ; Eye	1	1	FALSE
PA1097; fleQ; 	Host Body-Site: Organ; Eye	0.26384521666629	1	FALSE
PA2121; N_A →; A108V (GCC→GTC)	Host Body-Site: Organ; Eye	1	1	FALSE
PA2121; N_A →; A141A (GCG→GCA)	Host Body-Site: Organ; Eye	1	1	FALSE
PA2121; N_A →; A190A (GCG→GCC)	Host Body-Site: Organ; Eye	0.0716069056513031	1	FALSE
PA2121; N_A →; A190P (GCG→CCG)	Host Body-Site: Organ; Eye	1	1	FALSE
PA2121; N_A →; A235D (GCC→GAC)	Host Body-Site: Organ; Eye	1	1	FALSE
PA2121; N_A →; A255S (GCC→TCC)	Host Body-Site: Organ; Eye	0.535084784667768	1	FALSE
PA2121; N_A →; A263T (GCG→ACG)	Host Body-Site: Organ; Eye	1	1	FALSE
PA2121; N_A →; A270A (GCC→GCA)	Host Body-Site: Organ; Eye	1	1	FALSE
PA2121; N_A →; A270A (GCC→GCG)	Host Body-Site: Organ; Eye	1	1	FALSE
PA2121; N_A →; A270A (GCC→GCT)	Host Body-Site: Organ; Eye	0.00990635530872266	1	FALSE
PA2121; N_A →; A28A (GCG→GCA)	Host Body-Site: Organ; Eye	1	1	FALSE
PA2121; N_A →; A28A (GCG→GCT)	Host Body-Site: Organ; Eye	1	1	FALSE
PA2121; N_A →; A29A (GCG→GCA)	Host Body-Site: Organ; Eye	0.0328755044035747	1	FALSE
PA2121; N_A →; A58T (GCC→ACC)	Host Body-Site: Organ; Eye	0.768436736261149	1	FALSE
PA2121; N_A →; A67A (GCC→GCG)	Host Body-Site: Organ; Eye	1	1	FALSE
PA2121; N_A →; D153D (GAC→GAT)	Host Body-Site: Organ; Eye	1	1	FALSE
PA2121; N_A →; E193A (GAG→GCG)	Host Body-Site: Organ; Eye	1	1	FALSE
PA2121; N_A →; E268D (GAG→GAC)	Host Body-Site: Organ; Eye	1	1	FALSE
PA2121; N_A →; E48E (GAA→GAG)	Host Body-Site: Organ; Eye	0.303346322018864	1	FALSE
PA2121; N_A →; F100F (TTT→TTC)	Host Body-Site: Organ; Eye	0.0781495967530375	1	FALSE
PA2121; N_A →; G176A (GGC→GCC)	Host Body-Site: Organ; Eye	0.225942725704341	1	FALSE
PA2121; N_A →; G176G (GGC→GGT)	Host Body-Site: Organ; Eye	1	1	FALSE
PA2121; N_A →; G205G (GGG→GGC)	Host Body-Site: Organ; Eye	1	1	FALSE
PA2121; N_A →; G205G (GGG→GGT)	Host Body-Site: Organ; Eye	0.0190892616454938	1	FALSE
PA2121; N_A →; G256S (GGC→AGC)	Host Body-Site: Organ; Eye	0.375449984874994	1	FALSE
PA2121; N_A →; G259G (GGT→GGC)	Host Body-Site: Organ; Eye	1	1	FALSE
PA2121; N_A →; G61G (GGC→GGT)	Host Body-Site: Organ; Eye	1	1	FALSE
PA2121; N_A →; I277V (ATC→GTC)	Host Body-Site: Organ; Eye	1	1	FALSE
PA2121; N_A →; I30M (ATC→ATG)	Host Body-Site: Organ; Eye	1	1	FALSE
PA2121; N_A →; K2K (AAG→AAA)	Host Body-Site: Organ; Eye	1	1	FALSE
PA2121; N_A →; L120L (CTG→TTG)	Host Body-Site: Organ; Eye	0.37316727868652	1	FALSE
PA2121; N_A →; L13L (CTT→CTG)	Host Body-Site: Organ; Eye	0.174762190643768	1	FALSE
PA2121; N_A →; L148L (CTC→CTG)	Host Body-Site: Organ; Eye	0.309572036845615	1	FALSE
PA2121; N_A →; L201L (CTG→CTC)	Host Body-Site: Organ; Eye	0.368397425515579	1	FALSE
PA2121; N_A →; L260L (TTG→CTG)	Host Body-Site: Organ; Eye	0.232318937242717	1	FALSE
PA2121; N_A →; L276L (CTG→CTC)	Host Body-Site: Organ; Eye	1	1	FALSE
PA2121; N_A →; L291L (CTA→CTG)	Host Body-Site: Organ; Eye	1	1	FALSE
PA2121; N_A →; L43L (CTC→CTT)	Host Body-Site: Organ; Eye	1	1	FALSE
PA2121; N_A →; L5L (TTG→TTA)	Host Body-Site: Organ; Eye	1	1	FALSE
PA2121; N_A →; L71L (CTG→CTA)	Host Body-Site: Organ; Eye	1	1	FALSE
PA2121; N_A →; L8F (CTC→TTC)	Host Body-Site: Organ; Eye	0.368397425515579	1	FALSE
PA2121; N_A →; N4N (AAC→AAT)	Host Body-Site: Organ; Eye	1	1	FALSE
PA2121; N_A →; P114P (CCG→CCT)	Host Body-Site: Organ; Eye	1	1	FALSE
PA2121; N_A →; P160P (CCC→CCT)	Host Body-Site: Organ; Eye	0.154802527645787	1	FALSE
PA2121; N_A →; P228P (CCT→CCG)	Host Body-Site: Organ; Eye	0.015865811695489	1	FALSE
PA2121; N_A →; P247P (CCA→CCG)	Host Body-Site: Organ; Eye	0.156556668749073	1	FALSE
PA2121; N_A →; P271P (CCG→CCA)	Host Body-Site: Organ; Eye	0.14199890770071	1	FALSE
PA2121; N_A →; P74P (CCG→CCA)	Host Body-Site: Organ; Eye	1	1	FALSE
PA2121; N_A →; Q142Q (CAA→CAG)	Host Body-Site: Organ; Eye	0.115015553110728	1	FALSE
PA2121; N_A →; Q222R (CAG→CGG)	Host Body-Site: Organ; Eye	0.0186462657845224	1	FALSE
PA2121; N_A →; R126Q (CGG→CAG)	Host Body-Site: Organ; Eye	0.207668542271087	1	FALSE
PA2121; N_A →; R132R (CGT→CGG)	Host Body-Site: Organ; Eye	0.126097716074467	1	FALSE
PA2121; N_A →; R171R (CGC→CGT)	Host Body-Site: Organ; Eye	1	1	FALSE
PA2121; N_A →; R177R (CGG→CGC)	Host Body-Site: Organ; Eye	0.262392828746307	1	FALSE
PA2121; N_A →; R203R (CGG→CGC)	Host Body-Site: Organ; Eye	0.601132297273021	1	FALSE
PA2121; N_A →; R253R (CGC→CGT)	Host Body-Site: Organ; Eye	0.156556668749073	1	FALSE
PA2121; N_A →; S208S (AGT→AGC)	Host Body-Site: Organ; Eye	1	1	FALSE
PA2121; N_A →; T122I (ACC→ATC)	Host Body-Site: Organ; Eye	0.535084784667768	1	FALSE
PA2121; N_A →; T285T (ACG→ACC)	Host Body-Site: Organ; Eye	1	1	FALSE
PA2121; N_A →; T91A (ACC→GCC)	Host Body-Site: Organ; Eye	1	1	FALSE
PA2121; N_A →; T96T (ACT→ACC)	Host Body-Site: Organ; Eye	1	1	FALSE
PA2121; N_A →; T99S (ACC→AGC)	Host Body-Site: Organ; Eye	0.0417799130299381	1	FALSE
PA2121; N_A →; V117V (GTG→GTA)	Host Body-Site: Organ; Eye	1	1	FALSE
PA2121; N_A →; V127L (GTG→CTG)	Host Body-Site: Organ; Eye	1	1	FALSE
PA2121; N_A →; V131V (GTA→GTG)	Host Body-Site: Organ; Eye	0.126097716074467	1	FALSE
PA2121; N_A →; V167I (GTC→ATC)	Host Body-Site: Organ; Eye	0.0547407989677121	1	FALSE
PA2121; N_A →; V173A (GTG→GCG)	Host Body-Site: Organ; Eye	1	1	FALSE
PA2121; N_A →; V204I (GTC→ATC)	Host Body-Site: Organ; Eye	1	1	FALSE
PA2121; N_A →; V204V (GTC→GTG)	Host Body-Site: Organ; Eye	0.0280282305919854	1	FALSE
PA2121; N_A →; V213V (GTC→GTG)	Host Body-Site: Organ; Eye	1	1	FALSE
PA2121; N_A →; V219V (GTG→GTA)	Host Body-Site: Organ; Eye	0.134208079214528	1	FALSE
PA2121; N_A →; V272A (GTG→GCG)	Host Body-Site: Organ; Eye	1	1	FALSE
PA2121; N_A →; Y107Y (TAT→TAC)	Host Body-Site: Organ; Eye	1	1	FALSE
PA2121; N_A →; Y154Y (TAC→TAT)	Host Body-Site: Organ; Eye	0.368397425515579	1	FALSE
PA2121; N_A →; Y72H (TAC→CAC)	Host Body-Site: Organ; Eye	1	1	FALSE
PA2121; N_A; 	Host Body-Site: Organ; Eye	0.458108799110744	1	FALSE
PA2312; N_A →; A102A (GCG→GCT)	Host Body-Site: Organ; Eye	1	1	FALSE
PA2312; N_A →; A131A (GCC→GCA)	Host Body-Site: Organ; Eye	1	1	FALSE
PA2312; N_A →; A180A (GCC→GCG)	Host Body-Site: Organ; Eye	0.0631246467367571	1	FALSE
PA2312; N_A →; A182A (GCG→GCA)	Host Body-Site: Organ; Eye	0.611018241971566	1	FALSE
PA2312; N_A →; A30A (GCC→GCT)	Host Body-Site: Organ; Eye	1	1	FALSE
PA2312; N_A →; E128E (GAA→GAG)	Host Body-Site: Organ; Eye	0.120610535994336	1	FALSE
PA2312; N_A →; E146E (GAA→GAG)	Host Body-Site: Organ; Eye	1	1	FALSE
PA2312; N_A →; E151E (GAG→GAA)	Host Body-Site: Organ; Eye	0.281209491504024	1	FALSE
PA2312; N_A →; E4D (GAA→GAT)	Host Body-Site: Organ; Eye	1	1	FALSE
PA2312; N_A →; E4E (GAA→GAG)	Host Body-Site: Organ; Eye	1	1	FALSE
PA2312; N_A →; F104F (TTC→TTT)	Host Body-Site: Organ; Eye	1	1	FALSE
PA2312; N_A →; G10S (GGC→AGC)	Host Body-Site: Organ; Eye	1	1	FALSE
PA2312; N_A →; G133G (GGT→GGC)	Host Body-Site: Organ; Eye	0.870799693142077	1	FALSE
PA2312; N_A →; G36G (GGT→GGC)	Host Body-Site: Organ; Eye	0.126097716074467	1	FALSE
PA2312; N_A →; G63G (GGT→GGC)	Host Body-Site: Organ; Eye	0.340510010367272	1	FALSE
PA2312; N_A →; G79G (GGT→GGC)	Host Body-Site: Organ; Eye	0.17432148909807	1	FALSE
PA2312; N_A →; H130H (CAC→CAT)	Host Body-Site: Organ; Eye	0.642071862813928	1	FALSE
PA2312; N_A →; H15H (CAC→CAT)	Host Body-Site: Organ; Eye	1	1	FALSE
PA2312; N_A →; I34N (ATT→AAT)	Host Body-Site: Organ; Eye	0.14199890770071	1	FALSE
PA2312; N_A →; L145V (CTG→GTG)	Host Body-Site: Organ; Eye	1	1	FALSE
PA2312; N_A →; L163L (CTG→CTA)	Host Body-Site: Organ; Eye	1	1	FALSE
PA2312; N_A →; L18L (CTG→CTA)	Host Body-Site: Organ; Eye	1	1	FALSE
PA2312; N_A →; L192P (CTG→CCG)	Host Body-Site: Organ; Eye	1	1	FALSE
PA2312; N_A →; L31L (CTG→TTG)	Host Body-Site: Organ; Eye	1	1	FALSE
PA2312; N_A →; N174N (AAC→AAT)	Host Body-Site: Organ; Eye	0.0417799130299381	1	FALSE
PA2312; N_A →; P189P (CCG→CCA)	Host Body-Site: Organ; Eye	1	1	FALSE
PA2312; N_A →; P84P (CCG→CCA)	Host Body-Site: Organ; Eye	1	1	FALSE
PA2312; N_A →; P84P (CCG→CCT)	Host Body-Site: Organ; Eye	1	1	FALSE
PA2312; N_A →; Q142Q (CAG→CAA)	Host Body-Site: Organ; Eye	0.126097716074467	1	FALSE
PA2312; N_A →; Q168Q (CAG→CAA)	Host Body-Site: Organ; Eye	1	1	FALSE
PA2312; N_A →; R101R (CGC→CGG)	Host Body-Site: Organ; Eye	1	1	FALSE
PA2312; N_A →; R110R (CGC→CGT)	Host Body-Site: Organ; Eye	0.317442987254433	1	FALSE
PA2312; N_A →; R153R (CGC→CGT)	Host Body-Site: Organ; Eye	0.756618248700677	1	FALSE
PA2312; N_A →; S171G (AGC→GGC)	Host Body-Site: Organ; Eye	1	1	FALSE
PA2312; N_A →; T134I (ACC→ATC)	Host Body-Site: Organ; Eye	1	1	FALSE
PA2312; N_A →; T3T (ACC→ACT)	Host Body-Site: Organ; Eye	0.0047818256375436	1	FALSE
PA2312; N_A →; V147V (GTG→GTA)	Host Body-Site: Organ; Eye	1	1	FALSE
PA2312; N_A →; V147V (GTG→GTC)	Host Body-Site: Organ; Eye	1	1	FALSE
PA2312; N_A →; V82V (GTG→GTA)	Host Body-Site: Organ; Eye	1	1	FALSE
PA2312; N_A →; Y165Y (TAC→TAT)	Host Body-Site: Organ; Eye	1	1	FALSE
PA2312; N_A; 	Host Body-Site: Organ; Eye	0.601132297273021	1	FALSE
PA2435; N_A →; A103A (GCG→GCC)	Host Body-Site: Organ; Eye	1	1	FALSE
PA2435; N_A →; A144A (GCC→GCT)	Host Body-Site: Organ; Eye	0.317442987254433	1	FALSE
PA2435; N_A →; A144G (GCC→GGC)	Host Body-Site: Organ; Eye	1	1	FALSE
PA2435; N_A →; A144T (GCC→ACC)	Host Body-Site: Organ; Eye	1	1	FALSE
PA2435; N_A →; A201A (GCG→GCA)	Host Body-Site: Organ; Eye	0.14199890770071	1	FALSE
PA2435; N_A →; A213V (GCG→GTG)	Host Body-Site: Organ; Eye	0.71630360159949	1	FALSE
PA2435; N_A →; A267S (GCC→TCC)	Host Body-Site: Organ; Eye	1	1	FALSE
PA2435; N_A →; A279A (GCG→GCC)	Host Body-Site: Organ; Eye	0.46112529541193	1	FALSE
PA2435; N_A →; A307A (GCC→GCA)	Host Body-Site: Organ; Eye	1	1	FALSE
PA2435; N_A →; A311A (GCT→GCC)	Host Body-Site: Organ; Eye	0.127098922062896	1	FALSE
PA2435; N_A →; A313A (GCC→GCT)	Host Body-Site: Organ; Eye	1	1	FALSE
PA2435; N_A →; A36A (GCG→GCA)	Host Body-Site: Organ; Eye	1	1	FALSE
PA2435; N_A →; A36A (GCG→GCC)	Host Body-Site: Organ; Eye	0.145160667020474	1	FALSE
PA2435; N_A →; A374A (GCT→GCC)	Host Body-Site: Organ; Eye	1	1	FALSE
PA2435; N_A →; A387A (GCG→GCA)	Host Body-Site: Organ; Eye	1	1	FALSE
PA2435; N_A →; A389A (GCA→GCG)	Host Body-Site: Organ; Eye	0.0487439833316444	1	FALSE
PA2435; N_A →; A389V (GCA→GTA)	Host Body-Site: Organ; Eye	0.14199890770071	1	FALSE
PA2435; N_A →; A390V (GCC→GTC)	Host Body-Site: Organ; Eye	1	1	FALSE
PA2435; N_A →; A416T (GCG→ACG)	Host Body-Site: Organ; Eye	1	1	FALSE
PA2435; N_A →; A521T (GCG→ACG)	Host Body-Site: Organ; Eye	1	1	FALSE
PA2435; N_A →; A54A (GCC→GCT)	Host Body-Site: Organ; Eye	1	1	FALSE
PA2435; N_A →; A550A (GCA→GCC)	Host Body-Site: Organ; Eye	1	1	FALSE
PA2435; N_A →; A550A (GCA→GCG)	Host Body-Site: Organ; Eye	1	1	FALSE
PA2435; N_A →; A553A (GCC→GCT)	Host Body-Site: Organ; Eye	1	1	FALSE
PA2435; N_A →; A59A (GCG→GCC)	Host Body-Site: Organ; Eye	0.14199890770071	1	FALSE
PA2435; N_A →; A60V (GCG→GTG)	Host Body-Site: Organ; Eye	1	1	FALSE
PA2435; N_A →; A621A (GCG→GCA)	Host Body-Site: Organ; Eye	1	1	FALSE
PA2435; N_A →; A63A (GCC→GCT)	Host Body-Site: Organ; Eye	1	1	FALSE
PA2435; N_A →; A78A (GCG→GCA)	Host Body-Site: Organ; Eye	1	1	FALSE
PA2435; N_A →; C585C (TGC→TGT)	Host Body-Site: Organ; Eye	1	1	FALSE
PA2435; N_A →; coding (102‑106/1986 nt)	Host Body-Site: Organ; Eye	1	1	FALSE
PA2435; N_A →; coding (1515‑1516/1986 nt)	Host Body-Site: Organ; Eye	0.145160667020474	1	FALSE
PA2435; N_A →; coding (48‑50/1986 nt)	Host Body-Site: Organ; Eye	0.495822105318415	1	FALSE
PA2435; N_A →; coding (516‑517/1986 nt)	Host Body-Site: Organ; Eye	0.508129642981223	1	FALSE
PA2435; N_A →; D160D (GAC→GAT)	Host Body-Site: Organ; Eye	1	1	FALSE
PA2435; N_A →; D514D (GAC→GAT)	Host Body-Site: Organ; Eye	1	1	FALSE
PA2435; N_A →; D557D (GAC→GAT)	Host Body-Site: Organ; Eye	1	1	FALSE
PA2435; N_A →; D564D (GAT→GAC)	Host Body-Site: Organ; Eye	1	1	FALSE
PA2435; N_A →; E148E (GAG→GAA)	Host Body-Site: Organ; Eye	0.744685843357455	1	FALSE
PA2435; N_A →; E31E (GAG→GAA)	Host Body-Site: Organ; Eye	1	1	FALSE
PA2435; N_A →; E332E (GAG→GAA)	Host Body-Site: Organ; Eye	1	1	FALSE
PA2435; N_A →; E333E (GAG→GAA)	Host Body-Site: Organ; Eye	0.821199761703534	1	FALSE
PA2435; N_A →; E3G (GAG→GGG)	Host Body-Site: Organ; Eye	1	1	FALSE
PA2435; N_A →; E426E (GAA→GAG)	Host Body-Site: Organ; Eye	0.106332997233392	1	FALSE
PA2435; N_A →; E440A (GAG→GCG)	Host Body-Site: Organ; Eye	0.135311187071255	1	FALSE
PA2435; N_A →; E522E (GAG→GAA)	Host Body-Site: Organ; Eye	1	1	FALSE
PA2435; N_A →; F22L (TTC→CTC)	Host Body-Site: Organ; Eye	1	1	FALSE
PA2435; N_A →; F283F (TTC→TTT)	Host Body-Site: Organ; Eye	1	1	FALSE
PA2435; N_A →; F609F (TTC→TTT)	Host Body-Site: Organ; Eye	0.651724400321088	1	FALSE
PA2435; N_A →; G11G (GGC→GGT)	Host Body-Site: Organ; Eye	0.368397425515579	1	FALSE
PA2435; N_A →; G12G (GGC→GGG)	Host Body-Site: Organ; Eye	1	1	FALSE
PA2435; N_A →; G182G (GGC→GGT)	Host Body-Site: Organ; Eye	0.0535933436471768	1	FALSE
PA2435; N_A →; G215G (GGG→GGA)	Host Body-Site: Organ; Eye	1	1	FALSE
PA2435; N_A →; G322G (GGT→GGC)	Host Body-Site: Organ; Eye	0.331530136723769	1	FALSE
PA2435; N_A →; G346G (GGC→GGT)	Host Body-Site: Organ; Eye	1	1	FALSE
PA2435; N_A →; G377G (GGC→GGT)	Host Body-Site: Organ; Eye	0.168710810569806	1	FALSE
PA2435; N_A →; G479G (GGT→GGC)	Host Body-Site: Organ; Eye	1	1	FALSE
PA2435; N_A →; G481R (GGC→CGC)	Host Body-Site: Organ; Eye	0.14199890770071	1	FALSE
PA2435; N_A →; G488G (GGC→GGT)	Host Body-Site: Organ; Eye	1	1	FALSE
PA2435; N_A →; G545G (GGT→GGA)	Host Body-Site: Organ; Eye	1	1	FALSE
PA2435; N_A →; G548G (GGG→GGA)	Host Body-Site: Organ; Eye	1	1	FALSE
PA2435; N_A →; G552G (GGC→GGT)	Host Body-Site: Organ; Eye	0.481521502723003	1	FALSE
PA2435; N_A →; G596G (GGC→GGT)	Host Body-Site: Organ; Eye	1	1	FALSE
PA2435; N_A →; G654R (GGA→AGA)	Host Body-Site: Organ; Eye	1	1	FALSE
PA2435; N_A →; G71G (GGC→GGT)	Host Body-Site: Organ; Eye	0.00871732115336253	1	FALSE
PA2435; N_A →; H129H (CAT→CAC)	Host Body-Site: Organ; Eye	0.697129879078124	1	FALSE
PA2435; N_A →; H15H (CAT→CAC)	Host Body-Site: Organ; Eye	1	1	FALSE
PA2435; N_A →; H16H (CAC→CAT)	Host Body-Site: Organ; Eye	1	1	FALSE
PA2435; N_A →; H18H (CAT→CAC)	Host Body-Site: Organ; Eye	0.317442987254433	1	FALSE
PA2435; N_A →; H321H (CAC→CAT)	Host Body-Site: Organ; Eye	0.323319421697833	1	FALSE
PA2435; N_A →; H350H (CAC→CAT)	Host Body-Site: Organ; Eye	0.056585373885035	1	FALSE
PA2435; N_A →; H382H (CAT→CAC)	Host Body-Site: Organ; Eye	1	1	FALSE
PA2435; N_A →; H441H (CAT→CAC)	Host Body-Site: Organ; Eye	0.145160667020474	1	FALSE
PA2435; N_A →; H624H (CAC→CAT)	Host Body-Site: Organ; Eye	1	1	FALSE
PA2435; N_A →; H95H (CAT→CAC)	Host Body-Site: Organ; Eye	0.760197847388853	1	FALSE
PA2435; N_A →; I403I (ATC→ATT)	Host Body-Site: Organ; Eye	0.0962302253832513	1	FALSE
PA2435; N_A →; I448I (ATC→ATT)	Host Body-Site: Organ; Eye	1	1	FALSE
PA2435; N_A →; I448V (ATC→GTC)	Host Body-Site: Organ; Eye	1	1	FALSE
PA2435; N_A →; I558I (ATC→ATT)	Host Body-Site: Organ; Eye	0.14199890770071	1	FALSE
PA2435; N_A →; I68L (ATC→CTC)	Host Body-Site: Organ; Eye	0.535084784667768	1	FALSE
PA2435; N_A →; L192L (CTG→CTA)	Host Body-Site: Organ; Eye	1	1	FALSE
PA2435; N_A →; L248L (CTG→TTG)	Host Body-Site: Organ; Eye	1	1	FALSE
PA2435; N_A →; L276L (CTG→CTT)	Host Body-Site: Organ; Eye	1	1	FALSE
PA2435; N_A →; L292L (CTC→CTT)	Host Body-Site: Organ; Eye	1	1	FALSE
PA2435; N_A →; L305L (CTG→CTA)	Host Body-Site: Organ; Eye	1	1	FALSE
PA2435; N_A →; L305L (CTG→TTG)	Host Body-Site: Organ; Eye	1	1	FALSE
PA2435; N_A →; L331L (CTC→CTT)	Host Body-Site: Organ; Eye	1	1	FALSE
PA2435; N_A →; L340L (CTG→TTG)	Host Body-Site: Organ; Eye	1	1	FALSE
PA2435; N_A →; L355L (CTG→CTA)	Host Body-Site: Organ; Eye	1	1	FALSE
PA2435; N_A →; L355L (CTG→TTG)	Host Body-Site: Organ; Eye	0.317442987254433	1	FALSE
PA2435; N_A →; L358L (CTG→TTG)	Host Body-Site: Organ; Eye	1	1	FALSE
PA2435; N_A →; L460L (CTG→TTG)	Host Body-Site: Organ; Eye	1	1	FALSE
PA2435; N_A →; L46L (CTC→CTT)	Host Body-Site: Organ; Eye	0.145160667020474	1	FALSE
PA2435; N_A →; L475L (CTG→CTA)	Host Body-Site: Organ; Eye	0.0121401709683543	1	FALSE
PA2435; N_A →; L485L (TTG→CTG)	Host Body-Site: Organ; Eye	0.197231214402972	1	FALSE
PA2435; N_A →; L49L (TTG→TTA)	Host Body-Site: Organ; Eye	1	1	FALSE
PA2435; N_A →; L506R (CTG→CGG)	Host Body-Site: Organ; Eye	1	1	FALSE
PA2435; N_A →; L516L (CTG→TTG)	Host Body-Site: Organ; Eye	0.156556668749073	1	FALSE
PA2435; N_A →; L51L (CTC→CTA)	Host Body-Site: Organ; Eye	0.26384521666629	1	FALSE
PA2435; N_A →; L612P (CTC→CCC)	Host Body-Site: Organ; Eye	1	1	FALSE
PA2435; N_A →; L623L (CTG→TTG)	Host Body-Site: Organ; Eye	1	1	FALSE
PA2435; N_A →; L79L (CTG→CTT)	Host Body-Site: Organ; Eye	0.710678950547594	1	FALSE
PA2435; N_A →; P173A (CCG→GCG)	Host Body-Site: Organ; Eye	0.319541429370959	1	FALSE
PA2435; N_A →; P209L (CCG→CTG)	Host Body-Site: Organ; Eye	1	1	FALSE
PA2435; N_A →; P648P (CCC→CCA)	Host Body-Site: Organ; Eye	1	1	FALSE
PA2435; N_A →; Q140R (CAG→CGG)	Host Body-Site: Organ; Eye	1	1	FALSE
PA2435; N_A →; Q193Q (CAA→CAG)	Host Body-Site: Organ; Eye	0.672464089794696	1	FALSE
PA2435; N_A →; Q250Q (CAG→CAA)	Host Body-Site: Organ; Eye	1	1	FALSE
PA2435; N_A →; Q32Q (CAG→CAA)	Host Body-Site: Organ; Eye	1	1	FALSE
PA2435; N_A →; Q356Q (CAG→CAA)	Host Body-Site: Organ; Eye	1	1	FALSE
PA2435; N_A →; Q38Q (CAG→CAA)	Host Body-Site: Organ; Eye	0.458108799110744	1	FALSE
PA2435; N_A →; Q584Q (CAA→CAG)	Host Body-Site: Organ; Eye	1	1	FALSE
PA2435; N_A →; R134R (CGC→CGT)	Host Body-Site: Organ; Eye	1	1	FALSE
PA2435; N_A →; R172R (CGG→CGA)	Host Body-Site: Organ; Eye	1	1	FALSE
PA2435; N_A →; R180R (CGC→CGT)	Host Body-Site: Organ; Eye	1	1	FALSE
PA2435; N_A →; R254R (CGC→CGT)	Host Body-Site: Organ; Eye	1	1	FALSE
PA2435; N_A →; R320R (CGC→CGT)	Host Body-Site: Organ; Eye	0.684620981550969	1	FALSE
PA2435; N_A →; R34R (CGT→CGC)	Host Body-Site: Organ; Eye	1	1	FALSE
PA2435; N_A →; R354R (CGC→CGT)	Host Body-Site: Organ; Eye	0.0838646790237543	1	FALSE
PA2435; N_A →; R404R (CGC→CGT)	Host Body-Site: Organ; Eye	1	1	FALSE
PA2435; N_A →; R406R (CGC→CGT)	Host Body-Site: Organ; Eye	1	1	FALSE
PA2435; N_A →; R465R (CGC→CGA)	Host Body-Site: Organ; Eye	1	1	FALSE
PA2435; N_A →; R491Q (CGG→CAG)	Host Body-Site: Organ; Eye	0.101908948605117	1	FALSE
PA2435; N_A →; R574R (CGG→CGC)	Host Body-Site: Organ; Eye	1	1	FALSE
PA2435; N_A →; R640S (CGT→AGT)	Host Body-Site: Organ; Eye	1	1	FALSE
PA2435; N_A →; R655R (CGC→CGT)	Host Body-Site: Organ; Eye	1	1	FALSE
PA2435; N_A →; S112S (AGC→AGT)	Host Body-Site: Organ; Eye	1	1	FALSE
PA2435; N_A →; S162S (AGC→AGT)	Host Body-Site: Organ; Eye	1	1	FALSE
PA2435; N_A →; S197S (AGT→AGC)	Host Body-Site: Organ; Eye	1	1	FALSE
PA2435; N_A →; S306S (TCC→TCT)	Host Body-Site: Organ; Eye	1	1	FALSE
PA2435; N_A →; S436G (AGC→GGC)	Host Body-Site: Organ; Eye	0.127098922062896	1	FALSE
PA2435; N_A →; S562S (TCG→TCA)	Host Body-Site: Organ; Eye	1	1	FALSE
PA2435; N_A →; S627S (AGC→AGT)	Host Body-Site: Organ; Eye	1	1	FALSE
PA2435; N_A →; S66G (AGC→GGC)	Host Body-Site: Organ; Eye	1	1	FALSE
PA2435; N_A →; T234P (ACC→CCC)	Host Body-Site: Organ; Eye	0.14199890770071	1	FALSE
PA2435; N_A →; T310T (ACG→ACC)	Host Body-Site: Organ; Eye	1	1	FALSE
PA2435; N_A →; T310T (ACG→ACT)	Host Body-Site: Organ; Eye	0.0649197862349796	1	FALSE
PA2435; N_A →; T5S (ACC→TCC)	Host Body-Site: Organ; Eye	1	1	FALSE
PA2435; N_A →; T660T (ACA→ACG)	Host Body-Site: Organ; Eye	1	1	FALSE
PA2435; N_A →; V130V (GTA→GTG)	Host Body-Site: Organ; Eye	1	1	FALSE
PA2435; N_A →; V218V (GTC→GTA)	Host Body-Site: Organ; Eye	1	1	FALSE
PA2435; N_A →; V274V (GTG→GTC)	Host Body-Site: Organ; Eye	1	1	FALSE
PA2435; N_A →; V294V (GTG→GTA)	Host Body-Site: Organ; Eye	1	1	FALSE
PA2435; N_A →; V464V (GTA→GTG)	Host Body-Site: Organ; Eye	1	1	FALSE
PA2435; N_A →; V519V (GTC→GTT)	Host Body-Site: Organ; Eye	1	1	FALSE
PA2435; N_A →; V532V (GTC→GTT)	Host Body-Site: Organ; Eye	1	1	FALSE
PA2435; N_A →; V619V (GTC→GTT)	Host Body-Site: Organ; Eye	1	1	FALSE
PA2435; N_A →; V652M (GTG→ATG)	Host Body-Site: Organ; Eye	1	1	FALSE
PA2435; N_A →; V72G (GTC→GGC)	Host Body-Site: Organ; Eye	1	1	FALSE
PA2435; N_A →; V72V (GTC→GTT)	Host Body-Site: Organ; Eye	1	1	FALSE
PA2435; N_A →; W86C (TGG→TGT)	Host Body-Site: Organ; Eye	1	1	FALSE
PA2435; N_A →; Y219Y (TAC→TAT)	Host Body-Site: Organ; Eye	0.368397425515579	1	FALSE
PA2435; N_A →; Y266Y (TAC→TAT)	Host Body-Site: Organ; Eye	1	1	FALSE
PA2435; N_A →; Y270Y (TAC→TAT)	Host Body-Site: Organ; Eye	1	1	FALSE
PA2435; N_A; 	Host Body-Site: Organ; Eye	0.368397425515579	1	FALSE
PA2492; mexT →; A245A (GCC→GCA)	Host Body-Site: Organ; Eye	1	1	FALSE
PA2492; mexT →; A319A (GCT→GCC)	Host Body-Site: Organ; Eye	0.0164343924790986	1	FALSE
PA2492; mexT →; A329A (GCC→GCG)	Host Body-Site: Organ; Eye	0.106332997233392	1	FALSE
PA2492; mexT →; coding (706/1044 nt)	Host Body-Site: Organ; Eye	1	1	FALSE
PA2492; mexT →; D327D (GAT→GAC)	Host Body-Site: Organ; Eye	0.00871732115336253	1	FALSE
PA2492; mexT →; E255E (GAG→GAA)	Host Body-Site: Organ; Eye	0.182662280903344	1	FALSE
PA2492; mexT →; E257E (GAA→GAG)	Host Body-Site: Organ; Eye	0.17432148909807	1	FALSE
PA2492; mexT →; G274D (GGC→GAC)	Host Body-Site: Organ; Eye	1	1	FALSE
PA2492; mexT →; G276G (GGC→GGT)	Host Body-Site: Organ; Eye	1	1	FALSE
PA2492; mexT →; I341F (ATC→TTC)	Host Body-Site: Organ; Eye	1	1	FALSE
PA2492; mexT →; K258K (AAA→AAG)	Host Body-Site: Organ; Eye	1	1	FALSE
PA2492; mexT →; K262K (AAG→AAA)	Host Body-Site: Organ; Eye	0.375449984874994	1	FALSE
PA2492; mexT →; L267L (CTG→TTG)	Host Body-Site: Organ; Eye	1	1	FALSE
PA2492; mexT →; L279L (CTG→CTC)	Host Body-Site: Organ; Eye	0.262151541062178	1	FALSE
PA2492; mexT →; L279L (CTG→TTG)	Host Body-Site: Organ; Eye	1	1	FALSE
PA2492; mexT →; L302L (CTA→CTG)	Host Body-Site: Organ; Eye	1	1	FALSE
PA2492; mexT →; P307P (CCA→CCG)	Host Body-Site: Organ; Eye	0.0838646790237543	1	FALSE
PA2492; mexT →; Q228Q (CAG→CAA)	Host Body-Site: Organ; Eye	1	1	FALSE
PA2492; mexT →; R237R (CGA→CGG)	Host Body-Site: Organ; Eye	1	1	FALSE
PA2492; mexT →; R303R (CGC→CGT)	Host Body-Site: Organ; Eye	1	1	FALSE
PA2492; mexT →; R312R (CGG→CGC)	Host Body-Site: Organ; Eye	1	1	FALSE
PA2492; mexT →; R334H (CGC→CAC)	Host Body-Site: Organ; Eye	1	1	FALSE
PA2492; mexT →; T287T (ACC→ACT)	Host Body-Site: Organ; Eye	1	1	FALSE
PA2492; mexT →; Y234Y (TAT→TAC)	Host Body-Site: Organ; Eye	0.759528830114646	1	FALSE
PA2492; mexT; 	Host Body-Site: Organ; Eye	0.368397425515579	1	FALSE
PA3217; cyaB →; *464* (TAA→TGA)	Host Body-Site: Organ; Eye	0.0186462657845224	1	FALSE
PA3217; cyaB →; A114A (GCA→GCG)	Host Body-Site: Organ; Eye	0.652822037056914	1	FALSE
PA3217; cyaB →; A16A (GCG→GCA)	Host Body-Site: Organ; Eye	1	1	FALSE
PA3217; cyaB →; A194A (GCG→GCA)	Host Body-Site: Organ; Eye	1	1	FALSE
PA3217; cyaB →; A27A (GCC→GCT)	Host Body-Site: Organ; Eye	1	1	FALSE
PA3217; cyaB →; A296A (GCG→GCC)	Host Body-Site: Organ; Eye	0.244560797293159	1	FALSE
PA3217; cyaB →; A298A (GCT→GCG)	Host Body-Site: Organ; Eye	0.163936163493563	1	FALSE
PA3217; cyaB →; A30A (GCC→GCG)	Host Body-Site: Organ; Eye	1	1	FALSE
PA3217; cyaB →; A395T (GCG→ACG)	Host Body-Site: Organ; Eye	1	1	FALSE
PA3217; cyaB →; A55A (GCG→GCC)	Host Body-Site: Organ; Eye	1	1	FALSE
PA3217; cyaB →; A62A (GCG→GCA)	Host Body-Site: Organ; Eye	1	1	FALSE
PA3217; cyaB →; A62A (GCG→GCC)	Host Body-Site: Organ; Eye	1	1	FALSE
PA3217; cyaB →; A80A (GCC→GCG)	Host Body-Site: Organ; Eye	1	1	FALSE
PA3217; cyaB →; A80V (GCC→GTC)	Host Body-Site: Organ; Eye	0.0328755044035747	1	FALSE
PA3217; cyaB →; C388C (TGC→TGT)	Host Body-Site: Organ; Eye	1	1	FALSE
PA3217; cyaB →; C89C (TGT→TGC)	Host Body-Site: Organ; Eye	0.0535933436471768	1	FALSE
PA3217; cyaB →; coding (204‑205/1392 nt)	Host Body-Site: Organ; Eye	1	1	FALSE
PA3217; cyaB →; coding (544/1392 nt)	Host Body-Site: Organ; Eye	1	1	FALSE
PA3217; cyaB →; D234D (GAC→GAT)	Host Body-Site: Organ; Eye	0.0781495967530375	1	FALSE
PA3217; cyaB →; D434D (GAC→GAT)	Host Body-Site: Organ; Eye	1	1	FALSE
PA3217; cyaB →; D442D (GAC→GAT)	Host Body-Site: Organ; Eye	1	1	FALSE
PA3217; cyaB →; E191E (GAA→GAG)	Host Body-Site: Organ; Eye	1	1	FALSE
PA3217; cyaB →; E210E (GAA→GAG)	Host Body-Site: Organ; Eye	1	1	FALSE
PA3217; cyaB →; E244E (GAA→GAG)	Host Body-Site: Organ; Eye	0.733738708032091	1	FALSE
PA3217; cyaB →; E246E (GAA→GAG)	Host Body-Site: Organ; Eye	1	1	FALSE
PA3217; cyaB →; E248E (GAG→GAA)	Host Body-Site: Organ; Eye	1	1	FALSE
PA3217; cyaB →; E260E (GAA→GAG)	Host Body-Site: Organ; Eye	1	1	FALSE
PA3217; cyaB →; E327E (GAA→GAG)	Host Body-Site: Organ; Eye	1	1	FALSE
PA3217; cyaB →; E327K (GAA→AAA)	Host Body-Site: Organ; Eye	1	1	FALSE
PA3217; cyaB →; E356E (GAG→GAA)	Host Body-Site: Organ; Eye	0.710678950547594	1	FALSE
PA3217; cyaB →; E364D (GAA→GAT)	Host Body-Site: Organ; Eye	1	1	FALSE
PA3217; cyaB →; E371E (GAA→GAG)	Host Body-Site: Organ; Eye	1	1	FALSE
PA3217; cyaB →; E423E (GAG→GAA)	Host Body-Site: Organ; Eye	1	1	FALSE
PA3217; cyaB →; E455E (GAA→GAG)	Host Body-Site: Organ; Eye	0.0716069056513031	1	FALSE
PA3217; cyaB →; F69L (TTC→TTG)	Host Body-Site: Organ; Eye	1	1	FALSE
PA3217; cyaB →; G119G (GGC→GGT)	Host Body-Site: Organ; Eye	1	1	FALSE
PA3217; cyaB →; G162G (GGA→GGC)	Host Body-Site: Organ; Eye	1	1	FALSE
PA3217; cyaB →; G162G (GGA→GGG)	Host Body-Site: Organ; Eye	1	1	FALSE
PA3217; cyaB →; G172G (GGC→GGG)	Host Body-Site: Organ; Eye	1	1	FALSE
PA3217; cyaB →; G270G (GGC→GGT)	Host Body-Site: Organ; Eye	1	1	FALSE
PA3217; cyaB →; G331S (GGC→AGC)	Host Body-Site: Organ; Eye	1	1	FALSE
PA3217; cyaB →; G340G (GGC→GGT)	Host Body-Site: Organ; Eye	0.787669114918331	1	FALSE
PA3217; cyaB →; G354G (GGC→GGT)	Host Body-Site: Organ; Eye	1	1	FALSE
PA3217; cyaB →; G428D (GGC→GAC)	Host Body-Site: Organ; Eye	1	1	FALSE
PA3217; cyaB →; H64H (CAC→CAT)	Host Body-Site: Organ; Eye	0.00990635530872266	1	FALSE
PA3217; cyaB →; H88H (CAC→CAT)	Host Body-Site: Organ; Eye	1	1	FALSE
PA3217; cyaB →; I382V (ATC→GTC)	Host Body-Site: Organ; Eye	1	1	FALSE
PA3217; cyaB →; I405I (ATC→ATT)	Host Body-Site: Organ; Eye	0.017603301789291	1	FALSE
PA3217; cyaB →; K293K (AAG→AAA)	Host Body-Site: Organ; Eye	1	1	FALSE
PA3217; cyaB →; L127L (TTG→CTG)	Host Body-Site: Organ; Eye	0.0693989057293263	1	FALSE
PA3217; cyaB →; L146R (CTG→CGG)	Host Body-Site: Organ; Eye	0.0547407989677121	1	FALSE
PA3217; cyaB →; L196L (CTC→CTG)	Host Body-Site: Organ; Eye	1	1	FALSE
PA3217; cyaB →; L204L (CTG→CTA)	Host Body-Site: Organ; Eye	1	1	FALSE
PA3217; cyaB →; L313L (CTG→CTA)	Host Body-Site: Organ; Eye	0.840026625404443	1	FALSE
PA3217; cyaB →; L426L (TTG→CTG)	Host Body-Site: Organ; Eye	0.601132297273021	1	FALSE
PA3217; cyaB →; L457L (CTG→CTA)	Host Body-Site: Organ; Eye	0.0559382438651713	1	FALSE
PA3217; cyaB →; M310I (ATG→ATA)	Host Body-Site: Organ; Eye	1	1	FALSE
PA3217; cyaB →; N148N (AAT→AAC)	Host Body-Site: Organ; Eye	1	1	FALSE
PA3217; cyaB →; P150S (CCG→TCG)	Host Body-Site: Organ; Eye	0.601132297273021	1	FALSE
PA3217; cyaB →; P3P (CCT→CCC)	Host Body-Site: Organ; Eye	1	1	FALSE
PA3217; cyaB →; P402P (CCG→CCA)	Host Body-Site: Organ; Eye	0.0102182932053408	1	FALSE
PA3217; cyaB →; P53P (CCC→CCG)	Host Body-Site: Organ; Eye	1	1	FALSE
PA3217; cyaB →; P6S (CCC→TCC)	Host Body-Site: Organ; Eye	1	1	FALSE
PA3217; cyaB →; Q290H (CAG→CAT)	Host Body-Site: Organ; Eye	0.14199890770071	1	FALSE
PA3217; cyaB →; Q451Q (CAA→CAG)	Host Body-Site: Organ; Eye	1	1	FALSE
PA3217; cyaB →; Q67Q (CAG→CAA)	Host Body-Site: Organ; Eye	1	1	FALSE
PA3217; cyaB →; R178R (CGC→CGA)	Host Body-Site: Organ; Eye	0.642071862813928	1	FALSE
PA3217; cyaB →; R19R (CGT→CGC)	Host Body-Site: Organ; Eye	1	1	FALSE
PA3217; cyaB →; R236R (CGC→CGT)	Host Body-Site: Organ; Eye	1	1	FALSE
PA3217; cyaB →; R401R (CGC→CGG)	Host Body-Site: Organ; Eye	1	1	FALSE
PA3217; cyaB →; R413R (CGC→CGT)	Host Body-Site: Organ; Eye	0.0281728962130353	1	FALSE
PA3217; cyaB →; T289T (ACC→ACT)	Host Body-Site: Organ; Eye	0.197231214402972	1	FALSE
PA3217; cyaB →; T338T (ACG→ACT)	Host Body-Site: Organ; Eye	0.26384521666629	1	FALSE
PA3217; cyaB →; T346T (ACG→ACA)	Host Body-Site: Organ; Eye	1	1	FALSE
PA3217; cyaB →; V101V (GTG→GTA)	Host Body-Site: Organ; Eye	1	1	FALSE
PA3217; cyaB →; V109V (GTG→GTT)	Host Body-Site: Organ; Eye	0.00877608036561227	1	FALSE
PA3217; cyaB →; V129V (GTA→GTG)	Host Body-Site: Organ; Eye	1	1	FALSE
PA3217; cyaB →; V300V (GTA→GTG)	Host Body-Site: Organ; Eye	1	1	FALSE
PA3217; cyaB →; V403M (GTG→ATG)	Host Body-Site: Organ; Eye	1	1	FALSE
PA3217; cyaB →; V84V (GTC→GTG)	Host Body-Site: Organ; Eye	0.0280282305919854	1	FALSE
PA3217; cyaB →; Y336Y (TAT→TAC)	Host Body-Site: Organ; Eye	1	1	FALSE
PA3217; cyaB →; Y421Y (TAC→TAT)	Host Body-Site: Organ; Eye	1	1	FALSE
PA3217; cyaB →; Y43Y (TAT→TAC)	Host Body-Site: Organ; Eye	1	1	FALSE
PA3217; cyaB →; Y54Y (TAT→TAC)	Host Body-Site: Organ; Eye	1	1	FALSE
PA3217; cyaB; 	Host Body-Site: Organ; Eye	0.26384521666629	1	FALSE
PA4420; N_A →; *314S (TGA→TCA)	Host Body-Site: Organ; Eye	1	1	FALSE
PA4420; N_A →; A143T (GCC→ACC)	Host Body-Site: Organ; Eye	1	1	FALSE
PA4420; N_A →; A167A (GCC→GCT)	Host Body-Site: Organ; Eye	1	1	FALSE
PA4420; N_A →; A183A (GCC→GCT)	Host Body-Site: Organ; Eye	1	1	FALSE
PA4420; N_A →; A18A (GCA→GCG)	Host Body-Site: Organ; Eye	1	1	FALSE
PA4420; N_A →; A47T (GCC→ACC)	Host Body-Site: Organ; Eye	0.281209491504024	1	FALSE
PA4420; N_A →; A90A (GCA→GCG)	Host Body-Site: Organ; Eye	0.26384521666629	1	FALSE
PA4420; N_A →; coding (618‑629/942 nt)	Host Body-Site: Organ; Eye	1	1	FALSE
PA4420; N_A →; coding (651‑652/942 nt)	Host Body-Site: Organ; Eye	0.0838646790237543	1	FALSE
PA4420; N_A →; coding (878‑879/942 nt)	Host Body-Site: Organ; Eye	1	1	FALSE
PA4420; N_A →; D123D (GAT→GAC)	Host Body-Site: Organ; Eye	0.458108799110744	1	FALSE
PA4420; N_A →; D248D (GAC→GAT)	Host Body-Site: Organ; Eye	1	1	FALSE
PA4420; N_A →; D24G (GAC→GGC)	Host Body-Site: Organ; Eye	1	1	FALSE
PA4420; N_A →; D269D (GAC→GAT)	Host Body-Site: Organ; Eye	1	1	FALSE
PA4420; N_A →; D86D (GAT→GAC)	Host Body-Site: Organ; Eye	1	1	FALSE
PA4420; N_A →; E115E (GAG→GAA)	Host Body-Site: Organ; Eye	1	1	FALSE
PA4420; N_A →; E156V (GAA→GTA)	Host Body-Site: Organ; Eye	1	1	FALSE
PA4420; N_A →; E160E (GAG→GAA)	Host Body-Site: Organ; Eye	0.395934179517947	1	FALSE
PA4420; N_A →; E176A (GAG→GCG)	Host Body-Site: Organ; Eye	1	1	FALSE
PA4420; N_A →; E278E (GAG→GAA)	Host Body-Site: Organ; Eye	0.0649197862349796	1	FALSE
PA4420; N_A →; E292E (GAA→GAG)	Host Body-Site: Organ; Eye	1	1	FALSE
PA4420; N_A →; E293E (GAA→GAG)	Host Body-Site: Organ; Eye	1	1	FALSE
PA4420; N_A →; G133G (GGC→GGA)	Host Body-Site: Organ; Eye	1	1	FALSE
PA4420; N_A →; G133G (GGC→GGT)	Host Body-Site: Organ; Eye	0.0547407989677121	1	FALSE
PA4420; N_A →; G199G (GGC→GGT)	Host Body-Site: Organ; Eye	0.0641804564070915	1	FALSE
PA4420; N_A →; G209G (GGC→GGT)	Host Body-Site: Organ; Eye	1	1	FALSE
PA4420; N_A →; G235G (GGT→GGC)	Host Body-Site: Organ; Eye	0.54114780791136	1	FALSE
PA4420; N_A →; G261A (GGC→GCC)	Host Body-Site: Organ; Eye	1	1	FALSE
PA4420; N_A →; G36G (GGC→GGG)	Host Body-Site: Organ; Eye	0.395934179517947	1	FALSE
PA4420; N_A →; G49G (GGA→GGG)	Host Body-Site: Organ; Eye	1	1	FALSE
PA4420; N_A →; G64G (GGA→GGG)	Host Body-Site: Organ; Eye	1	1	FALSE
PA4420; N_A →; G92D (GGT→GAT)	Host Body-Site: Organ; Eye	0.159385288215941	1	FALSE
PA4420; N_A →; G92G (GGT→GGC)	Host Body-Site: Organ; Eye	1	1	FALSE
PA4420; N_A →; G95G (GGG→GGT)	Host Body-Site: Organ; Eye	0.087928146731563	1	FALSE
PA4420; N_A →; H244H (CAT→CAC)	Host Body-Site: Organ; Eye	1	1	FALSE
PA4420; N_A →; H258H (CAC→CAT)	Host Body-Site: Organ; Eye	1	1	FALSE
PA4420; N_A →; I170I (ATC→ATT)	Host Body-Site: Organ; Eye	1	1	FALSE
PA4420; N_A →; I8I (ATC→ATT)	Host Body-Site: Organ; Eye	1	1	FALSE
PA4420; N_A →; K198K (AAG→AAA)	Host Body-Site: Organ; Eye	1	1	FALSE
PA4420; N_A →; K65N (AAA→AAC)	Host Body-Site: Organ; Eye	1	1	FALSE
PA4420; N_A →; L104L (CTT→CTC)	Host Body-Site: Organ; Eye	1	1	FALSE
PA4420; N_A →; L185L (CTC→CTG)	Host Body-Site: Organ; Eye	0.309572036845615	1	FALSE
PA4420; N_A →; L238L (CTG→CTA)	Host Body-Site: Organ; Eye	0.14199890770071	1	FALSE
PA4420; N_A →; L266L (CTG→CTT)	Host Body-Site: Organ; Eye	1	1	FALSE
PA4420; N_A →; L266L (CTG→TTG)	Host Body-Site: Organ; Eye	0.601132297273021	1	FALSE
PA4420; N_A →; L281L (CTG→TTG)	Host Body-Site: Organ; Eye	0.14199890770071	1	FALSE
PA4420; N_A →; L284L (CTG→TTG)	Host Body-Site: Organ; Eye	1	1	FALSE
PA4420; N_A →; L84L (CTG→CTC)	Host Body-Site: Organ; Eye	1	1	FALSE
PA4420; N_A →; N122N (AAC→AAT)	Host Body-Site: Organ; Eye	0.26384521666629	1	FALSE
PA4420; N_A →; N144N (AAC→AAT)	Host Body-Site: Organ; Eye	0.656113770023701	1	FALSE
PA4420; N_A →; N215S (AAC→AGC)	Host Body-Site: Organ; Eye	1	1	FALSE
PA4420; N_A →; P125P (CCG→CCC)	Host Body-Site: Organ; Eye	0.156556668749073	1	FALSE
PA4420; N_A →; P132P (CCC→CCA)	Host Body-Site: Organ; Eye	1	1	FALSE
PA4420; N_A →; P194P (CCC→CCT)	Host Body-Site: Organ; Eye	0.611018241971566	1	FALSE
PA4420; N_A →; P21P (CCG→CCA)	Host Body-Site: Organ; Eye	1	1	FALSE
PA4420; N_A →; P267P (CCG→CCA)	Host Body-Site: Organ; Eye	0.662202059523565	1	FALSE
PA4420; N_A →; Q110Q (CAA→CAG)	Host Body-Site: Organ; Eye	1	1	FALSE
PA4420; N_A →; R116R (CGC→CGT)	Host Body-Site: Organ; Eye	1	1	FALSE
PA4420; N_A →; R161R (CGC→CGT)	Host Body-Site: Organ; Eye	1	1	FALSE
PA4420; N_A →; R165R (CGG→CGA)	Host Body-Site: Organ; Eye	1	1	FALSE
PA4420; N_A →; R168R (CGC→CGT)	Host Body-Site: Organ; Eye	1	1	FALSE
PA4420; N_A →; R174R (CGT→CGC)	Host Body-Site: Organ; Eye	0.489339404089801	1	FALSE
PA4420; N_A →; R177R (CGG→CGC)	Host Body-Site: Organ; Eye	0.0816268735605944	1	FALSE
PA4420; N_A →; R181R (CGA→CGG)	Host Body-Site: Organ; Eye	0.668015811046118	1	FALSE
PA4420; N_A →; R223R (CGT→CGC)	Host Body-Site: Organ; Eye	0.0559382438651713	1	FALSE
PA4420; N_A →; R237R (CGG→CGC)	Host Body-Site: Organ; Eye	0.145160667020474	1	FALSE
PA4420; N_A →; R249R (CGC→CGT)	Host Body-Site: Organ; Eye	1	1	FALSE
PA4420; N_A →; R273R (CGT→CGC)	Host Body-Site: Organ; Eye	1	1	FALSE
PA4420; N_A →; R89C (CGC→TGC)	Host Body-Site: Organ; Eye	0.14199890770071	1	FALSE
PA4420; N_A →; S119S (AGC→AGT)	Host Body-Site: Organ; Eye	0.368397425515579	1	FALSE
PA4420; N_A →; S242S (AGT→AGC)	Host Body-Site: Organ; Eye	1	1	FALSE
PA4420; N_A →; T146A (ACC→GCC)	Host Body-Site: Organ; Eye	0.668015811046118	1	FALSE
PA4420; N_A →; T182T (ACT→ACC)	Host Body-Site: Organ; Eye	0.275029018631528	1	FALSE
PA4420; N_A →; V153V (GTC→GTT)	Host Body-Site: Organ; Eye	1	1	FALSE
PA4420; N_A →; V97I (GTC→ATC)	Host Body-Site: Organ; Eye	0.38258700738235	1	FALSE
PA4420; N_A; 	Host Body-Site: Organ; Eye	0.26384521666629	1	FALSE
PA4462; rpoN →; A150A (GCA→GCG)	Host Body-Site: Organ; Eye	1	1	FALSE
PA4462; rpoN →; A160A (GCG→GCA)	Host Body-Site: Organ; Eye	1	1	FALSE
PA4462; rpoN →; A160A (GCG→GCC)	Host Body-Site: Organ; Eye	1	1	FALSE
PA4462; rpoN →; A208A (GCC→GCT)	Host Body-Site: Organ; Eye	1	1	FALSE
PA4462; rpoN →; A212A (GCC→GCT)	Host Body-Site: Organ; Eye	0.0816268735605944	1	FALSE
PA4462; rpoN →; A236A (GCG→GCA)	Host Body-Site: Organ; Eye	1	1	FALSE
PA4462; rpoN →; A321A (GCC→GCG)	Host Body-Site: Organ; Eye	1	1	FALSE
PA4462; rpoN →; A346A (GCC→GCG)	Host Body-Site: Organ; Eye	1	1	FALSE
PA4462; rpoN →; A346T (GCC→ACC)	Host Body-Site: Organ; Eye	1	1	FALSE
PA4462; rpoN →; A364A (GCC→GCG)	Host Body-Site: Organ; Eye	1	1	FALSE
PA4462; rpoN →; A430A (GCT→GCC)	Host Body-Site: Organ; Eye	0.20541341430544	1	FALSE
PA4462; rpoN →; A439A (GCG→GCA)	Host Body-Site: Organ; Eye	1	1	FALSE
PA4462; rpoN →; A442T (GCG→ACG)	Host Body-Site: Organ; Eye	1	1	FALSE
PA4462; rpoN →; A66V (GCC→GTC)	Host Body-Site: Organ; Eye	1	1	FALSE
PA4462; rpoN →; coding (172‑173/1494 nt)	Host Body-Site: Organ; Eye	1	1	FALSE
PA4462; rpoN →; coding (226‑227/1494 nt)	Host Body-Site: Organ; Eye	1	1	FALSE
PA4462; rpoN →; coding (232/1494 nt)	Host Body-Site: Organ; Eye	1	1	FALSE
PA4462; rpoN →; coding (416‑424/1494 nt)	Host Body-Site: Organ; Eye	1	1	FALSE
PA4462; rpoN →; coding (795‑796/1494 nt)	Host Body-Site: Organ; Eye	1	1	FALSE
PA4462; rpoN →; coding (959/1494 nt)	Host Body-Site: Organ; Eye	1	1	FALSE
PA4462; rpoN →; D124D (GAT→GAC)	Host Body-Site: Organ; Eye	1	1	FALSE
PA4462; rpoN →; D156D (GAT→GAC)	Host Body-Site: Organ; Eye	1	1	FALSE
PA4462; rpoN →; D170D (GAT→GAC)	Host Body-Site: Organ; Eye	1	1	FALSE
PA4462; rpoN →; D264E (GAC→GAG)	Host Body-Site: Organ; Eye	1	1	FALSE
PA4462; rpoN →; D295G (GAC→GGC)	Host Body-Site: Organ; Eye	1	1	FALSE
PA4462; rpoN →; D331D (GAT→GAC)	Host Body-Site: Organ; Eye	0.540188382907119	1	FALSE
PA4462; rpoN →; D55D (GAT→GAC)	Host Body-Site: Organ; Eye	1	1	FALSE
PA4462; rpoN →; E109E (GAA→GAG)	Host Body-Site: Organ; Eye	1	1	FALSE
PA4462; rpoN →; E126E (GAG→GAA)	Host Body-Site: Organ; Eye	0.738856370560554	1	FALSE
PA4462; rpoN →; E178E (GAA→GAG)	Host Body-Site: Organ; Eye	1	1	FALSE
PA4462; rpoN →; E179E (GAA→GAG)	Host Body-Site: Organ; Eye	1	1	FALSE
PA4462; rpoN →; E191E (GAG→GAA)	Host Body-Site: Organ; Eye	0.495822105318415	1	FALSE
PA4462; rpoN →; E206E (GAA→GAG)	Host Body-Site: Organ; Eye	1	1	FALSE
PA4462; rpoN →; E308E (GAG→GAA)	Host Body-Site: Organ; Eye	1	1	FALSE
PA4462; rpoN →; E358E (GAA→GAG)	Host Body-Site: Organ; Eye	1	1	FALSE
PA4462; rpoN →; E379E (GAA→GAG)	Host Body-Site: Organ; Eye	1	1	FALSE
PA4462; rpoN →; E392E (GAA→GAG)	Host Body-Site: Organ; Eye	1	1	FALSE
PA4462; rpoN →; E398E (GAA→GAG)	Host Body-Site: Organ; Eye	1	1	FALSE
PA4462; rpoN →; G209G (GGC→GGG)	Host Body-Site: Organ; Eye	0.163732121139125	1	FALSE
PA4462; rpoN →; G248D (GGC→GAC)	Host Body-Site: Organ; Eye	1	1	FALSE
PA4462; rpoN →; G373G (GGT→GGC)	Host Body-Site: Organ; Eye	1	1	FALSE
PA4462; rpoN →; G378G (GGC→GGT)	Host Body-Site: Organ; Eye	1	1	FALSE
PA4462; rpoN →; G415G (GGC→GGT)	Host Body-Site: Organ; Eye	1	1	FALSE
PA4462; rpoN →; H388H (CAT→CAC)	Host Body-Site: Organ; Eye	0.0884988518172442	1	FALSE
PA4462; rpoN →; H411H (CAT→CAC)	Host Body-Site: Organ; Eye	1	1	FALSE
PA4462; rpoN →; I111I (ATC→ATT)	Host Body-Site: Organ; Eye	1	1	FALSE
PA4462; rpoN →; I180I (ATC→ATT)	Host Body-Site: Organ; Eye	1	1	FALSE
PA4462; rpoN →; I270I (ATC→ATA)	Host Body-Site: Organ; Eye	1	1	FALSE
PA4462; rpoN →; I297I (ATC→ATT)	Host Body-Site: Organ; Eye	1	1	FALSE
PA4462; rpoN →; I98I (ATA→ATT)	Host Body-Site: Organ; Eye	1	1	FALSE
PA4462; rpoN →; K408K (AAA→AAG)	Host Body-Site: Organ; Eye	1	1	FALSE
PA4462; rpoN →; K480K (AAA→AAG)	Host Body-Site: Organ; Eye	1	1	FALSE
PA4462; rpoN →; L102L (TTG→CTG)	Host Body-Site: Organ; Eye	1	1	FALSE
PA4462; rpoN →; L144P (CTC→CCC)	Host Body-Site: Organ; Eye	1	1	FALSE
PA4462; rpoN →; L19L (CTG→TTG)	Host Body-Site: Organ; Eye	1	1	FALSE
PA4462; rpoN →; L219L (CTG→CTA)	Host Body-Site: Organ; Eye	1	1	FALSE
PA4462; rpoN →; L247L (CTC→CTT)	Host Body-Site: Organ; Eye	1	1	FALSE
PA4462; rpoN →; L25L (CTC→CTT)	Host Body-Site: Organ; Eye	1	1	FALSE
PA4462; rpoN →; L28L (CTA→CTC)	Host Body-Site: Organ; Eye	1	1	FALSE
PA4462; rpoN →; L419P (CTG→CCG)	Host Body-Site: Organ; Eye	1	1	FALSE
PA4462; rpoN →; L419V (CTG→GTG)	Host Body-Site: Organ; Eye	1	1	FALSE
PA4462; rpoN →; L447L (CTG→CTA)	Host Body-Site: Organ; Eye	1	1	FALSE
PA4462; rpoN →; N122S (AAC→AGC)	Host Body-Site: Organ; Eye	1	1	FALSE
PA4462; rpoN →; N320N (AAC→AAT)	Host Body-Site: Organ; Eye	1	1	FALSE
PA4462; rpoN →; N44N (AAT→AAC)	Host Body-Site: Organ; Eye	1	1	FALSE
PA4462; rpoN →; P17P (CCG→CCT)	Host Body-Site: Organ; Eye	1	1	FALSE
PA4462; rpoN →; P207P (CCC→CCT)	Host Body-Site: Organ; Eye	1	1	FALSE
PA4462; rpoN →; P227P (CCG→CCA)	Host Body-Site: Organ; Eye	1	1	FALSE
PA4462; rpoN →; P231A (CCC→GCC)	Host Body-Site: Organ; Eye	1	1	FALSE
PA4462; rpoN →; P315P (CCG→CCA)	Host Body-Site: Organ; Eye	0.231532378235281	1	FALSE
PA4462; rpoN →; P61P (CCT→CCC)	Host Body-Site: Organ; Eye	0.707757260748577	1	FALSE
PA4462; rpoN →; P61P (CCT→CCG)	Host Body-Site: Organ; Eye	1	1	FALSE
PA4462; rpoN →; P77P (CCC→CCG)	Host Body-Site: Organ; Eye	1	1	FALSE
PA4462; rpoN →; P77P (CCC→CCT)	Host Body-Site: Organ; Eye	0.857561803802364	1	FALSE
PA4462; rpoN →; Q12P (CAG→CCG)	Host Body-Site: Organ; Eye	1	1	FALSE
PA4462; rpoN →; Q204Q (CAA→CAG)	Host Body-Site: Organ; Eye	1	1	FALSE
PA4462; rpoN →; Q222Q (CAA→CAG)	Host Body-Site: Organ; Eye	1	1	FALSE
PA4462; rpoN →; Q254Q (CAA→CAG)	Host Body-Site: Organ; Eye	1	1	FALSE
PA4462; rpoN →; Q268L (CAG→CTG)	Host Body-Site: Organ; Eye	1	1	FALSE
PA4462; rpoN →; Q354Q (CAG→CAA)	Host Body-Site: Organ; Eye	1	1	FALSE
PA4462; rpoN →; Q366Q (CAG→CAA)	Host Body-Site: Organ; Eye	0.26384521666629	1	FALSE
PA4462; rpoN →; R157R (CGG→CGC)	Host Body-Site: Organ; Eye	1	1	FALSE
PA4462; rpoN →; R200R (CGC→CGT)	Host Body-Site: Organ; Eye	1	1	FALSE
PA4462; rpoN →; R257R (CGG→CGA)	Host Body-Site: Organ; Eye	1	1	FALSE
PA4462; rpoN →; R267R (CGC→CGT)	Host Body-Site: Organ; Eye	1	1	FALSE
PA4462; rpoN →; R328R (CGC→CGT)	Host Body-Site: Organ; Eye	0.26384521666629	1	FALSE
PA4462; rpoN →; R329R (CGC→CGT)	Host Body-Site: Organ; Eye	1	1	FALSE
PA4462; rpoN →; R372R (CGC→CGA)	Host Body-Site: Organ; Eye	1	1	FALSE
PA4462; rpoN →; R372R (CGC→CGT)	Host Body-Site: Organ; Eye	1	1	FALSE
PA4462; rpoN →; S115S (AGC→AGT)	Host Body-Site: Organ; Eye	1	1	FALSE
PA4462; rpoN →; S135S (AGC→AGT)	Host Body-Site: Organ; Eye	1	1	FALSE
PA4462; rpoN →; S176S (TCC→TCT)	Host Body-Site: Organ; Eye	1	1	FALSE
PA4462; rpoN →; S241S (TCC→TCT)	Host Body-Site: Organ; Eye	1	1	FALSE
PA4462; rpoN →; S253G (AGC→GGC)	Host Body-Site: Organ; Eye	1	1	FALSE
PA4462; rpoN →; S286S (TCG→TCA)	Host Body-Site: Organ; Eye	1	1	FALSE
PA4462; rpoN →; S29S (TCC→TCT)	Host Body-Site: Organ; Eye	1	1	FALSE
PA4462; rpoN →; S333S (AGC→AGT)	Host Body-Site: Organ; Eye	1	1	FALSE
PA4462; rpoN →; S428S (AGT→AGC)	Host Body-Site: Organ; Eye	0.603311902205955	1	FALSE
PA4462; rpoN →; S437P (TCC→CCC)	Host Body-Site: Organ; Eye	1	1	FALSE
PA4462; rpoN →; S484P (TCC→CCC)	Host Body-Site: Organ; Eye	1	1	FALSE
PA4462; rpoN →; S71T (AGC→ACC)	Host Body-Site: Organ; Eye	0.26384521666629	1	FALSE
PA4462; rpoN →; T406T (ACG→ACC)	Host Body-Site: Organ; Eye	1	1	FALSE
PA4462; rpoN →; T83T (ACG→ACC)	Host Body-Site: Organ; Eye	0.375449984874994	1	FALSE
PA4462; rpoN →; V147V (GTC→GTG)	Host Body-Site: Organ; Eye	1	1	FALSE
PA4462; rpoN →; V195V (GTG→GTC)	Host Body-Site: Organ; Eye	1	1	FALSE
PA4462; rpoN →; Y172Y (TAC→TAT)	Host Body-Site: Organ; Eye	1	1	FALSE
PA4462; rpoN →; Y323Y (TAC→TAT)	Host Body-Site: Organ; Eye	1	1	FALSE
PA4462; rpoN →; Y377Q (TAC→CAG)	Host Body-Site: Organ; Eye	1	1	FALSE
PA4462; rpoN; 	Host Body-Site: Organ; Eye	0.26384521666629	1	FALSE
PA4522; ampD →; A136V (GCC→GTC)	Host Body-Site: Organ; Eye	1	1	FALSE
PA4522; ampD →; A29V (GCG→GTG)	Host Body-Site: Organ; Eye	1	1	FALSE
PA4522; ampD →; A85G (GCC→GGC)	Host Body-Site: Organ; Eye	1	1	FALSE
PA4522; ampD →; A85S (GCC→TCC)	Host Body-Site: Organ; Eye	1	1	FALSE
PA4522; ampD →; C92C (TGT→TGC)	Host Body-Site: Organ; Eye	1	1	FALSE
PA4522; ampD →; coding (125/567 nt)	Host Body-Site: Organ; Eye	1	1	FALSE
PA4522; ampD →; coding (314‑324/567 nt)	Host Body-Site: Organ; Eye	1	1	FALSE
PA4522; ampD →; D183Y (GAT→TAT)	Host Body-Site: Organ; Eye	0.238326034142951	1	FALSE
PA4522; ampD →; D28G (GAC→GGC)	Host Body-Site: Organ; Eye	1	1	FALSE
PA4522; ampD →; E163E (GAG→GAA)	Host Body-Site: Organ; Eye	1	1	FALSE
PA4522; ampD →; E170G (GAG→GGG)	Host Body-Site: Organ; Eye	1	1	FALSE
PA4522; ampD →; E68D (GAG→GAT)	Host Body-Site: Organ; Eye	1	1	FALSE
PA4522; ampD →; E68E (GAG→GAA)	Host Body-Site: Organ; Eye	1	1	FALSE
PA4522; ampD →; E81E (GAA→GAG)	Host Body-Site: Organ; Eye	1	1	FALSE
PA4522; ampD →; F113F (TTC→TTT)	Host Body-Site: Organ; Eye	1	1	FALSE
PA4522; ampD →; F45F (TTC→TTT)	Host Body-Site: Organ; Eye	0.26384521666629	1	FALSE
PA4522; ampD →; G148A (GGG→GCG)	Host Body-Site: Organ; Eye	1	1	FALSE
PA4522; ampD →; G180G (GGA→GGT)	Host Body-Site: Organ; Eye	1	1	FALSE
PA4522; ampD →; G46G (GGC→GGT)	Host Body-Site: Organ; Eye	1	1	FALSE
PA4522; ampD →; G46S (GGC→AGC)	Host Body-Site: Organ; Eye	1	1	FALSE
PA4522; ampD →; G48G (GGT→GGC)	Host Body-Site: Organ; Eye	1	1	FALSE
PA4522; ampD →; I69T (ATC→ACC)	Host Body-Site: Organ; Eye	1	1	FALSE
PA4522; ampD →; L58P (CTG→CCG)	Host Body-Site: Organ; Eye	1	1	FALSE
PA4522; ampD →; N111N (AAC→AAT)	Host Body-Site: Organ; Eye	1	1	FALSE
PA4522; ampD →; N22N (AAC→AAT)	Host Body-Site: Organ; Eye	1	1	FALSE
PA4522; ampD →; N37N (AAT→AAC)	Host Body-Site: Organ; Eye	1	1	FALSE
PA4522; ampD →; P17P (CCT→CCC)	Host Body-Site: Organ; Eye	1	1	FALSE
PA4522; ampD →; P41S (CCG→TCG)	Host Body-Site: Organ; Eye	1	1	FALSE
PA4522; ampD →; Q44H (CAG→CAC)	Host Body-Site: Organ; Eye	1	1	FALSE
PA4522; ampD →; Q44K (CAG→AAG)	Host Body-Site: Organ; Eye	0.26384521666629	1	FALSE
PA4522; ampD →; Q88* (CAG→TAG)	Host Body-Site: Organ; Eye	1	1	FALSE
PA4522; ampD →; R107R (CGC→CGT)	Host Body-Site: Organ; Eye	1	1	FALSE
PA4522; ampD →; R11H (CGT→CAT)	Host Body-Site: Organ; Eye	1	1	FALSE
PA4522; ampD →; R11L (CGT→CTT)	Host Body-Site: Organ; Eye	1	1	FALSE
PA4522; ampD →; R143R (CGC→CGT)	Host Body-Site: Organ; Eye	1	1	FALSE
PA4522; ampD →; R164H (CGC→CAC)	Host Body-Site: Organ; Eye	1	1	FALSE
PA4522; ampD →; R164R (CGC→CGT)	Host Body-Site: Organ; Eye	1	1	FALSE
PA4522; ampD →; R178R (CGC→CGT)	Host Body-Site: Organ; Eye	1	1	FALSE
PA4522; ampD →; R24R (CGT→CGC)	Host Body-Site: Organ; Eye	1	1	FALSE
PA4522; ampD →; R57R (CGC→CGT)	Host Body-Site: Organ; Eye	1	1	FALSE
PA4522; ampD →; R95R (CGC→CGT)	Host Body-Site: Organ; Eye	1	1	FALSE
PA4522; ampD →; S114S (TCC→TCT)	Host Body-Site: Organ; Eye	1	1	FALSE
PA4522; ampD →; S175L (TCG→TTG)	Host Body-Site: Organ; Eye	1	1	FALSE
PA4522; ampD →; S175P (TCG→CCG)	Host Body-Site: Organ; Eye	1	1	FALSE
PA4522; ampD →; S39S (AGC→AGT)	Host Body-Site: Organ; Eye	0.017603301789291	1	FALSE
PA4522; ampD →; S5F (TCC→TTC)	Host Body-Site: Organ; Eye	1	1	FALSE
PA4522; ampD →; T139T (ACG→ACT)	Host Body-Site: Organ; Eye	1	1	FALSE
PA4522; ampD →; T7S (ACC→AGC)	Host Body-Site: Organ; Eye	1	1	FALSE
PA4522; ampD →; T87T (ACC→ACT)	Host Body-Site: Organ; Eye	1	1	FALSE
PA4522; ampD →; V10G (GTC→GGC)	Host Body-Site: Organ; Eye	1	1	FALSE
PA4522; ampD →; V10I (GTC→ATC)	Host Body-Site: Organ; Eye	1	1	FALSE
PA4522; ampD →; V34V (GTT→GTC)	Host Body-Site: Organ; Eye	0.759739782036994	1	FALSE
PA4522; ampD; 	Host Body-Site: Organ; Eye	1	1	FALSE
PA4526; pilB →; A167T (GCG→ACG)	Host Body-Site: Organ; Eye	1	1	FALSE
PA4526; pilB →; A175T (GCC→ACC)	Host Body-Site: Organ; Eye	1	1	FALSE
PA4526; pilB →; A17A (GCC→GCT)	Host Body-Site: Organ; Eye	0.14199890770071	1	FALSE
PA4526; pilB →; A182A (GCA→GCG)	Host Body-Site: Organ; Eye	0.14199890770071	1	FALSE
PA4526; pilB →; A182A (GCA→GCT)	Host Body-Site: Organ; Eye	1	1	FALSE
PA4526; pilB →; A195A (GCC→GCA)	Host Body-Site: Organ; Eye	1	1	FALSE
PA4526; pilB →; A233A (GCC→GCT)	Host Body-Site: Organ; Eye	1	1	FALSE
PA4526; pilB →; A238A (GCT→GCG)	Host Body-Site: Organ; Eye	1	1	FALSE
PA4526; pilB →; A28A (GCC→GCG)	Host Body-Site: Organ; Eye	1	1	FALSE
PA4526; pilB →; A294A (GCA→GCG)	Host Body-Site: Organ; Eye	0.826749397804001	1	FALSE
PA4526; pilB →; A300A (GCC→GCA)	Host Body-Site: Organ; Eye	0.624540300944749	1	FALSE
PA4526; pilB →; A30T (GCG→ACG)	Host Body-Site: Organ; Eye	0.26384521666629	1	FALSE
PA4526; pilB →; A313A (GCC→GCT)	Host Body-Site: Organ; Eye	1	1	FALSE
PA4526; pilB →; A314A (GCA→GCG)	Host Body-Site: Organ; Eye	0.0967893139292111	1	FALSE
PA4526; pilB →; A353A (GCC→GCT)	Host Body-Site: Organ; Eye	0.0967893139292111	1	FALSE
PA4526; pilB →; A380A (GCG→GCA)	Host Body-Site: Organ; Eye	1	1	FALSE
PA4526; pilB →; A406A (GCC→GCT)	Host Body-Site: Organ; Eye	1	1	FALSE
PA4526; pilB →; A410A (GCG→GCA)	Host Body-Site: Organ; Eye	1	1	FALSE
PA4526; pilB →; A426A (GCC→GCA)	Host Body-Site: Organ; Eye	1	1	FALSE
PA4526; pilB →; A439A (GCG→GCA)	Host Body-Site: Organ; Eye	0.0503199390792179	1	FALSE
PA4526; pilB →; A443A (GCG→GCA)	Host Body-Site: Organ; Eye	1	1	FALSE
PA4526; pilB →; A81T (GCC→ACC)	Host Body-Site: Organ; Eye	1	1	FALSE
PA4526; pilB →; C459C (TGT→TGC)	Host Body-Site: Organ; Eye	1	1	FALSE
PA4526; pilB →; coding (1293‑1294/1701 nt)	Host Body-Site: Organ; Eye	1	1	FALSE
PA4526; pilB →; coding (1545‑1546/1701 nt)	Host Body-Site: Organ; Eye	1	1	FALSE
PA4526; pilB →; coding (75‑76/1701 nt)	Host Body-Site: Organ; Eye	1	1	FALSE
PA4526; pilB →; D108D (GAC→GAT)	Host Body-Site: Organ; Eye	1	1	FALSE
PA4526; pilB →; D149D (GAC→GAT)	Host Body-Site: Organ; Eye	1	1	FALSE
PA4526; pilB →; D168E (GAC→GAA)	Host Body-Site: Organ; Eye	1	1	FALSE
PA4526; pilB →; D194D (GAT→GAC)	Host Body-Site: Organ; Eye	1	1	FALSE
PA4526; pilB →; D247D (GAT→GAC)	Host Body-Site: Organ; Eye	1	1	FALSE
PA4526; pilB →; D270D (GAC→GAT)	Host Body-Site: Organ; Eye	1	1	FALSE
PA4526; pilB →; D290D (GAC→GAT)	Host Body-Site: Organ; Eye	0.624540300944749	1	FALSE
PA4526; pilB →; D299D (GAC→GAT)	Host Body-Site: Organ; Eye	1	1	FALSE
PA4526; pilB →; D306D (GAC→GAT)	Host Body-Site: Organ; Eye	1	1	FALSE
PA4526; pilB →; D347D (GAC→GAT)	Host Body-Site: Organ; Eye	1	1	FALSE
PA4526; pilB →; D355D (GAC→GAT)	Host Body-Site: Organ; Eye	1	1	FALSE
PA4526; pilB →; D388D (GAC→GAT)	Host Body-Site: Organ; Eye	1	1	FALSE
PA4526; pilB →; D390D (GAT→GAC)	Host Body-Site: Organ; Eye	0.870654049031097	1	FALSE
PA4526; pilB →; D399D (GAC→GAT)	Host Body-Site: Organ; Eye	0.640894792495487	1	FALSE
PA4526; pilB →; D566D (GAT→GAC)	Host Body-Site: Organ; Eye	0.71630360159949	1	FALSE
PA4526; pilB →; E206E (GAG→GAA)	Host Body-Site: Organ; Eye	1	1	FALSE
PA4526; pilB →; E209E (GAG→GAA)	Host Body-Site: Organ; Eye	0.151023038278284	1	FALSE
PA4526; pilB →; E304E (GAG→GAA)	Host Body-Site: Organ; Eye	0.38258700738235	1	FALSE
PA4526; pilB →; E305E (GAG→GAA)	Host Body-Site: Organ; Eye	0.611018241971566	1	FALSE
PA4526; pilB →; E358E (GAG→GAA)	Host Body-Site: Organ; Eye	1	1	FALSE
PA4526; pilB →; E401E (GAG→GAA)	Host Body-Site: Organ; Eye	0.611018241971566	1	FALSE
PA4526; pilB →; E465E (GAA→GAG)	Host Body-Site: Organ; Eye	1	1	FALSE
PA4526; pilB →; E467D (GAG→GAC)	Host Body-Site: Organ; Eye	0.632594633764667	1	FALSE
PA4526; pilB →; E467D (GAG→GAT)	Host Body-Site: Organ; Eye	1	1	FALSE
PA4526; pilB →; E476E (GAG→GAA)	Host Body-Site: Organ; Eye	1	1	FALSE
PA4526; pilB →; E523E (GAG→GAA)	Host Body-Site: Organ; Eye	1	1	FALSE
PA4526; pilB →; E529* (GAG→TAG)	Host Body-Site: Organ; Eye	1	1	FALSE
PA4526; pilB →; E532E (GAG→GAA)	Host Body-Site: Organ; Eye	1	1	FALSE
PA4526; pilB →; E84E (GAA→GAG)	Host Body-Site: Organ; Eye	0.458108799110744	1	FALSE
PA4526; pilB →; F103F (TTT→TTC)	Host Body-Site: Organ; Eye	1	1	FALSE
PA4526; pilB →; F271F (TTT→TTC)	Host Body-Site: Organ; Eye	0.367394914147488	1	FALSE
PA4526; pilB →; F478F (TTC→TTT)	Host Body-Site: Organ; Eye	1	1	FALSE
PA4526; pilB →; G165G (GGT→GGC)	Host Body-Site: Organ; Eye	0.26384521666629	1	FALSE
PA4526; pilB →; G198G (GGC→GGT)	Host Body-Site: Organ; Eye	1	1	FALSE
PA4526; pilB →; G257G (GGA→GGG)	Host Body-Site: Organ; Eye	1	1	FALSE
PA4526; pilB →; G326G (GGC→GGG)	Host Body-Site: Organ; Eye	1	1	FALSE
PA4526; pilB →; G329G (GGC→GGT)	Host Body-Site: Organ; Eye	1	1	FALSE
PA4526; pilB →; G331V (GGC→GTC)	Host Body-Site: Organ; Eye	1	1	FALSE
PA4526; pilB →; G339G (GGC→GGT)	Host Body-Site: Organ; Eye	1	1	FALSE
PA4526; pilB →; G363D (GGC→GAC)	Host Body-Site: Organ; Eye	1	1	FALSE
PA4526; pilB →; G374G (GGC→GGT)	Host Body-Site: Organ; Eye	0.535084784667768	1	FALSE
PA4526; pilB →; G395G (GGC→GGT)	Host Body-Site: Organ; Eye	0.14199890770071	1	FALSE
PA4526; pilB →; G413G (GGG→GGA)	Host Body-Site: Organ; Eye	1	1	FALSE
PA4526; pilB →; G436G (GGC→GGT)	Host Body-Site: Organ; Eye	1	1	FALSE
PA4526; pilB →; G477G (GGC→GGT)	Host Body-Site: Organ; Eye	1	1	FALSE
PA4526; pilB →; G484G (GGC→GGT)	Host Body-Site: Organ; Eye	1	1	FALSE
PA4526; pilB →; G503G (GGC→GGA)	Host Body-Site: Organ; Eye	1	1	FALSE
PA4526; pilB →; G553G (GGG→GGA)	Host Body-Site: Organ; Eye	0.838766360964308	1	FALSE
PA4526; pilB →; G63G (GGC→GGT)	Host Body-Site: Organ; Eye	0.624540300944749	1	FALSE
PA4526; pilB →; G9G (GGC→GGT)	Host Body-Site: Organ; Eye	0.14199890770071	1	FALSE
PA4526; pilB →; H414H (CAT→CAC)	Host Body-Site: Organ; Eye	1	1	FALSE
PA4526; pilB →; H42H (CAC→CAT)	Host Body-Site: Organ; Eye	1	1	FALSE
PA4526; pilB →; H461H (CAC→CAT)	Host Body-Site: Organ; Eye	1	1	FALSE
PA4526; pilB →; H466H (CAC→CAT)	Host Body-Site: Organ; Eye	1	1	FALSE
PA4526; pilB →; I115V (ATC→GTC)	Host Body-Site: Organ; Eye	0.14199890770071	1	FALSE
PA4526; pilB →; I196I (ATC→ATA)	Host Body-Site: Organ; Eye	1	1	FALSE
PA4526; pilB →; I211T (ATC→ACC)	Host Body-Site: Organ; Eye	0.155485725131013	1	FALSE
PA4526; pilB →; I236I (ATC→ATA)	Host Body-Site: Organ; Eye	1	1	FALSE
PA4526; pilB →; I248I (ATC→ATT)	Host Body-Site: Organ; Eye	1	1	FALSE
PA4526; pilB →; I322I (ATC→ATT)	Host Body-Site: Organ; Eye	1	1	FALSE
PA4526; pilB →; I350I (ATT→ATC)	Host Body-Site: Organ; Eye	0.468096078688566	1	FALSE
PA4526; pilB →; I397I (ATC→ATT)	Host Body-Site: Organ; Eye	0.756618248700677	1	FALSE
PA4526; pilB →; K142K (AAG→AAA)	Host Body-Site: Organ; Eye	1	1	FALSE
PA4526; pilB →; K23K (AAG→AAA)	Host Body-Site: Organ; Eye	1	1	FALSE
PA4526; pilB →; K253K (AAA→AAG)	Host Body-Site: Organ; Eye	0.762729921618182	1	FALSE
PA4526; pilB →; K74R (AAG→AGG)	Host Body-Site: Organ; Eye	0.14199890770071	1	FALSE
PA4526; pilB →; L138L (CTG→CTA)	Host Body-Site: Organ; Eye	1	1	FALSE
PA4526; pilB →; L192L (CTG→TTG)	Host Body-Site: Organ; Eye	1	1	FALSE
PA4526; pilB →; L222L (CTC→CTT)	Host Body-Site: Organ; Eye	0.0201525987351304	1	FALSE
PA4526; pilB →; L232L (TTG→CTG)	Host Body-Site: Organ; Eye	1	1	FALSE
PA4526; pilB →; L279L (CTG→CTC)	Host Body-Site: Organ; Eye	1	1	FALSE
PA4526; pilB →; L279L (CTG→TTG)	Host Body-Site: Organ; Eye	1	1	FALSE
PA4526; pilB →; L301L (CTC→CTG)	Host Body-Site: Organ; Eye	0.346922581619508	1	FALSE
PA4526; pilB →; L315L (CTC→CTT)	Host Body-Site: Organ; Eye	1	1	FALSE
PA4526; pilB →; L336L (CTA→CTG)	Host Body-Site: Organ; Eye	0.61967781303831	1	FALSE
PA4526; pilB →; L343L (CTG→CTC)	Host Body-Site: Organ; Eye	0.615372837838951	1	FALSE
PA4526; pilB →; L361L (CTG→TTG)	Host Body-Site: Organ; Eye	1	1	FALSE
PA4526; pilB →; L381L (CTG→CTA)	Host Body-Site: Organ; Eye	0.601132297273021	1	FALSE
PA4526; pilB →; L385L (CTG→TTG)	Host Body-Site: Organ; Eye	1	1	FALSE
PA4526; pilB →; L420L (CTG→CTA)	Host Body-Site: Organ; Eye	1	1	FALSE
PA4526; pilB →; L429L (CTG→CTA)	Host Body-Site: Organ; Eye	1	1	FALSE
PA4526; pilB →; L429L (CTG→CTC)	Host Body-Site: Organ; Eye	0.375449984874994	1	FALSE
PA4526; pilB →; L432L (TTG→CTG)	Host Body-Site: Organ; Eye	1	1	FALSE
PA4526; pilB →; L433P (CTG→CCG)	Host Body-Site: Organ; Eye	1	1	FALSE
PA4526; pilB →; L442L (CTG→CTA)	Host Body-Site: Organ; Eye	0.368397425515579	1	FALSE
PA4526; pilB →; L488L (CTT→CTG)	Host Body-Site: Organ; Eye	1	1	FALSE
PA4526; pilB →; L542L (CTG→CTA)	Host Body-Site: Organ; Eye	1	1	FALSE
PA4526; pilB →; L57L (TTG→TTA)	Host Body-Site: Organ; Eye	1	1	FALSE
PA4526; pilB →; L95L (CTG→TTG)	Host Body-Site: Organ; Eye	1	1	FALSE
PA4526; pilB →; N274N (AAC→AAT)	Host Body-Site: Organ; Eye	1	1	FALSE
PA4526; pilB →; N344N (AAT→AAC)	Host Body-Site: Organ; Eye	1	1	FALSE
PA4526; pilB →; N349N (AAC→AAT)	Host Body-Site: Organ; Eye	1	1	FALSE
PA4526; pilB →; N370N (AAT→AAC)	Host Body-Site: Organ; Eye	0.0802214331336076	1	FALSE
PA4526; pilB →; N423N (AAC→AAT)	Host Body-Site: Organ; Eye	1	1	FALSE
PA4526; pilB →; N441N (AAC→AAT)	Host Body-Site: Organ; Eye	1	1	FALSE
PA4526; pilB →; N447N (AAC→AAT)	Host Body-Site: Organ; Eye	1	1	FALSE
PA4526; pilB →; N70N (AAT→AAC)	Host Body-Site: Organ; Eye	0.261113927735268	1	FALSE
PA4526; pilB →; P318P (CCG→CCA)	Host Body-Site: Organ; Eye	0.0623223019214966	1	FALSE
PA4526; pilB →; P356P (CCG→CCT)	Host Body-Site: Organ; Eye	0.237082076764715	1	FALSE
PA4526; pilB →; P438P (CCG→CCA)	Host Body-Site: Organ; Eye	1	1	FALSE
PA4526; pilB →; P469P (CCG→CCA)	Host Body-Site: Organ; Eye	1	1	FALSE
PA4526; pilB →; P479L (CCG→CTG)	Host Body-Site: Organ; Eye	0.14199890770071	1	FALSE
PA4526; pilB →; P491P (CCG→CCA)	Host Body-Site: Organ; Eye	0.601132297273021	1	FALSE
PA4526; pilB →; P515P (CCG→CCC)	Host Body-Site: Organ; Eye	0.810949517959742	1	FALSE
PA4526; pilB →; Q172Q (CAA→CAG)	Host Body-Site: Organ; Eye	1	1	FALSE
PA4526; pilB →; Q295Q (CAG→CAA)	Host Body-Site: Organ; Eye	1	1	FALSE
PA4526; pilB →; Q29Q (CAG→CAA)	Host Body-Site: Organ; Eye	0.14199890770071	1	FALSE
PA4526; pilB →; Q373Q (CAG→CAA)	Host Body-Site: Organ; Eye	1	1	FALSE
PA4526; pilB →; Q411Q (CAG→CAA)	Host Body-Site: Organ; Eye	1	1	FALSE
PA4526; pilB →; Q533Q (CAA→CAG)	Host Body-Site: Organ; Eye	1	1	FALSE
PA4526; pilB →; Q89Q (CAA→CAG)	Host Body-Site: Organ; Eye	1	1	FALSE
PA4526; pilB →; R213R (CGG→CGA)	Host Body-Site: Organ; Eye	0.26384521666629	1	FALSE
PA4526; pilB →; R251R (CGA→CGG)	Host Body-Site: Organ; Eye	1	1	FALSE
PA4526; pilB →; R258R (CGG→CGA)	Host Body-Site: Organ; Eye	1	1	FALSE
PA4526; pilB →; R272R (CGC→CGG)	Host Body-Site: Organ; Eye	1	1	FALSE
PA4526; pilB →; R287R (CGG→CGT)	Host Body-Site: Organ; Eye	0.624540300944749	1	FALSE
PA4526; pilB →; R372R (CGC→CGT)	Host Body-Site: Organ; Eye	1	1	FALSE
PA4526; pilB →; R453R (CGC→CGA)	Host Body-Site: Organ; Eye	0.624540300944749	1	FALSE
PA4526; pilB →; R470K (AGG→AAG)	Host Body-Site: Organ; Eye	0.445385659879849	1	FALSE
PA4526; pilB →; R79R (CGG→CGC)	Host Body-Site: Organ; Eye	1	1	FALSE
PA4526; pilB →; R97R (CGG→CGC)	Host Body-Site: Organ; Eye	1	1	FALSE
PA4526; pilB →; S234S (AGT→AGC)	Host Body-Site: Organ; Eye	1	1	FALSE
PA4526; pilB →; S264S (TCG→TCA)	Host Body-Site: Organ; Eye	1	1	FALSE
PA4526; pilB →; S268S (TCC→TCG)	Host Body-Site: Organ; Eye	0.762729921618182	1	FALSE
PA4526; pilB →; S292S (TCC→TCT)	Host Body-Site: Organ; Eye	1	1	FALSE
PA4526; pilB →; S335S (TCG→TCC)	Host Body-Site: Organ; Eye	1	1	FALSE
PA4526; pilB →; S46N (AGC→AAC)	Host Body-Site: Organ; Eye	0.706150501438114	1	FALSE
PA4526; pilB →; S490S (TCG→TCA)	Host Body-Site: Organ; Eye	0.535084784667768	1	FALSE
PA4526; pilB →; S527S (TCC→TCT)	Host Body-Site: Organ; Eye	1	1	FALSE
PA4526; pilB →; T266N (ACC→AAC)	Host Body-Site: Organ; Eye	1	1	FALSE
PA4526; pilB →; T266S (ACC→AGC)	Host Body-Site: Organ; Eye	1	1	FALSE
PA4526; pilB →; T345T (ACC→ACA)	Host Body-Site: Organ; Eye	1	1	FALSE
PA4526; pilB →; T352T (ACC→ACT)	Host Body-Site: Organ; Eye	1	1	FALSE
PA4526; pilB →; T402T (ACC→ACG)	Host Body-Site: Organ; Eye	1	1	FALSE
PA4526; pilB →; T402T (ACC→ACT)	Host Body-Site: Organ; Eye	0.651724400321088	1	FALSE
PA4526; pilB →; T412T (ACC→ACA)	Host Body-Site: Organ; Eye	1	1	FALSE
PA4526; pilB →; T41T (ACG→ACA)	Host Body-Site: Organ; Eye	0.14199890770071	1	FALSE
PA4526; pilB →; T430T (ACC→ACT)	Host Body-Site: Organ; Eye	1	1	FALSE
PA4526; pilB →; T544A (ACC→GCC)	Host Body-Site: Organ; Eye	1	1	FALSE
PA4526; pilB →; T544S (ACC→TCC)	Host Body-Site: Organ; Eye	1	1	FALSE
PA4526; pilB →; T544T (ACC→ACT)	Host Body-Site: Organ; Eye	1	1	FALSE
PA4526; pilB →; V104V (GTA→GTG)	Host Body-Site: Organ; Eye	1	1	FALSE
PA4526; pilB →; V157V (GTC→GTT)	Host Body-Site: Organ; Eye	0.458108799110744	1	FALSE
PA4526; pilB →; V185V (GTA→GTC)	Host Body-Site: Organ; Eye	1	1	FALSE
PA4526; pilB →; V188V (GTC→GTA)	Host Body-Site: Organ; Eye	0.14199890770071	1	FALSE
PA4526; pilB →; V242V (GTA→GTG)	Host Body-Site: Organ; Eye	1	1	FALSE
PA4526; pilB →; V263V (GTG→GTA)	Host Body-Site: Organ; Eye	0.151023038278284	1	FALSE
PA4526; pilB →; V26L (GTG→CTG)	Host Body-Site: Organ; Eye	0.458108799110744	1	FALSE
PA4526; pilB →; V334V (GTA→GTC)	Host Body-Site: Organ; Eye	1	1	FALSE
PA4526; pilB →; V334V (GTA→GTT)	Host Body-Site: Organ; Eye	0.404610443141892	1	FALSE
PA4526; pilB →; V391V (GTG→GTT)	Host Body-Site: Organ; Eye	1	1	FALSE
PA4526; pilB →; V416E (GTG→GAG)	Host Body-Site: Organ; Eye	1	1	FALSE
PA4526; pilB →; V437V (GTG→GTA)	Host Body-Site: Organ; Eye	0.26384521666629	1	FALSE
PA4526; pilB →; V468V (GTG→GTT)	Host Body-Site: Organ; Eye	1	1	FALSE
PA4526; pilB →; V492V (GTG→GTA)	Host Body-Site: Organ; Eye	1	1	FALSE
PA4526; pilB →; V510V (GTA→GTG)	Host Body-Site: Organ; Eye	0.355930973052482	1	FALSE
PA4526; pilB →; Y212Y (TAC→TAT)	Host Body-Site: Organ; Eye	0.237082076764715	1	FALSE
PA4526; pilB →; Y311Y (TAC→TAT)	Host Body-Site: Organ; Eye	1	1	FALSE
PA4526; pilB →; Y66Y (TAT→TAC)	Host Body-Site: Organ; Eye	1	1	FALSE
PA4526; pilB; 	Host Body-Site: Organ; Eye	0.601132297273021	1	FALSE
PA4796; N_A →; A130A (GCG→GCT)	Host Body-Site: Organ; Eye	1	1	FALSE
PA4796; N_A →; A152A (GCA→GCG)	Host Body-Site: Organ; Eye	0.252151792478715	1	FALSE
PA4796; N_A →; A73A (GCT→GCC)	Host Body-Site: Organ; Eye	0.368397425515579	1	FALSE
PA4796; N_A →; A87T (GCG→ACG)	Host Body-Site: Organ; Eye	0.14199890770071	1	FALSE
PA4796; N_A →; coding (86‑87/468 nt)	Host Body-Site: Organ; Eye	0.368397425515579	1	FALSE
PA4796; N_A →; D19A (GAC→GCC)	Host Body-Site: Organ; Eye	1	1	FALSE
PA4796; N_A →; D55D (GAC→GAT)	Host Body-Site: Organ; Eye	1	1	FALSE
PA4796; N_A →; D62G (GAC→GGC)	Host Body-Site: Organ; Eye	1	1	FALSE
PA4796; N_A →; E136E (GAG→GAA)	Host Body-Site: Organ; Eye	1	1	FALSE
PA4796; N_A →; E60E (GAA→GAG)	Host Body-Site: Organ; Eye	1	1	FALSE
PA4796; N_A →; E9E (GAG→GAA)	Host Body-Site: Organ; Eye	0.127098922062896	1	FALSE
PA4796; N_A →; F155V (TTC→GTC)	Host Body-Site: Organ; Eye	0.237082076764715	1	FALSE
PA4796; N_A →; F70F (TTC→TTT)	Host Body-Site: Organ; Eye	0.14199890770071	1	FALSE
PA4796; N_A →; G7D (GGC→GAC)	Host Body-Site: Organ; Eye	1	1	FALSE
PA4796; N_A →; G7S (GGC→AGC)	Host Body-Site: Organ; Eye	1	1	FALSE
PA4796; N_A →; H58H (CAC→CAT)	Host Body-Site: Organ; Eye	1	1	FALSE
PA4796; N_A →; H58Y (CAC→TAC)	Host Body-Site: Organ; Eye	0.14199890770071	1	FALSE
PA4796; N_A →; L24L (TTG→CTG)	Host Body-Site: Organ; Eye	0.127098922062896	1	FALSE
PA4796; N_A →; L43L (CTG→TTG)	Host Body-Site: Organ; Eye	0.0631246467367571	1	FALSE
PA4796; N_A →; P148P (CCA→CCG)	Host Body-Site: Organ; Eye	0.26384521666629	1	FALSE
PA4796; N_A →; P90A (CCG→GCG)	Host Body-Site: Organ; Eye	0.204847221641503	1	FALSE
PA4796; N_A →; R121Q (CGG→CAG)	Host Body-Site: Organ; Eye	1	1	FALSE
PA4796; N_A →; R131W (CGG→TGG)	Host Body-Site: Organ; Eye	1	1	FALSE
PA4796; N_A →; R139H (CGC→CAC)	Host Body-Site: Organ; Eye	1	1	FALSE
PA4796; N_A →; R54R (CGC→CGT)	Host Body-Site: Organ; Eye	0.14199890770071	1	FALSE
PA4796; N_A →; R78C (CGC→TGC)	Host Body-Site: Organ; Eye	1	1	FALSE
PA4796; N_A →; S122G (AGC→GGA)	Host Body-Site: Organ; Eye	0.0384674595279348	1	FALSE
PA4796; N_A →; S122G (AGC→GGG)	Host Body-Site: Organ; Eye	1	1	FALSE
PA4796; N_A →; V110A (GTA→GCA)	Host Body-Site: Organ; Eye	1	1	FALSE
PA4796; N_A →; V110V (GTA→GTG)	Host Body-Site: Organ; Eye	0.145160667020474	1	FALSE
PA4796; N_A →; V150V (GTG→GTA)	Host Body-Site: Organ; Eye	1	1	FALSE
PA4796; N_A →; V67V (GTG→GTA)	Host Body-Site: Organ; Eye	1	1	FALSE
PA4796; N_A; 	Host Body-Site: Organ; Eye	0.26384521666629	1	FALSE
PA4848; accC →; A119T (GCC→ACC)	Host Body-Site: Organ; Eye	1	1	FALSE
PA4848; accC →; A189T (GCC→ACC)	Host Body-Site: Organ; Eye	1	1	FALSE
PA4848; accC →; A243A (GCG→GCA)	Host Body-Site: Organ; Eye	1	1	FALSE
PA4848; accC →; A252A (GCT→GCC)	Host Body-Site: Organ; Eye	1	1	FALSE
PA4848; accC →; A56A (GCC→GCA)	Host Body-Site: Organ; Eye	1	1	FALSE
PA4848; accC →; coding (1224‑1225/1350 nt)	Host Body-Site: Organ; Eye	1	1	FALSE
PA4848; accC →; coding (383‑384/1350 nt)	Host Body-Site: Organ; Eye	1	1	FALSE
PA4848; accC →; coding (485/1350 nt)	Host Body-Site: Organ; Eye	1	1	FALSE
PA4848; accC →; coding (495‑497/1350 nt)	Host Body-Site: Organ; Eye	1	1	FALSE
PA4848; accC →; D121D (GAC→GAT)	Host Body-Site: Organ; Eye	1	1	FALSE
PA4848; accC →; D141D (GAT→GAC)	Host Body-Site: Organ; Eye	1	1	FALSE
PA4848; accC →; D229G (GAC→GGC)	Host Body-Site: Organ; Eye	1	1	FALSE
PA4848; accC →; D249N (GAC→AAC)	Host Body-Site: Organ; Eye	1	1	FALSE
PA4848; accC →; D307N (GAC→AAC)	Host Body-Site: Organ; Eye	1	1	FALSE
PA4848; accC →; D343D (GAC→GAT)	Host Body-Site: Organ; Eye	1	1	FALSE
PA4848; accC →; E143E (GAG→GAA)	Host Body-Site: Organ; Eye	1	1	FALSE
PA4848; accC →; E175E (GAG→GAA)	Host Body-Site: Organ; Eye	0.871214774802653	1	FALSE
PA4848; accC →; E177E (GAG→GAA)	Host Body-Site: Organ; Eye	1	1	FALSE
PA4848; accC →; E188K (GAG→AAG)	Host Body-Site: Organ; Eye	1	1	FALSE
PA4848; accC →; E280E (GAG→GAA)	Host Body-Site: Organ; Eye	1	1	FALSE
PA4848; accC →; E326E (GAG→GAA)	Host Body-Site: Organ; Eye	1	1	FALSE
PA4848; accC →; E336E (GAA→GAG)	Host Body-Site: Organ; Eye	0.624540300944749	1	FALSE
PA4848; accC →; E3G (GAA→GGA)	Host Body-Site: Organ; Eye	1	1	FALSE
PA4848; accC →; F193F (TTC→TTT)	Host Body-Site: Organ; Eye	1	1	FALSE
PA4848; accC →; F277L (TTC→CTC)	Host Body-Site: Organ; Eye	1	1	FALSE
PA4848; accC →; G104C (GGC→TGC)	Host Body-Site: Organ; Eye	1	1	FALSE
PA4848; accC →; G114S (GGC→AGC)	Host Body-Site: Organ; Eye	1	1	FALSE
PA4848; accC →; G165G (GGT→GGC)	Host Body-Site: Organ; Eye	0.640894792495487	1	FALSE
PA4848; accC →; G166G (GGG→GGT)	Host Body-Site: Organ; Eye	0.47094466770197	1	FALSE
PA4848; accC →; G190G (GGC→GGT)	Host Body-Site: Organ; Eye	1	1	FALSE
PA4848; accC →; G226D (GGC→GAC)	Host Body-Site: Organ; Eye	1	1	FALSE
PA4848; accC →; G273G (GGC→GGT)	Host Body-Site: Organ; Eye	1	1	FALSE
PA4848; accC →; G392G (GGT→GGC)	Host Body-Site: Organ; Eye	1	1	FALSE
PA4848; accC →; G413G (GGT→GGC)	Host Body-Site: Organ; Eye	1	1	FALSE
PA4848; accC →; G445G (GGT→GGC)	Host Body-Site: Organ; Eye	1	1	FALSE
PA4848; accC →; G52G (GGT→GGC)	Host Body-Site: Organ; Eye	1	1	FALSE
PA4848; accC →; G52S (GGT→AGT)	Host Body-Site: Organ; Eye	1	1	FALSE
PA4848; accC →; G81S (GGC→AGC)	Host Body-Site: Organ; Eye	1	1	FALSE
PA4848; accC →; H224H (CAC→CAT)	Host Body-Site: Organ; Eye	1	1	FALSE
PA4848; accC →; H356H (CAC→CAT)	Host Body-Site: Organ; Eye	1	1	FALSE
PA4848; accC →; H358H (CAC→CAT)	Host Body-Site: Organ; Eye	1	1	FALSE
PA4848; accC →; H438H (CAT→CAC)	Host Body-Site: Organ; Eye	0.417076984423604	1	FALSE
PA4848; accC →; I267I (ATC→ATT)	Host Body-Site: Organ; Eye	0.242822341932195	1	FALSE
PA4848; accC →; I287I (ATC→ATA)	Host Body-Site: Organ; Eye	1	1	FALSE
PA4848; accC →; I437T (ATC→ACC)	Host Body-Site: Organ; Eye	1	1	FALSE
PA4848; accC →; I67I (ATC→ATT)	Host Body-Site: Organ; Eye	1	1	FALSE
PA4848; accC →; K202K (AAG→AAA)	Host Body-Site: Organ; Eye	1	1	FALSE
PA4848; accC →; K251E (AAG→GAG)	Host Body-Site: Organ; Eye	1	1	FALSE
PA4848; accC →; K251K (AAG→AAA)	Host Body-Site: Organ; Eye	1	1	FALSE
PA4848; accC →; L138L (CTG→TTG)	Host Body-Site: Organ; Eye	1	1	FALSE
PA4848; accC →; L200P (CTG→CCG)	Host Body-Site: Organ; Eye	1	1	FALSE
PA4848; accC →; L225F (CTC→TTC)	Host Body-Site: Organ; Eye	1	1	FALSE
PA4848; accC →; L232L (CTG→TTG)	Host Body-Site: Organ; Eye	1	1	FALSE
PA4848; accC →; L24L (CTG→CTA)	Host Body-Site: Organ; Eye	1	1	FALSE
PA4848; accC →; L39L (TTG→CTG)	Host Body-Site: Organ; Eye	1	1	FALSE
PA4848; accC →; L406L (CTG→CTA)	Host Body-Site: Organ; Eye	1	1	FALSE
PA4848; accC →; L424L (CTG→CTT)	Host Body-Site: Organ; Eye	1	1	FALSE
PA4848; accC →; N206N (AAC→AAT)	Host Body-Site: Organ; Eye	1	1	FALSE
PA4848; accC →; N290N (AAC→AAT)	Host Body-Site: Organ; Eye	1	1	FALSE
PA4848; accC →; N417N (AAT→AAC)	Host Body-Site: Organ; Eye	1	1	FALSE
PA4848; accC →; N436N (AAC→AAT)	Host Body-Site: Organ; Eye	1	1	FALSE
PA4848; accC →; N88N (AAC→AAT)	Host Body-Site: Organ; Eye	1	1	FALSE
PA4848; accC →; P132L (CCG→CTG)	Host Body-Site: Organ; Eye	1	1	FALSE
PA4848; accC →; P132P (CCG→CCA)	Host Body-Site: Organ; Eye	1	1	FALSE
PA4848; accC →; P207P (CCG→CCT)	Host Body-Site: Organ; Eye	1	1	FALSE
PA4848; accC →; P244P (CCG→CCA)	Host Body-Site: Organ; Eye	1	1	FALSE
PA4848; accC →; P360P (CCC→CCG)	Host Body-Site: Organ; Eye	1	1	FALSE
PA4848; accC →; Q58Q (CAG→CAA)	Host Body-Site: Organ; Eye	1	1	FALSE
PA4848; accC →; Q62Q (CAG→CAA)	Host Body-Site: Organ; Eye	1	1	FALSE
PA4848; accC →; R170R (CGC→CGT)	Host Body-Site: Organ; Eye	1	1	FALSE
PA4848; accC →; R186P (CGC→CCC)	Host Body-Site: Organ; Eye	1	1	FALSE
PA4848; accC →; R253R (CGC→CGT)	Host Body-Site: Organ; Eye	0.227558052151546	1	FALSE
PA4848; accC →; R270C (CGC→TGC)	Host Body-Site: Organ; Eye	1	1	FALSE
PA4848; accC →; R283R (CGC→CGT)	Host Body-Site: Organ; Eye	0.368397425515579	1	FALSE
PA4848; accC →; S181L (TCG→TTG)	Host Body-Site: Organ; Eye	1	1	FALSE
PA4848; accC →; S231P (TCC→CCC)	Host Body-Site: Organ; Eye	1	1	FALSE
PA4848; accC →; S300S (TCT→TCG)	Host Body-Site: Organ; Eye	0.508129642981223	1	FALSE
PA4848; accC →; S383S (TCG→TCA)	Host Body-Site: Organ; Eye	1	1	FALSE
PA4848; accC →; T73T (ACC→ACT)	Host Body-Site: Organ; Eye	1	1	FALSE
PA4848; accC →; V103V (GTC→GTT)	Host Body-Site: Organ; Eye	1	1	FALSE
PA4848; accC →; V117I (GTT→ATT)	Host Body-Site: Organ; Eye	1	1	FALSE
PA4848; accC →; V117V (GTT→GTC)	Host Body-Site: Organ; Eye	0.74999149292776	1	FALSE
PA4848; accC →; V128A (GTC→GCC)	Host Body-Site: Organ; Eye	1	1	FALSE
PA4848; accC →; V128V (GTC→GTA)	Host Body-Site: Organ; Eye	1	1	FALSE
PA4848; accC →; V210M (GTG→ATG)	Host Body-Site: Organ; Eye	1	1	FALSE
PA4848; accC →; V214V (GTG→GTC)	Host Body-Site: Organ; Eye	0.26384521666629	1	FALSE
PA4848; accC →; V239V (GTG→GTA)	Host Body-Site: Organ; Eye	1	1	FALSE
PA4848; accC →; V303F (GTC→TTC)	Host Body-Site: Organ; Eye	1	1	FALSE
PA4848; accC →; V309I (GTC→ATC)	Host Body-Site: Organ; Eye	1	1	FALSE
PA4848; accC →; V329I (GTC→ATC)	Host Body-Site: Organ; Eye	1	1	FALSE
PA4848; accC →; V377V (GTG→GTA)	Host Body-Site: Organ; Eye	0.812452102413172	1	FALSE
PA4848; accC →; V435V (GTG→GTT)	Host Body-Site: Organ; Eye	1	1	FALSE
PA4848; accC →; Y173Y (TAC→TAT)	Host Body-Site: Organ; Eye	1	1	FALSE
PA4848; accC; 	Host Body-Site: Organ; Eye	0.26384521666629	1	FALSE
PA0506; N_A →; A134A (GCC→GCT)	Infection: Disease; Cystic fibrosis	0.688942146418058	1	FALSE
PA0506; N_A →; A148A (GCA→GCG)	Infection: Disease; Cystic fibrosis	0.170447819505675	1	FALSE
PA0506; N_A →; A220A (GCC→GCT)	Infection: Disease; Cystic fibrosis	0.450751098700452	1	FALSE
PA0506; N_A →; A243V (GCC→GTC)	Infection: Disease; Cystic fibrosis	1	1	FALSE
PA0506; N_A →; A272G (GCC→GGC)	Infection: Disease; Cystic fibrosis	0.578398956338842	1	FALSE
PA0506; N_A →; A295A (GCT→GCG)	Infection: Disease; Cystic fibrosis	1	1	FALSE
PA0506; N_A →; A318A (GCT→GCC)	Infection: Disease; Cystic fibrosis	0.258874931731294	1	FALSE
PA0506; N_A →; A355A (GCC→GCA)	Infection: Disease; Cystic fibrosis	0.258874931731294	1	FALSE
PA0506; N_A →; A355A (GCC→GCG)	Infection: Disease; Cystic fibrosis	0.258874931731294	1	FALSE
PA0506; N_A →; A355A (GCC→GCT)	Infection: Disease; Cystic fibrosis	1	1	FALSE
PA0506; N_A →; A385A (GCC→GCT)	Infection: Disease; Cystic fibrosis	0.20379050246299	1	FALSE
PA0506; N_A →; A386A (GCC→GCT)	Infection: Disease; Cystic fibrosis	1	1	FALSE
PA0506; N_A →; A423A (GCC→GCT)	Infection: Disease; Cystic fibrosis	1	1	FALSE
PA0506; N_A →; A463A (GCG→GCA)	Infection: Disease; Cystic fibrosis	0.450751098700452	1	FALSE
PA0506; N_A →; A489A (GCT→GCC)	Infection: Disease; Cystic fibrosis	0.450751098700452	1	FALSE
PA0506; N_A →; A492A (GCA→GCG)	Infection: Disease; Cystic fibrosis	0.166207843948792	1	FALSE
PA0506; N_A →; A508A (GCC→GCA)	Infection: Disease; Cystic fibrosis	1	1	FALSE
PA0506; N_A →; A537A (GCC→GCT)	Infection: Disease; Cystic fibrosis	1	1	FALSE
PA0506; N_A →; A540V (GCG→GTG)	Infection: Disease; Cystic fibrosis	1	1	FALSE
PA0506; N_A →; C251C (TGC→TGT)	Infection: Disease; Cystic fibrosis	1	1	FALSE
PA0506; N_A →; C66C (TGC→TGT)	Infection: Disease; Cystic fibrosis	0.573362015123112	1	FALSE
PA0506; N_A →; coding (657‑665/1806 nt)	Infection: Disease; Cystic fibrosis	1	1	FALSE
PA0506; N_A →; coding (728‑729/1806 nt)	Infection: Disease; Cystic fibrosis	1	1	FALSE
PA0506; N_A →; D173D (GAC→GAT)	Infection: Disease; Cystic fibrosis	1	1	FALSE
PA0506; N_A →; D33E (GAC→GAG)	Infection: Disease; Cystic fibrosis	0.258874931731294	1	FALSE
PA0506; N_A →; D372D (GAC→GAT)	Infection: Disease; Cystic fibrosis	0.0177822747136253	1	FALSE
PA0506; N_A →; D37D (GAC→GAT)	Infection: Disease; Cystic fibrosis	1	1	FALSE
PA0506; N_A →; D433G (GAC→GGC)	Infection: Disease; Cystic fibrosis	1	1	FALSE
PA0506; N_A →; D522D (GAC→GAT)	Infection: Disease; Cystic fibrosis	1	1	FALSE
PA0506; N_A →; D62D (GAC→GAT)	Infection: Disease; Cystic fibrosis	1	1	FALSE
PA0506; N_A →; D71E (GAC→GAG)	Infection: Disease; Cystic fibrosis	0.450751098700452	1	FALSE
PA0506; N_A →; E403E (GAA→GAG)	Infection: Disease; Cystic fibrosis	1	1	FALSE
PA0506; N_A →; E407E (GAG→GAA)	Infection: Disease; Cystic fibrosis	0.0115660383766338	1	FALSE
PA0506; N_A →; E424E (GAG→GAA)	Infection: Disease; Cystic fibrosis	0.469632090394987	1	FALSE
PA0506; N_A →; E486E (GAA→GAG)	Infection: Disease; Cystic fibrosis	1	1	FALSE
PA0506; N_A →; E595E (GAA→GAG)	Infection: Disease; Cystic fibrosis	1	1	FALSE
PA0506; N_A →; E64E (GAA→GAG)	Infection: Disease; Cystic fibrosis	0.450751098700452	1	FALSE
PA0506; N_A →; E81E (GAG→GAA)	Infection: Disease; Cystic fibrosis	0.450751098700452	1	FALSE
PA0506; N_A →; E99E (GAG→GAA)	Infection: Disease; Cystic fibrosis	1	1	FALSE
PA0506; N_A →; F416Y (TTC→TAC)	Infection: Disease; Cystic fibrosis	0.450751098700452	1	FALSE
PA0506; N_A →; G104G (GGT→GGC)	Infection: Disease; Cystic fibrosis	1	1	FALSE
PA0506; N_A →; G104G (GGT→GGG)	Infection: Disease; Cystic fibrosis	0.535075803447849	1	FALSE
PA0506; N_A →; G110G (GGC→GGG)	Infection: Disease; Cystic fibrosis	0.0995430962408405	1	FALSE
PA0506; N_A →; G129G (GGC→GGT)	Infection: Disease; Cystic fibrosis	1	1	FALSE
PA0506; N_A →; G142G (GGC→GGT)	Infection: Disease; Cystic fibrosis	1	1	FALSE
PA0506; N_A →; G171G (GGC→GGT)	Infection: Disease; Cystic fibrosis	0.450751098700452	1	FALSE
PA0506; N_A →; G187G (GGT→GGC)	Infection: Disease; Cystic fibrosis	0.137322467459397	1	FALSE
PA0506; N_A →; G193G (GGC→GGT)	Infection: Disease; Cystic fibrosis	1	1	FALSE
PA0506; N_A →; G201G (GGC→GGT)	Infection: Disease; Cystic fibrosis	1	1	FALSE
PA0506; N_A →; G223G (GGC→GGT)	Infection: Disease; Cystic fibrosis	1	1	FALSE
PA0506; N_A →; G241G (GGC→GGT)	Infection: Disease; Cystic fibrosis	0.00924866551393539	1	FALSE
PA0506; N_A →; G252G (GGT→GGA)	Infection: Disease; Cystic fibrosis	1	1	FALSE
PA0506; N_A →; G252G (GGT→GGC)	Infection: Disease; Cystic fibrosis	0.000236699873448932	0.900406318599736	FALSE
PA0506; N_A →; G259G (GGC→GGT)	Infection: Disease; Cystic fibrosis	0.216507383968333	1	FALSE
PA0506; N_A →; G279G (GGC→GGA)	Infection: Disease; Cystic fibrosis	0.578398956338842	1	FALSE
PA0506; N_A →; G310G (GGT→GGC)	Infection: Disease; Cystic fibrosis	1	1	FALSE
PA0506; N_A →; G329G (GGT→GGC)	Infection: Disease; Cystic fibrosis	1	1	FALSE
PA0506; N_A →; G329G (GGT→GGG)	Infection: Disease; Cystic fibrosis	0.450751098700452	1	FALSE
PA0506; N_A →; G417G (GGC→GGT)	Infection: Disease; Cystic fibrosis	0.691198731136513	1	FALSE
PA0506; N_A →; G420G (GGT→GGG)	Infection: Disease; Cystic fibrosis	0.450751098700452	1	FALSE
PA0506; N_A →; G445G (GGC→GGT)	Infection: Disease; Cystic fibrosis	0.258874931731294	1	FALSE
PA0506; N_A →; G453G (GGT→GGC)	Infection: Disease; Cystic fibrosis	0.0819881946404998	1	FALSE
PA0506; N_A →; G453G (GGT→GGG)	Infection: Disease; Cystic fibrosis	0.450751098700452	1	FALSE
PA0506; N_A →; G550G (GGC→GGT)	Infection: Disease; Cystic fibrosis	1	1	FALSE
PA0506; N_A →; G600G (GGT→GGG)	Infection: Disease; Cystic fibrosis	0.258874931731294	1	FALSE
PA0506; N_A →; G72G (GGC→GGG)	Infection: Disease; Cystic fibrosis	0.450751098700452	1	FALSE
PA0506; N_A →; G90G (GGC→GGT)	Infection: Disease; Cystic fibrosis	0.0910744155658188	1	FALSE
PA0506; N_A →; H132H (CAC→CAT)	Infection: Disease; Cystic fibrosis	0.450751098700452	1	FALSE
PA0506; N_A →; H139H (CAT→CAC)	Infection: Disease; Cystic fibrosis	1	1	FALSE
PA0506; N_A →; H306H (CAT→CAC)	Infection: Disease; Cystic fibrosis	0.000909711166405866	1	FALSE
PA0506; N_A →; H419H (CAC→CAT)	Infection: Disease; Cystic fibrosis	1	1	FALSE
PA0506; N_A →; H425H (CAC→CAT)	Infection: Disease; Cystic fibrosis	0.450751098700452	1	FALSE
PA0506; N_A →; H578Y (CAC→TAC)	Infection: Disease; Cystic fibrosis	1	1	FALSE
PA0506; N_A →; H96H (CAT→CAC)	Infection: Disease; Cystic fibrosis	1	1	FALSE
PA0506; N_A →; I231L (ATC→CTC) ‡	Infection: Disease; Cystic fibrosis	1	1	FALSE
PA0506; N_A →; I231M (ATC→ATG) ‡	Infection: Disease; Cystic fibrosis	1	1	FALSE
PA0506; N_A →; I373I (ATC→ATT)	Infection: Disease; Cystic fibrosis	1	1	FALSE
PA0506; N_A →; K153K (AAG→AAA)	Infection: Disease; Cystic fibrosis	0.578398956338842	1	FALSE
PA0506; N_A →; K190R (AAG→AGG)	Infection: Disease; Cystic fibrosis	0.258874931731294	1	FALSE
PA0506; N_A →; K257K (AAG→AAA)	Infection: Disease; Cystic fibrosis	1	1	FALSE
PA0506; N_A →; K384K (AAA→AAG)	Infection: Disease; Cystic fibrosis	0.276762977580213	1	FALSE
PA0506; N_A →; K473K (AAG→AAA)	Infection: Disease; Cystic fibrosis	1	1	FALSE
PA0506; N_A →; L109L (CTC→CTT)	Infection: Disease; Cystic fibrosis	1	1	FALSE
PA0506; N_A →; L177L (CTG→CTA)	Infection: Disease; Cystic fibrosis	1	1	FALSE
PA0506; N_A →; L236L (CTG→CTA)	Infection: Disease; Cystic fibrosis	0.136458604293369	1	FALSE
PA0506; N_A →; L236L (CTG→CTC)	Infection: Disease; Cystic fibrosis	1	1	FALSE
PA0506; N_A →; L236L (CTG→CTT)	Infection: Disease; Cystic fibrosis	0.775386044238311	1	FALSE
PA0506; N_A →; L277L (CTG→CTC)	Infection: Disease; Cystic fibrosis	0.578398956338842	1	FALSE
PA0506; N_A →; L301L (CTG→CTA)	Infection: Disease; Cystic fibrosis	1	1	FALSE
PA0506; N_A →; L304L (CTG→TTG)	Infection: Disease; Cystic fibrosis	1	1	FALSE
PA0506; N_A →; L451L (CTG→TTG)	Infection: Disease; Cystic fibrosis	1	1	FALSE
PA0506; N_A →; L457L (CTG→TTG)	Infection: Disease; Cystic fibrosis	1	1	FALSE
PA0506; N_A →; L494L (CTG→TTG)	Infection: Disease; Cystic fibrosis	0.258874931731294	1	FALSE
PA0506; N_A →; L542L (TTG→CTG)	Infection: Disease; Cystic fibrosis	0.726928686791289	1	FALSE
PA0506; N_A →; L561L (CTG→TTG)	Infection: Disease; Cystic fibrosis	1	1	FALSE
PA0506; N_A →; M38I (ATG→ATA)	Infection: Disease; Cystic fibrosis	1	1	FALSE
PA0506; N_A →; N136N (AAC→AAT)	Infection: Disease; Cystic fibrosis	1	1	FALSE
PA0506; N_A →; N238D (AAC→GAC)	Infection: Disease; Cystic fibrosis	0.0267411477895503	1	FALSE
PA0506; N_A →; N238N (AAC→AAT)	Infection: Disease; Cystic fibrosis	1	1	FALSE
PA0506; N_A →; N238T (AAC→ACC)	Infection: Disease; Cystic fibrosis	1	1	FALSE
PA0506; N_A →; N286D (AAC→GAC) ‡	Infection: Disease; Cystic fibrosis	0.578398956338842	1	FALSE
PA0506; N_A →; N286K (AAC→AAA) ‡	Infection: Disease; Cystic fibrosis	0.578398956338842	1	FALSE
PA0506; N_A →; N360N (AAC→AAT)	Infection: Disease; Cystic fibrosis	0.342608943831396	1	FALSE
PA0506; N_A →; N40N (AAC→AAT)	Infection: Disease; Cystic fibrosis	1	1	FALSE
PA0506; N_A →; N587S (AAC→AGC)	Infection: Disease; Cystic fibrosis	0.31927598676632	1	FALSE
PA0506; N_A →; P128P (CCG→CCC)	Infection: Disease; Cystic fibrosis	1	1	FALSE
PA0506; N_A →; P168P (CCG→CCA)	Infection: Disease; Cystic fibrosis	1	1	FALSE
PA0506; N_A →; P333P (CCC→CCG)	Infection: Disease; Cystic fibrosis	1	1	FALSE
PA0506; N_A →; P336P (CCC→CCT)	Infection: Disease; Cystic fibrosis	0.0789735674894542	1	FALSE
PA0506; N_A →; P344P (CCT→CCC)	Infection: Disease; Cystic fibrosis	0.258874931731294	1	FALSE
PA0506; N_A →; P573P (CCG→CCT)	Infection: Disease; Cystic fibrosis	0.258874931731294	1	FALSE
PA0506; N_A →; Q146Q (CAG→CAA)	Infection: Disease; Cystic fibrosis	0.258874931731294	1	FALSE
PA0506; N_A →; Q493Q (CAG→CAA)	Infection: Disease; Cystic fibrosis	0.0772802428277087	1	FALSE
PA0506; N_A →; Q85Q (CAG→CAA)	Infection: Disease; Cystic fibrosis	0.336569565127538	1	FALSE
PA0506; N_A →; R325R (CGC→CGT)	Infection: Disease; Cystic fibrosis	0.0669987647621366	1	FALSE
PA0506; N_A →; R565R (CGC→CGT)	Infection: Disease; Cystic fibrosis	0.258874931731294	1	FALSE
PA0506; N_A →; R59R (CGC→CGT)	Infection: Disease; Cystic fibrosis	1	1	FALSE
PA0506; N_A →; S123F (TCC→TTC)	Infection: Disease; Cystic fibrosis	1	1	FALSE
PA0506; N_A →; S131P (TCC→CCC)	Infection: Disease; Cystic fibrosis	1	1	FALSE
PA0506; N_A →; S188C (AGC→TGC) ‡	Infection: Disease; Cystic fibrosis	0.258874931731294	1	FALSE
PA0506; N_A →; S188T (AGC→ACC) ‡	Infection: Disease; Cystic fibrosis	0.258874931731294	1	FALSE
PA0506; N_A →; S388S (TCG→TCT)	Infection: Disease; Cystic fibrosis	0.258874931731294	1	FALSE
PA0506; N_A →; S408S (TCC→TCT)	Infection: Disease; Cystic fibrosis	1	1	FALSE
PA0506; N_A →; S93S (AGC→AGT)	Infection: Disease; Cystic fibrosis	1	1	FALSE
PA0506; N_A →; T274T (ACC→ACT)	Infection: Disease; Cystic fibrosis	0.238061778154483	1	FALSE
PA0506; N_A →; T394T (ACG→ACA)	Infection: Disease; Cystic fibrosis	0.573362015123112	1	FALSE
PA0506; N_A →; T443T (ACC→ACT)	Infection: Disease; Cystic fibrosis	0.0376411446250219	1	FALSE
PA0506; N_A →; T444T (ACC→ACT)	Infection: Disease; Cystic fibrosis	1	1	FALSE
PA0506; N_A →; T551T (ACC→ACT)	Infection: Disease; Cystic fibrosis	1	1	FALSE
PA0506; N_A →; T75T (ACC→ACG)	Infection: Disease; Cystic fibrosis	1	1	FALSE
PA0506; N_A →; T77S (ACC→AGC)	Infection: Disease; Cystic fibrosis	0.450751098700452	1	FALSE
PA0506; N_A →; T77S (ACC→TCT)	Infection: Disease; Cystic fibrosis	0.0669987647621366	1	FALSE
PA0506; N_A →; T77T (ACC→ACT)	Infection: Disease; Cystic fibrosis	0.577610454890841	1	FALSE
PA0506; N_A →; V232A (GTG→GCG)	Infection: Disease; Cystic fibrosis	1	1	FALSE
PA0506; N_A →; V232V (GTG→GTA)	Infection: Disease; Cystic fibrosis	0.34929772337758	1	FALSE
PA0506; N_A →; V579V (GTC→GTT)	Infection: Disease; Cystic fibrosis	1	1	FALSE
PA0506; N_A →; V60V (GTC→GTT)	Infection: Disease; Cystic fibrosis	0.432253948215236	1	FALSE
PA0506; N_A →; Y365Y (TAC→TAT)	Infection: Disease; Cystic fibrosis	0.116637121607358	1	FALSE
PA0506; N_A →; Y440Y (TAC→TAT)	Infection: Disease; Cystic fibrosis	1	1	FALSE
PA0506; N_A →; Y529C (TAC→TGC)	Infection: Disease; Cystic fibrosis	1	1	FALSE
PA0506; N_A; 	Infection: Disease; Cystic fibrosis	0.450751098700452	1	FALSE
PA0997; pqsB →; A104A (GCC→GCT)	Infection: Disease; Cystic fibrosis	0.07917617972082	1	FALSE
PA0997; pqsB →; A106A (GCC→GCG)	Infection: Disease; Cystic fibrosis	1	1	FALSE
PA0997; pqsB →; A147A (GCC→GCT)	Infection: Disease; Cystic fibrosis	0.450751098700452	1	FALSE
PA0997; pqsB →; A149A (GCG→GCC)	Infection: Disease; Cystic fibrosis	1	1	FALSE
PA0997; pqsB →; A158A (GCC→GCT)	Infection: Disease; Cystic fibrosis	1	1	FALSE
PA0997; pqsB →; A244A (GCG→GCA)	Infection: Disease; Cystic fibrosis	1	1	FALSE
PA0997; pqsB →; A250A (GCA→GCC)	Infection: Disease; Cystic fibrosis	1	1	FALSE
PA0997; pqsB →; A250A (GCA→GCG)	Infection: Disease; Cystic fibrosis	0.00351452043881058	1	FALSE
PA0997; pqsB →; A281P (GCT→CCT)	Infection: Disease; Cystic fibrosis	0.573362015123112	1	FALSE
PA0997; pqsB →; A281V (GCT→GTT)	Infection: Disease; Cystic fibrosis	0.0315641641447596	1	FALSE
PA0997; pqsB →; A28A (GCC→GCT)	Infection: Disease; Cystic fibrosis	0.258874931731294	1	FALSE
PA0997; pqsB →; A50V (GCG→GTG)	Infection: Disease; Cystic fibrosis	0.578398956338842	1	FALSE
PA0997; pqsB →; A90V (GCG→GTG)	Infection: Disease; Cystic fibrosis	1	1	FALSE
PA0997; pqsB →; A93A (GCG→GCA)	Infection: Disease; Cystic fibrosis	0.450751098700452	1	FALSE
PA0997; pqsB →; A93A (GCG→GCC)	Infection: Disease; Cystic fibrosis	0.535075803447849	1	FALSE
PA0997; pqsB →; coding (222‑223/852 nt)	Infection: Disease; Cystic fibrosis	1	1	FALSE
PA0997; pqsB →; coding (222‑271/852 nt)	Infection: Disease; Cystic fibrosis	1	1	FALSE
PA0997; pqsB →; coding (35/852 nt)	Infection: Disease; Cystic fibrosis	1	1	FALSE
PA0997; pqsB →; coding (623‑624/852 nt)	Infection: Disease; Cystic fibrosis	0.0172764686191102	1	FALSE
PA0997; pqsB →; D256G (GAT→GGT)	Infection: Disease; Cystic fibrosis	1	1	FALSE
PA0997; pqsB →; D256N (GAT→AAT)	Infection: Disease; Cystic fibrosis	0.258874931731294	1	FALSE
PA0997; pqsB →; D47E (GAC→GAG)	Infection: Disease; Cystic fibrosis	1	1	FALSE
PA0997; pqsB →; D47N (GAC→AAC)	Infection: Disease; Cystic fibrosis	0.450751098700452	1	FALSE
PA0997; pqsB →; D97D (GAC→GAT)	Infection: Disease; Cystic fibrosis	1	1	FALSE
PA0997; pqsB →; E242E (GAA→GAG)	Infection: Disease; Cystic fibrosis	0.490624169382003	1	FALSE
PA0997; pqsB →; E280E (GAA→GAG)	Infection: Disease; Cystic fibrosis	1	1	FALSE
PA0997; pqsB →; F217F (TTC→TTT)	Infection: Disease; Cystic fibrosis	1	1	FALSE
PA0997; pqsB →; G156D (GGC→GAC)	Infection: Disease; Cystic fibrosis	1	1	FALSE
PA0997; pqsB →; G166G (GGC→GGT)	Infection: Disease; Cystic fibrosis	1	1	FALSE
PA0997; pqsB →; G192G (GGA→GGG)	Infection: Disease; Cystic fibrosis	0.521245198813304	1	FALSE
PA0997; pqsB →; G201G (GGA→GGG)	Infection: Disease; Cystic fibrosis	0.450751098700452	1	FALSE
PA0997; pqsB →; G215G (GGG→GGA)	Infection: Disease; Cystic fibrosis	0.0560937151556783	1	FALSE
PA0997; pqsB →; G231G (GGA→GGG)	Infection: Disease; Cystic fibrosis	0.00924866551393539	1	FALSE
PA0997; pqsB →; G231G (GGA→GGT)	Infection: Disease; Cystic fibrosis	1	1	FALSE
PA0997; pqsB →; G235G (GGT→GGC)	Infection: Disease; Cystic fibrosis	1	1	FALSE
PA0997; pqsB →; G279E (GGA→GAA)	Infection: Disease; Cystic fibrosis	1	1	FALSE
PA0997; pqsB →; G61G (GGC→GGT)	Infection: Disease; Cystic fibrosis	1	1	FALSE
PA0997; pqsB →; G89G (GGC→GGT)	Infection: Disease; Cystic fibrosis	0.450751098700452	1	FALSE
PA0997; pqsB →; I80I (ATC→ATT)	Infection: Disease; Cystic fibrosis	0.187849963480002	1	FALSE
PA0997; pqsB →; L123L (CTG→CTA)	Infection: Disease; Cystic fibrosis	1	1	FALSE
PA0997; pqsB →; L133L (TTG→CTG)	Infection: Disease; Cystic fibrosis	1	1	FALSE
PA0997; pqsB →; L148L (CTG→CTA)	Infection: Disease; Cystic fibrosis	0.0669987647621366	1	FALSE
PA0997; pqsB →; L176L (CTG→TTG)	Infection: Disease; Cystic fibrosis	1	1	FALSE
PA0997; pqsB →; L213L (CTG→TTG)	Infection: Disease; Cystic fibrosis	1	1	FALSE
PA0997; pqsB →; L258L (CTG→TTG)	Infection: Disease; Cystic fibrosis	0.258874931731294	1	FALSE
PA0997; pqsB →; L260L (CTG→CTC)	Infection: Disease; Cystic fibrosis	0.490624169382003	1	FALSE
PA0997; pqsB →; L277M (CTG→ATG)	Infection: Disease; Cystic fibrosis	1	1	FALSE
PA0997; pqsB →; L46L (CTG→CTC)	Infection: Disease; Cystic fibrosis	1	1	FALSE
PA0997; pqsB →; L46L (CTG→TTG)	Infection: Disease; Cystic fibrosis	1	1	FALSE
PA0997; pqsB →; L64L (CTG→TTG)	Infection: Disease; Cystic fibrosis	1	1	FALSE
PA0997; pqsB →; N181N (AAT→AAC)	Infection: Disease; Cystic fibrosis	0.573362015123112	1	FALSE
PA0997; pqsB →; P179P (CCG→CCA)	Infection: Disease; Cystic fibrosis	1	1	FALSE
PA0997; pqsB →; P179P (CCG→CCT)	Infection: Disease; Cystic fibrosis	0.258874931731294	1	FALSE
PA0997; pqsB →; P200L (CCT→CTT)	Infection: Disease; Cystic fibrosis	0.258874931731294	1	FALSE
PA0997; pqsB →; P200P (CCT→CCC)	Infection: Disease; Cystic fibrosis	0.0494821013543046	1	FALSE
PA0997; pqsB →; P20P (CCG→CCA)	Infection: Disease; Cystic fibrosis	0.384916373280848	1	FALSE
PA0997; pqsB →; P218P (CCG→CCA)	Infection: Disease; Cystic fibrosis	0.578398956338842	1	FALSE
PA0997; pqsB →; P233P (CCC→CCA)	Infection: Disease; Cystic fibrosis	0.258874931731294	1	FALSE
PA0997; pqsB →; Q199Q (CAA→CAG)	Infection: Disease; Cystic fibrosis	1	1	FALSE
PA0997; pqsB →; R105R (CGC→CGT)	Infection: Disease; Cystic fibrosis	1	1	FALSE
PA0997; pqsB →; R161R (CGT→CGC)	Infection: Disease; Cystic fibrosis	1	1	FALSE
PA0997; pqsB →; R212R (CGT→CGC)	Infection: Disease; Cystic fibrosis	1	1	FALSE
PA0997; pqsB →; S102S (AGC→AGT)	Infection: Disease; Cystic fibrosis	0.578398956338842	1	FALSE
PA0997; pqsB →; S139S (TCC→TCT)	Infection: Disease; Cystic fibrosis	0.0995430962408405	1	FALSE
PA0997; pqsB →; V187V (GTA→GTG)	Infection: Disease; Cystic fibrosis	0.384916373280848	1	FALSE
PA0997; pqsB →; V206V (GTA→GTG)	Infection: Disease; Cystic fibrosis	0.450751098700452	1	FALSE
PA0997; pqsB →; V51I (GTC→ATC)	Infection: Disease; Cystic fibrosis	1	1	FALSE
PA0997; pqsB →; V51V (GTC→GTT)	Infection: Disease; Cystic fibrosis	0.258874931731294	1	FALSE
PA0997; pqsB →; V87I (GTC→ATC)	Infection: Disease; Cystic fibrosis	0.112712399030334	1	FALSE
PA0997; pqsB →; Y119Y (TAT→TAC)	Infection: Disease; Cystic fibrosis	1	1	FALSE
PA0997; pqsB; 	Infection: Disease; Cystic fibrosis	0.450751098700452	1	FALSE
PA1097; fleQ →; A131A (GCC→GCT)	Infection: Disease; Cystic fibrosis	1	1	FALSE
PA1097; fleQ →; A21A (GCA→GCG)	Infection: Disease; Cystic fibrosis	1	1	FALSE
PA1097; fleQ →; A284A (GCC→GCT)	Infection: Disease; Cystic fibrosis	1	1	FALSE
PA1097; fleQ →; A325A (GCC→GCA)	Infection: Disease; Cystic fibrosis	1	1	FALSE
PA1097; fleQ →; A348A (GCG→GCA)	Infection: Disease; Cystic fibrosis	0.166207843948792	1	FALSE
PA1097; fleQ →; A349A (GCA→GCC)	Infection: Disease; Cystic fibrosis	0.0494821013543046	1	FALSE
PA1097; fleQ →; A349A (GCA→GCG)	Infection: Disease; Cystic fibrosis	0.290136213899653	1	FALSE
PA1097; fleQ →; A412A (GCG→GCA)	Infection: Disease; Cystic fibrosis	1	1	FALSE
PA1097; fleQ →; A416A (GCC→GCT)	Infection: Disease; Cystic fibrosis	0.725427359752438	1	FALSE
PA1097; fleQ →; A460A (GCC→GCT)	Infection: Disease; Cystic fibrosis	0.258874931731294	1	FALSE
PA1097; fleQ →; A91S (GCC→TCC)	Infection: Disease; Cystic fibrosis	1	1	FALSE
PA1097; fleQ →; coding (1358‑1456/1473 nt)	Infection: Disease; Cystic fibrosis	1	1	FALSE
PA1097; fleQ →; coding (642‑643/1473 nt)	Infection: Disease; Cystic fibrosis	1	1	FALSE
PA1097; fleQ →; coding (675‑707/1473 nt)	Infection: Disease; Cystic fibrosis	1	1	FALSE
PA1097; fleQ →; coding (678‑707/1473 nt)	Infection: Disease; Cystic fibrosis	0.249993618250258	1	FALSE
PA1097; fleQ →; coding (679‑707/1473 nt)	Infection: Disease; Cystic fibrosis	0.205184286388493	1	FALSE
PA1097; fleQ →; coding (804‑805/1473 nt)	Infection: Disease; Cystic fibrosis	1	1	FALSE
PA1097; fleQ →; D116D (GAT→GAC)	Infection: Disease; Cystic fibrosis	0.0824003727062305	1	FALSE
PA1097; fleQ →; D12D (GAC→GAT)	Infection: Disease; Cystic fibrosis	0.573362015123112	1	FALSE
PA1097; fleQ →; D249D (GAC→GAT)	Infection: Disease; Cystic fibrosis	0.0669987647621366	1	FALSE
PA1097; fleQ →; D279D (GAC→GAT)	Infection: Disease; Cystic fibrosis	1	1	FALSE
PA1097; fleQ →; D296D (GAC→GAT)	Infection: Disease; Cystic fibrosis	1	1	FALSE
PA1097; fleQ →; D30D (GAT→GAC)	Infection: Disease; Cystic fibrosis	1	1	FALSE
PA1097; fleQ →; D38D (GAT→GAC)	Infection: Disease; Cystic fibrosis	1	1	FALSE
PA1097; fleQ →; D433D (GAC→GAT)	Infection: Disease; Cystic fibrosis	1	1	FALSE
PA1097; fleQ →; D452D (GAC→GAT)	Infection: Disease; Cystic fibrosis	0.867474264409388	1	FALSE
PA1097; fleQ →; D485D (GAC→GAT)	Infection: Disease; Cystic fibrosis	1	1	FALSE
PA1097; fleQ →; D489E (GAT→GAG)	Infection: Disease; Cystic fibrosis	0.166325775449193	1	FALSE
PA1097; fleQ →; D92D (GAC→GAT)	Infection: Disease; Cystic fibrosis	0.573362015123112	1	FALSE
PA1097; fleQ →; E106E (GAG→GAA)	Infection: Disease; Cystic fibrosis	1	1	FALSE
PA1097; fleQ →; E126E (GAG→GAA)	Infection: Disease; Cystic fibrosis	1	1	FALSE
PA1097; fleQ →; E235E (GAG→GAA)	Infection: Disease; Cystic fibrosis	1	1	FALSE
PA1097; fleQ →; E264E (GAG→GAA)	Infection: Disease; Cystic fibrosis	1	1	FALSE
PA1097; fleQ →; E29E (GAA→GAG)	Infection: Disease; Cystic fibrosis	1	1	FALSE
PA1097; fleQ →; E301E (GAA→GAG)	Infection: Disease; Cystic fibrosis	1	1	FALSE
PA1097; fleQ →; E322E (GAA→GAG)	Infection: Disease; Cystic fibrosis	1	1	FALSE
PA1097; fleQ →; E336E (GAG→GAA)	Infection: Disease; Cystic fibrosis	0.765909628258303	1	FALSE
PA1097; fleQ →; E398E (GAG→GAA)	Infection: Disease; Cystic fibrosis	0.450751098700452	1	FALSE
PA1097; fleQ →; E410E (GAG→GAA)	Infection: Disease; Cystic fibrosis	1	1	FALSE
PA1097; fleQ →; E430E (GAA→GAG)	Infection: Disease; Cystic fibrosis	0.450751098700452	1	FALSE
PA1097; fleQ →; E95E (GAA→GAG)	Infection: Disease; Cystic fibrosis	0.255743314869187	1	FALSE
PA1097; fleQ →; F223F (TTC→TTT)	Infection: Disease; Cystic fibrosis	0.609427825719568	1	FALSE
PA1097; fleQ →; G174G (GGC→GGT)	Infection: Disease; Cystic fibrosis	1	1	FALSE
PA1097; fleQ →; G177G (GGC→GGT)	Infection: Disease; Cystic fibrosis	1	1	FALSE
PA1097; fleQ →; G196G (GGG→GGT)	Infection: Disease; Cystic fibrosis	1	1	FALSE
PA1097; fleQ →; G204R (GGG→CGG)	Infection: Disease; Cystic fibrosis	1	1	FALSE
PA1097; fleQ →; G221G (GGT→GGC)	Infection: Disease; Cystic fibrosis	0.56817213147129	1	FALSE
PA1097; fleQ →; G225G (GGT→GGC)	Infection: Disease; Cystic fibrosis	0.201703476652407	1	FALSE
PA1097; fleQ →; G271G (GGC→GGT)	Infection: Disease; Cystic fibrosis	1	1	FALSE
PA1097; fleQ →; G341G (GGG→GGT)	Infection: Disease; Cystic fibrosis	1	1	FALSE
PA1097; fleQ →; G384G (GGC→GGA)	Infection: Disease; Cystic fibrosis	1	1	FALSE
PA1097; fleQ →; G384G (GGC→GGT)	Infection: Disease; Cystic fibrosis	1	1	FALSE
PA1097; fleQ →; G417G (GGG→GGC)	Infection: Disease; Cystic fibrosis	1	1	FALSE
PA1097; fleQ →; G420G (GGA→GGG)	Infection: Disease; Cystic fibrosis	1	1	FALSE
PA1097; fleQ →; G58G (GGC→GGT)	Infection: Disease; Cystic fibrosis	0.0875136280551368	1	FALSE
PA1097; fleQ →; G65G (GGT→GGA)	Infection: Disease; Cystic fibrosis	1	1	FALSE
PA1097; fleQ →; G65G (GGT→GGG)	Infection: Disease; Cystic fibrosis	0.405083546449175	1	FALSE
PA1097; fleQ →; H188H (CAT→CAC)	Infection: Disease; Cystic fibrosis	0.573362015123112	1	FALSE
PA1097; fleQ →; H337H (CAT→CAC)	Infection: Disease; Cystic fibrosis	0.635107483663485	1	FALSE
PA1097; fleQ →; I206I (ATC→ATT)	Infection: Disease; Cystic fibrosis	1	1	FALSE
PA1097; fleQ →; I23I (ATT→ATC)	Infection: Disease; Cystic fibrosis	1	1	FALSE
PA1097; fleQ →; I343I (ATC→ATT)	Infection: Disease; Cystic fibrosis	1	1	FALSE
PA1097; fleQ →; K180K (AAG→AAA)	Infection: Disease; Cystic fibrosis	1	1	FALSE
PA1097; fleQ →; K220R (AAG→AGG)	Infection: Disease; Cystic fibrosis	1	1	FALSE
PA1097; fleQ →; K292K (AAG→AAA)	Infection: Disease; Cystic fibrosis	1	1	FALSE
PA1097; fleQ →; L114L (CTG→TTG)	Infection: Disease; Cystic fibrosis	1	1	FALSE
PA1097; fleQ →; L215L (TTG→CTG)	Infection: Disease; Cystic fibrosis	0.14784817960774	1	FALSE
PA1097; fleQ →; L236L (CTG→TTG)	Infection: Disease; Cystic fibrosis	1	1	FALSE
PA1097; fleQ →; L242L (CTG→CTA)	Infection: Disease; Cystic fibrosis	1	1	FALSE
PA1097; fleQ →; L242L (CTG→TTG)	Infection: Disease; Cystic fibrosis	0.276762977580213	1	FALSE
PA1097; fleQ →; L252M (CTG→ATG)	Infection: Disease; Cystic fibrosis	0.469632090394987	1	FALSE
PA1097; fleQ →; L258L (CTG→TTG)	Infection: Disease; Cystic fibrosis	0.688942146418058	1	FALSE
PA1097; fleQ →; L262L (CTG→TTG)	Infection: Disease; Cystic fibrosis	0.336569565127538	1	FALSE
PA1097; fleQ →; L32L (CTG→CTC)	Infection: Disease; Cystic fibrosis	1	1	FALSE
PA1097; fleQ →; L353L (CTC→CTG)	Infection: Disease; Cystic fibrosis	1	1	FALSE
PA1097; fleQ →; L434L (CTC→CTT)	Infection: Disease; Cystic fibrosis	0.688942146418058	1	FALSE
PA1097; fleQ →; L438L (CTG→CTT)	Infection: Disease; Cystic fibrosis	1	1	FALSE
PA1097; fleQ →; L445L (CTG→TTG)	Infection: Disease; Cystic fibrosis	1	1	FALSE
PA1097; fleQ →; L56L (CTG→TTG)	Infection: Disease; Cystic fibrosis	1	1	FALSE
PA1097; fleQ →; L69L (CTG→TTG)	Infection: Disease; Cystic fibrosis	0.739319427860201	1	FALSE
PA1097; fleQ →; L83L (CTG→CTA)	Infection: Disease; Cystic fibrosis	0.573362015123112	1	FALSE
PA1097; fleQ →; L83P (CTG→CCG)	Infection: Disease; Cystic fibrosis	0.258874931731294	1	FALSE
PA1097; fleQ →; M250L (ATG→CTG)	Infection: Disease; Cystic fibrosis	0.772699571824361	1	FALSE
PA1097; fleQ →; M254I (ATG→ATC)	Infection: Disease; Cystic fibrosis	0.469632090394987	1	FALSE
PA1097; fleQ →; N202N (AAC→AAT)	Infection: Disease; Cystic fibrosis	1	1	FALSE
PA1097; fleQ →; N238D (AAC→GAC)	Infection: Disease; Cystic fibrosis	0.688942146418058	1	FALSE
PA1097; fleQ →; N25N (AAC→AAT)	Infection: Disease; Cystic fibrosis	1	1	FALSE
PA1097; fleQ →; N48N (AAC→AAT)	Infection: Disease; Cystic fibrosis	1	1	FALSE
PA1097; fleQ →; P140P (CCG→CCC)	Infection: Disease; Cystic fibrosis	1	1	FALSE
PA1097; fleQ →; P377P (CCC→CCA)	Infection: Disease; Cystic fibrosis	0.685224513843295	1	FALSE
PA1097; fleQ →; P377P (CCC→CCT)	Infection: Disease; Cystic fibrosis	0.688942146418058	1	FALSE
PA1097; fleQ →; P419P (CCG→CCA)	Infection: Disease; Cystic fibrosis	1	1	FALSE
PA1097; fleQ →; P419P (CCG→CCT)	Infection: Disease; Cystic fibrosis	1	1	FALSE
PA1097; fleQ →; Q72Q (CAA→CAG)	Infection: Disease; Cystic fibrosis	0.0629604645011093	1	FALSE
PA1097; fleQ →; R136R (CGT→CGC)	Infection: Disease; Cystic fibrosis	0.665166281581686	1	FALSE
PA1097; fleQ →; R233R (CGT→CGC)	Infection: Disease; Cystic fibrosis	0.342608943831396	1	FALSE
PA1097; fleQ →; R260R (CGC→CGT)	Infection: Disease; Cystic fibrosis	1	1	FALSE
PA1097; fleQ →; R269R (AGG→AGA)	Infection: Disease; Cystic fibrosis	1	1	FALSE
PA1097; fleQ →; R318R (CGC→CGT)	Infection: Disease; Cystic fibrosis	0.450751098700452	1	FALSE
PA1097; fleQ →; R334R (CGG→CGC)	Infection: Disease; Cystic fibrosis	1	1	FALSE
PA1097; fleQ →; R371R (CGC→CGG)	Infection: Disease; Cystic fibrosis	1	1	FALSE
PA1097; fleQ →; R405R (CGC→CGT)	Infection: Disease; Cystic fibrosis	1	1	FALSE
PA1097; fleQ →; R465R (CGC→CGT)	Infection: Disease; Cystic fibrosis	1	1	FALSE
PA1097; fleQ →; R467R (CGC→CGT)	Infection: Disease; Cystic fibrosis	0.110510579966344	1	FALSE
PA1097; fleQ →; R483R (CGT→CGC)	Infection: Disease; Cystic fibrosis	0.282931411037921	1	FALSE
PA1097; fleQ →; S145S (AGC→AGT)	Infection: Disease; Cystic fibrosis	1	1	FALSE
PA1097; fleQ →; S176S (TCC→TCG)	Infection: Disease; Cystic fibrosis	1	1	FALSE
PA1097; fleQ →; S229S (AGT→AGC)	Infection: Disease; Cystic fibrosis	0.186075814383875	1	FALSE
PA1097; fleQ →; S36S (AGC→AGT)	Infection: Disease; Cystic fibrosis	1	1	FALSE
PA1097; fleQ →; S402S (AGC→AGT)	Infection: Disease; Cystic fibrosis	1	1	FALSE
PA1097; fleQ →; S403S (AGC→AGT)	Infection: Disease; Cystic fibrosis	1	1	FALSE
PA1097; fleQ →; T224T (ACC→ACT)	Infection: Disease; Cystic fibrosis	1	1	FALSE
PA1097; fleQ →; T241T (ACC→ACG)	Infection: Disease; Cystic fibrosis	1	1	FALSE
PA1097; fleQ →; T241T (ACC→ACT)	Infection: Disease; Cystic fibrosis	0.258874931731294	1	FALSE
PA1097; fleQ →; T286T (ACC→ACT)	Infection: Disease; Cystic fibrosis	1	1	FALSE
PA1097; fleQ →; T298T (ACT→ACC)	Infection: Disease; Cystic fibrosis	1	1	FALSE
PA1097; fleQ →; V170V (GTG→GTA)	Infection: Disease; Cystic fibrosis	0.258874931731294	1	FALSE
PA1097; fleQ →; V270V (GTT→GTC)	Infection: Disease; Cystic fibrosis	0.543657905443961	1	FALSE
PA1097; fleQ →; V278V (GTC→GTA)	Infection: Disease; Cystic fibrosis	0.258874931731294	1	FALSE
PA1097; fleQ →; V280V (GTG→GTA)	Infection: Disease; Cystic fibrosis	1	1	FALSE
PA1097; fleQ →; V472V (GTA→GTG)	Infection: Disease; Cystic fibrosis	0.644119576425708	1	FALSE
PA1097; fleQ →; Y304Y (TAC→TAT)	Infection: Disease; Cystic fibrosis	1	1	FALSE
PA1097; fleQ; 	Infection: Disease; Cystic fibrosis	0.450751098700452	1	FALSE
PA2121; N_A →; A108V (GCC→GTC)	Infection: Disease; Cystic fibrosis	1	1	FALSE
PA2121; N_A →; A141A (GCG→GCA)	Infection: Disease; Cystic fibrosis	1	1	FALSE
PA2121; N_A →; A190A (GCG→GCC)	Infection: Disease; Cystic fibrosis	0.0614758035215186	1	FALSE
PA2121; N_A →; A190P (GCG→CCG)	Infection: Disease; Cystic fibrosis	1	1	FALSE
PA2121; N_A →; A235D (GCC→GAC)	Infection: Disease; Cystic fibrosis	1	1	FALSE
PA2121; N_A →; A255S (GCC→TCC)	Infection: Disease; Cystic fibrosis	0.609427825719568	1	FALSE
PA2121; N_A →; A263T (GCG→ACG)	Infection: Disease; Cystic fibrosis	1	1	FALSE
PA2121; N_A →; A270A (GCC→GCA)	Infection: Disease; Cystic fibrosis	1	1	FALSE
PA2121; N_A →; A270A (GCC→GCG)	Infection: Disease; Cystic fibrosis	0.450751098700452	1	FALSE
PA2121; N_A →; A270A (GCC→GCT)	Infection: Disease; Cystic fibrosis	0.0789735674894542	1	FALSE
PA2121; N_A →; A28A (GCG→GCA)	Infection: Disease; Cystic fibrosis	1	1	FALSE
PA2121; N_A →; A28A (GCG→GCT)	Infection: Disease; Cystic fibrosis	1	1	FALSE
PA2121; N_A →; A29A (GCG→GCA)	Infection: Disease; Cystic fibrosis	0.0286377168061969	1	FALSE
PA2121; N_A →; A58T (GCC→ACC)	Infection: Disease; Cystic fibrosis	0.814077025566746	1	FALSE
PA2121; N_A →; A67A (GCC→GCG)	Infection: Disease; Cystic fibrosis	1	1	FALSE
PA2121; N_A →; D153D (GAC→GAT)	Infection: Disease; Cystic fibrosis	1	1	FALSE
PA2121; N_A →; E193A (GAG→GCG)	Infection: Disease; Cystic fibrosis	1	1	FALSE
PA2121; N_A →; E268D (GAG→GAC)	Infection: Disease; Cystic fibrosis	1	1	FALSE
PA2121; N_A →; E48E (GAA→GAG)	Infection: Disease; Cystic fibrosis	0.144283091174243	1	FALSE
PA2121; N_A →; F100F (TTT→TTC)	Infection: Disease; Cystic fibrosis	0.20379050246299	1	FALSE
PA2121; N_A →; G176A (GGC→GCC)	Infection: Disease; Cystic fibrosis	0.12628078239574	1	FALSE
PA2121; N_A →; G176G (GGC→GGT)	Infection: Disease; Cystic fibrosis	1	1	FALSE
PA2121; N_A →; G205G (GGG→GGC)	Infection: Disease; Cystic fibrosis	1	1	FALSE
PA2121; N_A →; G205G (GGG→GGT)	Infection: Disease; Cystic fibrosis	0.20379050246299	1	FALSE
PA2121; N_A →; G256S (GGC→AGC)	Infection: Disease; Cystic fibrosis	1	1	FALSE
PA2121; N_A →; G259G (GGT→GGC)	Infection: Disease; Cystic fibrosis	1	1	FALSE
PA2121; N_A →; G61G (GGC→GGT)	Infection: Disease; Cystic fibrosis	1	1	FALSE
PA2121; N_A →; I277V (ATC→GTC)	Infection: Disease; Cystic fibrosis	1	1	FALSE
PA2121; N_A →; I30M (ATC→ATG)	Infection: Disease; Cystic fibrosis	1	1	FALSE
PA2121; N_A →; K2K (AAG→AAA)	Infection: Disease; Cystic fibrosis	1	1	FALSE
PA2121; N_A →; L120L (CTG→TTG)	Infection: Disease; Cystic fibrosis	0.480359235754095	1	FALSE
PA2121; N_A →; L13L (CTT→CTG)	Infection: Disease; Cystic fibrosis	0.085983852064919	1	FALSE
PA2121; N_A →; L148L (CTC→CTG)	Infection: Disease; Cystic fibrosis	0.431443571020991	1	FALSE
PA2121; N_A →; L201L (CTG→CTC)	Infection: Disease; Cystic fibrosis	0.166325775449193	1	FALSE
PA2121; N_A →; L260L (TTG→CTG)	Infection: Disease; Cystic fibrosis	0.130029890808591	1	FALSE
PA2121; N_A →; L276L (CTG→CTC)	Infection: Disease; Cystic fibrosis	1	1	FALSE
PA2121; N_A →; L291L (CTA→CTG)	Infection: Disease; Cystic fibrosis	1	1	FALSE
PA2121; N_A →; L43L (CTC→CTT)	Infection: Disease; Cystic fibrosis	1	1	FALSE
PA2121; N_A →; L5L (TTG→TTA)	Infection: Disease; Cystic fibrosis	1	1	FALSE
PA2121; N_A →; L71L (CTG→CTA)	Infection: Disease; Cystic fibrosis	1	1	FALSE
PA2121; N_A →; L8F (CTC→TTC)	Infection: Disease; Cystic fibrosis	0.166325775449193	1	FALSE
PA2121; N_A →; N4N (AAC→AAT)	Infection: Disease; Cystic fibrosis	1	1	FALSE
PA2121; N_A →; P114P (CCG→CCT)	Infection: Disease; Cystic fibrosis	1	1	FALSE
PA2121; N_A →; P160P (CCC→CCT)	Infection: Disease; Cystic fibrosis	0.112712399030334	1	FALSE
PA2121; N_A →; P228P (CCT→CCG)	Infection: Disease; Cystic fibrosis	0.0310546157250529	1	FALSE
PA2121; N_A →; P247P (CCA→CCG)	Infection: Disease; Cystic fibrosis	0.0858242627133377	1	FALSE
PA2121; N_A →; P271P (CCG→CCA)	Infection: Disease; Cystic fibrosis	0.258874931731294	1	FALSE
PA2121; N_A →; P74P (CCG→CCA)	Infection: Disease; Cystic fibrosis	1	1	FALSE
PA2121; N_A →; Q142Q (CAA→CAG)	Infection: Disease; Cystic fibrosis	0.048791895891214	1	FALSE
PA2121; N_A →; Q222R (CAG→CGG)	Infection: Disease; Cystic fibrosis	0.0195686881580791	1	FALSE
PA2121; N_A →; R126Q (CGG→CAG)	Infection: Disease; Cystic fibrosis	0.0834971973029494	1	FALSE
PA2121; N_A →; R132R (CGT→CGG)	Infection: Disease; Cystic fibrosis	0.155337366679721	1	FALSE
PA2121; N_A →; R171R (CGC→CGT)	Infection: Disease; Cystic fibrosis	1	1	FALSE
PA2121; N_A →; R177R (CGG→CGC)	Infection: Disease; Cystic fibrosis	0.190114252697663	1	FALSE
PA2121; N_A →; R203R (CGG→CGC)	Infection: Disease; Cystic fibrosis	0.183666651277135	1	FALSE
PA2121; N_A →; R253R (CGC→CGT)	Infection: Disease; Cystic fibrosis	0.0858242627133377	1	FALSE
PA2121; N_A →; S208S (AGT→AGC)	Infection: Disease; Cystic fibrosis	0.450751098700452	1	FALSE
PA2121; N_A →; T122I (ACC→ATC)	Infection: Disease; Cystic fibrosis	1	1	FALSE
PA2121; N_A →; T285T (ACG→ACC)	Infection: Disease; Cystic fibrosis	1	1	FALSE
PA2121; N_A →; T91A (ACC→GCC)	Infection: Disease; Cystic fibrosis	0.573362015123112	1	FALSE
PA2121; N_A →; T96T (ACT→ACC)	Infection: Disease; Cystic fibrosis	0.573362015123112	1	FALSE
PA2121; N_A →; T99S (ACC→AGC)	Infection: Disease; Cystic fibrosis	0.138749637294437	1	FALSE
PA2121; N_A →; V117V (GTG→GTA)	Infection: Disease; Cystic fibrosis	0.258874931731294	1	FALSE
PA2121; N_A →; V127L (GTG→CTG)	Infection: Disease; Cystic fibrosis	0.336569565127538	1	FALSE
PA2121; N_A →; V131V (GTA→GTG)	Infection: Disease; Cystic fibrosis	0.155337366679721	1	FALSE
PA2121; N_A →; V167I (GTC→ATC)	Infection: Disease; Cystic fibrosis	0.166325775449193	1	FALSE
PA2121; N_A →; V173A (GTG→GCG)	Infection: Disease; Cystic fibrosis	1	1	FALSE
PA2121; N_A →; V204I (GTC→ATC)	Infection: Disease; Cystic fibrosis	1	1	FALSE
PA2121; N_A →; V204V (GTC→GTG)	Infection: Disease; Cystic fibrosis	0.140176239054177	1	FALSE
PA2121; N_A →; V213V (GTC→GTG)	Infection: Disease; Cystic fibrosis	1	1	FALSE
PA2121; N_A →; V219V (GTG→GTA)	Infection: Disease; Cystic fibrosis	0.23611483855555	1	FALSE
PA2121; N_A →; V272A (GTG→GCG)	Infection: Disease; Cystic fibrosis	1	1	FALSE
PA2121; N_A →; Y107Y (TAT→TAC)	Infection: Disease; Cystic fibrosis	0.578398956338842	1	FALSE
PA2121; N_A →; Y154Y (TAC→TAT)	Infection: Disease; Cystic fibrosis	1	1	FALSE
PA2121; N_A →; Y72H (TAC→CAC)	Infection: Disease; Cystic fibrosis	1	1	FALSE
PA2121; N_A; 	Infection: Disease; Cystic fibrosis	1	1	FALSE
PA2312; N_A →; A102A (GCG→GCT)	Infection: Disease; Cystic fibrosis	0.573362015123112	1	FALSE
PA2312; N_A →; A131A (GCC→GCA)	Infection: Disease; Cystic fibrosis	0.258874931731294	1	FALSE
PA2312; N_A →; A180A (GCC→GCG)	Infection: Disease; Cystic fibrosis	0.402774908278834	1	FALSE
PA2312; N_A →; A182A (GCG→GCA)	Infection: Disease; Cystic fibrosis	0.434606515370102	1	FALSE
PA2312; N_A →; A30A (GCC→GCT)	Infection: Disease; Cystic fibrosis	0.341398791600937	1	FALSE
PA2312; N_A →; E128E (GAA→GAG)	Infection: Disease; Cystic fibrosis	0.311086237112174	1	FALSE
PA2312; N_A →; E146E (GAA→GAG)	Infection: Disease; Cystic fibrosis	0.450751098700452	1	FALSE
PA2312; N_A →; E151E (GAG→GAA)	Infection: Disease; Cystic fibrosis	0.170651019798413	1	FALSE
PA2312; N_A →; E4D (GAA→GAT)	Infection: Disease; Cystic fibrosis	1	1	FALSE
PA2312; N_A →; E4E (GAA→GAG)	Infection: Disease; Cystic fibrosis	0.703603306994715	1	FALSE
PA2312; N_A →; F104F (TTC→TTT)	Infection: Disease; Cystic fibrosis	0.258874931731294	1	FALSE
PA2312; N_A →; G10S (GGC→AGC)	Infection: Disease; Cystic fibrosis	1	1	FALSE
PA2312; N_A →; G133G (GGT→GGC)	Infection: Disease; Cystic fibrosis	0.896782042055015	1	FALSE
PA2312; N_A →; G36G (GGT→GGC)	Infection: Disease; Cystic fibrosis	0.0283224935038552	1	FALSE
PA2312; N_A →; G63G (GGT→GGC)	Infection: Disease; Cystic fibrosis	0.181352769855668	1	FALSE
PA2312; N_A →; G79G (GGT→GGC)	Infection: Disease; Cystic fibrosis	0.15082776808931	1	FALSE
PA2312; N_A →; H130H (CAC→CAT)	Infection: Disease; Cystic fibrosis	0.725427359752438	1	FALSE
PA2312; N_A →; H15H (CAC→CAT)	Infection: Disease; Cystic fibrosis	1	1	FALSE
PA2312; N_A →; I34N (ATT→AAT)	Infection: Disease; Cystic fibrosis	0.258874931731294	1	FALSE
PA2312; N_A →; L145V (CTG→GTG)	Infection: Disease; Cystic fibrosis	1	1	FALSE
PA2312; N_A →; L163L (CTG→CTA)	Infection: Disease; Cystic fibrosis	1	1	FALSE
PA2312; N_A →; L18L (CTG→CTA)	Infection: Disease; Cystic fibrosis	0.573362015123112	1	FALSE
PA2312; N_A →; L192P (CTG→CCG)	Infection: Disease; Cystic fibrosis	1	1	FALSE
PA2312; N_A →; L31L (CTG→TTG)	Infection: Disease; Cystic fibrosis	1	1	FALSE
PA2312; N_A →; N174N (AAC→AAT)	Infection: Disease; Cystic fibrosis	0.138749637294437	1	FALSE
PA2312; N_A →; P189P (CCG→CCA)	Infection: Disease; Cystic fibrosis	1	1	FALSE
PA2312; N_A →; P84P (CCG→CCA)	Infection: Disease; Cystic fibrosis	0.258874931731294	1	FALSE
PA2312; N_A →; P84P (CCG→CCT)	Infection: Disease; Cystic fibrosis	1	1	FALSE
PA2312; N_A →; Q142Q (CAG→CAA)	Infection: Disease; Cystic fibrosis	0.155337366679721	1	FALSE
PA2312; N_A →; Q168Q (CAG→CAA)	Infection: Disease; Cystic fibrosis	1	1	FALSE
PA2312; N_A →; R101R (CGC→CGG)	Infection: Disease; Cystic fibrosis	1	1	FALSE
PA2312; N_A →; R110R (CGC→CGT)	Infection: Disease; Cystic fibrosis	0.434606515370102	1	FALSE
PA2312; N_A →; R153R (CGC→CGT)	Infection: Disease; Cystic fibrosis	1	1	FALSE
PA2312; N_A →; S171G (AGC→GGC)	Infection: Disease; Cystic fibrosis	0.450751098700452	1	FALSE
PA2312; N_A →; T134I (ACC→ATC)	Infection: Disease; Cystic fibrosis	1	1	FALSE
PA2312; N_A →; T3T (ACC→ACT)	Infection: Disease; Cystic fibrosis	0.042429391172855	1	FALSE
PA2312; N_A →; V147V (GTG→GTA)	Infection: Disease; Cystic fibrosis	1	1	FALSE
PA2312; N_A →; V147V (GTG→GTC)	Infection: Disease; Cystic fibrosis	1	1	FALSE
PA2312; N_A →; V82V (GTG→GTA)	Infection: Disease; Cystic fibrosis	0.258874931731294	1	FALSE
PA2312; N_A →; Y165Y (TAC→TAT)	Infection: Disease; Cystic fibrosis	1	1	FALSE
PA2312; N_A; 	Infection: Disease; Cystic fibrosis	0.652657169187416	1	FALSE
PA2435; N_A →; A103A (GCG→GCC)	Infection: Disease; Cystic fibrosis	1	1	FALSE
PA2435; N_A →; A144A (GCC→GCT)	Infection: Disease; Cystic fibrosis	0.217320926116107	1	FALSE
PA2435; N_A →; A144G (GCC→GGC)	Infection: Disease; Cystic fibrosis	1	1	FALSE
PA2435; N_A →; A144T (GCC→ACC)	Infection: Disease; Cystic fibrosis	0.573362015123112	1	FALSE
PA2435; N_A →; A201A (GCG→GCA)	Infection: Disease; Cystic fibrosis	0.258874931731294	1	FALSE
PA2435; N_A →; A213V (GCG→GTG)	Infection: Disease; Cystic fibrosis	0.389322578556851	1	FALSE
PA2435; N_A →; A267S (GCC→TCC)	Infection: Disease; Cystic fibrosis	1	1	FALSE
PA2435; N_A →; A279A (GCG→GCC)	Infection: Disease; Cystic fibrosis	0.0779852073079451	1	FALSE
PA2435; N_A →; A307A (GCC→GCA)	Infection: Disease; Cystic fibrosis	1	1	FALSE
PA2435; N_A →; A311A (GCT→GCC)	Infection: Disease; Cystic fibrosis	0.108344211711122	1	FALSE
PA2435; N_A →; A313A (GCC→GCT)	Infection: Disease; Cystic fibrosis	0.258874931731294	1	FALSE
PA2435; N_A →; A36A (GCG→GCA)	Infection: Disease; Cystic fibrosis	1	1	FALSE
PA2435; N_A →; A36A (GCG→GCC)	Infection: Disease; Cystic fibrosis	0.07917617972082	1	FALSE
PA2435; N_A →; A374A (GCT→GCC)	Infection: Disease; Cystic fibrosis	0.885313103582108	1	FALSE
PA2435; N_A →; A387A (GCG→GCA)	Infection: Disease; Cystic fibrosis	1	1	FALSE
PA2435; N_A →; A389A (GCA→GCG)	Infection: Disease; Cystic fibrosis	0.0495879947687887	1	FALSE
PA2435; N_A →; A389V (GCA→GTA)	Infection: Disease; Cystic fibrosis	0.258874931731294	1	FALSE
PA2435; N_A →; A390V (GCC→GTC)	Infection: Disease; Cystic fibrosis	0.258874931731294	1	FALSE
PA2435; N_A →; A416T (GCG→ACG)	Infection: Disease; Cystic fibrosis	1	1	FALSE
PA2435; N_A →; A521T (GCG→ACG)	Infection: Disease; Cystic fibrosis	1	1	FALSE
PA2435; N_A →; A54A (GCC→GCT)	Infection: Disease; Cystic fibrosis	1	1	FALSE
PA2435; N_A →; A550A (GCA→GCC)	Infection: Disease; Cystic fibrosis	1	1	FALSE
PA2435; N_A →; A550A (GCA→GCG)	Infection: Disease; Cystic fibrosis	1	1	FALSE
PA2435; N_A →; A553A (GCC→GCT)	Infection: Disease; Cystic fibrosis	1	1	FALSE
PA2435; N_A →; A59A (GCG→GCC)	Infection: Disease; Cystic fibrosis	0.258874931731294	1	FALSE
PA2435; N_A →; A60V (GCG→GTG)	Infection: Disease; Cystic fibrosis	1	1	FALSE
PA2435; N_A →; A621A (GCG→GCA)	Infection: Disease; Cystic fibrosis	1	1	FALSE
PA2435; N_A →; A63A (GCC→GCT)	Infection: Disease; Cystic fibrosis	1	1	FALSE
PA2435; N_A →; A78A (GCG→GCA)	Infection: Disease; Cystic fibrosis	1	1	FALSE
PA2435; N_A →; C585C (TGC→TGT)	Infection: Disease; Cystic fibrosis	0.258874931731294	1	FALSE
PA2435; N_A →; coding (102‑106/1986 nt)	Infection: Disease; Cystic fibrosis	1	1	FALSE
PA2435; N_A →; coding (1515‑1516/1986 nt)	Infection: Disease; Cystic fibrosis	0.17365794987414	1	FALSE
PA2435; N_A →; coding (48‑50/1986 nt)	Infection: Disease; Cystic fibrosis	0.782316143146883	1	FALSE
PA2435; N_A →; coding (516‑517/1986 nt)	Infection: Disease; Cystic fibrosis	0.474494761400888	1	FALSE
PA2435; N_A →; D160D (GAC→GAT)	Infection: Disease; Cystic fibrosis	1	1	FALSE
PA2435; N_A →; D514D (GAC→GAT)	Infection: Disease; Cystic fibrosis	0.573362015123112	1	FALSE
PA2435; N_A →; D557D (GAC→GAT)	Infection: Disease; Cystic fibrosis	0.406646036268493	1	FALSE
PA2435; N_A →; D564D (GAT→GAC)	Infection: Disease; Cystic fibrosis	1	1	FALSE
PA2435; N_A →; E148E (GAG→GAA)	Infection: Disease; Cystic fibrosis	0.295667023942429	1	FALSE
PA2435; N_A →; E31E (GAG→GAA)	Infection: Disease; Cystic fibrosis	1	1	FALSE
PA2435; N_A →; E332E (GAG→GAA)	Infection: Disease; Cystic fibrosis	1	1	FALSE
PA2435; N_A →; E333E (GAG→GAA)	Infection: Disease; Cystic fibrosis	1	1	FALSE
PA2435; N_A →; E3G (GAG→GGG)	Infection: Disease; Cystic fibrosis	1	1	FALSE
PA2435; N_A →; E426E (GAA→GAG)	Infection: Disease; Cystic fibrosis	0.214357896639566	1	FALSE
PA2435; N_A →; E440A (GAG→GCG)	Infection: Disease; Cystic fibrosis	0.115721653283403	1	FALSE
PA2435; N_A →; E522E (GAG→GAA)	Infection: Disease; Cystic fibrosis	0.450751098700452	1	FALSE
PA2435; N_A →; F22L (TTC→CTC)	Infection: Disease; Cystic fibrosis	0.573362015123112	1	FALSE
PA2435; N_A →; F283F (TTC→TTT)	Infection: Disease; Cystic fibrosis	1	1	FALSE
PA2435; N_A →; F609F (TTC→TTT)	Infection: Disease; Cystic fibrosis	0.859420177085554	1	FALSE
PA2435; N_A →; G11G (GGC→GGT)	Infection: Disease; Cystic fibrosis	1	1	FALSE
PA2435; N_A →; G12G (GGC→GGG)	Infection: Disease; Cystic fibrosis	1	1	FALSE
PA2435; N_A →; G182G (GGC→GGT)	Infection: Disease; Cystic fibrosis	0.441872873682525	1	FALSE
PA2435; N_A →; G215G (GGG→GGA)	Infection: Disease; Cystic fibrosis	1	1	FALSE
PA2435; N_A →; G322G (GGT→GGC)	Infection: Disease; Cystic fibrosis	0.351416174374721	1	FALSE
PA2435; N_A →; G346G (GGC→GGT)	Infection: Disease; Cystic fibrosis	1	1	FALSE
PA2435; N_A →; G377G (GGC→GGT)	Infection: Disease; Cystic fibrosis	0.0822809394790969	1	FALSE
PA2435; N_A →; G479G (GGT→GGC)	Infection: Disease; Cystic fibrosis	1	1	FALSE
PA2435; N_A →; G481R (GGC→CGC)	Infection: Disease; Cystic fibrosis	0.258874931731294	1	FALSE
PA2435; N_A →; G488G (GGC→GGT)	Infection: Disease; Cystic fibrosis	1	1	FALSE
PA2435; N_A →; G545G (GGT→GGA)	Infection: Disease; Cystic fibrosis	1	1	FALSE
PA2435; N_A →; G548G (GGG→GGA)	Infection: Disease; Cystic fibrosis	1	1	FALSE
PA2435; N_A →; G552G (GGC→GGT)	Infection: Disease; Cystic fibrosis	0.457856845409721	1	FALSE
PA2435; N_A →; G596G (GGC→GGT)	Infection: Disease; Cystic fibrosis	1	1	FALSE
PA2435; N_A →; G654R (GGA→AGA)	Infection: Disease; Cystic fibrosis	1	1	FALSE
PA2435; N_A →; G71G (GGC→GGT)	Infection: Disease; Cystic fibrosis	0.0286377168061969	1	FALSE
PA2435; N_A →; H129H (CAT→CAC)	Infection: Disease; Cystic fibrosis	1	1	FALSE
PA2435; N_A →; H15H (CAT→CAC)	Infection: Disease; Cystic fibrosis	1	1	FALSE
PA2435; N_A →; H16H (CAC→CAT)	Infection: Disease; Cystic fibrosis	1	1	FALSE
PA2435; N_A →; H18H (CAT→CAC)	Infection: Disease; Cystic fibrosis	0.434606515370102	1	FALSE
PA2435; N_A →; H321H (CAC→CAT)	Infection: Disease; Cystic fibrosis	0.344759680293433	1	FALSE
PA2435; N_A →; H350H (CAC→CAT)	Infection: Disease; Cystic fibrosis	0.0440409665442385	1	FALSE
PA2435; N_A →; H382H (CAT→CAC)	Infection: Disease; Cystic fibrosis	1	1	FALSE
PA2435; N_A →; H441H (CAT→CAC)	Infection: Disease; Cystic fibrosis	0.17365794987414	1	FALSE
PA2435; N_A →; H624H (CAC→CAT)	Infection: Disease; Cystic fibrosis	0.577610454890841	1	FALSE
PA2435; N_A →; H95H (CAT→CAC)	Infection: Disease; Cystic fibrosis	0.715703904796849	1	FALSE
PA2435; N_A →; I403I (ATC→ATT)	Infection: Disease; Cystic fibrosis	0.186075814383875	1	FALSE
PA2435; N_A →; I448I (ATC→ATT)	Infection: Disease; Cystic fibrosis	0.573362015123112	1	FALSE
PA2435; N_A →; I448V (ATC→GTC)	Infection: Disease; Cystic fibrosis	0.258874931731294	1	FALSE
PA2435; N_A →; I558I (ATC→ATT)	Infection: Disease; Cystic fibrosis	0.258874931731294	1	FALSE
PA2435; N_A →; I68L (ATC→CTC)	Infection: Disease; Cystic fibrosis	0.113048021224995	1	FALSE
PA2435; N_A →; L192L (CTG→CTA)	Infection: Disease; Cystic fibrosis	1	1	FALSE
PA2435; N_A →; L248L (CTG→TTG)	Infection: Disease; Cystic fibrosis	1	1	FALSE
PA2435; N_A →; L276L (CTG→CTT)	Infection: Disease; Cystic fibrosis	0.573362015123112	1	FALSE
PA2435; N_A →; L292L (CTC→CTT)	Infection: Disease; Cystic fibrosis	1	1	FALSE
PA2435; N_A →; L305L (CTG→CTA)	Infection: Disease; Cystic fibrosis	1	1	FALSE
PA2435; N_A →; L305L (CTG→TTG)	Infection: Disease; Cystic fibrosis	1	1	FALSE
PA2435; N_A →; L331L (CTC→CTT)	Infection: Disease; Cystic fibrosis	0.336569565127538	1	FALSE
PA2435; N_A →; L340L (CTG→TTG)	Infection: Disease; Cystic fibrosis	1	1	FALSE
PA2435; N_A →; L355L (CTG→CTA)	Infection: Disease; Cystic fibrosis	1	1	FALSE
PA2435; N_A →; L355L (CTG→TTG)	Infection: Disease; Cystic fibrosis	0.217320926116107	1	FALSE
PA2435; N_A →; L358L (CTG→TTG)	Infection: Disease; Cystic fibrosis	1	1	FALSE
PA2435; N_A →; L460L (CTG→TTG)	Infection: Disease; Cystic fibrosis	0.258874931731294	1	FALSE
PA2435; N_A →; L46L (CTC→CTT)	Infection: Disease; Cystic fibrosis	0.07917617972082	1	FALSE
PA2435; N_A →; L475L (CTG→CTA)	Infection: Disease; Cystic fibrosis	0.117593952517843	1	FALSE
PA2435; N_A →; L485L (TTG→CTG)	Infection: Disease; Cystic fibrosis	0.00924866551393539	1	FALSE
PA2435; N_A →; L49L (TTG→TTA)	Infection: Disease; Cystic fibrosis	1	1	FALSE
PA2435; N_A →; L506R (CTG→CGG)	Infection: Disease; Cystic fibrosis	1	1	FALSE
PA2435; N_A →; L516L (CTG→TTG)	Infection: Disease; Cystic fibrosis	0.0858242627133377	1	FALSE
PA2435; N_A →; L51L (CTC→CTA)	Infection: Disease; Cystic fibrosis	0.0669987647621366	1	FALSE
PA2435; N_A →; L612P (CTC→CCC)	Infection: Disease; Cystic fibrosis	1	1	FALSE
PA2435; N_A →; L623L (CTG→TTG)	Infection: Disease; Cystic fibrosis	1	1	FALSE
PA2435; N_A →; L79L (CTG→CTT)	Infection: Disease; Cystic fibrosis	0.772699571824361	1	FALSE
PA2435; N_A →; P173A (CCG→GCG)	Infection: Disease; Cystic fibrosis	0.238299130246068	1	FALSE
PA2435; N_A →; P209L (CCG→CTG)	Infection: Disease; Cystic fibrosis	1	1	FALSE
PA2435; N_A →; P648P (CCC→CCA)	Infection: Disease; Cystic fibrosis	1	1	FALSE
PA2435; N_A →; Q140R (CAG→CGG)	Infection: Disease; Cystic fibrosis	1	1	FALSE
PA2435; N_A →; Q193Q (CAA→CAG)	Infection: Disease; Cystic fibrosis	0.733048756174075	1	FALSE
PA2435; N_A →; Q250Q (CAG→CAA)	Infection: Disease; Cystic fibrosis	1	1	FALSE
PA2435; N_A →; Q32Q (CAG→CAA)	Infection: Disease; Cystic fibrosis	1	1	FALSE
PA2435; N_A →; Q356Q (CAG→CAA)	Infection: Disease; Cystic fibrosis	0.258874931731294	1	FALSE
PA2435; N_A →; Q38Q (CAG→CAA)	Infection: Disease; Cystic fibrosis	1	1	FALSE
PA2435; N_A →; Q584Q (CAA→CAG)	Infection: Disease; Cystic fibrosis	0.258874931731294	1	FALSE
PA2435; N_A →; R134R (CGC→CGT)	Infection: Disease; Cystic fibrosis	1	1	FALSE
PA2435; N_A →; R172R (CGG→CGA)	Infection: Disease; Cystic fibrosis	0.258874931731294	1	FALSE
PA2435; N_A →; R180R (CGC→CGT)	Infection: Disease; Cystic fibrosis	1	1	FALSE
PA2435; N_A →; R254R (CGC→CGT)	Infection: Disease; Cystic fibrosis	1	1	FALSE
PA2435; N_A →; R320R (CGC→CGT)	Infection: Disease; Cystic fibrosis	0.518230119503675	1	FALSE
PA2435; N_A →; R34R (CGT→CGC)	Infection: Disease; Cystic fibrosis	0.898915994328814	1	FALSE
PA2435; N_A →; R354R (CGC→CGT)	Infection: Disease; Cystic fibrosis	0.0708609020264286	1	FALSE
PA2435; N_A →; R404R (CGC→CGT)	Infection: Disease; Cystic fibrosis	1	1	FALSE
PA2435; N_A →; R406R (CGC→CGT)	Infection: Disease; Cystic fibrosis	1	1	FALSE
PA2435; N_A →; R465R (CGC→CGA)	Infection: Disease; Cystic fibrosis	1	1	FALSE
PA2435; N_A →; R491Q (CGG→CAG)	Infection: Disease; Cystic fibrosis	0.137322467459397	1	FALSE
PA2435; N_A →; R574R (CGG→CGC)	Infection: Disease; Cystic fibrosis	1	1	FALSE
PA2435; N_A →; R640S (CGT→AGT)	Infection: Disease; Cystic fibrosis	1	1	FALSE
PA2435; N_A →; R655R (CGC→CGT)	Infection: Disease; Cystic fibrosis	1	1	FALSE
PA2435; N_A →; S112S (AGC→AGT)	Infection: Disease; Cystic fibrosis	1	1	FALSE
PA2435; N_A →; S162S (AGC→AGT)	Infection: Disease; Cystic fibrosis	1	1	FALSE
PA2435; N_A →; S197S (AGT→AGC)	Infection: Disease; Cystic fibrosis	1	1	FALSE
PA2435; N_A →; S306S (TCC→TCT)	Infection: Disease; Cystic fibrosis	1	1	FALSE
PA2435; N_A →; S436G (AGC→GGC)	Infection: Disease; Cystic fibrosis	0.108344211711122	1	FALSE
PA2435; N_A →; S562S (TCG→TCA)	Infection: Disease; Cystic fibrosis	0.450751098700452	1	FALSE
PA2435; N_A →; S627S (AGC→AGT)	Infection: Disease; Cystic fibrosis	1	1	FALSE
PA2435; N_A →; S66G (AGC→GGC)	Infection: Disease; Cystic fibrosis	1	1	FALSE
PA2435; N_A →; T234P (ACC→CCC)	Infection: Disease; Cystic fibrosis	0.258874931731294	1	FALSE
PA2435; N_A →; T310T (ACG→ACC)	Infection: Disease; Cystic fibrosis	1	1	FALSE
PA2435; N_A →; T310T (ACG→ACT)	Infection: Disease; Cystic fibrosis	0.268101273203057	1	FALSE
PA2435; N_A →; T5S (ACC→TCC)	Infection: Disease; Cystic fibrosis	0.703603306994715	1	FALSE
PA2435; N_A →; T660T (ACA→ACG)	Infection: Disease; Cystic fibrosis	1	1	FALSE
PA2435; N_A →; V130V (GTA→GTG)	Infection: Disease; Cystic fibrosis	1	1	FALSE
PA2435; N_A →; V218V (GTC→GTA)	Infection: Disease; Cystic fibrosis	1	1	FALSE
PA2435; N_A →; V274V (GTG→GTC)	Infection: Disease; Cystic fibrosis	1	1	FALSE
PA2435; N_A →; V294V (GTG→GTA)	Infection: Disease; Cystic fibrosis	1	1	FALSE
PA2435; N_A →; V464V (GTA→GTG)	Infection: Disease; Cystic fibrosis	1	1	FALSE
PA2435; N_A →; V519V (GTC→GTT)	Infection: Disease; Cystic fibrosis	1	1	FALSE
PA2435; N_A →; V532V (GTC→GTT)	Infection: Disease; Cystic fibrosis	1	1	FALSE
PA2435; N_A →; V619V (GTC→GTT)	Infection: Disease; Cystic fibrosis	1	1	FALSE
PA2435; N_A →; V652M (GTG→ATG)	Infection: Disease; Cystic fibrosis	0.258874931731294	1	FALSE
PA2435; N_A →; V72G (GTC→GGC)	Infection: Disease; Cystic fibrosis	1	1	FALSE
PA2435; N_A →; V72V (GTC→GTT)	Infection: Disease; Cystic fibrosis	1	1	FALSE
PA2435; N_A →; W86C (TGG→TGT)	Infection: Disease; Cystic fibrosis	1	1	FALSE
PA2435; N_A →; Y219Y (TAC→TAT)	Infection: Disease; Cystic fibrosis	1	1	FALSE
PA2435; N_A →; Y266Y (TAC→TAT)	Infection: Disease; Cystic fibrosis	1	1	FALSE
PA2435; N_A →; Y270Y (TAC→TAT)	Infection: Disease; Cystic fibrosis	1	1	FALSE
PA2435; N_A; 	Infection: Disease; Cystic fibrosis	1	1	FALSE
PA2492; mexT →; A245A (GCC→GCA)	Infection: Disease; Cystic fibrosis	0.308548322928611	1	FALSE
PA2492; mexT →; A319A (GCT→GCC)	Infection: Disease; Cystic fibrosis	0.197534418424604	1	FALSE
PA2492; mexT →; A329A (GCC→GCG)	Infection: Disease; Cystic fibrosis	0.456003833246984	1	FALSE
PA2492; mexT →; coding (706/1044 nt)	Infection: Disease; Cystic fibrosis	1	1	FALSE
PA2492; mexT →; D327D (GAT→GAC)	Infection: Disease; Cystic fibrosis	0.101230193569851	1	FALSE
PA2492; mexT →; E255E (GAG→GAA)	Infection: Disease; Cystic fibrosis	0.0779584714288558	1	FALSE
PA2492; mexT →; E257E (GAA→GAG)	Infection: Disease; Cystic fibrosis	0.071960054612338	1	FALSE
PA2492; mexT →; G274D (GGC→GAC)	Infection: Disease; Cystic fibrosis	1	1	FALSE
PA2492; mexT →; G276G (GGC→GGT)	Infection: Disease; Cystic fibrosis	1	1	FALSE
PA2492; mexT →; I341F (ATC→TTC)	Infection: Disease; Cystic fibrosis	1	1	FALSE
PA2492; mexT →; K258K (AAA→AAG)	Infection: Disease; Cystic fibrosis	0.450751098700452	1	FALSE
PA2492; mexT →; K262K (AAG→AAA)	Infection: Disease; Cystic fibrosis	1	1	FALSE
PA2492; mexT →; L267L (CTG→TTG)	Infection: Disease; Cystic fibrosis	1	1	FALSE
PA2492; mexT →; L279L (CTG→CTC)	Infection: Disease; Cystic fibrosis	0.103598442275593	1	FALSE
PA2492; mexT →; L279L (CTG→TTG)	Infection: Disease; Cystic fibrosis	1	1	FALSE
PA2492; mexT →; L302L (CTA→CTG)	Infection: Disease; Cystic fibrosis	0.214357896639566	1	FALSE
PA2492; mexT →; P307P (CCA→CCG)	Infection: Disease; Cystic fibrosis	0.176062763067279	1	FALSE
PA2492; mexT →; Q228Q (CAG→CAA)	Infection: Disease; Cystic fibrosis	1	1	FALSE
PA2492; mexT →; R237R (CGA→CGG)	Infection: Disease; Cystic fibrosis	0.258874931731294	1	FALSE
PA2492; mexT →; R303R (CGC→CGT)	Infection: Disease; Cystic fibrosis	1	1	FALSE
PA2492; mexT →; R312R (CGG→CGC)	Infection: Disease; Cystic fibrosis	0.893779367667266	1	FALSE
PA2492; mexT →; R334H (CGC→CAC)	Infection: Disease; Cystic fibrosis	1	1	FALSE
PA2492; mexT →; T287T (ACC→ACT)	Infection: Disease; Cystic fibrosis	0.573362015123112	1	FALSE
PA2492; mexT →; Y234Y (TAT→TAC)	Infection: Disease; Cystic fibrosis	1	1	FALSE
PA2492; mexT; 	Infection: Disease; Cystic fibrosis	1	1	FALSE
PA3217; cyaB →; *464* (TAA→TGA)	Infection: Disease; Cystic fibrosis	0.0195686881580791	1	FALSE
PA3217; cyaB →; A114A (GCA→GCG)	Infection: Disease; Cystic fibrosis	0.551679733436143	1	FALSE
PA3217; cyaB →; A16A (GCG→GCA)	Infection: Disease; Cystic fibrosis	1	1	FALSE
PA3217; cyaB →; A194A (GCG→GCA)	Infection: Disease; Cystic fibrosis	1	1	FALSE
PA3217; cyaB →; A27A (GCC→GCT)	Infection: Disease; Cystic fibrosis	1	1	FALSE
PA3217; cyaB →; A296A (GCG→GCC)	Infection: Disease; Cystic fibrosis	0.0100338923583173	1	FALSE
PA3217; cyaB →; A298A (GCT→GCG)	Infection: Disease; Cystic fibrosis	0.116637121607358	1	FALSE
PA3217; cyaB →; A30A (GCC→GCG)	Infection: Disease; Cystic fibrosis	1	1	FALSE
PA3217; cyaB →; A395T (GCG→ACG)	Infection: Disease; Cystic fibrosis	1	1	FALSE
PA3217; cyaB →; A55A (GCG→GCC)	Infection: Disease; Cystic fibrosis	1	1	FALSE
PA3217; cyaB →; A62A (GCG→GCA)	Infection: Disease; Cystic fibrosis	1	1	FALSE
PA3217; cyaB →; A62A (GCG→GCC)	Infection: Disease; Cystic fibrosis	1	1	FALSE
PA3217; cyaB →; A80A (GCC→GCG)	Infection: Disease; Cystic fibrosis	1	1	FALSE
PA3217; cyaB →; A80V (GCC→GTC)	Infection: Disease; Cystic fibrosis	0.101230193569851	1	FALSE
PA3217; cyaB →; C388C (TGC→TGT)	Infection: Disease; Cystic fibrosis	0.578398956338842	1	FALSE
PA3217; cyaB →; C89C (TGT→TGC)	Infection: Disease; Cystic fibrosis	0.197534418424604	1	FALSE
PA3217; cyaB →; coding (204‑205/1392 nt)	Infection: Disease; Cystic fibrosis	1	1	FALSE
PA3217; cyaB →; coding (544/1392 nt)	Infection: Disease; Cystic fibrosis	1	1	FALSE
PA3217; cyaB →; D234D (GAC→GAT)	Infection: Disease; Cystic fibrosis	0.0907126920369026	1	FALSE
PA3217; cyaB →; D434D (GAC→GAT)	Infection: Disease; Cystic fibrosis	1	1	FALSE
PA3217; cyaB →; D442D (GAC→GAT)	Infection: Disease; Cystic fibrosis	1	1	FALSE
PA3217; cyaB →; E191E (GAA→GAG)	Infection: Disease; Cystic fibrosis	0.578398956338842	1	FALSE
PA3217; cyaB →; E210E (GAA→GAG)	Infection: Disease; Cystic fibrosis	0.450751098700452	1	FALSE
PA3217; cyaB →; E244E (GAA→GAG)	Infection: Disease; Cystic fibrosis	0.277929928462048	1	FALSE
PA3217; cyaB →; E246E (GAA→GAG)	Infection: Disease; Cystic fibrosis	1	1	FALSE
PA3217; cyaB →; E248E (GAG→GAA)	Infection: Disease; Cystic fibrosis	1	1	FALSE
PA3217; cyaB →; E260E (GAA→GAG)	Infection: Disease; Cystic fibrosis	0.521245198813304	1	FALSE
PA3217; cyaB →; E327E (GAA→GAG)	Infection: Disease; Cystic fibrosis	1	1	FALSE
PA3217; cyaB →; E327K (GAA→AAA)	Infection: Disease; Cystic fibrosis	1	1	FALSE
PA3217; cyaB →; E356E (GAG→GAA)	Infection: Disease; Cystic fibrosis	0.136458604293369	1	FALSE
PA3217; cyaB →; E364D (GAA→GAT)	Infection: Disease; Cystic fibrosis	1	1	FALSE
PA3217; cyaB →; E371E (GAA→GAG)	Infection: Disease; Cystic fibrosis	0.450751098700452	1	FALSE
PA3217; cyaB →; E423E (GAG→GAA)	Infection: Disease; Cystic fibrosis	0.450751098700452	1	FALSE
PA3217; cyaB →; E455E (GAA→GAG)	Infection: Disease; Cystic fibrosis	0.221788823298842	1	FALSE
PA3217; cyaB →; F69L (TTC→TTG)	Infection: Disease; Cystic fibrosis	1	1	FALSE
PA3217; cyaB →; G119G (GGC→GGT)	Infection: Disease; Cystic fibrosis	1	1	FALSE
PA3217; cyaB →; G162G (GGA→GGC)	Infection: Disease; Cystic fibrosis	1	1	FALSE
PA3217; cyaB →; G162G (GGA→GGG)	Infection: Disease; Cystic fibrosis	1	1	FALSE
PA3217; cyaB →; G172G (GGC→GGG)	Infection: Disease; Cystic fibrosis	1	1	FALSE
PA3217; cyaB →; G270G (GGC→GGT)	Infection: Disease; Cystic fibrosis	0.782316143146883	1	FALSE
PA3217; cyaB →; G331S (GGC→AGC)	Infection: Disease; Cystic fibrosis	1	1	FALSE
PA3217; cyaB →; G340G (GGC→GGT)	Infection: Disease; Cystic fibrosis	0.381626402932452	1	FALSE
PA3217; cyaB →; G354G (GGC→GGT)	Infection: Disease; Cystic fibrosis	1	1	FALSE
PA3217; cyaB →; G428D (GGC→GAC)	Infection: Disease; Cystic fibrosis	1	1	FALSE
PA3217; cyaB →; H64H (CAC→CAT)	Infection: Disease; Cystic fibrosis	0.0789735674894542	1	FALSE
PA3217; cyaB →; H88H (CAC→CAT)	Infection: Disease; Cystic fibrosis	1	1	FALSE
PA3217; cyaB →; I382V (ATC→GTC)	Infection: Disease; Cystic fibrosis	0.450751098700452	1	FALSE
PA3217; cyaB →; I405I (ATC→ATT)	Infection: Disease; Cystic fibrosis	0.217320926116107	1	FALSE
PA3217; cyaB →; K293K (AAG→AAA)	Infection: Disease; Cystic fibrosis	1	1	FALSE
PA3217; cyaB →; L127L (TTG→CTG)	Infection: Disease; Cystic fibrosis	0.0343307463034	1	FALSE
PA3217; cyaB →; L146R (CTG→CGG)	Infection: Disease; Cystic fibrosis	0.166325775449193	1	FALSE
PA3217; cyaB →; L196L (CTC→CTG)	Infection: Disease; Cystic fibrosis	1	1	FALSE
PA3217; cyaB →; L204L (CTG→CTA)	Infection: Disease; Cystic fibrosis	1	1	FALSE
PA3217; cyaB →; L313L (CTG→CTA)	Infection: Disease; Cystic fibrosis	0.0533881903758292	1	FALSE
PA3217; cyaB →; L426L (TTG→CTG)	Infection: Disease; Cystic fibrosis	0.652657169187416	1	FALSE
PA3217; cyaB →; L457L (CTG→CTA)	Infection: Disease; Cystic fibrosis	0.141009709227311	1	FALSE
PA3217; cyaB →; M310I (ATG→ATA)	Infection: Disease; Cystic fibrosis	1	1	FALSE
PA3217; cyaB →; N148N (AAT→AAC)	Infection: Disease; Cystic fibrosis	1	1	FALSE
PA3217; cyaB →; P150S (CCG→TCG)	Infection: Disease; Cystic fibrosis	0.652657169187416	1	FALSE
PA3217; cyaB →; P3P (CCT→CCC)	Infection: Disease; Cystic fibrosis	1	1	FALSE
PA3217; cyaB →; P402P (CCG→CCA)	Infection: Disease; Cystic fibrosis	0.00448415478541981	1	FALSE
PA3217; cyaB →; P53P (CCC→CCG)	Infection: Disease; Cystic fibrosis	1	1	FALSE
PA3217; cyaB →; P6S (CCC→TCC)	Infection: Disease; Cystic fibrosis	1	1	FALSE
PA3217; cyaB →; Q290H (CAG→CAT)	Infection: Disease; Cystic fibrosis	0.258874931731294	1	FALSE
PA3217; cyaB →; Q451Q (CAA→CAG)	Infection: Disease; Cystic fibrosis	1	1	FALSE
PA3217; cyaB →; Q67Q (CAG→CAA)	Infection: Disease; Cystic fibrosis	1	1	FALSE
PA3217; cyaB →; R178R (CGC→CGA)	Infection: Disease; Cystic fibrosis	0.725427359752438	1	FALSE
PA3217; cyaB →; R19R (CGT→CGC)	Infection: Disease; Cystic fibrosis	1	1	FALSE
PA3217; cyaB →; R236R (CGC→CGT)	Infection: Disease; Cystic fibrosis	1	1	FALSE
PA3217; cyaB →; R401R (CGC→CGG)	Infection: Disease; Cystic fibrosis	0.573362015123112	1	FALSE
PA3217; cyaB →; R413R (CGC→CGT)	Infection: Disease; Cystic fibrosis	0.249993618250258	1	FALSE
PA3217; cyaB →; T289T (ACC→ACT)	Infection: Disease; Cystic fibrosis	0.0402934643438484	1	FALSE
PA3217; cyaB →; T338T (ACG→ACT)	Infection: Disease; Cystic fibrosis	0.0669987647621366	1	FALSE
PA3217; cyaB →; T346T (ACG→ACA)	Infection: Disease; Cystic fibrosis	1	1	FALSE
PA3217; cyaB →; V101V (GTG→GTA)	Infection: Disease; Cystic fibrosis	1	1	FALSE
PA3217; cyaB →; V109V (GTG→GTT)	Infection: Disease; Cystic fibrosis	0.0606134701086898	1	FALSE
PA3217; cyaB →; V129V (GTA→GTG)	Infection: Disease; Cystic fibrosis	1	1	FALSE
PA3217; cyaB →; V300V (GTA→GTG)	Infection: Disease; Cystic fibrosis	0.450751098700452	1	FALSE
PA3217; cyaB →; V403M (GTG→ATG)	Infection: Disease; Cystic fibrosis	1	1	FALSE
PA3217; cyaB →; V84V (GTC→GTG)	Infection: Disease; Cystic fibrosis	0.048791895891214	1	FALSE
PA3217; cyaB →; Y336Y (TAT→TAC)	Infection: Disease; Cystic fibrosis	0.450751098700452	1	FALSE
PA3217; cyaB →; Y421Y (TAC→TAT)	Infection: Disease; Cystic fibrosis	1	1	FALSE
PA3217; cyaB →; Y43Y (TAT→TAC)	Infection: Disease; Cystic fibrosis	1	1	FALSE
PA3217; cyaB →; Y54Y (TAT→TAC)	Infection: Disease; Cystic fibrosis	1	1	FALSE
PA3217; cyaB; 	Infection: Disease; Cystic fibrosis	0.450751098700452	1	FALSE
PA4420; N_A →; *314S (TGA→TCA)	Infection: Disease; Cystic fibrosis	1	1	FALSE
PA4420; N_A →; A143T (GCC→ACC)	Infection: Disease; Cystic fibrosis	1	1	FALSE
PA4420; N_A →; A167A (GCC→GCT)	Infection: Disease; Cystic fibrosis	0.360918424404231	1	FALSE
PA4420; N_A →; A183A (GCC→GCT)	Infection: Disease; Cystic fibrosis	0.74239929855306	1	FALSE
PA4420; N_A →; A18A (GCA→GCG)	Infection: Disease; Cystic fibrosis	0.450751098700452	1	FALSE
PA4420; N_A →; A47T (GCC→ACC)	Infection: Disease; Cystic fibrosis	0.304977749947307	1	FALSE
PA4420; N_A →; A90A (GCA→GCG)	Infection: Disease; Cystic fibrosis	0.450751098700452	1	FALSE
PA4420; N_A →; coding (618‑629/942 nt)	Infection: Disease; Cystic fibrosis	1	1	FALSE
PA4420; N_A →; coding (651‑652/942 nt)	Infection: Disease; Cystic fibrosis	0.368350603719755	1	FALSE
PA4420; N_A →; coding (878‑879/942 nt)	Infection: Disease; Cystic fibrosis	1	1	FALSE
PA4420; N_A →; D123D (GAT→GAC)	Infection: Disease; Cystic fibrosis	1	1	FALSE
PA4420; N_A →; D248D (GAC→GAT)	Infection: Disease; Cystic fibrosis	1	1	FALSE
PA4420; N_A →; D24G (GAC→GGC)	Infection: Disease; Cystic fibrosis	0.573362015123112	1	FALSE
PA4420; N_A →; D269D (GAC→GAT)	Infection: Disease; Cystic fibrosis	1	1	FALSE
PA4420; N_A →; D86D (GAT→GAC)	Infection: Disease; Cystic fibrosis	1	1	FALSE
PA4420; N_A →; E115E (GAG→GAA)	Infection: Disease; Cystic fibrosis	1	1	FALSE
PA4420; N_A →; E156V (GAA→GTA)	Infection: Disease; Cystic fibrosis	1	1	FALSE
PA4420; N_A →; E160E (GAG→GAA)	Infection: Disease; Cystic fibrosis	0.0446787005874261	1	FALSE
PA4420; N_A →; E176A (GAG→GCG)	Infection: Disease; Cystic fibrosis	0.258874931731294	1	FALSE
PA4420; N_A →; E278E (GAG→GAA)	Infection: Disease; Cystic fibrosis	0.0413048453178575	1	FALSE
PA4420; N_A →; E292E (GAA→GAG)	Infection: Disease; Cystic fibrosis	1	1	FALSE
PA4420; N_A →; E293E (GAA→GAG)	Infection: Disease; Cystic fibrosis	0.573362015123112	1	FALSE
PA4420; N_A →; G133G (GGC→GGA)	Infection: Disease; Cystic fibrosis	1	1	FALSE
PA4420; N_A →; G133G (GGC→GGT)	Infection: Disease; Cystic fibrosis	0.166325775449193	1	FALSE
PA4420; N_A →; G199G (GGC→GGT)	Infection: Disease; Cystic fibrosis	0.0789735674894542	1	FALSE
PA4420; N_A →; G209G (GGC→GGT)	Infection: Disease; Cystic fibrosis	1	1	FALSE
PA4420; N_A →; G235G (GGT→GGC)	Infection: Disease; Cystic fibrosis	0.273635757581972	1	FALSE
PA4420; N_A →; G261A (GGC→GCC)	Infection: Disease; Cystic fibrosis	1	1	FALSE
PA4420; N_A →; G36G (GGC→GGG)	Infection: Disease; Cystic fibrosis	0.0446787005874261	1	FALSE
PA4420; N_A →; G49G (GGA→GGG)	Infection: Disease; Cystic fibrosis	1	1	FALSE
PA4420; N_A →; G64G (GGA→GGG)	Infection: Disease; Cystic fibrosis	1	1	FALSE
PA4420; N_A →; G92D (GGT→GAT)	Infection: Disease; Cystic fibrosis	0.725427359752438	1	FALSE
PA4420; N_A →; G92G (GGT→GGC)	Infection: Disease; Cystic fibrosis	1	1	FALSE
PA4420; N_A →; G95G (GGG→GGT)	Infection: Disease; Cystic fibrosis	0.3400273678239	1	FALSE
PA4420; N_A →; H244H (CAT→CAC)	Infection: Disease; Cystic fibrosis	1	1	FALSE
PA4420; N_A →; H258H (CAC→CAT)	Infection: Disease; Cystic fibrosis	1	1	FALSE
PA4420; N_A →; I170I (ATC→ATT)	Infection: Disease; Cystic fibrosis	1	1	FALSE
PA4420; N_A →; I8I (ATC→ATT)	Infection: Disease; Cystic fibrosis	0.258874931731294	1	FALSE
PA4420; N_A →; K198K (AAG→AAA)	Infection: Disease; Cystic fibrosis	1	1	FALSE
PA4420; N_A →; K65N (AAA→AAC)	Infection: Disease; Cystic fibrosis	1	1	FALSE
PA4420; N_A →; L104L (CTT→CTC)	Infection: Disease; Cystic fibrosis	1	1	FALSE
PA4420; N_A →; L185L (CTC→CTG)	Infection: Disease; Cystic fibrosis	0.792584704280493	1	FALSE
PA4420; N_A →; L238L (CTG→CTA)	Infection: Disease; Cystic fibrosis	0.258874931731294	1	FALSE
PA4420; N_A →; L266L (CTG→CTT)	Infection: Disease; Cystic fibrosis	1	1	FALSE
PA4420; N_A →; L266L (CTG→TTG)	Infection: Disease; Cystic fibrosis	1	1	FALSE
PA4420; N_A →; L281L (CTG→TTG)	Infection: Disease; Cystic fibrosis	0.258874931731294	1	FALSE
PA4420; N_A →; L284L (CTG→TTG)	Infection: Disease; Cystic fibrosis	1	1	FALSE
PA4420; N_A →; L84L (CTG→CTC)	Infection: Disease; Cystic fibrosis	1	1	FALSE
PA4420; N_A →; N122N (AAC→AAT)	Infection: Disease; Cystic fibrosis	0.450751098700452	1	FALSE
PA4420; N_A →; N144N (AAC→AAT)	Infection: Disease; Cystic fibrosis	0.724280969633802	1	FALSE
PA4420; N_A →; N215S (AAC→AGC)	Infection: Disease; Cystic fibrosis	1	1	FALSE
PA4420; N_A →; P125P (CCG→CCC)	Infection: Disease; Cystic fibrosis	0.181352769855668	1	FALSE
PA4420; N_A →; P132P (CCC→CCA)	Infection: Disease; Cystic fibrosis	1	1	FALSE
PA4420; N_A →; P194P (CCC→CCT)	Infection: Disease; Cystic fibrosis	0.122502119426718	1	FALSE
PA4420; N_A →; P21P (CCG→CCA)	Infection: Disease; Cystic fibrosis	0.450751098700452	1	FALSE
PA4420; N_A →; P267P (CCG→CCA)	Infection: Disease; Cystic fibrosis	1	1	FALSE
PA4420; N_A →; Q110Q (CAA→CAG)	Infection: Disease; Cystic fibrosis	1	1	FALSE
PA4420; N_A →; R116R (CGC→CGT)	Infection: Disease; Cystic fibrosis	1	1	FALSE
PA4420; N_A →; R161R (CGC→CGT)	Infection: Disease; Cystic fibrosis	1	1	FALSE
PA4420; N_A →; R165R (CGG→CGA)	Infection: Disease; Cystic fibrosis	1	1	FALSE
PA4420; N_A →; R168R (CGC→CGT)	Infection: Disease; Cystic fibrosis	1	1	FALSE
PA4420; N_A →; R174R (CGT→CGC)	Infection: Disease; Cystic fibrosis	0.854854613445459	1	FALSE
PA4420; N_A →; R177R (CGG→CGC)	Infection: Disease; Cystic fibrosis	0.406646036268493	1	FALSE
PA4420; N_A →; R181R (CGA→CGG)	Infection: Disease; Cystic fibrosis	0.605221114849816	1	FALSE
PA4420; N_A →; R223R (CGT→CGC)	Infection: Disease; Cystic fibrosis	0.141009709227311	1	FALSE
PA4420; N_A →; R237R (CGG→CGC)	Infection: Disease; Cystic fibrosis	0.443039302328208	1	FALSE
PA4420; N_A →; R249R (CGC→CGT)	Infection: Disease; Cystic fibrosis	1	1	FALSE
PA4420; N_A →; R273R (CGT→CGC)	Infection: Disease; Cystic fibrosis	0.573362015123112	1	FALSE
PA4420; N_A →; R89C (CGC→TGC)	Infection: Disease; Cystic fibrosis	0.258874931731294	1	FALSE
PA4420; N_A →; S119S (AGC→AGT)	Infection: Disease; Cystic fibrosis	1	1	FALSE
PA4420; N_A →; S242S (AGT→AGC)	Infection: Disease; Cystic fibrosis	1	1	FALSE
PA4420; N_A →; T146A (ACC→GCC)	Infection: Disease; Cystic fibrosis	0.863225963830575	1	FALSE
PA4420; N_A →; T182T (ACT→ACC)	Infection: Disease; Cystic fibrosis	0.828898708928653	1	FALSE
PA4420; N_A →; V153V (GTC→GTT)	Infection: Disease; Cystic fibrosis	0.739319427860201	1	FALSE
PA4420; N_A →; V97I (GTC→ATC)	Infection: Disease; Cystic fibrosis	0.0772802428277087	1	FALSE
PA4420; N_A; 	Infection: Disease; Cystic fibrosis	0.450751098700452	1	FALSE
PA4462; rpoN →; A150A (GCA→GCG)	Infection: Disease; Cystic fibrosis	1	1	FALSE
PA4462; rpoN →; A160A (GCG→GCA)	Infection: Disease; Cystic fibrosis	1	1	FALSE
PA4462; rpoN →; A160A (GCG→GCC)	Infection: Disease; Cystic fibrosis	1	1	FALSE
PA4462; rpoN →; A208A (GCC→GCT)	Infection: Disease; Cystic fibrosis	0.166325775449193	1	FALSE
PA4462; rpoN →; A212A (GCC→GCT)	Infection: Disease; Cystic fibrosis	0.406646036268493	1	FALSE
PA4462; rpoN →; A236A (GCG→GCA)	Infection: Disease; Cystic fibrosis	1	1	FALSE
PA4462; rpoN →; A321A (GCC→GCG)	Infection: Disease; Cystic fibrosis	1	1	FALSE
PA4462; rpoN →; A346A (GCC→GCG)	Infection: Disease; Cystic fibrosis	1	1	FALSE
PA4462; rpoN →; A346T (GCC→ACC)	Infection: Disease; Cystic fibrosis	1	1	FALSE
PA4462; rpoN →; A364A (GCC→GCG)	Infection: Disease; Cystic fibrosis	1	1	FALSE
PA4462; rpoN →; A430A (GCT→GCC)	Infection: Disease; Cystic fibrosis	0.251277798675217	1	FALSE
PA4462; rpoN →; A439A (GCG→GCA)	Infection: Disease; Cystic fibrosis	1	1	FALSE
PA4462; rpoN →; A442T (GCG→ACG)	Infection: Disease; Cystic fibrosis	1	1	FALSE
PA4462; rpoN →; A66V (GCC→GTC)	Infection: Disease; Cystic fibrosis	1	1	FALSE
PA4462; rpoN →; coding (172‑173/1494 nt)	Infection: Disease; Cystic fibrosis	1	1	FALSE
PA4462; rpoN →; coding (226‑227/1494 nt)	Infection: Disease; Cystic fibrosis	1	1	FALSE
PA4462; rpoN →; coding (232/1494 nt)	Infection: Disease; Cystic fibrosis	1	1	FALSE
PA4462; rpoN →; coding (416‑424/1494 nt)	Infection: Disease; Cystic fibrosis	1	1	FALSE
PA4462; rpoN →; coding (795‑796/1494 nt)	Infection: Disease; Cystic fibrosis	1	1	FALSE
PA4462; rpoN →; coding (959/1494 nt)	Infection: Disease; Cystic fibrosis	1	1	FALSE
PA4462; rpoN →; D124D (GAT→GAC)	Infection: Disease; Cystic fibrosis	1	1	FALSE
PA4462; rpoN →; D156D (GAT→GAC)	Infection: Disease; Cystic fibrosis	0.573362015123112	1	FALSE
PA4462; rpoN →; D170D (GAT→GAC)	Infection: Disease; Cystic fibrosis	1	1	FALSE
PA4462; rpoN →; D264E (GAC→GAG)	Infection: Disease; Cystic fibrosis	1	1	FALSE
PA4462; rpoN →; D295G (GAC→GGC)	Infection: Disease; Cystic fibrosis	1	1	FALSE
PA4462; rpoN →; D331D (GAT→GAC)	Infection: Disease; Cystic fibrosis	0.394215453549876	1	FALSE
PA4462; rpoN →; D55D (GAT→GAC)	Infection: Disease; Cystic fibrosis	1	1	FALSE
PA4462; rpoN →; E109E (GAA→GAG)	Infection: Disease; Cystic fibrosis	1	1	FALSE
PA4462; rpoN →; E126E (GAG→GAA)	Infection: Disease; Cystic fibrosis	0.688599700793841	1	FALSE
PA4462; rpoN →; E178E (GAA→GAG)	Infection: Disease; Cystic fibrosis	0.652657169187416	1	FALSE
PA4462; rpoN →; E179E (GAA→GAG)	Infection: Disease; Cystic fibrosis	1	1	FALSE
PA4462; rpoN →; E191E (GAG→GAA)	Infection: Disease; Cystic fibrosis	1	1	FALSE
PA4462; rpoN →; E206E (GAA→GAG)	Infection: Disease; Cystic fibrosis	1	1	FALSE
PA4462; rpoN →; E308E (GAG→GAA)	Infection: Disease; Cystic fibrosis	1	1	FALSE
PA4462; rpoN →; E358E (GAA→GAG)	Infection: Disease; Cystic fibrosis	1	1	FALSE
PA4462; rpoN →; E379E (GAA→GAG)	Infection: Disease; Cystic fibrosis	1	1	FALSE
PA4462; rpoN →; E392E (GAA→GAG)	Infection: Disease; Cystic fibrosis	1	1	FALSE
PA4462; rpoN →; E398E (GAA→GAG)	Infection: Disease; Cystic fibrosis	1	1	FALSE
PA4462; rpoN →; G209G (GGC→GGG)	Infection: Disease; Cystic fibrosis	0.431443571020991	1	FALSE
PA4462; rpoN →; G248D (GGC→GAC)	Infection: Disease; Cystic fibrosis	1	1	FALSE
PA4462; rpoN →; G373G (GGT→GGC)	Infection: Disease; Cystic fibrosis	0.308548322928611	1	FALSE
PA4462; rpoN →; G378G (GGC→GGT)	Infection: Disease; Cystic fibrosis	1	1	FALSE
PA4462; rpoN →; G415G (GGC→GGT)	Infection: Disease; Cystic fibrosis	0.450751098700452	1	FALSE
PA4462; rpoN →; H388H (CAT→CAC)	Infection: Disease; Cystic fibrosis	0.101801634342281	1	FALSE
PA4462; rpoN →; H411H (CAT→CAC)	Infection: Disease; Cystic fibrosis	1	1	FALSE
PA4462; rpoN →; I111I (ATC→ATT)	Infection: Disease; Cystic fibrosis	1	1	FALSE
PA4462; rpoN →; I180I (ATC→ATT)	Infection: Disease; Cystic fibrosis	1	1	FALSE
PA4462; rpoN →; I270I (ATC→ATA)	Infection: Disease; Cystic fibrosis	1	1	FALSE
PA4462; rpoN →; I297I (ATC→ATT)	Infection: Disease; Cystic fibrosis	1	1	FALSE
PA4462; rpoN →; I98I (ATA→ATT)	Infection: Disease; Cystic fibrosis	0.573362015123112	1	FALSE
PA4462; rpoN →; K408K (AAA→AAG)	Infection: Disease; Cystic fibrosis	0.450751098700452	1	FALSE
PA4462; rpoN →; K480K (AAA→AAG)	Infection: Disease; Cystic fibrosis	0.450751098700452	1	FALSE
PA4462; rpoN →; L102L (TTG→CTG)	Infection: Disease; Cystic fibrosis	0.450751098700452	1	FALSE
PA4462; rpoN →; L144P (CTC→CCC)	Infection: Disease; Cystic fibrosis	1	1	FALSE
PA4462; rpoN →; L19L (CTG→TTG)	Infection: Disease; Cystic fibrosis	1	1	FALSE
PA4462; rpoN →; L219L (CTG→CTA)	Infection: Disease; Cystic fibrosis	1	1	FALSE
PA4462; rpoN →; L247L (CTC→CTT)	Infection: Disease; Cystic fibrosis	1	1	FALSE
PA4462; rpoN →; L25L (CTC→CTT)	Infection: Disease; Cystic fibrosis	1	1	FALSE
PA4462; rpoN →; L28L (CTA→CTC)	Infection: Disease; Cystic fibrosis	0.450751098700452	1	FALSE
PA4462; rpoN →; L419P (CTG→CCG)	Infection: Disease; Cystic fibrosis	1	1	FALSE
PA4462; rpoN →; L419V (CTG→GTG)	Infection: Disease; Cystic fibrosis	1	1	FALSE
PA4462; rpoN →; L447L (CTG→CTA)	Infection: Disease; Cystic fibrosis	1	1	FALSE
PA4462; rpoN →; N122S (AAC→AGC)	Infection: Disease; Cystic fibrosis	1	1	FALSE
PA4462; rpoN →; N320N (AAC→AAT)	Infection: Disease; Cystic fibrosis	1	1	FALSE
PA4462; rpoN →; N44N (AAT→AAC)	Infection: Disease; Cystic fibrosis	1	1	FALSE
PA4462; rpoN →; P17P (CCG→CCT)	Infection: Disease; Cystic fibrosis	0.450751098700452	1	FALSE
PA4462; rpoN →; P207P (CCC→CCT)	Infection: Disease; Cystic fibrosis	0.450751098700452	1	FALSE
PA4462; rpoN →; P227P (CCG→CCA)	Infection: Disease; Cystic fibrosis	1	1	FALSE
PA4462; rpoN →; P231A (CCC→GCC)	Infection: Disease; Cystic fibrosis	1	1	FALSE
PA4462; rpoN →; P315P (CCG→CCA)	Infection: Disease; Cystic fibrosis	0.203280735329488	1	FALSE
PA4462; rpoN →; P61P (CCT→CCC)	Infection: Disease; Cystic fibrosis	0.541009289863696	1	FALSE
PA4462; rpoN →; P61P (CCT→CCG)	Infection: Disease; Cystic fibrosis	1	1	FALSE
PA4462; rpoN →; P77P (CCC→CCG)	Infection: Disease; Cystic fibrosis	1	1	FALSE
PA4462; rpoN →; P77P (CCC→CCT)	Infection: Disease; Cystic fibrosis	0.886674548933098	1	FALSE
PA4462; rpoN →; Q12P (CAG→CCG)	Infection: Disease; Cystic fibrosis	1	1	FALSE
PA4462; rpoN →; Q204Q (CAA→CAG)	Infection: Disease; Cystic fibrosis	1	1	FALSE
PA4462; rpoN →; Q222Q (CAA→CAG)	Infection: Disease; Cystic fibrosis	1	1	FALSE
PA4462; rpoN →; Q254Q (CAA→CAG)	Infection: Disease; Cystic fibrosis	1	1	FALSE
PA4462; rpoN →; Q268L (CAG→CTG)	Infection: Disease; Cystic fibrosis	1	1	FALSE
PA4462; rpoN →; Q354Q (CAG→CAA)	Infection: Disease; Cystic fibrosis	1	1	FALSE
PA4462; rpoN →; Q366Q (CAG→CAA)	Infection: Disease; Cystic fibrosis	0.450751098700452	1	FALSE
PA4462; rpoN →; R157R (CGG→CGC)	Infection: Disease; Cystic fibrosis	1	1	FALSE
PA4462; rpoN →; R200R (CGC→CGT)	Infection: Disease; Cystic fibrosis	1	1	FALSE
PA4462; rpoN →; R257R (CGG→CGA)	Infection: Disease; Cystic fibrosis	1	1	FALSE
PA4462; rpoN →; R267R (CGC→CGT)	Infection: Disease; Cystic fibrosis	0.258874931731294	1	FALSE
PA4462; rpoN →; R328R (CGC→CGT)	Infection: Disease; Cystic fibrosis	0.450751098700452	1	FALSE
PA4462; rpoN →; R329R (CGC→CGT)	Infection: Disease; Cystic fibrosis	1	1	FALSE
PA4462; rpoN →; R372R (CGC→CGA)	Infection: Disease; Cystic fibrosis	0.34929772337758	1	FALSE
PA4462; rpoN →; R372R (CGC→CGT)	Infection: Disease; Cystic fibrosis	1	1	FALSE
PA4462; rpoN →; S115S (AGC→AGT)	Infection: Disease; Cystic fibrosis	0.258874931731294	1	FALSE
PA4462; rpoN →; S135S (AGC→AGT)	Infection: Disease; Cystic fibrosis	1	1	FALSE
PA4462; rpoN →; S176S (TCC→TCT)	Infection: Disease; Cystic fibrosis	1	1	FALSE
PA4462; rpoN →; S241S (TCC→TCT)	Infection: Disease; Cystic fibrosis	1	1	FALSE
PA4462; rpoN →; S253G (AGC→GGC)	Infection: Disease; Cystic fibrosis	1	1	FALSE
PA4462; rpoN →; S286S (TCG→TCA)	Infection: Disease; Cystic fibrosis	1	1	FALSE
PA4462; rpoN →; S29S (TCC→TCT)	Infection: Disease; Cystic fibrosis	0.258874931731294	1	FALSE
PA4462; rpoN →; S333S (AGC→AGT)	Infection: Disease; Cystic fibrosis	1	1	FALSE
PA4462; rpoN →; S428S (AGT→AGC)	Infection: Disease; Cystic fibrosis	1	1	FALSE
PA4462; rpoN →; S437P (TCC→CCC)	Infection: Disease; Cystic fibrosis	1	1	FALSE
PA4462; rpoN →; S484P (TCC→CCC)	Infection: Disease; Cystic fibrosis	1	1	FALSE
PA4462; rpoN →; S71T (AGC→ACC)	Infection: Disease; Cystic fibrosis	0.450751098700452	1	FALSE
PA4462; rpoN →; T406T (ACG→ACC)	Infection: Disease; Cystic fibrosis	0.462022029927887	1	FALSE
PA4462; rpoN →; T83T (ACG→ACC)	Infection: Disease; Cystic fibrosis	0.469632090394987	1	FALSE
PA4462; rpoN →; V147V (GTC→GTG)	Infection: Disease; Cystic fibrosis	1	1	FALSE
PA4462; rpoN →; V195V (GTG→GTC)	Infection: Disease; Cystic fibrosis	1	1	FALSE
PA4462; rpoN →; Y172Y (TAC→TAT)	Infection: Disease; Cystic fibrosis	1	1	FALSE
PA4462; rpoN →; Y323Y (TAC→TAT)	Infection: Disease; Cystic fibrosis	1	1	FALSE
PA4462; rpoN →; Y377Q (TAC→CAG)	Infection: Disease; Cystic fibrosis	1	1	FALSE
PA4462; rpoN; 	Infection: Disease; Cystic fibrosis	0.450751098700452	1	FALSE
PA4522; ampD →; A136V (GCC→GTC)	Infection: Disease; Cystic fibrosis	0.578398956338842	1	FALSE
PA4522; ampD →; A29V (GCG→GTG)	Infection: Disease; Cystic fibrosis	1	1	FALSE
PA4522; ampD →; A85G (GCC→GGC)	Infection: Disease; Cystic fibrosis	1	1	FALSE
PA4522; ampD →; A85S (GCC→TCC)	Infection: Disease; Cystic fibrosis	1	1	FALSE
PA4522; ampD →; C92C (TGT→TGC)	Infection: Disease; Cystic fibrosis	0.573362015123112	1	FALSE
PA4522; ampD →; coding (125/567 nt)	Infection: Disease; Cystic fibrosis	0.573362015123112	1	FALSE
PA4522; ampD →; coding (314‑324/567 nt)	Infection: Disease; Cystic fibrosis	1	1	FALSE
PA4522; ampD →; D183Y (GAT→TAT)	Infection: Disease; Cystic fibrosis	0.476715739747482	1	FALSE
PA4522; ampD →; D28G (GAC→GGC)	Infection: Disease; Cystic fibrosis	1	1	FALSE
PA4522; ampD →; E163E (GAG→GAA)	Infection: Disease; Cystic fibrosis	0.308548322928611	1	FALSE
PA4522; ampD →; E170G (GAG→GGG)	Infection: Disease; Cystic fibrosis	1	1	FALSE
PA4522; ampD →; E68D (GAG→GAT)	Infection: Disease; Cystic fibrosis	0.258874931731294	1	FALSE
PA4522; ampD →; E68E (GAG→GAA)	Infection: Disease; Cystic fibrosis	0.573362015123112	1	FALSE
PA4522; ampD →; E81E (GAA→GAG)	Infection: Disease; Cystic fibrosis	1	1	FALSE
PA4522; ampD →; F113F (TTC→TTT)	Infection: Disease; Cystic fibrosis	1	1	FALSE
PA4522; ampD →; F45F (TTC→TTT)	Infection: Disease; Cystic fibrosis	0.0669987647621366	1	FALSE
PA4522; ampD →; G148A (GGG→GCG)	Infection: Disease; Cystic fibrosis	0.404304388549181	1	FALSE
PA4522; ampD →; G180G (GGA→GGT)	Infection: Disease; Cystic fibrosis	1	1	FALSE
PA4522; ampD →; G46G (GGC→GGT)	Infection: Disease; Cystic fibrosis	0.573362015123112	1	FALSE
PA4522; ampD →; G46S (GGC→AGC)	Infection: Disease; Cystic fibrosis	1	1	FALSE
PA4522; ampD →; G48G (GGT→GGC)	Infection: Disease; Cystic fibrosis	1	1	FALSE
PA4522; ampD →; I69T (ATC→ACC)	Infection: Disease; Cystic fibrosis	1	1	FALSE
PA4522; ampD →; L58P (CTG→CCG)	Infection: Disease; Cystic fibrosis	1	1	FALSE
PA4522; ampD →; N111N (AAC→AAT)	Infection: Disease; Cystic fibrosis	1	1	FALSE
PA4522; ampD →; N22N (AAC→AAT)	Infection: Disease; Cystic fibrosis	0.258874931731294	1	FALSE
PA4522; ampD →; N37N (AAT→AAC)	Infection: Disease; Cystic fibrosis	1	1	FALSE
PA4522; ampD →; P17P (CCT→CCC)	Infection: Disease; Cystic fibrosis	1	1	FALSE
PA4522; ampD →; P41S (CCG→TCG)	Infection: Disease; Cystic fibrosis	1	1	FALSE
PA4522; ampD →; Q44H (CAG→CAC)	Infection: Disease; Cystic fibrosis	1	1	FALSE
PA4522; ampD →; Q44K (CAG→AAG)	Infection: Disease; Cystic fibrosis	0.450751098700452	1	FALSE
PA4522; ampD →; Q88* (CAG→TAG)	Infection: Disease; Cystic fibrosis	1	1	FALSE
PA4522; ampD →; R107R (CGC→CGT)	Infection: Disease; Cystic fibrosis	0.258874931731294	1	FALSE
PA4522; ampD →; R11H (CGT→CAT)	Infection: Disease; Cystic fibrosis	1	1	FALSE
PA4522; ampD →; R11L (CGT→CTT)	Infection: Disease; Cystic fibrosis	0.336569565127538	1	FALSE
PA4522; ampD →; R143R (CGC→CGT)	Infection: Disease; Cystic fibrosis	0.578398956338842	1	FALSE
PA4522; ampD →; R164H (CGC→CAC)	Infection: Disease; Cystic fibrosis	1	1	FALSE
PA4522; ampD →; R164R (CGC→CGT)	Infection: Disease; Cystic fibrosis	1	1	FALSE
PA4522; ampD →; R178R (CGC→CGT)	Infection: Disease; Cystic fibrosis	1	1	FALSE
PA4522; ampD →; R24R (CGT→CGC)	Infection: Disease; Cystic fibrosis	1	1	FALSE
PA4522; ampD →; R57R (CGC→CGT)	Infection: Disease; Cystic fibrosis	0.725427359752438	1	FALSE
PA4522; ampD →; R95R (CGC→CGT)	Infection: Disease; Cystic fibrosis	1	1	FALSE
PA4522; ampD →; S114S (TCC→TCT)	Infection: Disease; Cystic fibrosis	1	1	FALSE
PA4522; ampD →; S175L (TCG→TTG)	Infection: Disease; Cystic fibrosis	0.739319427860201	1	FALSE
PA4522; ampD →; S175P (TCG→CCG)	Infection: Disease; Cystic fibrosis	1	1	FALSE
PA4522; ampD →; S39S (AGC→AGT)	Infection: Disease; Cystic fibrosis	0.217320926116107	1	FALSE
PA4522; ampD →; S5F (TCC→TTC)	Infection: Disease; Cystic fibrosis	1	1	FALSE
PA4522; ampD →; T139T (ACG→ACT)	Infection: Disease; Cystic fibrosis	1	1	FALSE
PA4522; ampD →; T7S (ACC→AGC)	Infection: Disease; Cystic fibrosis	1	1	FALSE
PA4522; ampD →; T87T (ACC→ACT)	Infection: Disease; Cystic fibrosis	1	1	FALSE
PA4522; ampD →; V10G (GTC→GGC)	Infection: Disease; Cystic fibrosis	1	1	FALSE
PA4522; ampD →; V10I (GTC→ATC)	Infection: Disease; Cystic fibrosis	1	1	FALSE
PA4522; ampD →; V34V (GTT→GTC)	Infection: Disease; Cystic fibrosis	1	1	FALSE
PA4522; ampD; 	Infection: Disease; Cystic fibrosis	1	1	FALSE
PA4526; pilB →; A167T (GCG→ACG)	Infection: Disease; Cystic fibrosis	1	1	FALSE
PA4526; pilB →; A175T (GCC→ACC)	Infection: Disease; Cystic fibrosis	0.578398956338842	1	FALSE
PA4526; pilB →; A17A (GCC→GCT)	Infection: Disease; Cystic fibrosis	0.258874931731294	1	FALSE
PA4526; pilB →; A182A (GCA→GCG)	Infection: Disease; Cystic fibrosis	0.258874931731294	1	FALSE
PA4526; pilB →; A182A (GCA→GCT)	Infection: Disease; Cystic fibrosis	0.578398956338842	1	FALSE
PA4526; pilB →; A195A (GCC→GCA)	Infection: Disease; Cystic fibrosis	0.573362015123112	1	FALSE
PA4526; pilB →; A233A (GCC→GCT)	Infection: Disease; Cystic fibrosis	1	1	FALSE
PA4526; pilB →; A238A (GCT→GCG)	Infection: Disease; Cystic fibrosis	1	1	FALSE
PA4526; pilB →; A28A (GCC→GCG)	Infection: Disease; Cystic fibrosis	1	1	FALSE
PA4526; pilB →; A294A (GCA→GCG)	Infection: Disease; Cystic fibrosis	0.382232402779284	1	FALSE
PA4526; pilB →; A300A (GCC→GCA)	Infection: Disease; Cystic fibrosis	0.462022029927887	1	FALSE
PA4526; pilB →; A30T (GCG→ACG)	Infection: Disease; Cystic fibrosis	0.450751098700452	1	FALSE
PA4526; pilB →; A313A (GCC→GCT)	Infection: Disease; Cystic fibrosis	1	1	FALSE
PA4526; pilB →; A314A (GCA→GCG)	Infection: Disease; Cystic fibrosis	0.187849963480002	1	FALSE
PA4526; pilB →; A353A (GCC→GCT)	Infection: Disease; Cystic fibrosis	0.0371139138450692	1	FALSE
PA4526; pilB →; A380A (GCG→GCA)	Infection: Disease; Cystic fibrosis	1	1	FALSE
PA4526; pilB →; A406A (GCC→GCT)	Infection: Disease; Cystic fibrosis	1	1	FALSE
PA4526; pilB →; A410A (GCG→GCA)	Infection: Disease; Cystic fibrosis	1	1	FALSE
PA4526; pilB →; A426A (GCC→GCA)	Infection: Disease; Cystic fibrosis	1	1	FALSE
PA4526; pilB →; A439A (GCG→GCA)	Infection: Disease; Cystic fibrosis	0.0779852073079451	1	FALSE
PA4526; pilB →; A443A (GCG→GCA)	Infection: Disease; Cystic fibrosis	1	1	FALSE
PA4526; pilB →; A81T (GCC→ACC)	Infection: Disease; Cystic fibrosis	0.258874931731294	1	FALSE
PA4526; pilB →; C459C (TGT→TGC)	Infection: Disease; Cystic fibrosis	1	1	FALSE
PA4526; pilB →; coding (1293‑1294/1701 nt)	Infection: Disease; Cystic fibrosis	0.428186589878483	1	FALSE
PA4526; pilB →; coding (1545‑1546/1701 nt)	Infection: Disease; Cystic fibrosis	1	1	FALSE
PA4526; pilB →; coding (75‑76/1701 nt)	Infection: Disease; Cystic fibrosis	1	1	FALSE
PA4526; pilB →; D108D (GAC→GAT)	Infection: Disease; Cystic fibrosis	0.578398956338842	1	FALSE
PA4526; pilB →; D149D (GAC→GAT)	Infection: Disease; Cystic fibrosis	0.578398956338842	1	FALSE
PA4526; pilB →; D168E (GAC→GAA)	Infection: Disease; Cystic fibrosis	0.578398956338842	1	FALSE
PA4526; pilB →; D194D (GAT→GAC)	Infection: Disease; Cystic fibrosis	1	1	FALSE
PA4526; pilB →; D247D (GAT→GAC)	Infection: Disease; Cystic fibrosis	1	1	FALSE
PA4526; pilB →; D270D (GAC→GAT)	Infection: Disease; Cystic fibrosis	1	1	FALSE
PA4526; pilB →; D290D (GAC→GAT)	Infection: Disease; Cystic fibrosis	0.462022029927887	1	FALSE
PA4526; pilB →; D299D (GAC→GAT)	Infection: Disease; Cystic fibrosis	1	1	FALSE
PA4526; pilB →; D306D (GAC→GAT)	Infection: Disease; Cystic fibrosis	1	1	FALSE
PA4526; pilB →; D347D (GAC→GAT)	Infection: Disease; Cystic fibrosis	1	1	FALSE
PA4526; pilB →; D355D (GAC→GAT)	Infection: Disease; Cystic fibrosis	1	1	FALSE
PA4526; pilB →; D388D (GAC→GAT)	Infection: Disease; Cystic fibrosis	1	1	FALSE
PA4526; pilB →; D390D (GAT→GAC)	Infection: Disease; Cystic fibrosis	0.239721698917043	1	FALSE
PA4526; pilB →; D399D (GAC→GAT)	Infection: Disease; Cystic fibrosis	0.45171707709412	1	FALSE
PA4526; pilB →; D566D (GAT→GAC)	Infection: Disease; Cystic fibrosis	0.389322578556851	1	FALSE
PA4526; pilB →; E206E (GAG→GAA)	Infection: Disease; Cystic fibrosis	1	1	FALSE
PA4526; pilB →; E209E (GAG→GAA)	Infection: Disease; Cystic fibrosis	0.0875136280551368	1	FALSE
PA4526; pilB →; E304E (GAG→GAA)	Infection: Disease; Cystic fibrosis	0.308548322928611	1	FALSE
PA4526; pilB →; E305E (GAG→GAA)	Infection: Disease; Cystic fibrosis	0.688942146418058	1	FALSE
PA4526; pilB →; E358E (GAG→GAA)	Infection: Disease; Cystic fibrosis	1	1	FALSE
PA4526; pilB →; E401E (GAG→GAA)	Infection: Disease; Cystic fibrosis	0.688942146418058	1	FALSE
PA4526; pilB →; E465E (GAA→GAG)	Infection: Disease; Cystic fibrosis	0.336569565127538	1	FALSE
PA4526; pilB →; E467D (GAG→GAC)	Infection: Disease; Cystic fibrosis	1	1	FALSE
PA4526; pilB →; E467D (GAG→GAT)	Infection: Disease; Cystic fibrosis	1	1	FALSE
PA4526; pilB →; E476E (GAG→GAA)	Infection: Disease; Cystic fibrosis	1	1	FALSE
PA4526; pilB →; E523E (GAG→GAA)	Infection: Disease; Cystic fibrosis	0.494707332456954	1	FALSE
PA4526; pilB →; E529* (GAG→TAG)	Infection: Disease; Cystic fibrosis	1	1	FALSE
PA4526; pilB →; E532E (GAG→GAA)	Infection: Disease; Cystic fibrosis	1	1	FALSE
PA4526; pilB →; E84E (GAA→GAG)	Infection: Disease; Cystic fibrosis	1	1	FALSE
PA4526; pilB →; F103F (TTT→TTC)	Infection: Disease; Cystic fibrosis	0.739319427860201	1	FALSE
PA4526; pilB →; F271F (TTT→TTC)	Infection: Disease; Cystic fibrosis	0.0630341352655108	1	FALSE
PA4526; pilB →; F478F (TTC→TTT)	Infection: Disease; Cystic fibrosis	0.573362015123112	1	FALSE
PA4526; pilB →; G165G (GGT→GGC)	Infection: Disease; Cystic fibrosis	0.450751098700452	1	FALSE
PA4526; pilB →; G198G (GGC→GGT)	Infection: Disease; Cystic fibrosis	0.573362015123112	1	FALSE
PA4526; pilB →; G257G (GGA→GGG)	Infection: Disease; Cystic fibrosis	1	1	FALSE
PA4526; pilB →; G326G (GGC→GGG)	Infection: Disease; Cystic fibrosis	0.450751098700452	1	FALSE
PA4526; pilB →; G329G (GGC→GGT)	Infection: Disease; Cystic fibrosis	1	1	FALSE
PA4526; pilB →; G331V (GGC→GTC)	Infection: Disease; Cystic fibrosis	0.573362015123112	1	FALSE
PA4526; pilB →; G339G (GGC→GGT)	Infection: Disease; Cystic fibrosis	0.535075803447849	1	FALSE
PA4526; pilB →; G363D (GGC→GAC)	Infection: Disease; Cystic fibrosis	0.258874931731294	1	FALSE
PA4526; pilB →; G374G (GGC→GGT)	Infection: Disease; Cystic fibrosis	1	1	FALSE
PA4526; pilB →; G395G (GGC→GGT)	Infection: Disease; Cystic fibrosis	0.258874931731294	1	FALSE
PA4526; pilB →; G413G (GGG→GGA)	Infection: Disease; Cystic fibrosis	0.578398956338842	1	FALSE
PA4526; pilB →; G436G (GGC→GGT)	Infection: Disease; Cystic fibrosis	1	1	FALSE
PA4526; pilB →; G477G (GGC→GGT)	Infection: Disease; Cystic fibrosis	1	1	FALSE
PA4526; pilB →; G484G (GGC→GGT)	Infection: Disease; Cystic fibrosis	0.573362015123112	1	FALSE
PA4526; pilB →; G503G (GGC→GGA)	Infection: Disease; Cystic fibrosis	0.336569565127538	1	FALSE
PA4526; pilB →; G553G (GGG→GGA)	Infection: Disease; Cystic fibrosis	0.512803000691036	1	FALSE
PA4526; pilB →; G63G (GGC→GGT)	Infection: Disease; Cystic fibrosis	0.462022029927887	1	FALSE
PA4526; pilB →; G9G (GGC→GGT)	Infection: Disease; Cystic fibrosis	0.258874931731294	1	FALSE
PA4526; pilB →; H414H (CAT→CAC)	Infection: Disease; Cystic fibrosis	1	1	FALSE
PA4526; pilB →; H42H (CAC→CAT)	Infection: Disease; Cystic fibrosis	1	1	FALSE
PA4526; pilB →; H461H (CAC→CAT)	Infection: Disease; Cystic fibrosis	0.450751098700452	1	FALSE
PA4526; pilB →; H466H (CAC→CAT)	Infection: Disease; Cystic fibrosis	1	1	FALSE
PA4526; pilB →; I115V (ATC→GTC)	Infection: Disease; Cystic fibrosis	0.258874931731294	1	FALSE
PA4526; pilB →; I196I (ATC→ATA)	Infection: Disease; Cystic fibrosis	0.573362015123112	1	FALSE
PA4526; pilB →; I211T (ATC→ACC)	Infection: Disease; Cystic fibrosis	0.0910744155658188	1	FALSE
PA4526; pilB →; I236I (ATC→ATA)	Infection: Disease; Cystic fibrosis	1	1	FALSE
PA4526; pilB →; I248I (ATC→ATT)	Infection: Disease; Cystic fibrosis	1	1	FALSE
PA4526; pilB →; I322I (ATC→ATT)	Infection: Disease; Cystic fibrosis	1	1	FALSE
PA4526; pilB →; I350I (ATT→ATC)	Infection: Disease; Cystic fibrosis	0.560989860175775	1	FALSE
PA4526; pilB →; I397I (ATC→ATT)	Infection: Disease; Cystic fibrosis	0.617977826055906	1	FALSE
PA4526; pilB →; K142K (AAG→AAA)	Infection: Disease; Cystic fibrosis	0.336569565127538	1	FALSE
PA4526; pilB →; K23K (AAG→AAA)	Infection: Disease; Cystic fibrosis	1	1	FALSE
PA4526; pilB →; K253K (AAA→AAG)	Infection: Disease; Cystic fibrosis	0.813256245545121	1	FALSE
PA4526; pilB →; K74R (AAG→AGG)	Infection: Disease; Cystic fibrosis	0.258874931731294	1	FALSE
PA4526; pilB →; L138L (CTG→CTA)	Infection: Disease; Cystic fibrosis	0.450751098700452	1	FALSE
PA4526; pilB →; L192L (CTG→TTG)	Infection: Disease; Cystic fibrosis	1	1	FALSE
PA4526; pilB →; L222L (CTC→CTT)	Infection: Disease; Cystic fibrosis	0.0669987647621366	1	FALSE
PA4526; pilB →; L232L (TTG→CTG)	Infection: Disease; Cystic fibrosis	1	1	FALSE
PA4526; pilB →; L279L (CTG→CTC)	Infection: Disease; Cystic fibrosis	1	1	FALSE
PA4526; pilB →; L279L (CTG→TTG)	Infection: Disease; Cystic fibrosis	1	1	FALSE
PA4526; pilB →; L301L (CTC→CTG)	Infection: Disease; Cystic fibrosis	0.621090026874736	1	FALSE
PA4526; pilB →; L315L (CTC→CTT)	Infection: Disease; Cystic fibrosis	1	1	FALSE
PA4526; pilB →; L336L (CTA→CTG)	Infection: Disease; Cystic fibrosis	1	1	FALSE
PA4526; pilB →; L343L (CTG→CTC)	Infection: Disease; Cystic fibrosis	0.230482754592274	1	FALSE
PA4526; pilB →; L361L (CTG→TTG)	Infection: Disease; Cystic fibrosis	1	1	FALSE
PA4526; pilB →; L381L (CTG→CTA)	Infection: Disease; Cystic fibrosis	0.183666651277135	1	FALSE
PA4526; pilB →; L385L (CTG→TTG)	Infection: Disease; Cystic fibrosis	1	1	FALSE
PA4526; pilB →; L420L (CTG→CTA)	Infection: Disease; Cystic fibrosis	0.573362015123112	1	FALSE
PA4526; pilB →; L429L (CTG→CTA)	Infection: Disease; Cystic fibrosis	1	1	FALSE
PA4526; pilB →; L429L (CTG→CTC)	Infection: Disease; Cystic fibrosis	0.469632090394987	1	FALSE
PA4526; pilB →; L432L (TTG→CTG)	Infection: Disease; Cystic fibrosis	0.336569565127538	1	FALSE
PA4526; pilB →; L433P (CTG→CCG)	Infection: Disease; Cystic fibrosis	1	1	FALSE
PA4526; pilB →; L442L (CTG→CTA)	Infection: Disease; Cystic fibrosis	1	1	FALSE
PA4526; pilB →; L488L (CTT→CTG)	Infection: Disease; Cystic fibrosis	0.685224513843295	1	FALSE
PA4526; pilB →; L542L (CTG→CTA)	Infection: Disease; Cystic fibrosis	1	1	FALSE
PA4526; pilB →; L57L (TTG→TTA)	Infection: Disease; Cystic fibrosis	0.336569565127538	1	FALSE
PA4526; pilB →; L95L (CTG→TTG)	Infection: Disease; Cystic fibrosis	0.34929772337758	1	FALSE
PA4526; pilB →; N274N (AAC→AAT)	Infection: Disease; Cystic fibrosis	1	1	FALSE
PA4526; pilB →; N344N (AAT→AAC)	Infection: Disease; Cystic fibrosis	1	1	FALSE
PA4526; pilB →; N349N (AAC→AAT)	Infection: Disease; Cystic fibrosis	1	1	FALSE
PA4526; pilB →; N370N (AAT→AAC)	Infection: Disease; Cystic fibrosis	0.082604321224483	1	FALSE
PA4526; pilB →; N423N (AAC→AAT)	Infection: Disease; Cystic fibrosis	1	1	FALSE
PA4526; pilB →; N441N (AAC→AAT)	Infection: Disease; Cystic fibrosis	1	1	FALSE
PA4526; pilB →; N447N (AAC→AAT)	Infection: Disease; Cystic fibrosis	1	1	FALSE
PA4526; pilB →; N70N (AAT→AAC)	Infection: Disease; Cystic fibrosis	1	1	FALSE
PA4526; pilB →; P318P (CCG→CCA)	Infection: Disease; Cystic fibrosis	0.0248586905875047	1	FALSE
PA4526; pilB →; P356P (CCG→CCT)	Infection: Disease; Cystic fibrosis	0.205184286388493	1	FALSE
PA4526; pilB →; P438P (CCG→CCA)	Infection: Disease; Cystic fibrosis	1	1	FALSE
PA4526; pilB →; P469P (CCG→CCA)	Infection: Disease; Cystic fibrosis	1	1	FALSE
PA4526; pilB →; P479L (CCG→CTG)	Infection: Disease; Cystic fibrosis	0.258874931731294	1	FALSE
PA4526; pilB →; P491P (CCG→CCA)	Infection: Disease; Cystic fibrosis	1	1	FALSE
PA4526; pilB →; P515P (CCG→CCC)	Infection: Disease; Cystic fibrosis	0.25450648946301	1	FALSE
PA4526; pilB →; Q172Q (CAA→CAG)	Infection: Disease; Cystic fibrosis	0.573362015123112	1	FALSE
PA4526; pilB →; Q295Q (CAG→CAA)	Infection: Disease; Cystic fibrosis	0.573362015123112	1	FALSE
PA4526; pilB →; Q29Q (CAG→CAA)	Infection: Disease; Cystic fibrosis	0.258874931731294	1	FALSE
PA4526; pilB →; Q373Q (CAG→CAA)	Infection: Disease; Cystic fibrosis	1	1	FALSE
PA4526; pilB →; Q411Q (CAG→CAA)	Infection: Disease; Cystic fibrosis	0.573362015123112	1	FALSE
PA4526; pilB →; Q533Q (CAA→CAG)	Infection: Disease; Cystic fibrosis	1	1	FALSE
PA4526; pilB →; Q89Q (CAA→CAG)	Infection: Disease; Cystic fibrosis	0.685224513843295	1	FALSE
PA4526; pilB →; R213R (CGG→CGA)	Infection: Disease; Cystic fibrosis	0.450751098700452	1	FALSE
PA4526; pilB →; R251R (CGA→CGG)	Infection: Disease; Cystic fibrosis	1	1	FALSE
PA4526; pilB →; R258R (CGG→CGA)	Infection: Disease; Cystic fibrosis	0.258874931731294	1	FALSE
PA4526; pilB →; R272R (CGC→CGG)	Infection: Disease; Cystic fibrosis	1	1	FALSE
PA4526; pilB →; R287R (CGG→CGT)	Infection: Disease; Cystic fibrosis	0.462022029927887	1	FALSE
PA4526; pilB →; R372R (CGC→CGT)	Infection: Disease; Cystic fibrosis	0.308548322928611	1	FALSE
PA4526; pilB →; R453R (CGC→CGA)	Infection: Disease; Cystic fibrosis	0.462022029927887	1	FALSE
PA4526; pilB →; R470K (AGG→AAG)	Infection: Disease; Cystic fibrosis	0.83979630834728	1	FALSE
PA4526; pilB →; R79R (CGG→CGC)	Infection: Disease; Cystic fibrosis	1	1	FALSE
PA4526; pilB →; R97R (CGG→CGC)	Infection: Disease; Cystic fibrosis	1	1	FALSE
PA4526; pilB →; S234S (AGT→AGC)	Infection: Disease; Cystic fibrosis	1	1	FALSE
PA4526; pilB →; S264S (TCG→TCA)	Infection: Disease; Cystic fibrosis	1	1	FALSE
PA4526; pilB →; S268S (TCC→TCG)	Infection: Disease; Cystic fibrosis	0.232025117698825	1	FALSE
PA4526; pilB →; S292S (TCC→TCT)	Infection: Disease; Cystic fibrosis	1	1	FALSE
PA4526; pilB →; S335S (TCG→TCC)	Infection: Disease; Cystic fibrosis	0.450751098700452	1	FALSE
PA4526; pilB →; S46N (AGC→AAC)	Infection: Disease; Cystic fibrosis	1	1	FALSE
PA4526; pilB →; S490S (TCG→TCA)	Infection: Disease; Cystic fibrosis	1	1	FALSE
PA4526; pilB →; S527S (TCC→TCT)	Infection: Disease; Cystic fibrosis	1	1	FALSE
PA4526; pilB →; T266N (ACC→AAC)	Infection: Disease; Cystic fibrosis	0.31890919922425	1	FALSE
PA4526; pilB →; T266S (ACC→AGC)	Infection: Disease; Cystic fibrosis	0.573362015123112	1	FALSE
PA4526; pilB →; T345T (ACC→ACA)	Infection: Disease; Cystic fibrosis	1	1	FALSE
PA4526; pilB →; T352T (ACC→ACT)	Infection: Disease; Cystic fibrosis	1	1	FALSE
PA4526; pilB →; T402T (ACC→ACG)	Infection: Disease; Cystic fibrosis	0.803830631839826	1	FALSE
PA4526; pilB →; T402T (ACC→ACT)	Infection: Disease; Cystic fibrosis	1	1	FALSE
PA4526; pilB →; T412T (ACC→ACA)	Infection: Disease; Cystic fibrosis	0.573362015123112	1	FALSE
PA4526; pilB →; T41T (ACG→ACA)	Infection: Disease; Cystic fibrosis	0.258874931731294	1	FALSE
PA4526; pilB →; T430T (ACC→ACT)	Infection: Disease; Cystic fibrosis	0.573362015123112	1	FALSE
PA4526; pilB →; T544A (ACC→GCC)	Infection: Disease; Cystic fibrosis	1	1	FALSE
PA4526; pilB →; T544S (ACC→TCC)	Infection: Disease; Cystic fibrosis	0.450751098700452	1	FALSE
PA4526; pilB →; T544T (ACC→ACT)	Infection: Disease; Cystic fibrosis	1	1	FALSE
PA4526; pilB →; V104V (GTA→GTG)	Infection: Disease; Cystic fibrosis	1	1	FALSE
PA4526; pilB →; V157V (GTC→GTT)	Infection: Disease; Cystic fibrosis	1	1	FALSE
PA4526; pilB →; V185V (GTA→GTC)	Infection: Disease; Cystic fibrosis	1	1	FALSE
PA4526; pilB →; V188V (GTC→GTA)	Infection: Disease; Cystic fibrosis	0.258874931731294	1	FALSE
PA4526; pilB →; V242V (GTA→GTG)	Infection: Disease; Cystic fibrosis	1	1	FALSE
PA4526; pilB →; V263V (GTG→GTA)	Infection: Disease; Cystic fibrosis	0.0875136280551368	1	FALSE
PA4526; pilB →; V26L (GTG→CTG)	Infection: Disease; Cystic fibrosis	1	1	FALSE
PA4526; pilB →; V334V (GTA→GTC)	Infection: Disease; Cystic fibrosis	1	1	FALSE
PA4526; pilB →; V334V (GTA→GTT)	Infection: Disease; Cystic fibrosis	0.826637592021183	1	FALSE
PA4526; pilB →; V391V (GTG→GTT)	Infection: Disease; Cystic fibrosis	0.573362015123112	1	FALSE
PA4526; pilB →; V416E (GTG→GAG)	Infection: Disease; Cystic fibrosis	1	1	FALSE
PA4526; pilB →; V437V (GTG→GTA)	Infection: Disease; Cystic fibrosis	0.450751098700452	1	FALSE
PA4526; pilB →; V468V (GTG→GTT)	Infection: Disease; Cystic fibrosis	1	1	FALSE
PA4526; pilB →; V492V (GTG→GTA)	Infection: Disease; Cystic fibrosis	0.573362015123112	1	FALSE
PA4526; pilB →; V510V (GTA→GTG)	Infection: Disease; Cystic fibrosis	0.358900174507711	1	FALSE
PA4526; pilB →; Y212Y (TAC→TAT)	Infection: Disease; Cystic fibrosis	0.205184286388493	1	FALSE
PA4526; pilB →; Y311Y (TAC→TAT)	Infection: Disease; Cystic fibrosis	0.573362015123112	1	FALSE
PA4526; pilB →; Y66Y (TAT→TAC)	Infection: Disease; Cystic fibrosis	0.336569565127538	1	FALSE
PA4526; pilB; 	Infection: Disease; Cystic fibrosis	0.652657169187416	1	FALSE
PA4796; N_A →; A130A (GCG→GCT)	Infection: Disease; Cystic fibrosis	1	1	FALSE
PA4796; N_A →; A152A (GCA→GCG)	Infection: Disease; Cystic fibrosis	0.826637592021183	1	FALSE
PA4796; N_A →; A73A (GCT→GCC)	Infection: Disease; Cystic fibrosis	1	1	FALSE
PA4796; N_A →; A87T (GCG→ACG)	Infection: Disease; Cystic fibrosis	0.258874931731294	1	FALSE
PA4796; N_A →; coding (86‑87/468 nt)	Infection: Disease; Cystic fibrosis	1	1	FALSE
PA4796; N_A →; D19A (GAC→GCC)	Infection: Disease; Cystic fibrosis	0.573362015123112	1	FALSE
PA4796; N_A →; D55D (GAC→GAT)	Infection: Disease; Cystic fibrosis	1	1	FALSE
PA4796; N_A →; D62G (GAC→GGC)	Infection: Disease; Cystic fibrosis	1	1	FALSE
PA4796; N_A →; E136E (GAG→GAA)	Infection: Disease; Cystic fibrosis	1	1	FALSE
PA4796; N_A →; E60E (GAA→GAG)	Infection: Disease; Cystic fibrosis	1	1	FALSE
PA4796; N_A →; E9E (GAG→GAA)	Infection: Disease; Cystic fibrosis	0.0155435331386239	1	FALSE
PA4796; N_A →; F155V (TTC→GTC)	Infection: Disease; Cystic fibrosis	0.535075803447849	1	FALSE
PA4796; N_A →; F70F (TTC→TTT)	Infection: Disease; Cystic fibrosis	0.258874931731294	1	FALSE
PA4796; N_A →; G7D (GGC→GAC)	Infection: Disease; Cystic fibrosis	1	1	FALSE
PA4796; N_A →; G7S (GGC→AGC)	Infection: Disease; Cystic fibrosis	1	1	FALSE
PA4796; N_A →; H58H (CAC→CAT)	Infection: Disease; Cystic fibrosis	1	1	FALSE
PA4796; N_A →; H58Y (CAC→TAC)	Infection: Disease; Cystic fibrosis	0.258874931731294	1	FALSE
PA4796; N_A →; L24L (TTG→CTG)	Infection: Disease; Cystic fibrosis	0.0439762762824049	1	FALSE
PA4796; N_A →; L43L (CTG→TTG)	Infection: Disease; Cystic fibrosis	0.0191752286639422	1	FALSE
PA4796; N_A →; P148P (CCA→CCG)	Infection: Disease; Cystic fibrosis	0.450751098700452	1	FALSE
PA4796; N_A →; P90A (CCG→GCG)	Infection: Disease; Cystic fibrosis	0.652657169187416	1	FALSE
PA4796; N_A →; R121Q (CGG→CAG)	Infection: Disease; Cystic fibrosis	1	1	FALSE
PA4796; N_A →; R131W (CGG→TGG)	Infection: Disease; Cystic fibrosis	1	1	FALSE
PA4796; N_A →; R139H (CGC→CAC)	Infection: Disease; Cystic fibrosis	1	1	FALSE
PA4796; N_A →; R54R (CGC→CGT)	Infection: Disease; Cystic fibrosis	0.258874931731294	1	FALSE
PA4796; N_A →; R78C (CGC→TGC)	Infection: Disease; Cystic fibrosis	1	1	FALSE
PA4796; N_A →; S122G (AGC→GGA)	Infection: Disease; Cystic fibrosis	0.00268216277950181	1	FALSE
PA4796; N_A →; S122G (AGC→GGG)	Infection: Disease; Cystic fibrosis	1	1	FALSE
PA4796; N_A →; V110A (GTA→GCA)	Infection: Disease; Cystic fibrosis	1	1	FALSE
PA4796; N_A →; V110V (GTA→GTG)	Infection: Disease; Cystic fibrosis	0.07917617972082	1	FALSE
PA4796; N_A →; V150V (GTG→GTA)	Infection: Disease; Cystic fibrosis	1	1	FALSE
PA4796; N_A →; V67V (GTG→GTA)	Infection: Disease; Cystic fibrosis	1	1	FALSE
PA4796; N_A; 	Infection: Disease; Cystic fibrosis	0.450751098700452	1	FALSE
PA4848; accC →; A119T (GCC→ACC)	Infection: Disease; Cystic fibrosis	1	1	FALSE
PA4848; accC →; A189T (GCC→ACC)	Infection: Disease; Cystic fibrosis	1	1	FALSE
PA4848; accC →; A243A (GCG→GCA)	Infection: Disease; Cystic fibrosis	1	1	FALSE
PA4848; accC →; A252A (GCT→GCC)	Infection: Disease; Cystic fibrosis	0.654697942236555	1	FALSE
PA4848; accC →; A56A (GCC→GCA)	Infection: Disease; Cystic fibrosis	1	1	FALSE
PA4848; accC →; coding (1224‑1225/1350 nt)	Infection: Disease; Cystic fibrosis	0.450751098700452	1	FALSE
PA4848; accC →; coding (383‑384/1350 nt)	Infection: Disease; Cystic fibrosis	1	1	FALSE
PA4848; accC →; coding (485/1350 nt)	Infection: Disease; Cystic fibrosis	1	1	FALSE
PA4848; accC →; coding (495‑497/1350 nt)	Infection: Disease; Cystic fibrosis	0.450751098700452	1	FALSE
PA4848; accC →; D121D (GAC→GAT)	Infection: Disease; Cystic fibrosis	0.450751098700452	1	FALSE
PA4848; accC →; D141D (GAT→GAC)	Infection: Disease; Cystic fibrosis	1	1	FALSE
PA4848; accC →; D229G (GAC→GGC)	Infection: Disease; Cystic fibrosis	1	1	FALSE
PA4848; accC →; D249N (GAC→AAC)	Infection: Disease; Cystic fibrosis	1	1	FALSE
PA4848; accC →; D307N (GAC→AAC)	Infection: Disease; Cystic fibrosis	1	1	FALSE
PA4848; accC →; D343D (GAC→GAT)	Infection: Disease; Cystic fibrosis	0.450751098700452	1	FALSE
PA4848; accC →; E143E (GAG→GAA)	Infection: Disease; Cystic fibrosis	0.641131458014631	1	FALSE
PA4848; accC →; E175E (GAG→GAA)	Infection: Disease; Cystic fibrosis	0.606820283063621	1	FALSE
PA4848; accC →; E177E (GAG→GAA)	Infection: Disease; Cystic fibrosis	1	1	FALSE
PA4848; accC →; E188K (GAG→AAG)	Infection: Disease; Cystic fibrosis	1	1	FALSE
PA4848; accC →; E280E (GAG→GAA)	Infection: Disease; Cystic fibrosis	0.258874931731294	1	FALSE
PA4848; accC →; E326E (GAG→GAA)	Infection: Disease; Cystic fibrosis	1	1	FALSE
PA4848; accC →; E336E (GAA→GAG)	Infection: Disease; Cystic fibrosis	0.462022029927887	1	FALSE
PA4848; accC →; E3G (GAA→GGA)	Infection: Disease; Cystic fibrosis	1	1	FALSE
PA4848; accC →; F193F (TTC→TTT)	Infection: Disease; Cystic fibrosis	1	1	FALSE
PA4848; accC →; F277L (TTC→CTC)	Infection: Disease; Cystic fibrosis	1	1	FALSE
PA4848; accC →; G104C (GGC→TGC)	Infection: Disease; Cystic fibrosis	1	1	FALSE
PA4848; accC →; G114S (GGC→AGC)	Infection: Disease; Cystic fibrosis	1	1	FALSE
PA4848; accC →; G165G (GGT→GGC)	Infection: Disease; Cystic fibrosis	0.851995742504699	1	FALSE
PA4848; accC →; G166G (GGG→GGT)	Infection: Disease; Cystic fibrosis	0.449698049575746	1	FALSE
PA4848; accC →; G190G (GGC→GGT)	Infection: Disease; Cystic fibrosis	1	1	FALSE
PA4848; accC →; G226D (GGC→GAC)	Infection: Disease; Cystic fibrosis	1	1	FALSE
PA4848; accC →; G273G (GGC→GGT)	Infection: Disease; Cystic fibrosis	1	1	FALSE
PA4848; accC →; G392G (GGT→GGC)	Infection: Disease; Cystic fibrosis	0.0669987647621366	1	FALSE
PA4848; accC →; G413G (GGT→GGC)	Infection: Disease; Cystic fibrosis	1	1	FALSE
PA4848; accC →; G445G (GGT→GGC)	Infection: Disease; Cystic fibrosis	1	1	FALSE
PA4848; accC →; G52G (GGT→GGC)	Infection: Disease; Cystic fibrosis	0.450751098700452	1	FALSE
PA4848; accC →; G52S (GGT→AGT)	Infection: Disease; Cystic fibrosis	1	1	FALSE
PA4848; accC →; G81S (GGC→AGC)	Infection: Disease; Cystic fibrosis	1	1	FALSE
PA4848; accC →; H224H (CAC→CAT)	Infection: Disease; Cystic fibrosis	1	1	FALSE
PA4848; accC →; H356H (CAC→CAT)	Infection: Disease; Cystic fibrosis	0.450751098700452	1	FALSE
PA4848; accC →; H358H (CAC→CAT)	Infection: Disease; Cystic fibrosis	0.258874931731294	1	FALSE
PA4848; accC →; H438H (CAT→CAC)	Infection: Disease; Cystic fibrosis	0.516229558365932	1	FALSE
PA4848; accC →; I267I (ATC→ATT)	Infection: Disease; Cystic fibrosis	0.134275515986715	1	FALSE
PA4848; accC →; I287I (ATC→ATA)	Infection: Disease; Cystic fibrosis	1	1	FALSE
PA4848; accC →; I437T (ATC→ACC)	Infection: Disease; Cystic fibrosis	1	1	FALSE
PA4848; accC →; I67I (ATC→ATT)	Infection: Disease; Cystic fibrosis	1	1	FALSE
PA4848; accC →; K202K (AAG→AAA)	Infection: Disease; Cystic fibrosis	1	1	FALSE
PA4848; accC →; K251E (AAG→GAG)	Infection: Disease; Cystic fibrosis	1	1	FALSE
PA4848; accC →; K251K (AAG→AAA)	Infection: Disease; Cystic fibrosis	0.258874931731294	1	FALSE
PA4848; accC →; L138L (CTG→TTG)	Infection: Disease; Cystic fibrosis	1	1	FALSE
PA4848; accC →; L200P (CTG→CCG)	Infection: Disease; Cystic fibrosis	1	1	FALSE
PA4848; accC →; L225F (CTC→TTC)	Infection: Disease; Cystic fibrosis	1	1	FALSE
PA4848; accC →; L232L (CTG→TTG)	Infection: Disease; Cystic fibrosis	1	1	FALSE
PA4848; accC →; L24L (CTG→CTA)	Infection: Disease; Cystic fibrosis	1	1	FALSE
PA4848; accC →; L39L (TTG→CTG)	Infection: Disease; Cystic fibrosis	1	1	FALSE
PA4848; accC →; L406L (CTG→CTA)	Infection: Disease; Cystic fibrosis	0.725427359752438	1	FALSE
PA4848; accC →; L424L (CTG→CTT)	Infection: Disease; Cystic fibrosis	1	1	FALSE
PA4848; accC →; N206N (AAC→AAT)	Infection: Disease; Cystic fibrosis	1	1	FALSE
PA4848; accC →; N290N (AAC→AAT)	Infection: Disease; Cystic fibrosis	1	1	FALSE
PA4848; accC →; N417N (AAT→AAC)	Infection: Disease; Cystic fibrosis	1	1	FALSE
PA4848; accC →; N436N (AAC→AAT)	Infection: Disease; Cystic fibrosis	1	1	FALSE
PA4848; accC →; N88N (AAC→AAT)	Infection: Disease; Cystic fibrosis	1	1	FALSE
PA4848; accC →; P132L (CCG→CTG)	Infection: Disease; Cystic fibrosis	1	1	FALSE
PA4848; accC →; P132P (CCG→CCA)	Infection: Disease; Cystic fibrosis	1	1	FALSE
PA4848; accC →; P207P (CCG→CCT)	Infection: Disease; Cystic fibrosis	1	1	FALSE
PA4848; accC →; P244P (CCG→CCA)	Infection: Disease; Cystic fibrosis	0.113048021224995	1	FALSE
PA4848; accC →; P360P (CCC→CCG)	Infection: Disease; Cystic fibrosis	0.258874931731294	1	FALSE
PA4848; accC →; Q58Q (CAG→CAA)	Infection: Disease; Cystic fibrosis	1	1	FALSE
PA4848; accC →; Q62Q (CAG→CAA)	Infection: Disease; Cystic fibrosis	1	1	FALSE
PA4848; accC →; R170R (CGC→CGT)	Infection: Disease; Cystic fibrosis	1	1	FALSE
PA4848; accC →; R186P (CGC→CCC)	Infection: Disease; Cystic fibrosis	1	1	FALSE
PA4848; accC →; R253R (CGC→CGT)	Infection: Disease; Cystic fibrosis	0.476117425845326	1	FALSE
PA4848; accC →; R270C (CGC→TGC)	Infection: Disease; Cystic fibrosis	1	1	FALSE
PA4848; accC →; R283R (CGC→CGT)	Infection: Disease; Cystic fibrosis	1	1	FALSE
PA4848; accC →; S181L (TCG→TTG)	Infection: Disease; Cystic fibrosis	1	1	FALSE
PA4848; accC →; S231P (TCC→CCC)	Infection: Disease; Cystic fibrosis	1	1	FALSE
PA4848; accC →; S300S (TCT→TCG)	Infection: Disease; Cystic fibrosis	0.595323157809616	1	FALSE
PA4848; accC →; S383S (TCG→TCA)	Infection: Disease; Cystic fibrosis	1	1	FALSE
PA4848; accC →; T73T (ACC→ACT)	Infection: Disease; Cystic fibrosis	1	1	FALSE
PA4848; accC →; V103V (GTC→GTT)	Infection: Disease; Cystic fibrosis	1	1	FALSE
PA4848; accC →; V117I (GTT→ATT)	Infection: Disease; Cystic fibrosis	1	1	FALSE
PA4848; accC →; V117V (GTT→GTC)	Infection: Disease; Cystic fibrosis	0.898915994328814	1	FALSE
PA4848; accC →; V128A (GTC→GCC)	Infection: Disease; Cystic fibrosis	1	1	FALSE
PA4848; accC →; V128V (GTC→GTA)	Infection: Disease; Cystic fibrosis	1	1	FALSE
PA4848; accC →; V210M (GTG→ATG)	Infection: Disease; Cystic fibrosis	0.573362015123112	1	FALSE
PA4848; accC →; V214V (GTG→GTC)	Infection: Disease; Cystic fibrosis	0.450751098700452	1	FALSE
PA4848; accC →; V239V (GTG→GTA)	Infection: Disease; Cystic fibrosis	0.258874931731294	1	FALSE
PA4848; accC →; V303F (GTC→TTC)	Infection: Disease; Cystic fibrosis	1	1	FALSE
PA4848; accC →; V309I (GTC→ATC)	Infection: Disease; Cystic fibrosis	1	1	FALSE
PA4848; accC →; V329I (GTC→ATC)	Infection: Disease; Cystic fibrosis	1	1	FALSE
PA4848; accC →; V377V (GTG→GTA)	Infection: Disease; Cystic fibrosis	0.192981908498563	1	FALSE
PA4848; accC →; V435V (GTG→GTT)	Infection: Disease; Cystic fibrosis	1	1	FALSE
PA4848; accC →; Y173Y (TAC→TAT)	Infection: Disease; Cystic fibrosis	1	1	FALSE
PA4848; accC; 	Infection: Disease; Cystic fibrosis	0.450751098700452	1	FALSE
